ISO-10303-21;
HEADER;
FILE_DESCRIPTION(
  ('This file contains a STEP AP42 implementation'
    ,'as created by ZW3D STEP Interface translator.')
  ,'2;1'
  );
FILE_NAME(
  '相机-新版C100相.stp'
  ,'24 514.153849',
  (''),
  ('ZWCAD Software Co.'),
  'Version 1.0',
  'ZW3D to STEP translator',
  ''
  );
FILE_SCHEMA(('AUTOMOTIVE_DESIGN { 1 0 10303 214 1 1 1 1 }'));
ENDSEC;

DATA;

/**File Base Unit**/
#1 = (LENGTH_UNIT()NAMED_UNIT(*)SI_UNIT(.MILLI.,.METRE.));
#2 = (NAMED_UNIT(*)PLANE_ANGLE_UNIT()SI_UNIT($,.RADIAN.));
#3 = (NAMED_UNIT(*)SI_UNIT($,.STERADIAN.)SOLID_ANGLE_UNIT());
#4 = UNCERTAINTY_MEASURE_WITH_UNIT(LENGTH_MEASURE(0.01),#1,'DISTANCE_ACCURACY_VALUE','Maximum Tolerance applied to model');
#5 = (GEOMETRIC_REPRESENTATION_CONTEXT(3)GLOBAL_UNCERTAINTY_ASSIGNED_CONTEXT((#4))GLOBAL_UNIT_ASSIGNED_CONTEXT((#1,#2,#3))REPRESENTATION_CONTEXT('STEP 203','TOP_LEVEL_ASSEMBLY_PART'));

/**product_definition_shape**/
#6=APPLICATION_CONTEXT('mechanical parts and assemblies' );
#7=DESIGN_CONTEXT('NONE',#6,'design');
#8=MECHANICAL_CONTEXT('NONE',#6,'mechanical');
#9=PRODUCT('0','Part','',(#8));
#10=PRODUCT_DEFINITION_FORMATION_WITH_SPECIFIED_SOURCE('ANY','',#9,.NOT_KNOWN.);
#11=PRODUCT_DEFINITION('UNKNOWN','',#10,#7);
#12=PRODUCT_DEFINITION_SHAPE('NONE','NONE',#11);
#13=PRODUCT_RELATED_PRODUCT_CATEGORY('detail','',(#9));
/**geometry information**/
#14=CARTESIAN_POINT('',(0.,0.,0.));
#15=DIRECTION('',(0.,0.,1.));
#16=DIRECTION('',(1.,0.,0.));
#17=AXIS2_PLACEMENT_3D('',#14,#15,#16);
#18=APPLICATION_CONTEXT('part');
#19=MECHANICAL_CONTEXT('none',#18,'component');
#20=PRODUCT('相机-新版C100相','相机-新版C100相','',(#19));
#21=PRODUCT_RELATED_PRODUCT_CATEGORY('detail','',(#20));
#22=PRODUCT_DEFINITION_FORMATION_WITH_SPECIFIED_SOURCE('ANY','UNSPECIFIED',#20,.NOT_KNOWN.);
#23=APPLICATION_CONTEXT('part');
#24=APPLICATION_PROTOCOL_DEFINITION('international standard','config_control_design',1994,#23);
#25=DESIGN_CONTEXT('detailed',#23,'design');
#26=PRODUCT_DEFINITION('','UNSPECIFIED',#22,#25);
#27=PRODUCT_DEFINITION_SHAPE('NONE','NONE',#26);
#28=SHAPE_REPRESENTATION('相机-新版C100相',(#17),#5);
#29=SHAPE_DEFINITION_REPRESENTATION(#27,#28);
#30=CARTESIAN_POINT('',(-2.1698196842093,0.86286694103744,-1.2472540212288));
#31=DIRECTION('',(-4.2294210461911E-17,1.,-2.1147105230955E-17));
#32=DIRECTION('',(0.,5.9211894646675E-16,-1.));
#33=AXIS2_PLACEMENT_3D('',#30,#32,#31);
#34=CYLINDRICAL_SURFACE('',#33,10.5);
#35=CARTESIAN_POINT('',(-2.1698196842093,11.362866941037,-5.7472540212288));
#36=VERTEX_POINT('',#35);
#37=CARTESIAN_POINT('',(-2.1698196842093,11.362866941037,-1.2472540212288));
#38=VERTEX_POINT('',#37);
#39=CARTESIAN_POINT('',(-2.1698196842093,11.362866941037,-5.7472540212288));
#40=DIRECTION('',(0.,0.,1.));
#41=VECTOR('',#40,4.5);
#42=LINE('',#39,#41);
#43=EDGE_CURVE('',#36,#38,#42,.T.);
#44=ORIENTED_EDGE('',*,*,#43,.T.);
#45=CARTESIAN_POINT('',(-2.1698196842093,0.86286694103744,-1.2472540212288));
#46=DIRECTION('',(5.9813046045099E-17,1.,-0.));
#47=DIRECTION('',(0.,0.,1.));
#48=AXIS2_PLACEMENT_3D('',#45,#47,#46);
#49=CIRCLE('',#48,10.5);
#50=EDGE_CURVE('',#38,#38,#49,.T.);
#51=ORIENTED_EDGE('',*,*,#50,.T.);
#52=ORIENTED_EDGE('',*,*,#43,.F.);
#53=CARTESIAN_POINT('',(-2.1698196842093,0.86286694103744,-5.7472540212288));
#54=DIRECTION('',(-5.9813046045099E-17,1.,1.0936379580255E-16));
#55=DIRECTION('',(-5.9813046045099E-17,1.0936379580255E-16,-1.));
#56=AXIS2_PLACEMENT_3D('',#53,#55,#54);
#57=CIRCLE('',#56,10.5);
#58=EDGE_CURVE('',#36,#36,#57,.T.);
#59=ORIENTED_EDGE('',*,*,#58,.T.);
#60=EDGE_LOOP('',(#44,#51,#52,#59));
#61=FACE_OUTER_BOUND('',#60,.T.);
#62=ADVANCED_FACE('',(#61),#34,.F.);
#63=CARTESIAN_POINT('',(2.3301803157907,0.86286694103743,-6.7472540212288));
#64=DIRECTION('',(1.5789838572446E-16,1.,0.));
#65=DIRECTION('',(0.,-0.,1.));
#66=AXIS2_PLACEMENT_3D('',#63,#65,#64);
#67=PLANE('',#66);
#68=CARTESIAN_POINT('',(13.830180315791,-21.637133058963,-6.7472540212288));
#69=VERTEX_POINT('',#68);
#70=CARTESIAN_POINT('',(15.830180315791,-19.637133058963,-6.7472540212289));
#71=VERTEX_POINT('',#70);
#72=CARTESIAN_POINT('',(13.830180315791,-19.637133058963,-6.7472540212288));
#73=DIRECTION('',(2.6645352591004E-15,-1.,0.));
#74=DIRECTION('',(0.,-0.,1.));
#75=AXIS2_PLACEMENT_3D('',#72,#74,#73);
#76=CIRCLE('',#75,2.);
#77=EDGE_CURVE('',#69,#71,#76,.T.);
#78=ORIENTED_EDGE('',*,*,#77,.T.);
#79=CARTESIAN_POINT('',(15.830180315791,21.362866941037,-6.7472540212288));
#80=VERTEX_POINT('',#79);
#81=CARTESIAN_POINT('',(15.830180315791,-19.637133058963,-6.7472540212289));
#82=DIRECTION('',(0.,1.,2.4479063762467E-15));
#83=VECTOR('',#82,41.);
#84=LINE('',#81,#83);
#85=EDGE_CURVE('',#71,#80,#84,.T.);
#86=ORIENTED_EDGE('',*,*,#85,.T.);
#87=CARTESIAN_POINT('',(13.830180315791,23.362866941037,-6.7472540212289));
#88=VERTEX_POINT('',#87);
#89=CARTESIAN_POINT('',(13.830180315791,21.362866941037,-6.7472540212288));
#90=DIRECTION('',(1.,0.,0.));
#91=DIRECTION('',(0.,0.,1.));
#92=AXIS2_PLACEMENT_3D('',#89,#91,#90);
#93=CIRCLE('',#92,2.);
#94=EDGE_CURVE('',#80,#88,#93,.T.);
#95=ORIENTED_EDGE('',*,*,#94,.T.);
#96=CARTESIAN_POINT('',(-18.169819684209,23.362866941037,-6.7472540212288));
#97=VERTEX_POINT('',#96);
#98=CARTESIAN_POINT('',(13.830180315791,23.362866941037,-6.7472540212289));
#99=DIRECTION('',(-1.,0.,3.1363800445661E-15));
#100=VECTOR('',#99,32.);
#101=LINE('',#98,#100);
#102=EDGE_CURVE('',#88,#97,#101,.T.);
#103=ORIENTED_EDGE('',*,*,#102,.T.);
#104=CARTESIAN_POINT('',(-20.169819684209,21.362866941037,-6.7472540212288));
#105=VERTEX_POINT('',#104);
#106=CARTESIAN_POINT('',(-18.169819684209,21.362866941037,-6.7472540212288));
#107=DIRECTION('',(3.5527136788005E-15,1.,0.));
#108=DIRECTION('',(0.,0.,1.));
#109=AXIS2_PLACEMENT_3D('',#106,#108,#107);
#110=CIRCLE('',#109,2.);
#111=EDGE_CURVE('',#97,#105,#110,.T.);
#112=ORIENTED_EDGE('',*,*,#111,.T.);
#113=CARTESIAN_POINT('',(-20.169819684209,-19.637133058963,-6.7472540212288));
#114=VERTEX_POINT('',#113);
#115=CARTESIAN_POINT('',(-20.169819684209,21.362866941037,-6.7472540212288));
#116=DIRECTION('',(0.,-1.,0.));
#117=VECTOR('',#116,41.);
#118=LINE('',#115,#117);
#119=EDGE_CURVE('',#105,#114,#118,.T.);
#120=ORIENTED_EDGE('',*,*,#119,.T.);
#121=CARTESIAN_POINT('',(-18.169819684209,-21.637133058963,-6.7472540212288));
#122=VERTEX_POINT('',#121);
#123=CARTESIAN_POINT('',(-18.169819684209,-19.637133058963,-6.7472540212288));
#124=DIRECTION('',(-1.,0.,0.));
#125=DIRECTION('',(-0.,0.,1.));
#126=AXIS2_PLACEMENT_3D('',#123,#125,#124);
#127=CIRCLE('',#126,2.);
#128=EDGE_CURVE('',#114,#122,#127,.T.);
#129=ORIENTED_EDGE('',*,*,#128,.T.);
#130=CARTESIAN_POINT('',(-18.169819684209,-21.637133058963,-6.7472540212288));
#131=DIRECTION('',(1.,0.,0.));
#132=VECTOR('',#131,32.);
#133=LINE('',#130,#132);
#134=EDGE_CURVE('',#122,#69,#133,.T.);
#135=ORIENTED_EDGE('',*,*,#134,.T.);
#136=EDGE_LOOP('',(#78,#86,#95,#103,#112,#120,#129,#135));
#137=FACE_OUTER_BOUND('',#136,.T.);
#138=CARTESIAN_POINT('',(-2.1698196842093,14.362866941037,-6.7472540212288));
#139=VERTEX_POINT('',#138);
#140=CARTESIAN_POINT('',(-2.1698196842093,0.86286694103744,-6.7472540212288));
#141=DIRECTION('',(3.585809446019E-33,1.,3.8539472033574E-17));
#142=DIRECTION('',(-9.3042516070153E-17,3.8539472033574E-17,-1.));
#143=AXIS2_PLACEMENT_3D('',#140,#142,#141);
#144=CIRCLE('',#143,13.5);
#145=EDGE_CURVE('',#139,#139,#144,.T.);
#146=ORIENTED_EDGE('',*,*,#145,.T.);
#147=EDGE_LOOP('',(#146));
#148=FACE_BOUND('',#147,.T.);
#149=ADVANCED_FACE('',(#137,#148),#67,.T.);
#150=CARTESIAN_POINT('',(-18.169819684209,-19.637133058963,-7.7472540133248));
#151=DIRECTION('',(-1.,-2.047547316882E-12,-1.4802973661669E-15));
#152=DIRECTION('',(9.2679487173418E-16,6.1786324782279E-16,-1.));
#153=AXIS2_PLACEMENT_3D('',#150,#152,#151);
#154=CYLINDRICAL_SURFACE('',#153,3.);
#155=CARTESIAN_POINT('',(-18.169819684209,-22.637133058963,-19.247254056292));
#156=VERTEX_POINT('',#155);
#157=CARTESIAN_POINT('',(-18.169819684209,-22.637133058963,-7.7472540142161));
#158=VERTEX_POINT('',#157);
#159=CARTESIAN_POINT('',(-18.169819684209,-22.637133058963,-19.247254056292));
#160=DIRECTION('',(0.,0.,1.));
#161=VECTOR('',#160,11.500000042076);
#162=LINE('',#159,#161);
#163=EDGE_CURVE('',#156,#158,#162,.T.);
#164=ORIENTED_EDGE('',*,*,#163,.T.);
#165=CARTESIAN_POINT('',(-21.169819684209,-19.637133058963,-7.7472540133248));
#166=VERTEX_POINT('',#165);
#167=CARTESIAN_POINT('',(-18.169819684209,-19.637133058963,-7.7472540151421));
#168=DIRECTION('',(2.368475785867E-15,-1.,-1.434647955989E-09));
#169=DIRECTION('',(1.4346476794543E-09,1.4346482715732E-09,-1.));
#170=AXIS2_PLACEMENT_3D('',#167,#169,#168);
#171=CIRCLE('',#170,3.);
#172=EDGE_CURVE('',#158,#166,#171,.T.);
#173=ORIENTED_EDGE('',*,*,#172,.T.);
#174=CARTESIAN_POINT('',(-21.169819684209,-19.637133058963,-19.247254060749));
#175=VERTEX_POINT('',#174);
#176=CARTESIAN_POINT('',(-21.169819684209,-19.637133058963,-7.7472540133248));
#177=DIRECTION('',(0.,0.,-1.));
#178=VECTOR('',#177,11.500000047424);
#179=LINE('',#176,#178);
#180=EDGE_CURVE('',#166,#175,#179,.T.);
#181=ORIENTED_EDGE('',*,*,#180,.T.);
#182=CARTESIAN_POINT('',(-18.169819684209,-19.637133058963,-19.247254051662));
#183=DIRECTION('',(-1.,-1.1842378929335E-15,7.1732273454472E-09));
#184=DIRECTION('',(7.1732273040509E-09,7.1732307965524E-09,1.));
#185=AXIS2_PLACEMENT_3D('',#182,#184,#183);
#186=CIRCLE('',#185,3.);
#187=EDGE_CURVE('',#175,#156,#186,.T.);
#188=ORIENTED_EDGE('',*,*,#187,.T.);
#189=EDGE_LOOP('',(#164,#173,#181,#188));
#190=FACE_OUTER_BOUND('',#189,.T.);
#191=ADVANCED_FACE('',(#190),#154,.T.);
#192=CARTESIAN_POINT('',(-18.169819684209,21.362866941037,-7.7472540133248));
#193=DIRECTION('',(-2.0463630789891E-12,1.,0.));
#194=DIRECTION('',(0.,0.,-1.));
#195=AXIS2_PLACEMENT_3D('',#192,#194,#193);
#196=CYLINDRICAL_SURFACE('',#195,3.);
#197=CARTESIAN_POINT('',(-21.169819684209,21.362866941037,-19.247254056292));
#198=VERTEX_POINT('',#197);
#199=CARTESIAN_POINT('',(-21.169819684209,21.362866941037,-7.7472540142161));
#200=VERTEX_POINT('',#199);
#201=CARTESIAN_POINT('',(-21.169819684209,21.362866941037,-19.247254056292));
#202=DIRECTION('',(0.,0.,1.));
#203=VECTOR('',#202,11.500000042076);
#204=LINE('',#201,#203);
#205=EDGE_CURVE('',#198,#200,#204,.T.);
#206=ORIENTED_EDGE('',*,*,#205,.T.);
#207=CARTESIAN_POINT('',(-18.169819684209,24.362866941037,-7.7472540133248));
#208=VERTEX_POINT('',#207);
#209=CARTESIAN_POINT('',(-18.169819684209,21.362866941037,-7.7472540151421));
#210=DIRECTION('',(-1.,0.,-1.4346473638701E-09));
#211=DIRECTION('',(1.4346475568224E-09,-1.4346469647035E-09,-1.));
#212=AXIS2_PLACEMENT_3D('',#209,#211,#210);
#213=CIRCLE('',#212,3.);
#214=EDGE_CURVE('',#200,#208,#213,.T.);
#215=ORIENTED_EDGE('',*,*,#214,.T.);
#216=CARTESIAN_POINT('',(-18.169819684209,24.362866941037,-19.247254060749));
#217=VERTEX_POINT('',#216);
#218=CARTESIAN_POINT('',(-18.169819684209,24.362866941037,-7.7472540133248));
#219=DIRECTION('',(0.,0.,-1.));
#220=VECTOR('',#219,11.500000047424);
#221=LINE('',#218,#220);
#222=EDGE_CURVE('',#208,#217,#221,.T.);
#223=ORIENTED_EDGE('',*,*,#222,.T.);
#224=CARTESIAN_POINT('',(-18.169819684209,21.362866941037,-19.247254051662));
#225=DIRECTION('',(0.,1.,7.173241556302E-09));
#226=DIRECTION('',(7.1732338911151E-09,-7.1732428614684E-09,1.));
#227=AXIS2_PLACEMENT_3D('',#224,#226,#225);
#228=CIRCLE('',#227,3.);
#229=EDGE_CURVE('',#217,#198,#228,.T.);
#230=ORIENTED_EDGE('',*,*,#229,.T.);
#231=EDGE_LOOP('',(#206,#215,#223,#230));
#232=FACE_OUTER_BOUND('',#231,.T.);
#233=ADVANCED_FACE('',(#232),#196,.T.);
#234=CARTESIAN_POINT('',(13.830180315791,21.362866941037,-7.7472540133432));
#235=DIRECTION('',(1.,2.048731554775E-12,-1.7763568394002E-15));
#236=DIRECTION('',(-1.2357264953829E-15,0.,-1.));
#237=AXIS2_PLACEMENT_3D('',#234,#236,#235);
#238=CYLINDRICAL_SURFACE('',#237,3.);
#239=CARTESIAN_POINT('',(13.830180315791,24.362866941037,-19.247254060657));
#240=VERTEX_POINT('',#239);
#241=CARTESIAN_POINT('',(13.830180315791,24.362866941037,-7.7472540133432));
#242=VERTEX_POINT('',#241);
#243=CARTESIAN_POINT('',(13.830180315791,24.362866941037,-19.247254060657));
#244=DIRECTION('',(0.,0.,1.));
#245=VECTOR('',#244,11.500000047314);
#246=LINE('',#243,#245);
#247=EDGE_CURVE('',#240,#242,#246,.T.);
#248=ORIENTED_EDGE('',*,*,#247,.T.);
#249=CARTESIAN_POINT('',(16.830180315791,21.362866941037,-7.7472540133432));
#250=VERTEX_POINT('',#249);
#251=CARTESIAN_POINT('',(13.830180315791,21.362866941037,-7.7472540152683));
#252=DIRECTION('',(-5.9211894646675E-16,1.,-1.4049120385569E-09));
#253=DIRECTION('',(-1.4049135050363E-09,-1.4049123207984E-09,-1.));
#254=AXIS2_PLACEMENT_3D('',#251,#253,#252);
#255=CIRCLE('',#254,3.);
#256=EDGE_CURVE('',#242,#250,#255,.T.);
#257=ORIENTED_EDGE('',*,*,#256,.T.);
#258=CARTESIAN_POINT('',(16.830180315791,21.362866941037,-19.247254060657));
#259=VERTEX_POINT('',#258);
#260=CARTESIAN_POINT('',(16.830180315791,21.362866941037,-7.7472540133432));
#261=DIRECTION('',(0.,0.,-1.));
#262=VECTOR('',#261,11.500000047314);
#263=LINE('',#260,#262);
#264=EDGE_CURVE('',#250,#259,#263,.T.);
#265=ORIENTED_EDGE('',*,*,#264,.T.);
#266=CARTESIAN_POINT('',(13.830180315791,21.362866941037,-19.247254038687));
#267=DIRECTION('',(1.,-1.1842378929335E-15,2.9096653975103E-09));
#268=DIRECTION('',(-2.9096637905025E-09,-2.9096643341605E-09,1.));
#269=AXIS2_PLACEMENT_3D('',#266,#268,#267);
#270=CIRCLE('',#269,3.);
#271=EDGE_CURVE('',#259,#240,#270,.T.);
#272=ORIENTED_EDGE('',*,*,#271,.T.);
#273=EDGE_LOOP('',(#248,#257,#265,#272));
#274=FACE_OUTER_BOUND('',#273,.T.);
#275=ADVANCED_FACE('',(#274),#238,.T.);
#276=CARTESIAN_POINT('',(13.830180315791,-19.637133058963,-7.7472540072035));
#277=DIRECTION('',(1.069366817319E-12,-1.,-8.8817841970013E-16));
#278=DIRECTION('',(-7.7232905729374E-16,3.089316229175E-16,-1.));
#279=AXIS2_PLACEMENT_3D('',#276,#278,#277);
#280=CYLINDRICAL_SURFACE('',#279,3.);
#281=CARTESIAN_POINT('',(16.830180315791,-19.637133058963,-19.247254091356));
#282=VERTEX_POINT('',#281);
#283=CARTESIAN_POINT('',(16.830180315791,-19.637133058963,-7.7472540072035));
#284=VERTEX_POINT('',#283);
#285=CARTESIAN_POINT('',(16.830180315791,-19.637133058963,-19.247254091356));
#286=DIRECTION('',(0.,0.,1.));
#287=VECTOR('',#286,11.500000084153);
#288=LINE('',#285,#287);
#289=EDGE_CURVE('',#282,#284,#288,.T.);
#290=ORIENTED_EDGE('',*,*,#289,.T.);
#291=CARTESIAN_POINT('',(13.830180315791,-22.637133058963,-7.7472540072035));
#292=VERTEX_POINT('',#291);
#293=CARTESIAN_POINT('',(13.830180315791,-19.637133058963,-7.7472539931781));
#294=DIRECTION('',(1.,1.1842378929335E-15,-4.6751148137976E-09));
#295=DIRECTION('',(-4.6751149081084E-09,4.6751149081084E-09,-1.));
#296=AXIS2_PLACEMENT_3D('',#293,#295,#294);
#297=CIRCLE('',#296,3.);
#298=EDGE_CURVE('',#284,#292,#297,.T.);
#299=ORIENTED_EDGE('',*,*,#298,.T.);
#300=CARTESIAN_POINT('',(13.830180315791,-22.637133058963,-19.247254091356));
#301=VERTEX_POINT('',#300);
#302=CARTESIAN_POINT('',(13.830180315791,-22.637133058963,-7.7472540072035));
#303=DIRECTION('',(0.,0.,-1.));
#304=VECTOR('',#303,11.500000084153);
#305=LINE('',#302,#304);
#306=EDGE_CURVE('',#292,#301,#305,.T.);
#307=ORIENTED_EDGE('',*,*,#306,.T.);
#308=CARTESIAN_POINT('',(13.830180315791,-19.637133058963,-19.247254260657));
#309=DIRECTION('',(0.,-1.,5.6433659523236E-08));
#310=DIRECTION('',(-5.6433662008383E-08,5.6433659639907E-08,1.));
#311=AXIS2_PLACEMENT_3D('',#308,#310,#309);
#312=CIRCLE('',#311,3.);
#313=EDGE_CURVE('',#301,#282,#312,.T.);
#314=ORIENTED_EDGE('',*,*,#313,.T.);
#315=EDGE_LOOP('',(#290,#299,#307,#314));
#316=FACE_OUTER_BOUND('',#315,.T.);
#317=ADVANCED_FACE('',(#316),#280,.T.);
#318=CARTESIAN_POINT('',(-2.1698196842093,-2.4864979643516,-1.2472540212288));
#319=DIRECTION('',(0.,1.,0.));
#320=DIRECTION('',(0.,0.,-1.));
#321=AXIS2_PLACEMENT_3D('',#318,#320,#319);
#322=PLANE('',#321);
#323=ORIENTED_EDGE('',*,*,#50,.F.);
#324=EDGE_LOOP('',(#323));
#325=FACE_OUTER_BOUND('',#324,.T.);
#326=CARTESIAN_POINT('',(-2.1698196842093,8.3128669410374,-1.2472540212288));
#327=VERTEX_POINT('',#326);
#328=CARTESIAN_POINT('',(-2.1698196842093,0.86286694103744,-1.2472540212288));
#329=DIRECTION('',(-0.,1.,-0.));
#330=DIRECTION('',(0.,0.,1.));
#331=AXIS2_PLACEMENT_3D('',#328,#330,#329);
#332=CIRCLE('',#331,7.45);
#333=EDGE_CURVE('',#327,#327,#332,.T.);
#334=ORIENTED_EDGE('',*,*,#333,.T.);
#335=EDGE_LOOP('',(#334));
#336=FACE_BOUND('',#335,.T.);
#337=ADVANCED_FACE('',(#325,#336),#322,.T.);
#338=CARTESIAN_POINT('',(-2.1698196842093,0.86286694103744,-1.0472540212288));
#339=DIRECTION('',(9.80058945876E-16,1.,0.));
#340=DIRECTION('',(0.,-8.8817841970012E-16,1.));
#341=AXIS2_PLACEMENT_3D('',#338,#340,#339);
#342=CYLINDRICAL_SURFACE('',#341,7.25);
#343=CARTESIAN_POINT('',(-2.1698196842093,8.1128669410374,-0.5472540212288));
#344=VERTEX_POINT('',#343);
#345=CARTESIAN_POINT('',(-2.1698196842093,0.86286694103745,-0.5472540212288));
#346=DIRECTION('',(8.6625790823933E-17,1.,-2.5690859855789E-17));
#347=DIRECTION('',(-2.7070559632479E-16,2.5690859855789E-17,1.));
#348=AXIS2_PLACEMENT_3D('',#345,#347,#346);
#349=CIRCLE('',#348,7.2499999999999);
#350=EDGE_CURVE('',#344,#344,#349,.T.);
#351=ORIENTED_EDGE('',*,*,#350,.T.);
#352=CARTESIAN_POINT('',(-2.1698196842093,8.1128669410374,-1.0472540212288));
#353=VERTEX_POINT('',#352);
#354=CARTESIAN_POINT('',(-2.1698196842093,8.1128669410374,-0.5472540212288));
#355=DIRECTION('',(0.,0.,-1.));
#356=VECTOR('',#355,0.5);
#357=LINE('',#354,#356);
#358=EDGE_CURVE('',#344,#353,#357,.T.);
#359=ORIENTED_EDGE('',*,*,#358,.T.);
#360=CARTESIAN_POINT('',(-2.1698196842093,0.86286694103744,-1.0472540212288));
#361=DIRECTION('',(8.6625790823933E-17,1.,1.0828223852992E-17));
#362=DIRECTION('',(1.0828223852992E-17,1.0828223852992E-17,-1.));
#363=AXIS2_PLACEMENT_3D('',#360,#362,#361);
#364=CIRCLE('',#363,7.25);
#365=EDGE_CURVE('',#353,#353,#364,.T.);
#366=ORIENTED_EDGE('',*,*,#365,.T.);
#367=ORIENTED_EDGE('',*,*,#358,.F.);
#368=EDGE_LOOP('',(#351,#359,#366,#367));
#369=FACE_OUTER_BOUND('',#368,.T.);
#370=ADVANCED_FACE('',(#369),#342,.F.);
#371=CARTESIAN_POINT('',(-2.1698196842093,0.86286694103745,4.7527459787712));
#372=DIRECTION('',(6.2921693365008E-16,1.,-2.0248736428633E-16));
#373=DIRECTION('',(-2.6105808949312E-16,-2.0248736428633E-16,-1.));
#374=AXIS2_PLACEMENT_3D('',#371,#373,#372);
#375=CONICAL_SURFACE('',#374,0.,0.78539816339745);
#376=CARTESIAN_POINT('',(-2.1698196842093,13.362866941037,-7.7472540212288));
#377=VERTEX_POINT('',#376);
#378=CARTESIAN_POINT('',(-2.1698196842093,0.86286694103744,-7.7472540212288));
#379=DIRECTION('',(-1.0048591735577E-16,1.,-5.0242958677883E-17));
#380=DIRECTION('',(-5.0242958677883E-17,-5.0242958677883E-17,-1.));
#381=AXIS2_PLACEMENT_3D('',#378,#380,#379);
#382=CIRCLE('',#381,12.5);
#383=EDGE_CURVE('',#377,#377,#382,.T.);
#384=ORIENTED_EDGE('',*,*,#383,.T.);
#385=CARTESIAN_POINT('',(-2.1698196842093,13.362866941037,-7.7472540212288));
#386=DIRECTION('',(0.,-0.70710678118655,0.70710678118655));
#387=VECTOR('',#386,2.8284271247462);
#388=LINE('',#385,#387);
#389=EDGE_CURVE('',#377,#36,#388,.T.);
#390=ORIENTED_EDGE('',*,*,#389,.T.);
#391=ORIENTED_EDGE('',*,*,#58,.F.);
#392=ORIENTED_EDGE('',*,*,#389,.F.);
#393=EDGE_LOOP('',(#384,#390,#391,#392));
#394=FACE_OUTER_BOUND('',#393,.T.);
#395=ADVANCED_FACE('',(#394),#375,.F.);
#396=CARTESIAN_POINT('',(-17.418743910425,15.262866941036,-13.106439042813));
#397=DIRECTION('',(-2.1610326340935E-15,5.4536135062921E-15,1.));
#398=DIRECTION('',(-1.,2.5932391609122E-15,-2.1610326340935E-15));
#399=AXIS2_PLACEMENT_3D('',#396,#398,#397);
#400=CONICAL_SURFACE('',#399,0.,1.0297442586767);
#401=CARTESIAN_POINT('',(-18.169819684209,15.262866941036,-11.856439042813));
#402=VERTEX_POINT('',#401);
#403=CARTESIAN_POINT('',(-17.418743910425,15.262866941036,-13.106439042813));
#404=VERTEX_POINT('',#403);
#405=CARTESIAN_POINT('',(-18.169819684209,15.262866941036,-11.856439042813));
#406=DIRECTION('',(0.51503807490983,0.,-0.85716730070225));
#407=VECTOR('',#406,1.4582917465189);
#408=LINE('',#405,#407);
#409=EDGE_CURVE('',#402,#404,#408,.T.);
#410=ORIENTED_EDGE('',*,*,#409,.T.);
#411=ORIENTED_EDGE('',*,*,#409,.F.);
#412=CARTESIAN_POINT('',(-18.169819684209,15.262866941036,-13.106439042813));
#413=DIRECTION('',(2.6697643654079E-15,1.0048591735576E-15,1.));
#414=DIRECTION('',(-1.,-3.0145775206728E-15,2.669764365408E-15));
#415=AXIS2_PLACEMENT_3D('',#412,#414,#413);
#416=CIRCLE('',#415,1.25);
#417=EDGE_CURVE('',#402,#402,#416,.T.);
#418=ORIENTED_EDGE('',*,*,#417,.T.);
#419=EDGE_LOOP('',(#410,#411,#418));
#420=FACE_OUTER_BOUND('',#419,.T.);
#421=ADVANCED_FACE('',(#420),#400,.F.);
#422=CARTESIAN_POINT('',(-17.418743910425,-13.537133058966,-13.106439041937));
#423=DIRECTION('',(-3.4576522145495E-15,3.3760464562761E-15,1.));
#424=DIRECTION('',(-1.,1.2966195804561E-15,-3.4576522145496E-15));
#425=AXIS2_PLACEMENT_3D('',#422,#424,#423);
#426=CONICAL_SURFACE('',#425,0.,1.0297442586767);
#427=CARTESIAN_POINT('',(-18.169819684209,-13.537133058966,-11.856439041937));
#428=VERTEX_POINT('',#427);
#429=CARTESIAN_POINT('',(-17.418743910425,-13.537133058966,-13.106439041937));
#430=VERTEX_POINT('',#429);
#431=CARTESIAN_POINT('',(-18.169819684209,-13.537133058966,-11.856439041937));
#432=DIRECTION('',(0.51503807490983,0.,-0.85716730070225));
#433=VECTOR('',#432,1.4582917465189);
#434=LINE('',#431,#433);
#435=EDGE_CURVE('',#428,#430,#434,.T.);
#436=ORIENTED_EDGE('',*,*,#435,.T.);
#437=ORIENTED_EDGE('',*,*,#435,.F.);
#438=CARTESIAN_POINT('',(-18.169819684209,-13.537133058966,-13.106439041937));
#439=DIRECTION('',(-0.,-0.,1.));
#440=DIRECTION('',(-1.,0.,0.));
#441=AXIS2_PLACEMENT_3D('',#438,#440,#439);
#442=CIRCLE('',#441,1.25);
#443=EDGE_CURVE('',#428,#428,#442,.T.);
#444=ORIENTED_EDGE('',*,*,#443,.T.);
#445=EDGE_LOOP('',(#436,#437,#444));
#446=FACE_OUTER_BOUND('',#445,.T.);
#447=ADVANCED_FACE('',(#446),#426,.F.);
#448=CARTESIAN_POINT('',(-20.919819684209,15.262866941036,-13.106439042813));
#449=DIRECTION('',(0.,-2.8421709430404E-15,1.));
#450=DIRECTION('',(1.,6.4594794160009E-16,0.));
#451=AXIS2_PLACEMENT_3D('',#448,#450,#449);
#452=CYLINDRICAL_SURFACE('',#451,1.25);
#453=CARTESIAN_POINT('',(-20.919819684209,15.262866941036,-11.856439042813));
#454=VERTEX_POINT('',#453);
#455=CARTESIAN_POINT('',(-18.169819684209,15.262866941036,-11.856439042813));
#456=DIRECTION('',(-1.,0.,0.));
#457=VECTOR('',#456,2.75);
#458=LINE('',#455,#457);
#459=EDGE_CURVE('',#402,#454,#458,.T.);
#460=ORIENTED_EDGE('',*,*,#459,.T.);
#461=CARTESIAN_POINT('',(-20.919819684209,15.262866941036,-13.106439042813));
#462=DIRECTION('',(-1.0048591735576E-15,1.0048591735576E-15,1.));
#463=DIRECTION('',(-1.,-1.0048591735576E-15,-1.0048591735576E-15));
#464=AXIS2_PLACEMENT_3D('',#461,#463,#462);
#465=CIRCLE('',#464,1.25);
#466=EDGE_CURVE('',#454,#454,#465,.T.);
#467=ORIENTED_EDGE('',*,*,#466,.T.);
#468=ORIENTED_EDGE('',*,*,#459,.F.);
#469=ORIENTED_EDGE('',*,*,#417,.F.);
#470=EDGE_LOOP('',(#460,#467,#468,#469));
#471=FACE_OUTER_BOUND('',#470,.T.);
#472=ADVANCED_FACE('',(#471),#452,.F.);
#473=CARTESIAN_POINT('',(-20.919819684209,-13.537133058966,-13.106439041937));
#474=DIRECTION('',(0.,0.,1.));
#475=DIRECTION('',(1.,0.,0.));
#476=AXIS2_PLACEMENT_3D('',#473,#475,#474);
#477=CYLINDRICAL_SURFACE('',#476,1.25);
#478=CARTESIAN_POINT('',(-20.919819684209,-13.537133058966,-11.856439041937));
#479=VERTEX_POINT('',#478);
#480=CARTESIAN_POINT('',(-18.169819684209,-13.537133058966,-11.856439041937));
#481=DIRECTION('',(-1.,0.,0.));
#482=VECTOR('',#481,2.75);
#483=LINE('',#480,#482);
#484=EDGE_CURVE('',#428,#479,#483,.T.);
#485=ORIENTED_EDGE('',*,*,#484,.T.);
#486=CARTESIAN_POINT('',(-20.919819684209,-13.537133058966,-13.106439041937));
#487=DIRECTION('',(-0.,-0.,1.));
#488=DIRECTION('',(-1.,0.,0.));
#489=AXIS2_PLACEMENT_3D('',#486,#488,#487);
#490=CIRCLE('',#489,1.25);
#491=EDGE_CURVE('',#479,#479,#490,.T.);
#492=ORIENTED_EDGE('',*,*,#491,.T.);
#493=ORIENTED_EDGE('',*,*,#484,.F.);
#494=ORIENTED_EDGE('',*,*,#443,.F.);
#495=EDGE_LOOP('',(#485,#492,#493,#494));
#496=FACE_OUTER_BOUND('',#495,.T.);
#497=ADVANCED_FACE('',(#496),#477,.F.);
#498=CARTESIAN_POINT('',(-19.669819684209,-13.537133058966,-13.106439041937));
#499=DIRECTION('',(-1.5631142699785E-15,2.2330203856836E-15,1.));
#500=DIRECTION('',(-1.,-1.1165101928418E-15,-1.5631142699785E-15));
#501=AXIS2_PLACEMENT_3D('',#498,#500,#499);
#502=CONICAL_SURFACE('',#501,0.,0.78539816339743);
#503=CARTESIAN_POINT('',(-21.169819684209,-13.537133058966,-11.606439041937));
#504=VERTEX_POINT('',#503);
#505=CARTESIAN_POINT('',(-21.169819684209,-13.537133058966,-11.606439041937));
#506=DIRECTION('',(0.70710678118655,0.,-0.70710678118655));
#507=VECTOR('',#506,0.35355339059327);
#508=LINE('',#505,#507);
#509=EDGE_CURVE('',#504,#479,#508,.T.);
#510=ORIENTED_EDGE('',*,*,#509,.T.);
#511=ORIENTED_EDGE('',*,*,#491,.F.);
#512=ORIENTED_EDGE('',*,*,#509,.F.);
#513=CARTESIAN_POINT('',(-21.169819684209,-13.537133058966,-13.106439041937));
#514=DIRECTION('',(1.6747652892627E-15,-4.1869132231568E-16,1.));
#515=DIRECTION('',(-1.,1.6747652892627E-15,1.6747652892627E-15));
#516=AXIS2_PLACEMENT_3D('',#513,#515,#514);
#517=CIRCLE('',#516,1.5);
#518=EDGE_CURVE('',#504,#504,#517,.T.);
#519=ORIENTED_EDGE('',*,*,#518,.T.);
#520=EDGE_LOOP('',(#510,#511,#512,#519));
#521=FACE_OUTER_BOUND('',#520,.T.);
#522=ADVANCED_FACE('',(#521),#502,.F.);
#523=CARTESIAN_POINT('',(-19.669819684209,15.262866941036,-13.106439042813));
#524=DIRECTION('',(-1.5631142699785E-15,2.2330203856836E-15,1.));
#525=DIRECTION('',(-1.,-1.1165101928418E-15,-1.5631142699785E-15));
#526=AXIS2_PLACEMENT_3D('',#523,#525,#524);
#527=CONICAL_SURFACE('',#526,0.,0.78539816339743);
#528=CARTESIAN_POINT('',(-21.169819684209,15.262866941036,-11.606439042813));
#529=VERTEX_POINT('',#528);
#530=CARTESIAN_POINT('',(-21.169819684209,15.262866941036,-11.606439042813));
#531=DIRECTION('',(0.70710678118655,0.,-0.70710678118655));
#532=VECTOR('',#531,0.35355339059327);
#533=LINE('',#530,#532);
#534=EDGE_CURVE('',#529,#454,#533,.T.);
#535=ORIENTED_EDGE('',*,*,#534,.T.);
#536=ORIENTED_EDGE('',*,*,#466,.F.);
#537=ORIENTED_EDGE('',*,*,#534,.F.);
#538=CARTESIAN_POINT('',(-21.169819684209,15.262866941036,-13.106439042813));
#539=DIRECTION('',(1.6747652892627E-15,8.3738264463134E-16,1.));
#540=DIRECTION('',(-1.,1.6747652892627E-15,1.6747652892627E-15));
#541=AXIS2_PLACEMENT_3D('',#538,#540,#539);
#542=CIRCLE('',#541,1.5);
#543=EDGE_CURVE('',#529,#529,#542,.T.);
#544=ORIENTED_EDGE('',*,*,#543,.T.);
#545=EDGE_LOOP('',(#535,#536,#537,#544));
#546=FACE_OUTER_BOUND('',#545,.T.);
#547=ADVANCED_FACE('',(#546),#527,.F.);
#548=CARTESIAN_POINT('',(-2.1698196842093,0.86286694103744,1.0527459787712));
#549=DIRECTION('',(1.3322676295502E-16,1.,1.9761969838328E-15));
#550=DIRECTION('',(0.,1.2688263138573E-15,-1.));
#551=AXIS2_PLACEMENT_3D('',#548,#550,#549);
#552=CYLINDRICAL_SURFACE('',#551,10.);
#553=CARTESIAN_POINT('',(-2.1698196842093,10.862866941037,-0.3472540212288));
#554=VERTEX_POINT('',#553);
#555=CARTESIAN_POINT('',(-2.1698196842093,0.86286694103745,-0.3472540212288));
#556=DIRECTION('',(6.2803698347354E-17,1.,-4.9681078519471E-17));
#557=DIRECTION('',(-2.7476618026967E-17,-4.9681078519471E-17,-1.));
#558=AXIS2_PLACEMENT_3D('',#555,#557,#556);
#559=CIRCLE('',#558,9.9999999999996);
#560=EDGE_CURVE('',#554,#554,#559,.T.);
#561=ORIENTED_EDGE('',*,*,#560,.T.);
#562=CARTESIAN_POINT('',(-2.1698196842093,10.862866941037,1.0527459787712));
#563=VERTEX_POINT('',#562);
#564=CARTESIAN_POINT('',(-2.1698196842093,10.862866941037,-0.3472540212288));
#565=DIRECTION('',(0.,0.,1.));
#566=VECTOR('',#565,1.4);
#567=LINE('',#564,#566);
#568=EDGE_CURVE('',#554,#563,#567,.T.);
#569=ORIENTED_EDGE('',*,*,#568,.T.);
#570=CARTESIAN_POINT('',(-2.1698196842093,0.86286694103743,1.0527459787712));
#571=DIRECTION('',(5.5466782398357E-34,1.,2.3551386880258E-17));
#572=DIRECTION('',(2.3551386880258E-17,-2.3551386880258E-17,1.));
#573=AXIS2_PLACEMENT_3D('',#570,#572,#571);
#574=CIRCLE('',#573,9.9999999999996);
#575=EDGE_CURVE('',#563,#563,#574,.T.);
#576=ORIENTED_EDGE('',*,*,#575,.T.);
#577=ORIENTED_EDGE('',*,*,#568,.F.);
#578=EDGE_LOOP('',(#561,#569,#576,#577));
#579=FACE_OUTER_BOUND('',#578,.T.);
#580=ADVANCED_FACE('',(#579),#552,.F.);
#581=CARTESIAN_POINT('',(-2.1698196842093,-1.8166249832738,-0.3472540212288));
#582=DIRECTION('',(0.,1.,0.));
#583=DIRECTION('',(0.,-0.,1.));
#584=AXIS2_PLACEMENT_3D('',#581,#583,#582);
#585=PLANE('',#584);
#586=ORIENTED_EDGE('',*,*,#560,.F.);
#587=EDGE_LOOP('',(#586));
#588=FACE_OUTER_BOUND('',#587,.T.);
#589=CARTESIAN_POINT('',(-2.1698196842093,8.3128669410374,-0.3472540212288));
#590=VERTEX_POINT('',#589);
#591=CARTESIAN_POINT('',(-2.1698196842093,0.86286694103744,-0.3472540212288));
#592=DIRECTION('',(-4.4415843048794E-34,1.,-2.1075066559514E-17));
#593=DIRECTION('',(-2.1075066559514E-17,-2.1075066559514E-17,-1.));
#594=AXIS2_PLACEMENT_3D('',#591,#593,#592);
#595=CIRCLE('',#594,7.45);
#596=EDGE_CURVE('',#590,#590,#595,.T.);
#597=ORIENTED_EDGE('',*,*,#596,.T.);
#598=EDGE_LOOP('',(#597));
#599=FACE_BOUND('',#598,.T.);
#600=ADVANCED_FACE('',(#588,#599),#585,.T.);
#601=CARTESIAN_POINT('',(-2.1698196842093,-22.137133058963,-7.2472540212288));
#602=DIRECTION('',(0.,-0.70710678118655,-0.70710678118654));
#603=DIRECTION('',(0.,-0.70710678118654,0.70710678118655));
#604=AXIS2_PLACEMENT_3D('',#601,#603,#602);
#605=PLANE('',#604);
#606=CARTESIAN_POINT('',(-18.169819684209,-22.637133058963,-7.7472540142161));
#607=DIRECTION('',(1.,0.,2.1914375869514E-10));
#608=VECTOR('',#607,32.);
#609=LINE('',#606,#608);
#610=EDGE_CURVE('',#158,#292,#609,.T.);
#611=ORIENTED_EDGE('',*,*,#610,.T.);
#612=CARTESIAN_POINT('',(13.830180315791,-22.637133058963,-7.7472540072035));
#613=DIRECTION('',(0.,0.70710678614524,0.70710677622786));
#614=VECTOR('',#613,1.4142135524557);
#615=LINE('',#612,#614);
#616=EDGE_CURVE('',#292,#69,#615,.T.);
#617=ORIENTED_EDGE('',*,*,#616,.T.);
#618=ORIENTED_EDGE('',*,*,#134,.F.);
#619=CARTESIAN_POINT('',(-18.169819684209,-21.637133058963,-6.7472540212288));
#620=DIRECTION('',(0.,-0.70710678366591,-0.70710677870718));
#621=VECTOR('',#620,1.4142135574144);
#622=LINE('',#619,#621);
#623=EDGE_CURVE('',#122,#158,#622,.T.);
#624=ORIENTED_EDGE('',*,*,#623,.T.);
#625=EDGE_LOOP('',(#611,#617,#618,#624));
#626=FACE_OUTER_BOUND('',#625,.T.);
#627=ADVANCED_FACE('',(#626),#605,.T.);
#628=CARTESIAN_POINT('',(-18.169819684209,-19.637133058963,-4.7472540212288));
#629=DIRECTION('',(0.70710678118655,0.70710678118655,3.2865481903111E-31));
#630=DIRECTION('',(3.2891771567156E-16,-3.2891771567156E-16,-1.));
#631=AXIS2_PLACEMENT_3D('',#628,#630,#629);
#632=CONICAL_SURFACE('',#631,0.,0.78539816339745);
#633=ORIENTED_EDGE('',*,*,#128,.F.);
#634=CARTESIAN_POINT('',(-20.169819684209,-19.637133058963,-6.7472540212288));
#635=DIRECTION('',(-0.70710678398103,0.,-0.70710677839206));
#636=VECTOR('',#635,1.4142135567841);
#637=LINE('',#634,#636);
#638=EDGE_CURVE('',#114,#166,#637,.T.);
#639=ORIENTED_EDGE('',*,*,#638,.T.);
#640=ORIENTED_EDGE('',*,*,#172,.F.);
#641=ORIENTED_EDGE('',*,*,#623,.F.);
#642=EDGE_LOOP('',(#633,#639,#640,#641));
#643=FACE_OUTER_BOUND('',#642,.T.);
#644=ADVANCED_FACE('',(#643),#632,.T.);
#645=CARTESIAN_POINT('',(-20.669819684209,0.86286694103744,-7.2472540203374));
#646=DIRECTION('',(-0.70710678181684,5.024295872266E-15,-0.70710678055625));
#647=DIRECTION('',(-0.70710678055625,1.7309311938889E-15,0.70710678181684));
#648=AXIS2_PLACEMENT_3D('',#645,#647,#646);
#649=PLANE('',#648);
#650=ORIENTED_EDGE('',*,*,#119,.F.);
#651=CARTESIAN_POINT('',(-20.169819684209,21.362866941037,-6.7472540212288));
#652=DIRECTION('',(-0.70710678366591,0.,-0.70710677870718));
#653=VECTOR('',#652,1.4142135574144);
#654=LINE('',#651,#653);
#655=EDGE_CURVE('',#105,#200,#654,.T.);
#656=ORIENTED_EDGE('',*,*,#655,.T.);
#657=CARTESIAN_POINT('',(-21.169819684209,21.362866941037,-7.7472540142161));
#658=DIRECTION('',(0.,-1.,2.1739033337692E-11));
#659=VECTOR('',#658,41.);
#660=LINE('',#657,#659);
#661=EDGE_CURVE('',#200,#166,#660,.T.);
#662=ORIENTED_EDGE('',*,*,#661,.T.);
#663=ORIENTED_EDGE('',*,*,#638,.F.);
#664=EDGE_LOOP('',(#650,#656,#662,#663));
#665=FACE_OUTER_BOUND('',#664,.T.);
#666=ADVANCED_FACE('',(#665),#649,.T.);
#667=CARTESIAN_POINT('',(-18.169819684209,21.362866941037,-4.7472540212288));
#668=DIRECTION('',(0.70710678118654,-0.70710678118655,-4.651598944075E-16));
#669=DIRECTION('',(-6.5783543134313E-16,-0.,-1.));
#670=AXIS2_PLACEMENT_3D('',#667,#669,#668);
#671=CONICAL_SURFACE('',#670,0.,0.78539816339745);
#672=ORIENTED_EDGE('',*,*,#111,.F.);
#673=CARTESIAN_POINT('',(-18.169819684209,23.362866941037,-6.7472540212288));
#674=DIRECTION('',(0.,0.70710678398103,-0.70710677839206));
#675=VECTOR('',#674,1.4142135567841);
#676=LINE('',#673,#675);
#677=EDGE_CURVE('',#97,#208,#676,.T.);
#678=ORIENTED_EDGE('',*,*,#677,.T.);
#679=ORIENTED_EDGE('',*,*,#214,.F.);
#680=ORIENTED_EDGE('',*,*,#655,.F.);
#681=EDGE_LOOP('',(#672,#678,#679,#680));
#682=FACE_OUTER_BOUND('',#681,.T.);
#683=ADVANCED_FACE('',(#682),#671,.T.);
#684=CARTESIAN_POINT('',(-2.1698196842093,23.862866941037,-7.2472540203375));
#685=DIRECTION('',(-1.004859174453E-14,0.70710678181684,-0.70710678055625));
#686=DIRECTION('',(-2.0607463430829E-15,0.70710678055625,0.70710678181684));
#687=AXIS2_PLACEMENT_3D('',#684,#686,#685);
#688=PLANE('',#687);
#689=ORIENTED_EDGE('',*,*,#102,.F.);
#690=CARTESIAN_POINT('',(13.830180315791,23.362866941037,-6.7472540212289));
#691=DIRECTION('',(0.,0.70710678397456,-0.70710677839853));
#692=VECTOR('',#691,1.4142135567971);
#693=LINE('',#690,#692);
#694=EDGE_CURVE('',#88,#242,#693,.T.);
#695=ORIENTED_EDGE('',*,*,#694,.T.);
#696=CARTESIAN_POINT('',(13.830180315791,24.362866941037,-7.7472540133432));
#697=DIRECTION('',(-1.,0.,5.7501226002898E-13));
#698=VECTOR('',#697,32.);
#699=LINE('',#696,#698);
#700=EDGE_CURVE('',#242,#208,#699,.T.);
#701=ORIENTED_EDGE('',*,*,#700,.T.);
#702=ORIENTED_EDGE('',*,*,#677,.F.);
#703=EDGE_LOOP('',(#689,#695,#701,#702));
#704=FACE_OUTER_BOUND('',#703,.T.);
#705=ADVANCED_FACE('',(#704),#688,.T.);
#706=CARTESIAN_POINT('',(13.830180315791,21.362866941037,-4.7472540212288));
#707=DIRECTION('',(-0.70710678118655,-0.70710678118655,0.));
#708=DIRECTION('',(-0.,-0.,-1.));
#709=AXIS2_PLACEMENT_3D('',#706,#708,#707);
#710=CONICAL_SURFACE('',#709,0.,0.78539816339744);
#711=ORIENTED_EDGE('',*,*,#94,.F.);
#712=CARTESIAN_POINT('',(15.830180315791,21.362866941037,-6.7472540212288));
#713=DIRECTION('',(0.70710678397453,0.,-0.70710677839857));
#714=VECTOR('',#713,1.4142135567971);
#715=LINE('',#712,#714);
#716=EDGE_CURVE('',#80,#250,#715,.T.);
#717=ORIENTED_EDGE('',*,*,#716,.T.);
#718=ORIENTED_EDGE('',*,*,#256,.F.);
#719=ORIENTED_EDGE('',*,*,#694,.F.);
#720=EDGE_LOOP('',(#711,#717,#718,#719));
#721=FACE_OUTER_BOUND('',#720,.T.);
#722=ADVANCED_FACE('',(#721),#710,.T.);
#723=CARTESIAN_POINT('',(16.330180315791,0.86286694103742,-7.2472540212289));
#724=DIRECTION('',(0.70710678118655,1.0048591735572E-14,-0.70710678118655));
#725=DIRECTION('',(0.70710678118655,5.8361485537415E-15,0.70710678118655));
#726=AXIS2_PLACEMENT_3D('',#723,#725,#724);
#727=PLANE('',#726);
#728=ORIENTED_EDGE('',*,*,#85,.F.);
#729=CARTESIAN_POINT('',(15.830180315791,-19.637133058963,-6.7472540212289));
#730=DIRECTION('',(0.70710678614528,0.,-0.70710677622782));
#731=VECTOR('',#730,1.4142135524556);
#732=LINE('',#729,#731);
#733=EDGE_CURVE('',#71,#284,#732,.T.);
#734=ORIENTED_EDGE('',*,*,#733,.T.);
#735=CARTESIAN_POINT('',(16.830180315791,-19.637133058963,-7.7472540072035));
#736=DIRECTION('',(0.,1.,-1.4974878789561E-10));
#737=VECTOR('',#736,41.);
#738=LINE('',#735,#737);
#739=EDGE_CURVE('',#284,#250,#738,.T.);
#740=ORIENTED_EDGE('',*,*,#739,.T.);
#741=ORIENTED_EDGE('',*,*,#716,.F.);
#742=EDGE_LOOP('',(#728,#734,#740,#741));
#743=FACE_OUTER_BOUND('',#742,.T.);
#744=ADVANCED_FACE('',(#743),#727,.T.);
#745=CARTESIAN_POINT('',(13.830180315791,-19.637133058963,-4.7472540212288));
#746=DIRECTION('',(-0.70710678118656,0.70710678118654,3.0235393142583E-15));
#747=DIRECTION('',(-4.6048480203301E-15,-3.2891771573787E-16,-1.));
#748=AXIS2_PLACEMENT_3D('',#745,#747,#746);
#749=CONICAL_SURFACE('',#748,0.,0.78539816339745);
#750=ORIENTED_EDGE('',*,*,#77,.F.);
#751=ORIENTED_EDGE('',*,*,#616,.F.);
#752=ORIENTED_EDGE('',*,*,#298,.F.);
#753=ORIENTED_EDGE('',*,*,#733,.F.);
#754=EDGE_LOOP('',(#750,#751,#752,#753));
#755=FACE_OUTER_BOUND('',#754,.T.);
#756=ADVANCED_FACE('',(#755),#749,.T.);
#757=CARTESIAN_POINT('',(-2.1698196842093,0.86286694103744,6.7527459787714));
#758=DIRECTION('',(-5.7655370041385E-16,1.,5.5201950039622E-17));
#759=DIRECTION('',(1.6560585011887E-16,5.5201950039623E-17,-1.));
#760=AXIS2_PLACEMENT_3D('',#757,#759,#758);
#761=CONICAL_SURFACE('',#760,0.,0.78539816339744);
#762=CARTESIAN_POINT('',(-2.1698196842093,13.362866941037,-5.7472540212288));
#763=VERTEX_POINT('',#762);
#764=CARTESIAN_POINT('',(-2.1698196842093,14.362866941037,-6.7472540212288));
#765=DIRECTION('',(0.,-0.70710678118655,0.70710678118655));
#766=VECTOR('',#765,1.4142135623731);
#767=LINE('',#764,#766);
#768=EDGE_CURVE('',#139,#763,#767,.T.);
#769=ORIENTED_EDGE('',*,*,#768,.T.);
#770=CARTESIAN_POINT('',(-2.1698196842093,0.86286694103743,-5.7472540212288));
#771=DIRECTION('',(-1.0048591735577E-16,1.,3.3877021742274E-16));
#772=DIRECTION('',(1.2560739669471E-16,3.3877021742274E-16,-1.));
#773=AXIS2_PLACEMENT_3D('',#770,#772,#771);
#774=CIRCLE('',#773,12.5);
#775=EDGE_CURVE('',#763,#763,#774,.T.);
#776=ORIENTED_EDGE('',*,*,#775,.T.);
#777=ORIENTED_EDGE('',*,*,#768,.F.);
#778=ORIENTED_EDGE('',*,*,#145,.F.);
#779=EDGE_LOOP('',(#769,#776,#777,#778));
#780=FACE_OUTER_BOUND('',#779,.T.);
#781=ADVANCED_FACE('',(#780),#761,.T.);
#782=CARTESIAN_POINT('',(-2.1698196842093,0.86286694103744,0.7527459787712));
#783=DIRECTION('',(2.4868995751604E-16,1.,-7.105427357601E-17));
#784=DIRECTION('',(0.,-2.7328566760004E-16,-1.));
#785=AXIS2_PLACEMENT_3D('',#782,#784,#783);
#786=CYLINDRICAL_SURFACE('',#785,12.5);
#787=CARTESIAN_POINT('',(-2.1698196842093,13.362866941037,0.7527459787712));
#788=VERTEX_POINT('',#787);
#789=CARTESIAN_POINT('',(-2.1698196842093,13.362866941037,-5.7472540212288));
#790=DIRECTION('',(0.,0.,1.));
#791=VECTOR('',#790,6.5);
#792=LINE('',#789,#791);
#793=EDGE_CURVE('',#763,#788,#792,.T.);
#794=ORIENTED_EDGE('',*,*,#793,.T.);
#795=CARTESIAN_POINT('',(-2.1698196842093,0.86286694103743,0.7527459787712));
#796=DIRECTION('',(-1.0048591735577E-16,1.,1.1438565345082E-16));
#797=DIRECTION('',(-1.8841109504206E-17,1.1438565345082E-16,-1.));
#798=AXIS2_PLACEMENT_3D('',#795,#797,#796);
#799=CIRCLE('',#798,12.5);
#800=EDGE_CURVE('',#788,#788,#799,.T.);
#801=ORIENTED_EDGE('',*,*,#800,.T.);
#802=ORIENTED_EDGE('',*,*,#793,.F.);
#803=ORIENTED_EDGE('',*,*,#775,.F.);
#804=EDGE_LOOP('',(#794,#801,#802,#803));
#805=FACE_OUTER_BOUND('',#804,.T.);
#806=ADVANCED_FACE('',(#805),#786,.T.);
#807=CARTESIAN_POINT('',(-2.1698196842093,-2.4864979643516,1.2527459787712));
#808=DIRECTION('',(0.,1.,0.));
#809=DIRECTION('',(0.,-0.,1.));
#810=AXIS2_PLACEMENT_3D('',#807,#809,#808);
#811=PLANE('',#810);
#812=CARTESIAN_POINT('',(-2.1698196842093,12.862866941037,1.2527459787712));
#813=VERTEX_POINT('',#812);
#814=CARTESIAN_POINT('',(-2.1698196842093,0.86286694103743,1.2527459787712));
#815=DIRECTION('',(2.0934566115784E-16,1.,6.5227939084241E-17));
#816=DIRECTION('',(-4.5794363378278E-17,-6.5227939084241E-17,1.));
#817=AXIS2_PLACEMENT_3D('',#814,#816,#815);
#818=CIRCLE('',#817,12.);
#819=EDGE_CURVE('',#813,#813,#818,.T.);
#820=ORIENTED_EDGE('',*,*,#819,.T.);
#821=EDGE_LOOP('',(#820));
#822=FACE_OUTER_BOUND('',#821,.T.);
#823=CARTESIAN_POINT('',(-2.1698196842093,11.062866941037,1.2527459787712));
#824=VERTEX_POINT('',#823);
#825=CARTESIAN_POINT('',(-2.1698196842093,0.86286694103743,1.2527459787712));
#826=DIRECTION('',(-1.2314450656344E-16,1.,-3.078612664086E-17));
#827=DIRECTION('',(-3.078612664086E-17,-3.078612664086E-17,-1.));
#828=AXIS2_PLACEMENT_3D('',#825,#827,#826);
#829=CIRCLE('',#828,10.2);
#830=EDGE_CURVE('',#824,#824,#829,.T.);
#831=ORIENTED_EDGE('',*,*,#830,.T.);
#832=EDGE_LOOP('',(#831));
#833=FACE_BOUND('',#832,.T.);
#834=ADVANCED_FACE('',(#822,#833),#811,.T.);
#835=CARTESIAN_POINT('',(-2.1698196842093,0.86286694103744,13.252745978771));
#836=DIRECTION('',(-5.8043017423813E-16,1.,7.2553771779766E-17));
#837=DIRECTION('',(4.9468480758931E-16,7.2553771779766E-17,-1.));
#838=AXIS2_PLACEMENT_3D('',#835,#837,#836);
#839=CONICAL_SURFACE('',#838,0.,0.78539816339745);
#840=ORIENTED_EDGE('',*,*,#819,.F.);
#841=CARTESIAN_POINT('',(-2.1698196842093,12.862866941037,1.2527459787712));
#842=DIRECTION('',(0.,0.70710678118655,-0.70710678118655));
#843=VECTOR('',#842,0.70710678118655);
#844=LINE('',#841,#843);
#845=EDGE_CURVE('',#813,#788,#844,.T.);
#846=ORIENTED_EDGE('',*,*,#845,.T.);
#847=ORIENTED_EDGE('',*,*,#800,.F.);
#848=ORIENTED_EDGE('',*,*,#845,.F.);
#849=EDGE_LOOP('',(#840,#846,#847,#848));
#850=FACE_OUTER_BOUND('',#849,.T.);
#851=ADVANCED_FACE('',(#850),#839,.T.);
#852=CARTESIAN_POINT('',(-2.1698196842093,24.362866941037,-12.716762716831));
#853=DIRECTION('',(1.,-4.4408920985005E-16,0.));
#854=DIRECTION('',(4.4408920985005E-16,1.,0.));
#855=AXIS2_PLACEMENT_3D('',#852,#854,#853);
#856=PLANE('',#855);
#857=ORIENTED_EDGE('',*,*,#222,.F.);
#858=ORIENTED_EDGE('',*,*,#700,.F.);
#859=ORIENTED_EDGE('',*,*,#247,.F.);
#860=CARTESIAN_POINT('',(13.830180315791,24.362866941037,-19.247254060657));
#861=DIRECTION('',(-1.,0.,-2.8750335445693E-12));
#862=VECTOR('',#861,32.);
#863=LINE('',#860,#862);
#864=EDGE_CURVE('',#240,#217,#863,.T.);
#865=ORIENTED_EDGE('',*,*,#864,.T.);
#866=EDGE_LOOP('',(#857,#858,#859,#865));
#867=FACE_OUTER_BOUND('',#866,.T.);
#868=CARTESIAN_POINT('',(-2.1698196842093,24.362866941037,-9.4472540212288));
#869=VERTEX_POINT('',#868);
#870=CARTESIAN_POINT('',(-2.1698196842093,24.362866941037,-11.747254021229));
#871=DIRECTION('',(2.7305955803194E-16,1.0922382321277E-15,1.));
#872=DIRECTION('',(-1.0922382321277E-15,-1.,1.0922382321277E-15));
#873=AXIS2_PLACEMENT_3D('',#870,#872,#871);
#874=CIRCLE('',#873,2.3000000000002);
#875=EDGE_CURVE('',#869,#869,#874,.T.);
#876=ORIENTED_EDGE('',*,*,#875,.T.);
#877=EDGE_LOOP('',(#876));
#878=FACE_BOUND('',#877,.T.);
#879=CARTESIAN_POINT('',(-15.869819684209,24.362866941037,-16.947254021229));
#880=VERTEX_POINT('',#879);
#881=CARTESIAN_POINT('',(-13.469819684209,24.362866941037,-16.947254021229));
#882=VERTEX_POINT('',#881);
#883=CARTESIAN_POINT('',(-14.669819684209,24.362866941037,-16.947254021229));
#884=DIRECTION('',(-1.,5.9211894646675E-15,0.));
#885=DIRECTION('',(-5.6409102156427E-15,-1.,2.8027924902482E-16));
#886=AXIS2_PLACEMENT_3D('',#883,#885,#884);
#887=CIRCLE('',#886,1.2);
#888=EDGE_CURVE('',#880,#882,#887,.T.);
#889=ORIENTED_EDGE('',*,*,#888,.T.);
#890=CARTESIAN_POINT('',(-13.469819684209,24.362866941037,-10.247254021229));
#891=VERTEX_POINT('',#890);
#892=CARTESIAN_POINT('',(-13.469819684209,24.362866941037,-16.947254021229));
#893=DIRECTION('',(0.,0.,1.));
#894=VECTOR('',#893,6.7);
#895=LINE('',#892,#894);
#896=EDGE_CURVE('',#882,#891,#895,.T.);
#897=ORIENTED_EDGE('',*,*,#896,.T.);
#898=CARTESIAN_POINT('',(-15.869819684209,24.362866941037,-10.247254021229));
#899=VERTEX_POINT('',#898);
#900=CARTESIAN_POINT('',(-14.669819684209,24.362866941037,-10.247254021229));
#901=DIRECTION('',(1.,1.1842378929335E-14,0.));
#902=DIRECTION('',(1.5162154031736E-14,-1.,6.2803698347351E-15));
#903=AXIS2_PLACEMENT_3D('',#900,#902,#901);
#904=CIRCLE('',#903,1.2);
#905=EDGE_CURVE('',#891,#899,#904,.T.);
#906=ORIENTED_EDGE('',*,*,#905,.T.);
#907=CARTESIAN_POINT('',(-15.869819684209,24.362866941037,-10.247254021229));
#908=DIRECTION('',(0.,0.,-1.));
#909=VECTOR('',#908,6.7);
#910=LINE('',#907,#909);
#911=EDGE_CURVE('',#899,#880,#910,.T.);
#912=ORIENTED_EDGE('',*,*,#911,.T.);
#913=EDGE_LOOP('',(#889,#897,#906,#912));
#914=FACE_BOUND('',#913,.T.);
#915=CARTESIAN_POINT('',(4.1301803157907,24.362866941037,-16.947254021229));
#916=VERTEX_POINT('',#915);
#917=CARTESIAN_POINT('',(6.5301803157907,24.362866941037,-16.947254021229));
#918=VERTEX_POINT('',#917);
#919=CARTESIAN_POINT('',(5.3301803157907,24.362866941037,-16.947254021229));
#920=DIRECTION('',(-1.,5.9211894646675E-15,2.9605947323338E-15));
#921=DIRECTION('',(-7.1475079554905E-15,-1.,-7.1475079554905E-15));
#922=AXIS2_PLACEMENT_3D('',#919,#921,#920);
#923=CIRCLE('',#922,1.2);
#924=EDGE_CURVE('',#916,#918,#923,.T.);
#925=ORIENTED_EDGE('',*,*,#924,.T.);
#926=CARTESIAN_POINT('',(6.5301803157907,24.362866941037,-10.247254021229));
#927=VERTEX_POINT('',#926);
#928=CARTESIAN_POINT('',(6.5301803157907,24.362866941037,-16.947254021229));
#929=DIRECTION('',(0.,0.,1.));
#930=VECTOR('',#929,6.7);
#931=LINE('',#928,#930);
#932=EDGE_CURVE('',#918,#927,#931,.T.);
#933=ORIENTED_EDGE('',*,*,#932,.T.);
#934=CARTESIAN_POINT('',(4.1301803157907,24.362866941037,-10.247254021229));
#935=VERTEX_POINT('',#934);
#936=CARTESIAN_POINT('',(5.3301803157907,24.362866941037,-10.247254021229));
#937=DIRECTION('',(1.,2.9605947323338E-15,-2.9605947323338E-15));
#938=DIRECTION('',(1.7868769888726E-15,-1.,1.7868769888726E-15));
#939=AXIS2_PLACEMENT_3D('',#936,#938,#937);
#940=CIRCLE('',#939,1.2);
#941=EDGE_CURVE('',#927,#935,#940,.T.);
#942=ORIENTED_EDGE('',*,*,#941,.T.);
#943=CARTESIAN_POINT('',(4.1301803157907,24.362866941037,-10.247254021229));
#944=DIRECTION('',(0.,0.,-1.));
#945=VECTOR('',#944,6.7);
#946=LINE('',#943,#945);
#947=EDGE_CURVE('',#935,#916,#946,.T.);
#948=ORIENTED_EDGE('',*,*,#947,.T.);
#949=EDGE_LOOP('',(#925,#933,#942,#948));
#950=FACE_BOUND('',#949,.T.);
#951=CARTESIAN_POINT('',(9.1301803157907,24.362866941037,-16.947254021229));
#952=VERTEX_POINT('',#951);
#953=CARTESIAN_POINT('',(11.530180315791,24.362866941037,-16.947254021229));
#954=VERTEX_POINT('',#953);
#955=CARTESIAN_POINT('',(10.330180315791,24.362866941037,-16.947254021229));
#956=DIRECTION('',(-1.,5.921189464666E-15,2.960594732333E-15));
#957=DIRECTION('',(-6.2540694610526E-15,-1.,-6.2540694610526E-15));
#958=AXIS2_PLACEMENT_3D('',#955,#957,#956);
#959=CIRCLE('',#958,1.2000000000003);
#960=EDGE_CURVE('',#952,#954,#959,.T.);
#961=ORIENTED_EDGE('',*,*,#960,.T.);
#962=CARTESIAN_POINT('',(11.530180315791,24.362866941037,-10.247254021229));
#963=VERTEX_POINT('',#962);
#964=CARTESIAN_POINT('',(11.530180315791,24.362866941037,-16.947254021229));
#965=DIRECTION('',(0.,0.,1.));
#966=VECTOR('',#965,6.7);
#967=LINE('',#964,#966);
#968=EDGE_CURVE('',#954,#963,#967,.T.);
#969=ORIENTED_EDGE('',*,*,#968,.T.);
#970=CARTESIAN_POINT('',(9.1301803157907,24.362866941037,-10.247254021229));
#971=VERTEX_POINT('',#970);
#972=CARTESIAN_POINT('',(10.330180315791,24.362866941037,-10.247254021229));
#973=DIRECTION('',(1.,2.9605947323337E-15,1.4802973661669E-15));
#974=DIRECTION('',(3.5737539777452E-15,-1.,3.5737539777452E-15));
#975=AXIS2_PLACEMENT_3D('',#972,#974,#973);
#976=CIRCLE('',#975,1.2);
#977=EDGE_CURVE('',#963,#971,#976,.T.);
#978=ORIENTED_EDGE('',*,*,#977,.T.);
#979=CARTESIAN_POINT('',(9.1301803157907,24.362866941037,-10.247254021229));
#980=DIRECTION('',(0.,0.,-1.));
#981=VECTOR('',#980,6.7);
#982=LINE('',#979,#981);
#983=EDGE_CURVE('',#971,#952,#982,.T.);
#984=ORIENTED_EDGE('',*,*,#983,.T.);
#985=EDGE_LOOP('',(#961,#969,#978,#984));
#986=FACE_BOUND('',#985,.T.);
#987=CARTESIAN_POINT('',(-10.869819684209,24.362866941037,-16.947254021229));
#988=VERTEX_POINT('',#987);
#989=CARTESIAN_POINT('',(-8.4698196842093,24.362866941037,-16.947254021229));
#990=VERTEX_POINT('',#989);
#991=CARTESIAN_POINT('',(-9.6698196842093,24.362866941037,-16.947254021229));
#992=DIRECTION('',(-1.,5.921189464669E-15,0.));
#993=DIRECTION('',(-4.7474717212076E-15,-1.,1.1737177434614E-15));
#994=AXIS2_PLACEMENT_3D('',#991,#993,#992);
#995=CIRCLE('',#994,1.1999999999997);
#996=EDGE_CURVE('',#988,#990,#995,.T.);
#997=ORIENTED_EDGE('',*,*,#996,.T.);
#998=CARTESIAN_POINT('',(-8.4698196842093,24.362866941037,-10.247254021229));
#999=VERTEX_POINT('',#998);
#1000=CARTESIAN_POINT('',(-8.4698196842093,24.362866941037,-16.947254021229));
#1001=DIRECTION('',(0.,0.,1.));
#1002=VECTOR('',#1001,6.7);
#1003=LINE('',#1000,#1002);
#1004=EDGE_CURVE('',#990,#999,#1003,.T.);
#1005=ORIENTED_EDGE('',*,*,#1004,.T.);
#1006=CARTESIAN_POINT('',(-10.869819684209,24.362866941037,-10.247254021229));
#1007=VERTEX_POINT('',#1006);
#1008=CARTESIAN_POINT('',(-9.6698196842093,24.362866941037,-10.247254021229));
#1009=DIRECTION('',(1.,1.1842378929335E-14,1.4802973661669E-15));
#1010=DIRECTION('',(1.5162154031736E-14,-1.,6.2803698347351E-15));
#1011=AXIS2_PLACEMENT_3D('',#1008,#1010,#1009);
#1012=CIRCLE('',#1011,1.2);
#1013=EDGE_CURVE('',#999,#1007,#1012,.T.);
#1014=ORIENTED_EDGE('',*,*,#1013,.T.);
#1015=CARTESIAN_POINT('',(-10.869819684209,24.362866941037,-10.247254021229));
#1016=DIRECTION('',(0.,0.,-1.));
#1017=VECTOR('',#1016,6.7);
#1018=LINE('',#1015,#1017);
#1019=EDGE_CURVE('',#1007,#988,#1018,.T.);
#1020=ORIENTED_EDGE('',*,*,#1019,.T.);
#1021=EDGE_LOOP('',(#997,#1005,#1014,#1020));
#1022=FACE_BOUND('',#1021,.T.);
#1023=ADVANCED_FACE('',(#867,#878,#914,#950,#986,#1022),#856,.T.);
#1024=CARTESIAN_POINT('',(10.330180315791,24.16286695021,-16.947254021229));
#1025=DIRECTION('',(-1.,-1.0658141036402E-14,7.105427357601E-14));
#1026=DIRECTION('',(1.1842378567234E-14,-1.,0.));
#1027=AXIS2_PLACEMENT_3D('',#1024,#1026,#1025);
#1028=CYLINDRICAL_SURFACE('',#1027,1.);
#1029=CARTESIAN_POINT('',(9.3301803157907,23.862866941037,-16.947254021229));
#1030=VERTEX_POINT('',#1029);
#1031=CARTESIAN_POINT('',(11.330180315791,23.862866941037,-16.947254021229));
#1032=VERTEX_POINT('',#1031);
#1033=CARTESIAN_POINT('',(10.330180315791,23.862866941037,-16.947254021229));
#1034=DIRECTION('',(-1.,0.,0.));
#1035=DIRECTION('',(1.0721261933232E-15,-1.,1.0721261933232E-15));
#1036=AXIS2_PLACEMENT_3D('',#1033,#1035,#1034);
#1037=CIRCLE('',#1036,1.0000000000003);
#1038=EDGE_CURVE('',#1030,#1032,#1037,.T.);
#1039=ORIENTED_EDGE('',*,*,#1038,.T.);
#1040=CARTESIAN_POINT('',(11.330180315791,24.16286695021,-16.947254021229));
#1041=VERTEX_POINT('',#1040);
#1042=CARTESIAN_POINT('',(11.330180315791,23.862866941037,-16.947254021229));
#1043=DIRECTION('',(0.,1.,0.));
#1044=VECTOR('',#1043,0.300000009173);
#1045=LINE('',#1042,#1044);
#1046=EDGE_CURVE('',#1032,#1041,#1045,.T.);
#1047=ORIENTED_EDGE('',*,*,#1046,.T.);
#1048=CARTESIAN_POINT('',(9.3301803157907,24.16286695021,-16.947254021229));
#1049=VERTEX_POINT('',#1048);
#1050=CARTESIAN_POINT('',(10.330180315791,24.16286695021,-16.947254021229));
#1051=DIRECTION('',(1.,0.,3.5527136788005E-15));
#1052=DIRECTION('',(-1.3185310585786E-16,1.,-9.1731847465107E-09));
#1053=AXIS2_PLACEMENT_3D('',#1050,#1052,#1051);
#1054=CIRCLE('',#1053,1.);
#1055=EDGE_CURVE('',#1041,#1049,#1054,.T.);
#1056=ORIENTED_EDGE('',*,*,#1055,.T.);
#1057=CARTESIAN_POINT('',(9.3301803157907,24.16286695021,-16.947254021229));
#1058=DIRECTION('',(0.,-1.,0.));
#1059=VECTOR('',#1058,0.300000009173);
#1060=LINE('',#1057,#1059);
#1061=EDGE_CURVE('',#1049,#1030,#1060,.T.);
#1062=ORIENTED_EDGE('',*,*,#1061,.T.);
#1063=EDGE_LOOP('',(#1039,#1047,#1056,#1062));
#1064=FACE_OUTER_BOUND('',#1063,.T.);
#1065=ADVANCED_FACE('',(#1064),#1028,.F.);
#1066=CARTESIAN_POINT('',(11.330180315791,24.112866941037,-13.597254021229));
#1067=DIRECTION('',(-1.0605115459106E-15,0.,-1.));
#1068=DIRECTION('',(-1.,0.,1.0605115459106E-15));
#1069=AXIS2_PLACEMENT_3D('',#1066,#1068,#1067);
#1070=PLANE('',#1069);
#1071=CARTESIAN_POINT('',(11.330180315791,23.862866941037,-10.247254021229));
#1072=VERTEX_POINT('',#1071);
#1073=CARTESIAN_POINT('',(11.330180315791,23.862866941037,-16.947254021229));
#1074=DIRECTION('',(0.,0.,1.));
#1075=VECTOR('',#1074,6.7);
#1076=LINE('',#1073,#1075);
#1077=EDGE_CURVE('',#1032,#1072,#1076,.T.);
#1078=ORIENTED_EDGE('',*,*,#1077,.T.);
#1079=CARTESIAN_POINT('',(11.330180315791,24.162866946694,-10.247254021229));
#1080=VERTEX_POINT('',#1079);
#1081=CARTESIAN_POINT('',(11.330180315791,23.862866941037,-10.247254021229));
#1082=DIRECTION('',(0.,1.,0.));
#1083=VECTOR('',#1082,0.300000005657);
#1084=LINE('',#1081,#1083);
#1085=EDGE_CURVE('',#1072,#1080,#1084,.T.);
#1086=ORIENTED_EDGE('',*,*,#1085,.T.);
#1087=CARTESIAN_POINT('',(11.330180315791,24.162866946694,-10.247254021229));
#1088=DIRECTION('',(0.,5.2477610979758E-10,-1.));
#1089=VECTOR('',#1088,6.7);
#1090=LINE('',#1087,#1089);
#1091=EDGE_CURVE('',#1080,#1041,#1090,.T.);
#1092=ORIENTED_EDGE('',*,*,#1091,.T.);
#1093=ORIENTED_EDGE('',*,*,#1046,.F.);
#1094=EDGE_LOOP('',(#1078,#1086,#1092,#1093));
#1095=FACE_OUTER_BOUND('',#1094,.T.);
#1096=ADVANCED_FACE('',(#1095),#1070,.T.);
#1097=CARTESIAN_POINT('',(10.330180315791,24.162866946694,-10.247254021229));
#1098=DIRECTION('',(1.,1.0658141036402E-14,5.5067062021408E-14));
#1099=DIRECTION('',(5.9211893530136E-15,-1.,5.9211893530136E-15));
#1100=AXIS2_PLACEMENT_3D('',#1097,#1099,#1098);
#1101=CYLINDRICAL_SURFACE('',#1100,1.);
#1102=CARTESIAN_POINT('',(9.3301803157907,23.862866941037,-10.247254021229));
#1103=VERTEX_POINT('',#1102);
#1104=CARTESIAN_POINT('',(10.330180315791,23.862866941037,-10.247254021229));
#1105=DIRECTION('',(1.,0.,0.));
#1106=DIRECTION('',(-1.0721261933236E-15,-1.,-1.0721261933236E-15));
#1107=AXIS2_PLACEMENT_3D('',#1104,#1106,#1105);
#1108=CIRCLE('',#1107,1.);
#1109=EDGE_CURVE('',#1072,#1103,#1108,.T.);
#1110=ORIENTED_EDGE('',*,*,#1109,.T.);
#1111=CARTESIAN_POINT('',(9.3301803157907,24.162866945624,-10.247254021229));
#1112=VERTEX_POINT('',#1111);
#1113=CARTESIAN_POINT('',(9.3301803157907,23.862866941037,-10.247254021229));
#1114=DIRECTION('',(0.,1.,0.));
#1115=VECTOR('',#1114,0.300000004587);
#1116=LINE('',#1113,#1115);
#1117=EDGE_CURVE('',#1103,#1112,#1116,.T.);
#1118=ORIENTED_EDGE('',*,*,#1117,.T.);
#1119=CARTESIAN_POINT('',(10.330180315791,24.16286694532,-10.247254021229));
#1120=DIRECTION('',(-1.,2.141280930345E-09,-1.7763568393997E-15));
#1121=DIRECTION('',(2.1412776578832E-09,1.,3.7087947685982E-09));
#1122=AXIS2_PLACEMENT_3D('',#1119,#1121,#1120);
#1123=CIRCLE('',#1122,1.0000000000003);
#1124=EDGE_CURVE('',#1112,#1080,#1123,.T.);
#1125=ORIENTED_EDGE('',*,*,#1124,.T.);
#1126=ORIENTED_EDGE('',*,*,#1085,.F.);
#1127=EDGE_LOOP('',(#1110,#1118,#1125,#1126));
#1128=FACE_OUTER_BOUND('',#1127,.T.);
#1129=ADVANCED_FACE('',(#1128),#1101,.F.);
#1130=CARTESIAN_POINT('',(9.3301803157907,24.112866941037,-13.597254021229));
#1131=DIRECTION('',(5.302557729553E-16,0.,1.));
#1132=DIRECTION('',(1.,0.,-5.302557729553E-16));
#1133=AXIS2_PLACEMENT_3D('',#1130,#1132,#1131);
#1134=PLANE('',#1133);
#1135=CARTESIAN_POINT('',(9.3301803157907,23.862866941037,-10.247254021229));
#1136=DIRECTION('',(0.,0.,-1.));
#1137=VECTOR('',#1136,6.7);
#1138=LINE('',#1135,#1137);
#1139=EDGE_CURVE('',#1103,#1030,#1138,.T.);
#1140=ORIENTED_EDGE('',*,*,#1139,.T.);
#1141=ORIENTED_EDGE('',*,*,#1061,.F.);
#1142=CARTESIAN_POINT('',(9.3301803157907,24.16286695021,-16.947254021229));
#1143=DIRECTION('',(0.,-6.8447748298471E-10,1.));
#1144=VECTOR('',#1143,6.7);
#1145=LINE('',#1142,#1144);
#1146=EDGE_CURVE('',#1049,#1112,#1145,.T.);
#1147=ORIENTED_EDGE('',*,*,#1146,.T.);
#1148=ORIENTED_EDGE('',*,*,#1117,.F.);
#1149=EDGE_LOOP('',(#1140,#1141,#1147,#1148));
#1150=FACE_OUTER_BOUND('',#1149,.T.);
#1151=ADVANCED_FACE('',(#1150),#1134,.T.);
#1152=CARTESIAN_POINT('',(4.3301803157907,24.112866941037,-13.597254021229));
#1153=DIRECTION('',(0.,0.,1.));
#1154=DIRECTION('',(1.,0.,-0.));
#1155=AXIS2_PLACEMENT_3D('',#1152,#1154,#1153);
#1156=PLANE('',#1155);
#1157=CARTESIAN_POINT('',(4.3301803157907,23.862866941037,-10.247254021229));
#1158=VERTEX_POINT('',#1157);
#1159=CARTESIAN_POINT('',(4.3301803157907,23.862866941037,-16.947254021229));
#1160=VERTEX_POINT('',#1159);
#1161=CARTESIAN_POINT('',(4.3301803157907,23.862866941037,-10.247254021229));
#1162=DIRECTION('',(0.,0.,-1.));
#1163=VECTOR('',#1162,6.7);
#1164=LINE('',#1161,#1163);
#1165=EDGE_CURVE('',#1158,#1160,#1164,.T.);
#1166=ORIENTED_EDGE('',*,*,#1165,.T.);
#1167=CARTESIAN_POINT('',(4.3301803157907,24.16286695021,-16.947254021229));
#1168=VERTEX_POINT('',#1167);
#1169=CARTESIAN_POINT('',(4.3301803157907,23.862866941037,-16.947254021229));
#1170=DIRECTION('',(0.,1.,0.));
#1171=VECTOR('',#1170,0.300000009173);
#1172=LINE('',#1169,#1171);
#1173=EDGE_CURVE('',#1160,#1168,#1172,.T.);
#1174=ORIENTED_EDGE('',*,*,#1173,.T.);
#1175=CARTESIAN_POINT('',(4.3301803157907,24.162866945624,-10.247254021229));
#1176=VERTEX_POINT('',#1175);
#1177=CARTESIAN_POINT('',(4.3301803157907,24.16286695021,-16.947254021229));
#1178=DIRECTION('',(0.,-6.8447748298471E-10,1.));
#1179=VECTOR('',#1178,6.7);
#1180=LINE('',#1177,#1179);
#1181=EDGE_CURVE('',#1168,#1176,#1180,.T.);
#1182=ORIENTED_EDGE('',*,*,#1181,.T.);
#1183=CARTESIAN_POINT('',(4.3301803157907,24.162866945624,-10.247254021229));
#1184=DIRECTION('',(0.,-1.,0.));
#1185=VECTOR('',#1184,0.300000004587);
#1186=LINE('',#1183,#1185);
#1187=EDGE_CURVE('',#1176,#1158,#1186,.T.);
#1188=ORIENTED_EDGE('',*,*,#1187,.T.);
#1189=EDGE_LOOP('',(#1166,#1174,#1182,#1188));
#1190=FACE_OUTER_BOUND('',#1189,.T.);
#1191=ADVANCED_FACE('',(#1190),#1156,.T.);
#1192=CARTESIAN_POINT('',(5.3301803157907,24.16286695021,-16.947254021229));
#1193=DIRECTION('',(-1.,0.,1.7763568394002E-14));
#1194=DIRECTION('',(0.,-1.,0.));
#1195=AXIS2_PLACEMENT_3D('',#1192,#1194,#1193);
#1196=CYLINDRICAL_SURFACE('',#1195,1.);
#1197=CARTESIAN_POINT('',(6.3301803157907,23.862866941037,-16.947254021229));
#1198=VERTEX_POINT('',#1197);
#1199=CARTESIAN_POINT('',(5.3301803157907,23.862866941037,-16.947254021229));
#1200=DIRECTION('',(-1.,0.,3.5527136788005E-15));
#1201=DIRECTION('',(1.0721261933236E-15,-1.,1.0721261933236E-15));
#1202=AXIS2_PLACEMENT_3D('',#1199,#1201,#1200);
#1203=CIRCLE('',#1202,1.);
#1204=EDGE_CURVE('',#1160,#1198,#1203,.T.);
#1205=ORIENTED_EDGE('',*,*,#1204,.T.);
#1206=CARTESIAN_POINT('',(6.3301803157907,24.16286695021,-16.947254021229));
#1207=VERTEX_POINT('',#1206);
#1208=CARTESIAN_POINT('',(6.3301803157907,23.862866941037,-16.947254021229));
#1209=DIRECTION('',(0.,1.,0.));
#1210=VECTOR('',#1209,0.300000009173);
#1211=LINE('',#1208,#1210);
#1212=EDGE_CURVE('',#1198,#1207,#1211,.T.);
#1213=ORIENTED_EDGE('',*,*,#1212,.T.);
#1214=CARTESIAN_POINT('',(5.3301803157907,24.16286695021,-16.947254021229));
#1215=DIRECTION('',(1.,-7.105427357601E-15,3.5527136788005E-15));
#1216=DIRECTION('',(6.9735742522262E-15,1.,-9.1731776410834E-09));
#1217=AXIS2_PLACEMENT_3D('',#1214,#1216,#1215);
#1218=CIRCLE('',#1217,1.);
#1219=EDGE_CURVE('',#1207,#1168,#1218,.T.);
#1220=ORIENTED_EDGE('',*,*,#1219,.T.);
#1221=ORIENTED_EDGE('',*,*,#1173,.F.);
#1222=EDGE_LOOP('',(#1205,#1213,#1220,#1221));
#1223=FACE_OUTER_BOUND('',#1222,.T.);
#1224=ADVANCED_FACE('',(#1223),#1196,.F.);
#1225=CARTESIAN_POINT('',(6.3301803157907,24.112866941037,-13.597254021229));
#1226=DIRECTION('',(-1.0605115459106E-15,0.,-1.));
#1227=DIRECTION('',(-1.,0.,1.0605115459106E-15));
#1228=AXIS2_PLACEMENT_3D('',#1225,#1227,#1226);
#1229=PLANE('',#1228);
#1230=CARTESIAN_POINT('',(6.3301803157907,23.862866941037,-10.247254021229));
#1231=VERTEX_POINT('',#1230);
#1232=CARTESIAN_POINT('',(6.3301803157907,23.862866941037,-16.947254021229));
#1233=DIRECTION('',(0.,0.,1.));
#1234=VECTOR('',#1233,6.7);
#1235=LINE('',#1232,#1234);
#1236=EDGE_CURVE('',#1198,#1231,#1235,.T.);
#1237=ORIENTED_EDGE('',*,*,#1236,.T.);
#1238=CARTESIAN_POINT('',(6.3301803157907,24.162866946694,-10.247254021229));
#1239=VERTEX_POINT('',#1238);
#1240=CARTESIAN_POINT('',(6.3301803157907,23.862866941037,-10.247254021229));
#1241=DIRECTION('',(0.,1.,0.));
#1242=VECTOR('',#1241,0.300000005657);
#1243=LINE('',#1240,#1242);
#1244=EDGE_CURVE('',#1231,#1239,#1243,.T.);
#1245=ORIENTED_EDGE('',*,*,#1244,.T.);
#1246=CARTESIAN_POINT('',(6.3301803157907,24.162866946694,-10.247254021229));
#1247=DIRECTION('',(0.,5.2477610979758E-10,-1.));
#1248=VECTOR('',#1247,6.7);
#1249=LINE('',#1246,#1248);
#1250=EDGE_CURVE('',#1239,#1207,#1249,.T.);
#1251=ORIENTED_EDGE('',*,*,#1250,.T.);
#1252=ORIENTED_EDGE('',*,*,#1212,.F.);
#1253=EDGE_LOOP('',(#1237,#1245,#1251,#1252));
#1254=FACE_OUTER_BOUND('',#1253,.T.);
#1255=ADVANCED_FACE('',(#1254),#1229,.T.);
#1256=CARTESIAN_POINT('',(5.3301803157907,24.162866946694,-10.247254021229));
#1257=DIRECTION('',(1.,0.,3.5527136788005E-15));
#1258=DIRECTION('',(0.,-1.,0.));
#1259=AXIS2_PLACEMENT_3D('',#1256,#1258,#1257);
#1260=CYLINDRICAL_SURFACE('',#1259,1.);
#1261=CARTESIAN_POINT('',(5.3301803157907,23.862866941037,-10.247254021229));
#1262=DIRECTION('',(1.,-3.5527136788005E-15,0.));
#1263=DIRECTION('',(-4.6248398721241E-15,-1.,2.4805874854769E-15));
#1264=AXIS2_PLACEMENT_3D('',#1261,#1263,#1262);
#1265=CIRCLE('',#1264,1.);
#1266=EDGE_CURVE('',#1231,#1158,#1265,.T.);
#1267=ORIENTED_EDGE('',*,*,#1266,.T.);
#1268=ORIENTED_EDGE('',*,*,#1187,.F.);
#1269=CARTESIAN_POINT('',(5.3301803157907,24.162866943178,-10.247254021229));
#1270=DIRECTION('',(-1.,3.5527136788005E-15,-1.7763568394003E-15));
#1271=DIRECTION('',(2.3830055633241E-15,1.,2.14127854734E-09));
#1272=AXIS2_PLACEMENT_3D('',#1269,#1271,#1270);
#1273=CIRCLE('',#1272,1.);
#1274=EDGE_CURVE('',#1176,#1239,#1273,.T.);
#1275=ORIENTED_EDGE('',*,*,#1274,.T.);
#1276=ORIENTED_EDGE('',*,*,#1244,.F.);
#1277=EDGE_LOOP('',(#1267,#1268,#1275,#1276));
#1278=FACE_OUTER_BOUND('',#1277,.T.);
#1279=ADVANCED_FACE('',(#1278),#1260,.F.);
#1280=CARTESIAN_POINT('',(-14.669819684209,24.162866946694,-10.247254021229));
#1281=DIRECTION('',(1.,0.,-3.0198066269805E-14));
#1282=DIRECTION('',(5.9211893530136E-15,-1.,-5.9211893530136E-15));
#1283=AXIS2_PLACEMENT_3D('',#1280,#1282,#1281);
#1284=CYLINDRICAL_SURFACE('',#1283,0.99999999999999);
#1285=CARTESIAN_POINT('',(-13.669819684209,23.862866941037,-10.247254021229));
#1286=VERTEX_POINT('',#1285);
#1287=CARTESIAN_POINT('',(-15.669819684209,23.862866941037,-10.247254021229));
#1288=VERTEX_POINT('',#1287);
#1289=CARTESIAN_POINT('',(-14.669819684209,23.862866941037,-10.247254021229));
#1290=DIRECTION('',(1.,3.5527136788005E-15,-1.7763568394003E-15));
#1291=DIRECTION('',(5.0242958677881E-15,-1.,1.2129723225389E-14));
#1292=AXIS2_PLACEMENT_3D('',#1289,#1291,#1290);
#1293=CIRCLE('',#1292,1.);
#1294=EDGE_CURVE('',#1286,#1288,#1293,.T.);
#1295=ORIENTED_EDGE('',*,*,#1294,.T.);
#1296=CARTESIAN_POINT('',(-15.669819684209,24.162866945624,-10.247254021229));
#1297=VERTEX_POINT('',#1296);
#1298=CARTESIAN_POINT('',(-15.669819684209,23.862866941037,-10.247254021229));
#1299=DIRECTION('',(0.,1.,0.));
#1300=VECTOR('',#1299,0.300000004587);
#1301=LINE('',#1298,#1300);
#1302=EDGE_CURVE('',#1288,#1297,#1301,.T.);
#1303=ORIENTED_EDGE('',*,*,#1302,.T.);
#1304=CARTESIAN_POINT('',(-13.669819684209,24.162866946694,-10.247254021229));
#1305=VERTEX_POINT('',#1304);
#1306=CARTESIAN_POINT('',(-14.669819684209,24.16286694532,-10.247254021229));
#1307=DIRECTION('',(-1.,-2.1412738249182E-09,-1.7763568394003E-15));
#1308=DIRECTION('',(-2.1412712276822E-09,1.,3.7087853461879E-09));
#1309=AXIS2_PLACEMENT_3D('',#1306,#1308,#1307);
#1310=CIRCLE('',#1309,1.);
#1311=EDGE_CURVE('',#1297,#1305,#1310,.T.);
#1312=ORIENTED_EDGE('',*,*,#1311,.T.);
#1313=CARTESIAN_POINT('',(-13.669819684209,24.162866946694,-10.247254021229));
#1314=DIRECTION('',(0.,-1.,0.));
#1315=VECTOR('',#1314,0.300000005657);
#1316=LINE('',#1313,#1315);
#1317=EDGE_CURVE('',#1305,#1286,#1316,.T.);
#1318=ORIENTED_EDGE('',*,*,#1317,.T.);
#1319=EDGE_LOOP('',(#1295,#1303,#1312,#1318));
#1320=FACE_OUTER_BOUND('',#1319,.T.);
#1321=ADVANCED_FACE('',(#1320),#1284,.F.);
#1322=CARTESIAN_POINT('',(-15.669819684209,24.112866941037,-13.597254021229));
#1323=DIRECTION('',(5.302557729553E-16,0.,1.));
#1324=DIRECTION('',(1.,0.,-5.302557729553E-16));
#1325=AXIS2_PLACEMENT_3D('',#1322,#1324,#1323);
#1326=PLANE('',#1325);
#1327=CARTESIAN_POINT('',(-15.669819684209,23.862866941037,-16.947254021229));
#1328=VERTEX_POINT('',#1327);
#1329=CARTESIAN_POINT('',(-15.669819684209,23.862866941037,-10.247254021229));
#1330=DIRECTION('',(0.,0.,-1.));
#1331=VECTOR('',#1330,6.7);
#1332=LINE('',#1329,#1331);
#1333=EDGE_CURVE('',#1288,#1328,#1332,.T.);
#1334=ORIENTED_EDGE('',*,*,#1333,.T.);
#1335=CARTESIAN_POINT('',(-15.669819684209,24.16286695021,-16.947254021229));
#1336=VERTEX_POINT('',#1335);
#1337=CARTESIAN_POINT('',(-15.669819684209,23.862866941037,-16.947254021229));
#1338=DIRECTION('',(0.,1.,0.));
#1339=VECTOR('',#1338,0.300000009173);
#1340=LINE('',#1337,#1339);
#1341=EDGE_CURVE('',#1328,#1336,#1340,.T.);
#1342=ORIENTED_EDGE('',*,*,#1341,.T.);
#1343=CARTESIAN_POINT('',(-15.669819684209,24.16286695021,-16.947254021229));
#1344=DIRECTION('',(0.,-6.8447748298471E-10,1.));
#1345=VECTOR('',#1344,6.7);
#1346=LINE('',#1343,#1345);
#1347=EDGE_CURVE('',#1336,#1297,#1346,.T.);
#1348=ORIENTED_EDGE('',*,*,#1347,.T.);
#1349=ORIENTED_EDGE('',*,*,#1302,.F.);
#1350=EDGE_LOOP('',(#1334,#1342,#1348,#1349));
#1351=FACE_OUTER_BOUND('',#1350,.T.);
#1352=ADVANCED_FACE('',(#1351),#1326,.T.);
#1353=CARTESIAN_POINT('',(-14.669819684209,24.16286695021,-16.947254021229));
#1354=DIRECTION('',(-1.,-7.105427357601E-15,1.0658141036402E-14));
#1355=DIRECTION('',(0.,-1.,0.));
#1356=AXIS2_PLACEMENT_3D('',#1353,#1355,#1354);
#1357=CYLINDRICAL_SURFACE('',#1356,1.);
#1358=CARTESIAN_POINT('',(-13.669819684209,23.862866941037,-16.947254021229));
#1359=VERTEX_POINT('',#1358);
#1360=CARTESIAN_POINT('',(-14.669819684209,23.862866941037,-16.947254021229));
#1361=DIRECTION('',(-1.,-3.5527136788005E-15,3.5527136788005E-15));
#1362=DIRECTION('',(4.6248398721241E-15,-1.,-2.4805874854769E-15));
#1363=AXIS2_PLACEMENT_3D('',#1360,#1362,#1361);
#1364=CIRCLE('',#1363,1.);
#1365=EDGE_CURVE('',#1328,#1359,#1364,.T.);
#1366=ORIENTED_EDGE('',*,*,#1365,.T.);
#1367=CARTESIAN_POINT('',(-13.669819684209,24.16286695021,-16.947254021229));
#1368=VERTEX_POINT('',#1367);
#1369=CARTESIAN_POINT('',(-13.669819684209,23.862866941037,-16.947254021229));
#1370=DIRECTION('',(0.,1.,0.));
#1371=VECTOR('',#1370,0.300000009173);
#1372=LINE('',#1369,#1371);
#1373=EDGE_CURVE('',#1359,#1368,#1372,.T.);
#1374=ORIENTED_EDGE('',*,*,#1373,.T.);
#1375=CARTESIAN_POINT('',(-14.669819684209,24.16286695021,-16.947254021229));
#1376=DIRECTION('',(1.,-7.105427357601E-15,3.5527136788005E-15));
#1377=DIRECTION('',(6.9735742522262E-15,1.,-9.1731776410834E-09));
#1378=AXIS2_PLACEMENT_3D('',#1375,#1377,#1376);
#1379=CIRCLE('',#1378,1.);
#1380=EDGE_CURVE('',#1368,#1336,#1379,.T.);
#1381=ORIENTED_EDGE('',*,*,#1380,.T.);
#1382=ORIENTED_EDGE('',*,*,#1341,.F.);
#1383=EDGE_LOOP('',(#1366,#1374,#1381,#1382));
#1384=FACE_OUTER_BOUND('',#1383,.T.);
#1385=ADVANCED_FACE('',(#1384),#1357,.F.);
#1386=CARTESIAN_POINT('',(-13.669819684209,24.112866941037,-13.597254021229));
#1387=DIRECTION('',(-1.0605115459106E-15,0.,-1.));
#1388=DIRECTION('',(-1.,0.,1.0605115459106E-15));
#1389=AXIS2_PLACEMENT_3D('',#1386,#1388,#1387);
#1390=PLANE('',#1389);
#1391=CARTESIAN_POINT('',(-13.669819684209,23.862866941037,-16.947254021229));
#1392=DIRECTION('',(0.,0.,1.));
#1393=VECTOR('',#1392,6.7);
#1394=LINE('',#1391,#1393);
#1395=EDGE_CURVE('',#1359,#1286,#1394,.T.);
#1396=ORIENTED_EDGE('',*,*,#1395,.T.);
#1397=ORIENTED_EDGE('',*,*,#1317,.F.);
#1398=CARTESIAN_POINT('',(-13.669819684209,24.162866946694,-10.247254021229));
#1399=DIRECTION('',(0.,5.2477610979758E-10,-1.));
#1400=VECTOR('',#1399,6.7);
#1401=LINE('',#1398,#1400);
#1402=EDGE_CURVE('',#1305,#1368,#1401,.T.);
#1403=ORIENTED_EDGE('',*,*,#1402,.T.);
#1404=ORIENTED_EDGE('',*,*,#1373,.F.);
#1405=EDGE_LOOP('',(#1396,#1397,#1403,#1404));
#1406=FACE_OUTER_BOUND('',#1405,.T.);
#1407=ADVANCED_FACE('',(#1406),#1390,.T.);
#1408=CARTESIAN_POINT('',(-8.6698196842093,24.112866941037,-13.597254021229));
#1409=DIRECTION('',(-5.302557729553E-16,0.,-1.));
#1410=DIRECTION('',(-1.,0.,5.302557729553E-16));
#1411=AXIS2_PLACEMENT_3D('',#1408,#1410,#1409);
#1412=PLANE('',#1411);
#1413=CARTESIAN_POINT('',(-8.6698196842093,23.862866941037,-16.947254021229));
#1414=VERTEX_POINT('',#1413);
#1415=CARTESIAN_POINT('',(-8.6698196842093,23.862866941037,-10.247254021229));
#1416=VERTEX_POINT('',#1415);
#1417=CARTESIAN_POINT('',(-8.6698196842093,23.862866941037,-16.947254021229));
#1418=DIRECTION('',(0.,0.,1.));
#1419=VECTOR('',#1418,6.7);
#1420=LINE('',#1417,#1419);
#1421=EDGE_CURVE('',#1414,#1416,#1420,.T.);
#1422=ORIENTED_EDGE('',*,*,#1421,.T.);
#1423=CARTESIAN_POINT('',(-8.6698196842093,24.162866946694,-10.247254021229));
#1424=VERTEX_POINT('',#1423);
#1425=CARTESIAN_POINT('',(-8.6698196842093,23.862866941037,-10.247254021229));
#1426=DIRECTION('',(0.,1.,0.));
#1427=VECTOR('',#1426,0.300000005657);
#1428=LINE('',#1425,#1427);
#1429=EDGE_CURVE('',#1416,#1424,#1428,.T.);
#1430=ORIENTED_EDGE('',*,*,#1429,.T.);
#1431=CARTESIAN_POINT('',(-8.6698196842093,24.16286695021,-16.947254021229));
#1432=VERTEX_POINT('',#1431);
#1433=CARTESIAN_POINT('',(-8.6698196842093,24.162866946694,-10.247254021229));
#1434=DIRECTION('',(0.,5.2477610979758E-10,-1.));
#1435=VECTOR('',#1434,6.7);
#1436=LINE('',#1433,#1435);
#1437=EDGE_CURVE('',#1424,#1432,#1436,.T.);
#1438=ORIENTED_EDGE('',*,*,#1437,.T.);
#1439=CARTESIAN_POINT('',(-8.6698196842093,24.16286695021,-16.947254021229));
#1440=DIRECTION('',(0.,-1.,0.));
#1441=VECTOR('',#1440,0.300000009173);
#1442=LINE('',#1439,#1441);
#1443=EDGE_CURVE('',#1432,#1414,#1442,.T.);
#1444=ORIENTED_EDGE('',*,*,#1443,.T.);
#1445=EDGE_LOOP('',(#1422,#1430,#1438,#1444));
#1446=FACE_OUTER_BOUND('',#1445,.T.);
#1447=ADVANCED_FACE('',(#1446),#1412,.T.);
#1448=CARTESIAN_POINT('',(-9.6698196842093,24.162866946694,-10.247254021229));
#1449=DIRECTION('',(1.,3.5527136788005E-15,-9.5923269327614E-14));
#1450=DIRECTION('',(0.,-1.,0.));
#1451=AXIS2_PLACEMENT_3D('',#1448,#1450,#1449);
#1452=CYLINDRICAL_SURFACE('',#1451,1.);
#1453=CARTESIAN_POINT('',(-10.669819684209,23.862866941037,-10.247254021229));
#1454=VERTEX_POINT('',#1453);
#1455=CARTESIAN_POINT('',(-9.6698196842093,23.862866941037,-10.247254021229));
#1456=DIRECTION('',(1.,0.,-1.7763568394003E-15));
#1457=DIRECTION('',(7.3579109449378E-16,-1.,7.8412184520948E-15));
#1458=AXIS2_PLACEMENT_3D('',#1455,#1457,#1456);
#1459=CIRCLE('',#1458,1.);
#1460=EDGE_CURVE('',#1416,#1454,#1459,.T.);
#1461=ORIENTED_EDGE('',*,*,#1460,.T.);
#1462=CARTESIAN_POINT('',(-10.669819684209,24.162866945624,-10.247254021229));
#1463=VERTEX_POINT('',#1462);
#1464=CARTESIAN_POINT('',(-10.669819684209,23.862866941037,-10.247254021229));
#1465=DIRECTION('',(0.,1.,0.));
#1466=VECTOR('',#1465,0.300000004587);
#1467=LINE('',#1464,#1466);
#1468=EDGE_CURVE('',#1454,#1463,#1467,.T.);
#1469=ORIENTED_EDGE('',*,*,#1468,.T.);
#1470=CARTESIAN_POINT('',(-9.6698196842093,24.16286694532,-10.247254021229));
#1471=DIRECTION('',(-1.,-2.1412738249189E-09,0.));
#1472=DIRECTION('',(-2.1412712276829E-09,1.,3.708785346189E-09));
#1473=AXIS2_PLACEMENT_3D('',#1470,#1472,#1471);
#1474=CIRCLE('',#1473,0.9999999999997);
#1475=EDGE_CURVE('',#1463,#1424,#1474,.T.);
#1476=ORIENTED_EDGE('',*,*,#1475,.T.);
#1477=ORIENTED_EDGE('',*,*,#1429,.F.);
#1478=EDGE_LOOP('',(#1461,#1469,#1476,#1477));
#1479=FACE_OUTER_BOUND('',#1478,.T.);
#1480=ADVANCED_FACE('',(#1479),#1452,.F.);
#1481=CARTESIAN_POINT('',(-10.669819684209,24.112866941037,-13.597254021229));
#1482=DIRECTION('',(5.302557729553E-16,0.,1.));
#1483=DIRECTION('',(1.,0.,-5.302557729553E-16));
#1484=AXIS2_PLACEMENT_3D('',#1481,#1483,#1482);
#1485=PLANE('',#1484);
#1486=CARTESIAN_POINT('',(-10.669819684209,23.862866941037,-16.947254021229));
#1487=VERTEX_POINT('',#1486);
#1488=CARTESIAN_POINT('',(-10.669819684209,23.862866941037,-10.247254021229));
#1489=DIRECTION('',(0.,0.,-1.));
#1490=VECTOR('',#1489,6.7);
#1491=LINE('',#1488,#1490);
#1492=EDGE_CURVE('',#1454,#1487,#1491,.T.);
#1493=ORIENTED_EDGE('',*,*,#1492,.T.);
#1494=CARTESIAN_POINT('',(-10.669819684209,24.16286695021,-16.947254021229));
#1495=VERTEX_POINT('',#1494);
#1496=CARTESIAN_POINT('',(-10.669819684209,23.862866941037,-16.947254021229));
#1497=DIRECTION('',(0.,1.,0.));
#1498=VECTOR('',#1497,0.300000009173);
#1499=LINE('',#1496,#1498);
#1500=EDGE_CURVE('',#1487,#1495,#1499,.T.);
#1501=ORIENTED_EDGE('',*,*,#1500,.T.);
#1502=CARTESIAN_POINT('',(-10.669819684209,24.16286695021,-16.947254021229));
#1503=DIRECTION('',(0.,-6.8447748298471E-10,1.));
#1504=VECTOR('',#1503,6.7);
#1505=LINE('',#1502,#1504);
#1506=EDGE_CURVE('',#1495,#1463,#1505,.T.);
#1507=ORIENTED_EDGE('',*,*,#1506,.T.);
#1508=ORIENTED_EDGE('',*,*,#1468,.F.);
#1509=EDGE_LOOP('',(#1493,#1501,#1507,#1508));
#1510=FACE_OUTER_BOUND('',#1509,.T.);
#1511=ADVANCED_FACE('',(#1510),#1485,.T.);
#1512=CARTESIAN_POINT('',(-9.6698196842093,24.16286695021,-16.947254021229));
#1513=DIRECTION('',(-1.,1.0658141036402E-14,-4.2632564145606E-14));
#1514=DIRECTION('',(0.,-1.,1.1842378567235E-14));
#1515=AXIS2_PLACEMENT_3D('',#1512,#1514,#1513);
#1516=CYLINDRICAL_SURFACE('',#1515,0.99999999999999);
#1517=CARTESIAN_POINT('',(-9.6698196842093,23.862866941037,-16.947254021229));
#1518=DIRECTION('',(-1.,0.,0.));
#1519=DIRECTION('',(1.0721261933239E-15,-1.,1.0721261933239E-15));
#1520=AXIS2_PLACEMENT_3D('',#1517,#1519,#1518);
#1521=CIRCLE('',#1520,0.9999999999997);
#1522=EDGE_CURVE('',#1487,#1414,#1521,.T.);
#1523=ORIENTED_EDGE('',*,*,#1522,.T.);
#1524=ORIENTED_EDGE('',*,*,#1443,.F.);
#1525=CARTESIAN_POINT('',(-9.6698196842093,24.16286695021,-16.947254021229));
#1526=DIRECTION('',(1.,-7.105427357601E-15,3.5527136788005E-15));
#1527=DIRECTION('',(6.9735742522262E-15,1.,-9.1731776410834E-09));
#1528=AXIS2_PLACEMENT_3D('',#1525,#1527,#1526);
#1529=CIRCLE('',#1528,1.);
#1530=EDGE_CURVE('',#1432,#1495,#1529,.T.);
#1531=ORIENTED_EDGE('',*,*,#1530,.T.);
#1532=ORIENTED_EDGE('',*,*,#1500,.F.);
#1533=EDGE_LOOP('',(#1523,#1524,#1531,#1532));
#1534=FACE_OUTER_BOUND('',#1533,.T.);
#1535=ADVANCED_FACE('',(#1534),#1516,.F.);
#1536=CARTESIAN_POINT('',(13.680180315791,23.862866941037,-13.597254021229));
#1537=DIRECTION('',(2.0417894705749E-16,0.,1.));
#1538=DIRECTION('',(0.,1.,0.));
#1539=AXIS2_PLACEMENT_3D('',#1536,#1538,#1537);
#1540=PLANE('',#1539);
#1541=ORIENTED_EDGE('',*,*,#1038,.F.);
#1542=ORIENTED_EDGE('',*,*,#1139,.F.);
#1543=ORIENTED_EDGE('',*,*,#1109,.F.);
#1544=ORIENTED_EDGE('',*,*,#1077,.F.);
#1545=EDGE_LOOP('',(#1541,#1542,#1543,#1544));
#1546=FACE_OUTER_BOUND('',#1545,.T.);
#1547=ADVANCED_FACE('',(#1546),#1540,.T.);
#1548=CARTESIAN_POINT('',(8.6801803157907,23.862866941037,-13.597254021229));
#1549=DIRECTION('',(0.,0.,1.));
#1550=DIRECTION('',(0.,1.,0.));
#1551=AXIS2_PLACEMENT_3D('',#1548,#1550,#1549);
#1552=PLANE('',#1551);
#1553=ORIENTED_EDGE('',*,*,#1204,.F.);
#1554=ORIENTED_EDGE('',*,*,#1165,.F.);
#1555=ORIENTED_EDGE('',*,*,#1266,.F.);
#1556=ORIENTED_EDGE('',*,*,#1236,.F.);
#1557=EDGE_LOOP('',(#1553,#1554,#1555,#1556));
#1558=FACE_OUTER_BOUND('',#1557,.T.);
#1559=ADVANCED_FACE('',(#1558),#1552,.T.);
#1560=CARTESIAN_POINT('',(-11.319819684209,23.862866941037,-13.597254021229));
#1561=DIRECTION('',(2.041789470575E-16,0.,1.));
#1562=DIRECTION('',(0.,1.,0.));
#1563=AXIS2_PLACEMENT_3D('',#1560,#1562,#1561);
#1564=PLANE('',#1563);
#1565=ORIENTED_EDGE('',*,*,#1365,.F.);
#1566=ORIENTED_EDGE('',*,*,#1333,.F.);
#1567=ORIENTED_EDGE('',*,*,#1294,.F.);
#1568=ORIENTED_EDGE('',*,*,#1395,.F.);
#1569=EDGE_LOOP('',(#1565,#1566,#1567,#1568));
#1570=FACE_OUTER_BOUND('',#1569,.T.);
#1571=ADVANCED_FACE('',(#1570),#1564,.T.);
#1572=CARTESIAN_POINT('',(-6.3198196842093,23.862866941037,-13.597254021229));
#1573=DIRECTION('',(2.041789470575E-16,0.,1.));
#1574=DIRECTION('',(0.,1.,0.));
#1575=AXIS2_PLACEMENT_3D('',#1572,#1574,#1573);
#1576=PLANE('',#1575);
#1577=ORIENTED_EDGE('',*,*,#1522,.F.);
#1578=ORIENTED_EDGE('',*,*,#1492,.F.);
#1579=ORIENTED_EDGE('',*,*,#1460,.F.);
#1580=ORIENTED_EDGE('',*,*,#1421,.F.);
#1581=EDGE_LOOP('',(#1577,#1578,#1579,#1580));
#1582=FACE_OUTER_BOUND('',#1581,.T.);
#1583=ADVANCED_FACE('',(#1582),#1576,.T.);
#1584=CARTESIAN_POINT('',(16.830180315791,0.86286694103743,-12.597254021229));
#1585=DIRECTION('',(-1.7330310628295E-16,-1.,0.));
#1586=DIRECTION('',(1.,-1.7330310628295E-16,0.));
#1587=AXIS2_PLACEMENT_3D('',#1584,#1586,#1585);
#1588=PLANE('',#1587);
#1589=ORIENTED_EDGE('',*,*,#264,.F.);
#1590=ORIENTED_EDGE('',*,*,#739,.F.);
#1591=ORIENTED_EDGE('',*,*,#289,.F.);
#1592=CARTESIAN_POINT('',(16.830180315791,-19.637133058963,-19.247254091356));
#1593=DIRECTION('',(0.,1.,7.4875615734704E-10));
#1594=VECTOR('',#1593,41.);
#1595=LINE('',#1592,#1594);
#1596=EDGE_CURVE('',#282,#259,#1595,.T.);
#1597=ORIENTED_EDGE('',*,*,#1596,.T.);
#1598=EDGE_LOOP('',(#1589,#1590,#1591,#1597));
#1599=FACE_OUTER_BOUND('',#1598,.T.);
#1600=CARTESIAN_POINT('',(16.830180315791,4.6628669410374,-10.247254020316));
#1601=VERTEX_POINT('',#1600);
#1602=CARTESIAN_POINT('',(16.830180315791,7.0628669410374,-10.247254020316));
#1603=VERTEX_POINT('',#1602);
#1604=CARTESIAN_POINT('',(16.830180315791,5.8628669410374,-10.247254020316));
#1605=DIRECTION('',(0.,-1.,0.));
#1606=DIRECTION('',(-1.,-6.1315924541148E-16,6.534348710079E-15));
#1607=AXIS2_PLACEMENT_3D('',#1604,#1606,#1605);
#1608=CIRCLE('',#1607,1.2);
#1609=EDGE_CURVE('',#1601,#1603,#1608,.T.);
#1610=ORIENTED_EDGE('',*,*,#1609,.T.);
#1611=CARTESIAN_POINT('',(16.830180315791,7.0628669410374,-16.947254021229));
#1612=VERTEX_POINT('',#1611);
#1613=CARTESIAN_POINT('',(16.830180315791,7.0628669410374,-10.247254020316));
#1614=DIRECTION('',(0.,0.,-1.));
#1615=VECTOR('',#1614,6.700000000913);
#1616=LINE('',#1613,#1615);
#1617=EDGE_CURVE('',#1603,#1612,#1616,.T.);
#1618=ORIENTED_EDGE('',*,*,#1617,.T.);
#1619=CARTESIAN_POINT('',(16.830180315791,4.6628669410374,-16.947254021229));
#1620=VERTEX_POINT('',#1619);
#1621=CARTESIAN_POINT('',(16.830180315791,5.8628669410374,-16.947254021229));
#1622=DIRECTION('',(-5.9211894646675E-15,1.,2.9605947323338E-15));
#1623=DIRECTION('',(-1.,-4.7474717212064E-15,-1.1737177434611E-15));
#1624=AXIS2_PLACEMENT_3D('',#1621,#1623,#1622);
#1625=CIRCLE('',#1624,1.2);
#1626=EDGE_CURVE('',#1612,#1620,#1625,.T.);
#1627=ORIENTED_EDGE('',*,*,#1626,.T.);
#1628=CARTESIAN_POINT('',(16.830180315791,4.6628669410374,-16.947254021229));
#1629=DIRECTION('',(0.,0.,1.));
#1630=VECTOR('',#1629,6.700000000913);
#1631=LINE('',#1628,#1630);
#1632=EDGE_CURVE('',#1620,#1601,#1631,.T.);
#1633=ORIENTED_EDGE('',*,*,#1632,.T.);
#1634=EDGE_LOOP('',(#1610,#1618,#1627,#1633));
#1635=FACE_BOUND('',#1634,.T.);
#1636=CARTESIAN_POINT('',(16.830180315791,-5.3371330589626,-10.247254020316));
#1637=VERTEX_POINT('',#1636);
#1638=CARTESIAN_POINT('',(16.830180315791,-2.9371330589626,-10.247254020316));
#1639=VERTEX_POINT('',#1638);
#1640=CARTESIAN_POINT('',(16.830180315791,-4.1371330589626,-10.247254020316));
#1641=DIRECTION('',(-5.9211894646675E-15,-1.,-1.4802973661669E-15));
#1642=DIRECTION('',(-1.,4.7474717212064E-15,1.1737177434611E-15));
#1643=AXIS2_PLACEMENT_3D('',#1640,#1642,#1641);
#1644=CIRCLE('',#1643,1.2);
#1645=EDGE_CURVE('',#1637,#1639,#1644,.T.);
#1646=ORIENTED_EDGE('',*,*,#1645,.T.);
#1647=CARTESIAN_POINT('',(16.830180315791,-2.9371330589626,-16.947254021229));
#1648=VERTEX_POINT('',#1647);
#1649=CARTESIAN_POINT('',(16.830180315791,-2.9371330589626,-10.247254020316));
#1650=DIRECTION('',(0.,0.,-1.));
#1651=VECTOR('',#1650,6.700000000913);
#1652=LINE('',#1649,#1651);
#1653=EDGE_CURVE('',#1639,#1648,#1652,.T.);
#1654=ORIENTED_EDGE('',*,*,#1653,.T.);
#1655=CARTESIAN_POINT('',(16.830180315791,-5.3371330589626,-16.947254021229));
#1656=VERTEX_POINT('',#1655);
#1657=CARTESIAN_POINT('',(16.830180315791,-4.1371330589626,-16.947254021229));
#1658=DIRECTION('',(-5.9211894646675E-15,1.,2.9605947323338E-15));
#1659=DIRECTION('',(-1.,-4.7474717212064E-15,-1.1737177434611E-15));
#1660=AXIS2_PLACEMENT_3D('',#1657,#1659,#1658);
#1661=CIRCLE('',#1660,1.2);
#1662=EDGE_CURVE('',#1648,#1656,#1661,.T.);
#1663=ORIENTED_EDGE('',*,*,#1662,.T.);
#1664=CARTESIAN_POINT('',(16.830180315791,-5.3371330589626,-16.947254021229));
#1665=DIRECTION('',(0.,0.,1.));
#1666=VECTOR('',#1665,6.700000000913);
#1667=LINE('',#1664,#1666);
#1668=EDGE_CURVE('',#1656,#1637,#1667,.T.);
#1669=ORIENTED_EDGE('',*,*,#1668,.T.);
#1670=EDGE_LOOP('',(#1646,#1654,#1663,#1669));
#1671=FACE_BOUND('',#1670,.T.);
#1672=ADVANCED_FACE('',(#1599,#1635,#1671),#1588,.T.);
#1673=CARTESIAN_POINT('',(-21.169819684209,0.86286694103744,-12.597254021229));
#1674=DIRECTION('',(3.466062125659E-16,1.,0.));
#1675=DIRECTION('',(-1.,3.466062125659E-16,0.));
#1676=AXIS2_PLACEMENT_3D('',#1673,#1675,#1674);
#1677=PLANE('',#1676);
#1678=ORIENTED_EDGE('',*,*,#180,.F.);
#1679=ORIENTED_EDGE('',*,*,#661,.F.);
#1680=ORIENTED_EDGE('',*,*,#205,.F.);
#1681=CARTESIAN_POINT('',(-21.169819684209,21.362866941037,-19.247254056292));
#1682=DIRECTION('',(0.,-1.,-1.0870731956879E-10));
#1683=VECTOR('',#1682,41.);
#1684=LINE('',#1681,#1683);
#1685=EDGE_CURVE('',#198,#175,#1684,.T.);
#1686=ORIENTED_EDGE('',*,*,#1685,.T.);
#1687=EDGE_LOOP('',(#1678,#1679,#1680,#1686));
#1688=FACE_OUTER_BOUND('',#1687,.T.);
#1689=CARTESIAN_POINT('',(-21.169819684209,7.0628669410374,-10.247254020316));
#1690=VERTEX_POINT('',#1689);
#1691=CARTESIAN_POINT('',(-21.169819684209,4.6628669410374,-10.247254020316));
#1692=VERTEX_POINT('',#1691);
#1693=CARTESIAN_POINT('',(-21.169819684209,5.8628669410374,-10.247254020316));
#1694=DIRECTION('',(1.1842378929335E-14,1.,0.));
#1695=DIRECTION('',(1.,-1.2455538174747E-14,5.308030219256E-15));
#1696=AXIS2_PLACEMENT_3D('',#1693,#1695,#1694);
#1697=CIRCLE('',#1696,1.2);
#1698=EDGE_CURVE('',#1690,#1692,#1697,.T.);
#1699=ORIENTED_EDGE('',*,*,#1698,.T.);
#1700=CARTESIAN_POINT('',(-21.169819684209,4.6628669410374,-16.947254021229));
#1701=VERTEX_POINT('',#1700);
#1702=CARTESIAN_POINT('',(-21.169819684209,4.6628669410374,-10.247254020316));
#1703=DIRECTION('',(0.,0.,-1.));
#1704=VECTOR('',#1703,6.700000000913);
#1705=LINE('',#1702,#1704);
#1706=EDGE_CURVE('',#1692,#1701,#1705,.T.);
#1707=ORIENTED_EDGE('',*,*,#1706,.T.);
#1708=CARTESIAN_POINT('',(-21.169819684209,7.0628669410374,-16.947254021229));
#1709=VERTEX_POINT('',#1708);
#1710=CARTESIAN_POINT('',(-21.169819684209,5.8628669410374,-16.947254021229));
#1711=DIRECTION('',(-1.1842378929335E-14,-1.,2.9605947323338E-15));
#1712=DIRECTION('',(1.,-1.3042397046477E-14,7.6817660798592E-15));
#1713=AXIS2_PLACEMENT_3D('',#1710,#1712,#1711);
#1714=CIRCLE('',#1713,1.2);
#1715=EDGE_CURVE('',#1701,#1709,#1714,.T.);
#1716=ORIENTED_EDGE('',*,*,#1715,.T.);
#1717=CARTESIAN_POINT('',(-21.169819684209,7.0628669410374,-16.947254021229));
#1718=DIRECTION('',(0.,0.,1.));
#1719=VECTOR('',#1718,6.700000000913);
#1720=LINE('',#1717,#1719);
#1721=EDGE_CURVE('',#1709,#1690,#1720,.T.);
#1722=ORIENTED_EDGE('',*,*,#1721,.T.);
#1723=EDGE_LOOP('',(#1699,#1707,#1716,#1722));
#1724=FACE_BOUND('',#1723,.T.);
#1725=CARTESIAN_POINT('',(-21.169819684209,-2.9371330589626,-10.247254020316));
#1726=VERTEX_POINT('',#1725);
#1727=CARTESIAN_POINT('',(-21.169819684209,-5.3371330589626,-10.247254020316));
#1728=VERTEX_POINT('',#1727);
#1729=CARTESIAN_POINT('',(-21.169819684209,-4.1371330589626,-10.247254020316));
#1730=DIRECTION('',(0.,1.,-1.4802973661669E-15));
#1731=DIRECTION('',(1.,-1.5065977398478E-15,-7.4277872045153E-15));
#1732=AXIS2_PLACEMENT_3D('',#1729,#1731,#1730);
#1733=CIRCLE('',#1732,1.2);
#1734=EDGE_CURVE('',#1726,#1728,#1733,.T.);
#1735=ORIENTED_EDGE('',*,*,#1734,.T.);
#1736=CARTESIAN_POINT('',(-21.169819684209,-5.3371330589627,-16.947254021229));
#1737=VERTEX_POINT('',#1736);
#1738=CARTESIAN_POINT('',(-21.169819684209,-5.3371330589626,-10.247254020316));
#1739=DIRECTION('',(0.,-1.4979725583946E-14,-1.));
#1740=VECTOR('',#1739,6.700000000913);
#1741=LINE('',#1738,#1740);
#1742=EDGE_CURVE('',#1728,#1737,#1741,.T.);
#1743=ORIENTED_EDGE('',*,*,#1742,.T.);
#1744=CARTESIAN_POINT('',(-21.169819684209,-2.9371330589626,-16.947254021229));
#1745=VERTEX_POINT('',#1744);
#1746=CARTESIAN_POINT('',(-21.169819684209,-4.1371330589626,-16.947254021229));
#1747=DIRECTION('',(-2.9605947323335E-15,-1.,0.));
#1748=DIRECTION('',(1.,-5.6146098419613E-15,9.1883638197062E-15));
#1749=AXIS2_PLACEMENT_3D('',#1746,#1748,#1747);
#1750=CIRCLE('',#1749,1.2000000000001);
#1751=EDGE_CURVE('',#1737,#1745,#1750,.T.);
#1752=ORIENTED_EDGE('',*,*,#1751,.T.);
#1753=CARTESIAN_POINT('',(-21.169819684209,-2.9371330589626,-16.947254021229));
#1754=DIRECTION('',(0.,0.,1.));
#1755=VECTOR('',#1754,6.700000000913);
#1756=LINE('',#1753,#1755);
#1757=EDGE_CURVE('',#1745,#1726,#1756,.T.);
#1758=ORIENTED_EDGE('',*,*,#1757,.T.);
#1759=EDGE_LOOP('',(#1735,#1743,#1752,#1758));
#1760=FACE_BOUND('',#1759,.T.);
#1761=ORIENTED_EDGE('',*,*,#543,.F.);
#1762=EDGE_LOOP('',(#1761));
#1763=FACE_BOUND('',#1762,.T.);
#1764=ORIENTED_EDGE('',*,*,#518,.F.);
#1765=EDGE_LOOP('',(#1764));
#1766=FACE_BOUND('',#1765,.T.);
#1767=ADVANCED_FACE('',(#1688,#1724,#1760,#1763,#1766),#1677,.T.);
#1768=CARTESIAN_POINT('',(-20.169819684209,-3.1371330589626,-13.597254020772));
#1769=DIRECTION('',(0.,0.,1.));
#1770=DIRECTION('',(0.,-1.,0.));
#1771=AXIS2_PLACEMENT_3D('',#1768,#1770,#1769);
#1772=PLANE('',#1771);
#1773=CARTESIAN_POINT('',(-19.369819682811,-3.1371330589626,-10.247254020316));
#1774=VERTEX_POINT('',#1773);
#1775=CARTESIAN_POINT('',(-20.969819693382,-3.1371330589626,-10.247254020316));
#1776=VERTEX_POINT('',#1775);
#1777=CARTESIAN_POINT('',(-19.369819682811,-3.1371330589626,-10.247254020316));
#1778=DIRECTION('',(-1.,0.,0.));
#1779=VECTOR('',#1778,1.600000010571);
#1780=LINE('',#1777,#1779);
#1781=EDGE_CURVE('',#1774,#1776,#1780,.T.);
#1782=ORIENTED_EDGE('',*,*,#1781,.T.);
#1783=CARTESIAN_POINT('',(-20.969819689621,-3.1371330589626,-16.947254021229));
#1784=VERTEX_POINT('',#1783);
#1785=CARTESIAN_POINT('',(-20.969819693382,-3.1371330589626,-10.247254020316));
#1786=DIRECTION('',(5.6134307807986E-10,0.,-1.));
#1787=VECTOR('',#1786,6.700000000913);
#1788=LINE('',#1785,#1787);
#1789=EDGE_CURVE('',#1776,#1784,#1788,.T.);
#1790=ORIENTED_EDGE('',*,*,#1789,.T.);
#1791=CARTESIAN_POINT('',(-19.369819681413,-3.1371330589626,-16.947254021229));
#1792=VERTEX_POINT('',#1791);
#1793=CARTESIAN_POINT('',(-20.969819689621,-3.1371330589626,-16.947254021229));
#1794=DIRECTION('',(1.,0.,0.));
#1795=VECTOR('',#1794,1.600000008208);
#1796=LINE('',#1793,#1795);
#1797=EDGE_CURVE('',#1784,#1792,#1796,.T.);
#1798=ORIENTED_EDGE('',*,*,#1797,.T.);
#1799=CARTESIAN_POINT('',(-19.369819681413,-3.1371330589626,-16.947254021229));
#1800=DIRECTION('',(-2.0865670714102E-10,0.,1.));
#1801=VECTOR('',#1800,6.700000000913);
#1802=LINE('',#1799,#1801);
#1803=EDGE_CURVE('',#1792,#1774,#1802,.T.);
#1804=ORIENTED_EDGE('',*,*,#1803,.T.);
#1805=EDGE_LOOP('',(#1782,#1790,#1798,#1804));
#1806=FACE_OUTER_BOUND('',#1805,.T.);
#1807=ADVANCED_FACE('',(#1806),#1772,.T.);
#1808=CARTESIAN_POINT('',(-19.369819681404,-4.1371330589626,-10.247254020316));
#1809=DIRECTION('',(0.,-0.99999999999979,6.4066505878203E-07));
#1810=DIRECTION('',(-1.,5.5511150655615E-16,2.2204460262246E-15));
#1811=AXIS2_PLACEMENT_3D('',#1808,#1810,#1809);
#1812=CYLINDRICAL_SURFACE('',#1811,0.99999999999999);
#1813=ORIENTED_EDGE('',*,*,#1781,.F.);
#1814=CARTESIAN_POINT('',(-19.369819681741,-5.1371330589626,-10.247254020316));
#1815=VERTEX_POINT('',#1814);
#1816=CARTESIAN_POINT('',(-19.369819679928,-4.1371330589626,-10.247254020316));
#1817=DIRECTION('',(-2.1402684069471E-09,1.,0.));
#1818=DIRECTION('',(1.,2.1402687878334E-09,3.7070581527485E-09));
#1819=AXIS2_PLACEMENT_3D('',#1816,#1818,#1817);
#1820=CIRCLE('',#1819,1.);
#1821=EDGE_CURVE('',#1774,#1815,#1820,.T.);
#1822=ORIENTED_EDGE('',*,*,#1821,.T.);
#1823=CARTESIAN_POINT('',(-20.969819693382,-5.1371330589626,-10.247254020316));
#1824=VERTEX_POINT('',#1823);
#1825=CARTESIAN_POINT('',(-19.369819681741,-5.1371330589626,-10.247254020316));
#1826=DIRECTION('',(-1.,0.,0.));
#1827=VECTOR('',#1826,1.600000011641);
#1828=LINE('',#1825,#1827);
#1829=EDGE_CURVE('',#1815,#1824,#1828,.T.);
#1830=ORIENTED_EDGE('',*,*,#1829,.T.);
#1831=CARTESIAN_POINT('',(-20.969819702555,-4.1371330589626,-10.247254020316));
#1832=DIRECTION('',(9.1731777729365E-09,-1.,0.));
#1833=DIRECTION('',(-1.,-9.1731790430719E-09,1.588841185733E-08));
#1834=AXIS2_PLACEMENT_3D('',#1831,#1833,#1832);
#1835=CIRCLE('',#1834,1.);
#1836=EDGE_CURVE('',#1824,#1776,#1835,.T.);
#1837=ORIENTED_EDGE('',*,*,#1836,.T.);
#1838=EDGE_LOOP('',(#1813,#1822,#1830,#1837));
#1839=FACE_OUTER_BOUND('',#1838,.T.);
#1840=ADVANCED_FACE('',(#1839),#1812,.F.);
#1841=CARTESIAN_POINT('',(-20.169819684209,-5.1371330589626,-13.597254020772));
#1842=DIRECTION('',(0.,0.,-1.));
#1843=DIRECTION('',(0.,1.,0.));
#1844=AXIS2_PLACEMENT_3D('',#1841,#1843,#1842);
#1845=PLANE('',#1844);
#1846=ORIENTED_EDGE('',*,*,#1829,.F.);
#1847=CARTESIAN_POINT('',(-19.369819681413,-5.1371330589626,-16.947254021229));
#1848=VERTEX_POINT('',#1847);
#1849=CARTESIAN_POINT('',(-19.369819681741,-5.1371330589626,-10.247254020316));
#1850=DIRECTION('',(4.8955333975654E-11,0.,-1.));
#1851=VECTOR('',#1850,6.700000000913);
#1852=LINE('',#1849,#1851);
#1853=EDGE_CURVE('',#1815,#1848,#1852,.T.);
#1854=ORIENTED_EDGE('',*,*,#1853,.T.);
#1855=CARTESIAN_POINT('',(-20.969819688796,-5.1371330589626,-16.947254021229));
#1856=VERTEX_POINT('',#1855);
#1857=CARTESIAN_POINT('',(-19.369819681413,-5.1371330589626,-16.947254021229));
#1858=DIRECTION('',(-1.,0.,0.));
#1859=VECTOR('',#1858,1.600000007383);
#1860=LINE('',#1857,#1859);
#1861=EDGE_CURVE('',#1848,#1856,#1860,.T.);
#1862=ORIENTED_EDGE('',*,*,#1861,.T.);
#1863=CARTESIAN_POINT('',(-20.969819688796,-5.1371330589626,-16.947254021229));
#1864=DIRECTION('',(-6.8447748289144E-10,0.,1.));
#1865=VECTOR('',#1864,6.700000000913);
#1866=LINE('',#1863,#1865);
#1867=EDGE_CURVE('',#1856,#1824,#1866,.T.);
#1868=ORIENTED_EDGE('',*,*,#1867,.T.);
#1869=EDGE_LOOP('',(#1846,#1854,#1862,#1868));
#1870=FACE_OUTER_BOUND('',#1869,.T.);
#1871=ADVANCED_FACE('',(#1870),#1845,.T.);
#1872=CARTESIAN_POINT('',(-19.369819682811,-4.1371330589626,-16.947254021229));
#1873=DIRECTION('',(0.,0.99999999999998,-1.9943277962398E-07));
#1874=DIRECTION('',(-1.,0.,-2.2204460397992E-15));
#1875=AXIS2_PLACEMENT_3D('',#1872,#1874,#1873);
#1876=CYLINDRICAL_SURFACE('',#1875,1.);
#1877=ORIENTED_EDGE('',*,*,#1797,.F.);
#1878=CARTESIAN_POINT('',(-20.969819687509,-4.1371330589626,-16.947254021229));
#1879=DIRECTION('',(1.6501502386745E-09,1.,3.5527136788005E-15));
#1880=DIRECTION('',(-1.,1.6501473652433E-09,-2.858130412168E-09));
#1881=AXIS2_PLACEMENT_3D('',#1878,#1880,#1879);
#1882=CIRCLE('',#1881,1.);
#1883=EDGE_CURVE('',#1784,#1856,#1882,.T.);
#1884=ORIENTED_EDGE('',*,*,#1883,.T.);
#1885=ORIENTED_EDGE('',*,*,#1861,.F.);
#1886=CARTESIAN_POINT('',(-19.369819681413,-4.1371330589626,-16.947254021229));
#1887=DIRECTION('',(-3.5527136788005E-15,-1.,3.5527136788005E-15));
#1888=DIRECTION('',(1.,-2.0919849205394E-15,-2.796197367308E-09));
#1889=AXIS2_PLACEMENT_3D('',#1886,#1888,#1887);
#1890=CIRCLE('',#1889,1.);
#1891=EDGE_CURVE('',#1848,#1792,#1890,.T.);
#1892=ORIENTED_EDGE('',*,*,#1891,.T.);
#1893=EDGE_LOOP('',(#1877,#1884,#1885,#1892));
#1894=FACE_OUTER_BOUND('',#1893,.T.);
#1895=ADVANCED_FACE('',(#1894),#1876,.F.);
#1896=CARTESIAN_POINT('',(-20.169819684209,4.8628669410374,-13.597254020772));
#1897=DIRECTION('',(0.,2.6512788644148E-16,-1.));
#1898=DIRECTION('',(0.,1.,2.6512788644148E-16));
#1899=AXIS2_PLACEMENT_3D('',#1896,#1898,#1897);
#1900=PLANE('',#1899);
#1901=CARTESIAN_POINT('',(-20.969819693382,4.8628669410374,-10.247254020316));
#1902=VERTEX_POINT('',#1901);
#1903=CARTESIAN_POINT('',(-19.369819681413,4.8628669410374,-10.247254020316));
#1904=VERTEX_POINT('',#1903);
#1905=CARTESIAN_POINT('',(-20.969819693382,4.8628669410374,-10.247254020316));
#1906=DIRECTION('',(1.,0.,0.));
#1907=VECTOR('',#1906,1.600000011969);
#1908=LINE('',#1905,#1907);
#1909=EDGE_CURVE('',#1902,#1904,#1908,.T.);
#1910=ORIENTED_EDGE('',*,*,#1909,.T.);
#1911=CARTESIAN_POINT('',(-19.369819682811,4.8628669410374,-16.947254021229));
#1912=VERTEX_POINT('',#1911);
#1913=CARTESIAN_POINT('',(-19.369819681413,4.8628669410374,-10.247254020316));
#1914=DIRECTION('',(-2.0865670714102E-10,0.,-1.));
#1915=VECTOR('',#1914,6.700000000913);
#1916=LINE('',#1913,#1915);
#1917=EDGE_CURVE('',#1904,#1912,#1916,.T.);
#1918=ORIENTED_EDGE('',*,*,#1917,.T.);
#1919=CARTESIAN_POINT('',(-20.969819688796,4.8628669410374,-16.947254021229));
#1920=VERTEX_POINT('',#1919);
#1921=CARTESIAN_POINT('',(-19.369819682811,4.8628669410374,-16.947254021229));
#1922=DIRECTION('',(-1.,0.,0.));
#1923=VECTOR('',#1922,1.600000005985);
#1924=LINE('',#1921,#1923);
#1925=EDGE_CURVE('',#1912,#1920,#1924,.T.);
#1926=ORIENTED_EDGE('',*,*,#1925,.T.);
#1927=CARTESIAN_POINT('',(-20.969819688796,4.8628669410374,-16.947254021229));
#1928=DIRECTION('',(-6.8447748289144E-10,0.,1.));
#1929=VECTOR('',#1928,6.700000000913);
#1930=LINE('',#1927,#1929);
#1931=EDGE_CURVE('',#1920,#1902,#1930,.T.);
#1932=ORIENTED_EDGE('',*,*,#1931,.T.);
#1933=EDGE_LOOP('',(#1910,#1918,#1926,#1932));
#1934=FACE_OUTER_BOUND('',#1933,.T.);
#1935=ADVANCED_FACE('',(#1934),#1900,.T.);
#1936=CARTESIAN_POINT('',(-19.369819683139,5.8628669410374,-16.947254021229));
#1937=DIRECTION('',(-7.105427357601E-15,0.99999999999998,-1.9943277962398E-07));
#1938=DIRECTION('',(-1.,0.,-4.4408920805092E-15));
#1939=AXIS2_PLACEMENT_3D('',#1936,#1938,#1937);
#1940=CYLINDRICAL_SURFACE('',#1939,1.);
#1941=CARTESIAN_POINT('',(-19.369819681741,6.8628669410374,-16.947254021229));
#1942=VERTEX_POINT('',#1941);
#1943=CARTESIAN_POINT('',(-20.969819689621,6.8628669410374,-16.947254021229));
#1944=VERTEX_POINT('',#1943);
#1945=CARTESIAN_POINT('',(-19.369819681741,6.8628669410374,-16.947254021229));
#1946=DIRECTION('',(-1.,0.,0.));
#1947=VECTOR('',#1946,1.60000000788);
#1948=LINE('',#1945,#1947);
#1949=EDGE_CURVE('',#1942,#1944,#1948,.T.);
#1950=ORIENTED_EDGE('',*,*,#1949,.T.);
#1951=CARTESIAN_POINT('',(-20.969819687509,5.8628669410374,-16.947254021229));
#1952=DIRECTION('',(1.6501537913882E-09,1.,3.5527136788005E-15));
#1953=DIRECTION('',(-1.,1.6501537980005E-09,-2.8581368449252E-09));
#1954=AXIS2_PLACEMENT_3D('',#1951,#1953,#1952);
#1955=CIRCLE('',#1954,1.);
#1956=EDGE_CURVE('',#1944,#1920,#1955,.T.);
#1957=ORIENTED_EDGE('',*,*,#1956,.T.);
#1958=ORIENTED_EDGE('',*,*,#1925,.F.);
#1959=CARTESIAN_POINT('',(-19.369819682069,5.8628669410374,-16.947254021229));
#1960=DIRECTION('',(-3.5527136788005E-15,-1.,3.5527136788005E-15));
#1961=DIRECTION('',(1.,-5.3715742186712E-15,-2.1402844366624E-09));
#1962=AXIS2_PLACEMENT_3D('',#1959,#1961,#1960);
#1963=CIRCLE('',#1962,1.);
#1964=EDGE_CURVE('',#1912,#1942,#1963,.T.);
#1965=ORIENTED_EDGE('',*,*,#1964,.T.);
#1966=EDGE_LOOP('',(#1950,#1957,#1958,#1965));
#1967=FACE_OUTER_BOUND('',#1966,.T.);
#1968=ADVANCED_FACE('',(#1967),#1940,.F.);
#1969=CARTESIAN_POINT('',(-20.169819684209,6.8628669410374,-13.597254020772));
#1970=DIRECTION('',(0.,-2.6512788644148E-16,1.));
#1971=DIRECTION('',(-0.,-1.,-2.6512788644148E-16));
#1972=AXIS2_PLACEMENT_3D('',#1969,#1971,#1970);
#1973=PLANE('',#1972);
#1974=CARTESIAN_POINT('',(-19.369819681413,6.8628669410374,-10.247254020316));
#1975=VERTEX_POINT('',#1974);
#1976=CARTESIAN_POINT('',(-20.969819693382,6.8628669410374,-10.247254020316));
#1977=VERTEX_POINT('',#1976);
#1978=CARTESIAN_POINT('',(-19.369819681413,6.8628669410374,-10.247254020316));
#1979=DIRECTION('',(-1.,0.,0.));
#1980=VECTOR('',#1979,1.600000011969);
#1981=LINE('',#1978,#1980);
#1982=EDGE_CURVE('',#1975,#1977,#1981,.T.);
#1983=ORIENTED_EDGE('',*,*,#1982,.T.);
#1984=CARTESIAN_POINT('',(-20.969819693382,6.8628669410374,-10.247254020316));
#1985=DIRECTION('',(5.6134307807986E-10,0.,-1.));
#1986=VECTOR('',#1985,6.700000000913);
#1987=LINE('',#1984,#1986);
#1988=EDGE_CURVE('',#1977,#1944,#1987,.T.);
#1989=ORIENTED_EDGE('',*,*,#1988,.T.);
#1990=ORIENTED_EDGE('',*,*,#1949,.F.);
#1991=CARTESIAN_POINT('',(-19.369819681741,6.8628669410374,-16.947254021229));
#1992=DIRECTION('',(4.8955333975654E-11,0.,1.));
#1993=VECTOR('',#1992,6.700000000913);
#1994=LINE('',#1991,#1993);
#1995=EDGE_CURVE('',#1942,#1975,#1994,.T.);
#1996=ORIENTED_EDGE('',*,*,#1995,.T.);
#1997=EDGE_LOOP('',(#1983,#1989,#1990,#1996));
#1998=FACE_OUTER_BOUND('',#1997,.T.);
#1999=ADVANCED_FACE('',(#1998),#1973,.T.);
#2000=CARTESIAN_POINT('',(-19.369819681413,5.8628669410374,-10.247254020316));
#2001=DIRECTION('',(3.5527136788005E-15,-0.99999999999979,6.4066506411109E-07));
#2002=DIRECTION('',(-1.,-5.5511150655919E-16,3.3306690393551E-15));
#2003=AXIS2_PLACEMENT_3D('',#2000,#2002,#2001);
#2004=CYLINDRICAL_SURFACE('',#2003,1.);
#2005=ORIENTED_EDGE('',*,*,#1982,.F.);
#2006=CARTESIAN_POINT('',(-19.369819681413,5.8628669410374,-10.247254020316));
#2007=DIRECTION('',(-3.5527136788005E-15,1.,0.));
#2008=DIRECTION('',(1.,-2.0707014651999E-17,2.7962059127571E-09));
#2009=AXIS2_PLACEMENT_3D('',#2006,#2008,#2007);
#2010=CIRCLE('',#2009,1.);
#2011=EDGE_CURVE('',#1975,#1904,#2010,.T.);
#2012=ORIENTED_EDGE('',*,*,#2011,.T.);
#2013=ORIENTED_EDGE('',*,*,#1909,.F.);
#2014=CARTESIAN_POINT('',(-20.969819702555,5.8628669410374,-10.247254020316));
#2015=DIRECTION('',(9.1731813256501E-09,-1.,0.));
#2016=DIRECTION('',(-1.,-9.1731811873243E-09,1.5888414001583E-08));
#2017=AXIS2_PLACEMENT_3D('',#2014,#2016,#2015);
#2018=CIRCLE('',#2017,1.);
#2019=EDGE_CURVE('',#1902,#1977,#2018,.T.);
#2020=ORIENTED_EDGE('',*,*,#2019,.T.);
#2021=EDGE_LOOP('',(#2005,#2012,#2013,#2020));
#2022=FACE_OUTER_BOUND('',#2021,.T.);
#2023=ADVANCED_FACE('',(#2022),#2004,.F.);
#2024=CARTESIAN_POINT('',(15.830180315791,-3.1371330589626,-13.597254020772));
#2025=DIRECTION('',(0.,0.,1.));
#2026=DIRECTION('',(0.,-1.,0.));
#2027=AXIS2_PLACEMENT_3D('',#2024,#2026,#2025);
#2028=PLANE('',#2027);
#2029=CARTESIAN_POINT('',(16.630180324964,-3.1371330589626,-10.247254020316));
#2030=VERTEX_POINT('',#2029);
#2031=CARTESIAN_POINT('',(15.030180312995,-3.1371330589626,-10.247254020316));
#2032=VERTEX_POINT('',#2031);
#2033=CARTESIAN_POINT('',(16.630180324964,-3.1371330589626,-10.247254020316));
#2034=DIRECTION('',(-1.,0.,0.));
#2035=VECTOR('',#2034,1.600000011969);
#2036=LINE('',#2033,#2035);
#2037=EDGE_CURVE('',#2030,#2032,#2036,.T.);
#2038=ORIENTED_EDGE('',*,*,#2037,.T.);
#2039=CARTESIAN_POINT('',(15.030180314393,-3.1371330589626,-16.947254021229));
#2040=VERTEX_POINT('',#2039);
#2041=CARTESIAN_POINT('',(15.030180312995,-3.1371330589626,-10.247254020316));
#2042=DIRECTION('',(2.0865670714102E-10,0.,-1.));
#2043=VECTOR('',#2042,6.700000000913);
#2044=LINE('',#2041,#2043);
#2045=EDGE_CURVE('',#2032,#2040,#2044,.T.);
#2046=ORIENTED_EDGE('',*,*,#2045,.T.);
#2047=CARTESIAN_POINT('',(16.630180321203,-3.1371330589626,-16.947254021229));
#2048=VERTEX_POINT('',#2047);
#2049=CARTESIAN_POINT('',(15.030180314393,-3.1371330589626,-16.947254021229));
#2050=DIRECTION('',(1.,0.,0.));
#2051=VECTOR('',#2050,1.60000000681);
#2052=LINE('',#2049,#2051);
#2053=EDGE_CURVE('',#2040,#2048,#2052,.T.);
#2054=ORIENTED_EDGE('',*,*,#2053,.T.);
#2055=CARTESIAN_POINT('',(16.630180321203,-3.1371330589626,-16.947254021229));
#2056=DIRECTION('',(5.6134360833563E-10,0.,1.));
#2057=VECTOR('',#2056,6.700000000913);
#2058=LINE('',#2055,#2057);
#2059=EDGE_CURVE('',#2048,#2030,#2058,.T.);
#2060=ORIENTED_EDGE('',*,*,#2059,.T.);
#2061=EDGE_LOOP('',(#2038,#2046,#2054,#2060));
#2062=FACE_OUTER_BOUND('',#2061,.T.);
#2063=ADVANCED_FACE('',(#2062),#2028,.T.);
#2064=CARTESIAN_POINT('',(16.630180318272,-4.1371330589626,-16.947254021229));
#2065=DIRECTION('',(0.,0.99999999999998,-1.9943279383483E-07));
#2066=DIRECTION('',(-1.,5.5511151033779E-16,6.6613381240534E-15));
#2067=AXIS2_PLACEMENT_3D('',#2064,#2066,#2065);
#2068=CYLINDRICAL_SURFACE('',#2067,1.);
#2069=ORIENTED_EDGE('',*,*,#2053,.F.);
#2070=CARTESIAN_POINT('',(15.030180313323,-5.1371330589626,-16.947254021229));
#2071=VERTEX_POINT('',#2070);
#2072=CARTESIAN_POINT('',(15.03018031151,-4.1371330589626,-16.947254021229));
#2073=DIRECTION('',(-2.1402968286566E-09,1.,3.5527136788005E-15));
#2074=DIRECTION('',(-1.,-2.1402949665142E-09,-3.7070916084278E-09));
#2075=AXIS2_PLACEMENT_3D('',#2072,#2074,#2073);
#2076=CIRCLE('',#2075,1.);
#2077=EDGE_CURVE('',#2040,#2071,#2076,.T.);
#2078=ORIENTED_EDGE('',*,*,#2077,.T.);
#2079=CARTESIAN_POINT('',(16.630180320378,-5.1371330589626,-16.947254021229));
#2080=VERTEX_POINT('',#2079);
#2081=CARTESIAN_POINT('',(15.030180313323,-5.1371330589626,-16.947254021229));
#2082=DIRECTION('',(1.,0.,0.));
#2083=VECTOR('',#2082,1.600000007055);
#2084=LINE('',#2081,#2083);
#2085=EDGE_CURVE('',#2071,#2080,#2084,.T.);
#2086=ORIENTED_EDGE('',*,*,#2085,.T.);
#2087=CARTESIAN_POINT('',(16.630180319091,-4.1371330589626,-16.947254021229));
#2088=DIRECTION('',(1.6501466859609E-09,-1.,3.5527136788005E-15));
#2089=DIRECTION('',(1.,1.6501445244823E-09,-2.8581176835095E-09));
#2090=AXIS2_PLACEMENT_3D('',#2087,#2089,#2088);
#2091=CIRCLE('',#2090,1.);
#2092=EDGE_CURVE('',#2080,#2048,#2091,.T.);
#2093=ORIENTED_EDGE('',*,*,#2092,.T.);
#2094=EDGE_LOOP('',(#2069,#2078,#2086,#2093));
#2095=FACE_OUTER_BOUND('',#2094,.T.);
#2096=ADVANCED_FACE('',(#2095),#2068,.F.);
#2097=CARTESIAN_POINT('',(15.830180315791,-5.1371330589626,-13.597254020772));
#2098=DIRECTION('',(0.,0.,-1.));
#2099=DIRECTION('',(0.,1.,0.));
#2100=AXIS2_PLACEMENT_3D('',#2097,#2099,#2098);
#2101=PLANE('',#2100);
#2102=CARTESIAN_POINT('',(15.030180312995,-5.1371330589626,-10.247254020316));
#2103=VERTEX_POINT('',#2102);
#2104=CARTESIAN_POINT('',(16.630180324964,-5.1371330589626,-10.247254020316));
#2105=VERTEX_POINT('',#2104);
#2106=CARTESIAN_POINT('',(15.030180312995,-5.1371330589626,-10.247254020316));
#2107=DIRECTION('',(1.,0.,0.));
#2108=VECTOR('',#2107,1.600000011969);
#2109=LINE('',#2106,#2108);
#2110=EDGE_CURVE('',#2103,#2105,#2109,.T.);
#2111=ORIENTED_EDGE('',*,*,#2110,.T.);
#2112=CARTESIAN_POINT('',(16.630180324964,-5.1371330589626,-10.247254020316));
#2113=DIRECTION('',(-6.8447801314721E-10,0.,-1.));
#2114=VECTOR('',#2113,6.700000000913);
#2115=LINE('',#2112,#2114);
#2116=EDGE_CURVE('',#2105,#2080,#2115,.T.);
#2117=ORIENTED_EDGE('',*,*,#2116,.T.);
#2118=ORIENTED_EDGE('',*,*,#2085,.F.);
#2119=CARTESIAN_POINT('',(15.030180313323,-5.1371330589626,-16.947254021229));
#2120=DIRECTION('',(-4.8955068847767E-11,0.,1.));
#2121=VECTOR('',#2120,6.700000000913);
#2122=LINE('',#2119,#2121);
#2123=EDGE_CURVE('',#2071,#2103,#2122,.T.);
#2124=ORIENTED_EDGE('',*,*,#2123,.T.);
#2125=EDGE_LOOP('',(#2111,#2117,#2118,#2124));
#2126=FACE_OUTER_BOUND('',#2125,.T.);
#2127=ADVANCED_FACE('',(#2126),#2101,.T.);
#2128=CARTESIAN_POINT('',(16.630180329551,-4.1371330589626,-10.247254020316));
#2129=DIRECTION('',(3.5527136788005E-15,-0.99999999999979,6.4066507476924E-07));
#2130=DIRECTION('',(-1.,0.,-6.6613380729611E-15));
#2131=AXIS2_PLACEMENT_3D('',#2128,#2130,#2129);
#2132=CYLINDRICAL_SURFACE('',#2131,0.99999999999999);
#2133=ORIENTED_EDGE('',*,*,#2037,.F.);
#2134=CARTESIAN_POINT('',(16.630180334137,-4.1371330589626,-10.247254020316));
#2135=DIRECTION('',(9.1731777729365E-09,1.,0.));
#2136=DIRECTION('',(1.,-9.1731769433255E-09,1.5888400758665E-08));
#2137=AXIS2_PLACEMENT_3D('',#2134,#2136,#2135);
#2138=CIRCLE('',#2137,1.);
#2139=EDGE_CURVE('',#2030,#2105,#2138,.T.);
#2140=ORIENTED_EDGE('',*,*,#2139,.T.);
#2141=ORIENTED_EDGE('',*,*,#2110,.F.);
#2142=CARTESIAN_POINT('',(15.030180310199,-4.1371330589626,-10.247254020316));
#2143=DIRECTION('',(-2.7962077098209E-09,-1.,0.));
#2144=DIRECTION('',(-1.,2.7962081378368E-09,4.8431672166922E-09));
#2145=AXIS2_PLACEMENT_3D('',#2142,#2144,#2143);
#2146=CIRCLE('',#2145,1.);
#2147=EDGE_CURVE('',#2103,#2032,#2146,.T.);
#2148=ORIENTED_EDGE('',*,*,#2147,.T.);
#2149=EDGE_LOOP('',(#2133,#2140,#2141,#2148));
#2150=FACE_OUTER_BOUND('',#2149,.T.);
#2151=ADVANCED_FACE('',(#2150),#2132,.F.);
#2152=CARTESIAN_POINT('',(15.830180315791,4.8628669410374,-13.597254020772));
#2153=DIRECTION('',(0.,2.6512788644148E-16,-1.));
#2154=DIRECTION('',(0.,1.,2.6512788644148E-16));
#2155=AXIS2_PLACEMENT_3D('',#2152,#2154,#2153);
#2156=PLANE('',#2155);
#2157=CARTESIAN_POINT('',(15.030180314393,4.8628669410374,-10.247254020316));
#2158=VERTEX_POINT('',#2157);
#2159=CARTESIAN_POINT('',(16.630180324964,4.8628669410374,-10.247254020316));
#2160=VERTEX_POINT('',#2159);
#2161=CARTESIAN_POINT('',(15.030180314393,4.8628669410374,-10.247254020316));
#2162=DIRECTION('',(1.,0.,0.));
#2163=VECTOR('',#2162,1.600000010571);
#2164=LINE('',#2161,#2163);
#2165=EDGE_CURVE('',#2158,#2160,#2164,.T.);
#2166=ORIENTED_EDGE('',*,*,#2165,.T.);
#2167=CARTESIAN_POINT('',(16.630180320378,4.8628669410374,-16.947254021229));
#2168=VERTEX_POINT('',#2167);
#2169=CARTESIAN_POINT('',(16.630180324964,4.8628669410374,-10.247254020316));
#2170=DIRECTION('',(-6.8447801314721E-10,0.,-1.));
#2171=VECTOR('',#2170,6.700000000913);
#2172=LINE('',#2169,#2171);
#2173=EDGE_CURVE('',#2160,#2168,#2172,.T.);
#2174=ORIENTED_EDGE('',*,*,#2173,.T.);
#2175=CARTESIAN_POINT('',(15.030180312995,4.8628669410374,-16.947254021229));
#2176=VERTEX_POINT('',#2175);
#2177=CARTESIAN_POINT('',(16.630180320378,4.8628669410374,-16.947254021229));
#2178=DIRECTION('',(-1.,0.,0.));
#2179=VECTOR('',#2178,1.600000007383);
#2180=LINE('',#2177,#2179);
#2181=EDGE_CURVE('',#2168,#2176,#2180,.T.);
#2182=ORIENTED_EDGE('',*,*,#2181,.T.);
#2183=CARTESIAN_POINT('',(15.030180312995,4.8628669410374,-16.947254021229));
#2184=DIRECTION('',(2.0865670714102E-10,0.,1.));
#2185=VECTOR('',#2184,6.700000000913);
#2186=LINE('',#2183,#2185);
#2187=EDGE_CURVE('',#2176,#2158,#2186,.T.);
#2188=ORIENTED_EDGE('',*,*,#2187,.T.);
#2189=EDGE_LOOP('',(#2166,#2174,#2182,#2188));
#2190=FACE_OUTER_BOUND('',#2189,.T.);
#2191=ADVANCED_FACE('',(#2190),#2156,.T.);
#2192=CARTESIAN_POINT('',(16.630180324964,5.8628669410374,-10.247254020316));
#2193=DIRECTION('',(-7.105427357601E-15,-0.99999999999979,6.406650925328E-07));
#2194=DIRECTION('',(-1.,5.5511150875879E-16,-7.771561122623E-15));
#2195=AXIS2_PLACEMENT_3D('',#2192,#2194,#2193);
#2196=CYLINDRICAL_SURFACE('',#2195,1.);
#2197=CARTESIAN_POINT('',(15.030180313323,6.8628669410374,-10.247254020316));
#2198=VERTEX_POINT('',#2197);
#2199=CARTESIAN_POINT('',(16.630180324964,6.8628669410374,-10.247254020316));
#2200=VERTEX_POINT('',#2199);
#2201=CARTESIAN_POINT('',(15.030180313323,6.8628669410374,-10.247254020316));
#2202=DIRECTION('',(1.,0.,0.));
#2203=VECTOR('',#2202,1.600000011641);
#2204=LINE('',#2201,#2203);
#2205=EDGE_CURVE('',#2198,#2200,#2204,.T.);
#2206=ORIENTED_EDGE('',*,*,#2205,.T.);
#2207=CARTESIAN_POINT('',(16.630180324964,5.8628669410374,-10.247254020316));
#2208=DIRECTION('',(3.5527136788005E-15,1.,0.));
#2209=DIRECTION('',(1.,-5.5240445102253E-15,9.1731686961783E-09));
#2210=AXIS2_PLACEMENT_3D('',#2207,#2209,#2208);
#2211=CIRCLE('',#2210,1.);
#2212=EDGE_CURVE('',#2200,#2160,#2211,.T.);
#2213=ORIENTED_EDGE('',*,*,#2212,.T.);
#2214=ORIENTED_EDGE('',*,*,#2165,.F.);
#2215=CARTESIAN_POINT('',(15.030180313651,5.8628669410374,-10.247254020316));
#2216=DIRECTION('',(0.,-1.,0.));
#2217=DIRECTION('',(-1.,6.9328739376849E-16,2.1402819245145E-09));
#2218=AXIS2_PLACEMENT_3D('',#2215,#2217,#2216);
#2219=CIRCLE('',#2218,1.);
#2220=EDGE_CURVE('',#2158,#2198,#2219,.T.);
#2221=ORIENTED_EDGE('',*,*,#2220,.T.);
#2222=EDGE_LOOP('',(#2206,#2213,#2214,#2221));
#2223=FACE_OUTER_BOUND('',#2222,.T.);
#2224=ADVANCED_FACE('',(#2223),#2196,.F.);
#2225=CARTESIAN_POINT('',(15.830180315791,6.8628669410374,-13.597254020772));
#2226=DIRECTION('',(0.,-2.6512788644148E-16,1.));
#2227=DIRECTION('',(-0.,-1.,-2.6512788644148E-16));
#2228=AXIS2_PLACEMENT_3D('',#2225,#2227,#2226);
#2229=PLANE('',#2228);
#2230=ORIENTED_EDGE('',*,*,#2205,.F.);
#2231=CARTESIAN_POINT('',(15.030180312995,6.8628669410374,-16.947254021229));
#2232=VERTEX_POINT('',#2231);
#2233=CARTESIAN_POINT('',(15.030180313323,6.8628669410374,-10.247254020316));
#2234=DIRECTION('',(-4.8955068847767E-11,0.,-1.));
#2235=VECTOR('',#2234,6.700000000913);
#2236=LINE('',#2233,#2235);
#2237=EDGE_CURVE('',#2198,#2232,#2236,.T.);
#2238=ORIENTED_EDGE('',*,*,#2237,.T.);
#2239=CARTESIAN_POINT('',(16.630180321203,6.8628669410374,-16.947254021229));
#2240=VERTEX_POINT('',#2239);
#2241=CARTESIAN_POINT('',(15.030180312995,6.8628669410374,-16.947254021229));
#2242=DIRECTION('',(1.,0.,0.));
#2243=VECTOR('',#2242,1.600000008208);
#2244=LINE('',#2241,#2243);
#2245=EDGE_CURVE('',#2232,#2240,#2244,.T.);
#2246=ORIENTED_EDGE('',*,*,#2245,.T.);
#2247=CARTESIAN_POINT('',(16.630180321203,6.8628669410374,-16.947254021229));
#2248=DIRECTION('',(5.6134360833563E-10,0.,1.));
#2249=VECTOR('',#2248,6.700000000913);
#2250=LINE('',#2247,#2249);
#2251=EDGE_CURVE('',#2240,#2200,#2250,.T.);
#2252=ORIENTED_EDGE('',*,*,#2251,.T.);
#2253=EDGE_LOOP('',(#2230,#2238,#2246,#2252));
#2254=FACE_OUTER_BOUND('',#2253,.T.);
#2255=ADVANCED_FACE('',(#2254),#2229,.T.);
#2256=CARTESIAN_POINT('',(16.630180318272,5.8628669410374,-16.947254021229));
#2257=DIRECTION('',(3.5527136788005E-15,0.99999999999998,-1.9943279383483E-07));
#2258=DIRECTION('',(-1.,0.,6.6613381257809E-15));
#2259=AXIS2_PLACEMENT_3D('',#2256,#2258,#2257);
#2260=CYLINDRICAL_SURFACE('',#2259,1.);
#2261=ORIENTED_EDGE('',*,*,#2245,.F.);
#2262=CARTESIAN_POINT('',(15.030180312995,5.8628669410374,-16.947254021229));
#2263=DIRECTION('',(0.,1.,3.5527136788005E-15));
#2264=DIRECTION('',(-1.,-4.201630130401E-16,-2.7961913024464E-09));
#2265=AXIS2_PLACEMENT_3D('',#2262,#2264,#2263);
#2266=CIRCLE('',#2265,1.);
#2267=EDGE_CURVE('',#2232,#2176,#2266,.T.);
#2268=ORIENTED_EDGE('',*,*,#2267,.T.);
#2269=ORIENTED_EDGE('',*,*,#2181,.F.);
#2270=CARTESIAN_POINT('',(16.630180319091,5.8628669410374,-16.947254021229));
#2271=DIRECTION('',(1.6501502386745E-09,-1.,3.5527136788005E-15));
#2272=DIRECTION('',(1.,1.6501501898879E-09,-2.8581297816722E-09));
#2273=AXIS2_PLACEMENT_3D('',#2270,#2272,#2271);
#2274=CIRCLE('',#2273,1.);
#2275=EDGE_CURVE('',#2168,#2240,#2274,.T.);
#2276=ORIENTED_EDGE('',*,*,#2275,.T.);
#2277=EDGE_LOOP('',(#2261,#2268,#2269,#2276));
#2278=FACE_OUTER_BOUND('',#2277,.T.);
#2279=ADVANCED_FACE('',(#2278),#2260,.F.);
#2280=CARTESIAN_POINT('',(-2.1698196842093,-22.637133058963,-12.716762716831));
#2281=DIRECTION('',(-1.,2.2204460492503E-16,0.));
#2282=DIRECTION('',(-2.2204460492503E-16,-1.,-0.));
#2283=AXIS2_PLACEMENT_3D('',#2280,#2282,#2281);
#2284=PLANE('',#2283);
#2285=ORIENTED_EDGE('',*,*,#306,.F.);
#2286=ORIENTED_EDGE('',*,*,#610,.F.);
#2287=ORIENTED_EDGE('',*,*,#163,.F.);
#2288=CARTESIAN_POINT('',(-18.169819684209,-22.637133058963,-19.247254056292));
#2289=DIRECTION('',(1.,0.,-1.0957500462538E-09));
#2290=VECTOR('',#2289,32.);
#2291=LINE('',#2288,#2290);
#2292=EDGE_CURVE('',#156,#301,#2291,.T.);
#2293=ORIENTED_EDGE('',*,*,#2292,.T.);
#2294=EDGE_LOOP('',(#2285,#2286,#2287,#2293));
#2295=FACE_OUTER_BOUND('',#2294,.T.);
#2296=CARTESIAN_POINT('',(-2.1698196842093,-22.637133058963,-9.4472540212288));
#2297=VERTEX_POINT('',#2296);
#2298=CARTESIAN_POINT('',(-2.1698196842093,-22.637133058963,-11.747254021229));
#2299=DIRECTION('',(-2.7305955803194E-16,-1.0922382321277E-15,1.));
#2300=DIRECTION('',(1.0922382321277E-15,1.,1.0922382321277E-15));
#2301=AXIS2_PLACEMENT_3D('',#2298,#2300,#2299);
#2302=CIRCLE('',#2301,2.3000000000002);
#2303=EDGE_CURVE('',#2297,#2297,#2302,.T.);
#2304=ORIENTED_EDGE('',*,*,#2303,.T.);
#2305=EDGE_LOOP('',(#2304));
#2306=FACE_BOUND('',#2305,.T.);
#2307=CARTESIAN_POINT('',(-8.6698196842093,-22.637133058963,-10.247254021229));
#2308=VERTEX_POINT('',#2307);
#2309=CARTESIAN_POINT('',(-8.6698196842093,-22.637133058963,-16.947254021229));
#2310=VERTEX_POINT('',#2309);
#2311=CARTESIAN_POINT('',(-8.6698196842093,-22.637133058963,-10.247254021229));
#2312=DIRECTION('',(0.,0.,-1.));
#2313=VECTOR('',#2312,6.7);
#2314=LINE('',#2311,#2313);
#2315=EDGE_CURVE('',#2308,#2310,#2314,.T.);
#2316=ORIENTED_EDGE('',*,*,#2315,.T.);
#2317=CARTESIAN_POINT('',(-10.669819684209,-22.637133058963,-16.947254021229));
#2318=VERTEX_POINT('',#2317);
#2319=CARTESIAN_POINT('',(-9.6698196842093,-22.637133058963,-16.947254021229));
#2320=DIRECTION('',(1.,-7.105427357601E-15,3.5527136788005E-15));
#2321=DIRECTION('',(8.5770095465886E-15,1.,-8.5770095465886E-15));
#2322=AXIS2_PLACEMENT_3D('',#2319,#2321,#2320);
#2323=CIRCLE('',#2322,1.);
#2324=EDGE_CURVE('',#2310,#2318,#2323,.T.);
#2325=ORIENTED_EDGE('',*,*,#2324,.T.);
#2326=CARTESIAN_POINT('',(-10.669819684209,-22.637133058963,-10.247254021229));
#2327=VERTEX_POINT('',#2326);
#2328=CARTESIAN_POINT('',(-10.669819684209,-22.637133058963,-16.947254021229));
#2329=DIRECTION('',(0.,0.,1.));
#2330=VECTOR('',#2329,6.7);
#2331=LINE('',#2328,#2330);
#2332=EDGE_CURVE('',#2318,#2327,#2331,.T.);
#2333=ORIENTED_EDGE('',*,*,#2332,.T.);
#2334=CARTESIAN_POINT('',(-9.6698196842093,-22.637133058963,-10.247254021229));
#2335=DIRECTION('',(-1.,-7.1054273576031E-15,0.));
#2336=DIRECTION('',(-7.5048833532673E-15,1.,7.5048833532673E-15));
#2337=AXIS2_PLACEMENT_3D('',#2334,#2336,#2335);
#2338=CIRCLE('',#2337,0.9999999999997);
#2339=EDGE_CURVE('',#2327,#2308,#2338,.T.);
#2340=ORIENTED_EDGE('',*,*,#2339,.T.);
#2341=EDGE_LOOP('',(#2316,#2325,#2333,#2340));
#2342=FACE_BOUND('',#2341,.T.);
#2343=CARTESIAN_POINT('',(-13.469819684209,-22.637133058963,-16.947254021229));
#2344=VERTEX_POINT('',#2343);
#2345=CARTESIAN_POINT('',(-15.869819684209,-22.637133058963,-16.947254021229));
#2346=VERTEX_POINT('',#2345);
#2347=CARTESIAN_POINT('',(-14.669819684209,-22.637133058963,-16.947254021229));
#2348=DIRECTION('',(1.,-5.9211894646675E-15,2.9605947323338E-15));
#2349=DIRECTION('',(7.1475079554905E-15,1.,-7.1475079554905E-15));
#2350=AXIS2_PLACEMENT_3D('',#2347,#2349,#2348);
#2351=CIRCLE('',#2350,1.2);
#2352=EDGE_CURVE('',#2344,#2346,#2351,.T.);
#2353=ORIENTED_EDGE('',*,*,#2352,.T.);
#2354=CARTESIAN_POINT('',(-15.869819684209,-22.637133058963,-10.247254021229));
#2355=VERTEX_POINT('',#2354);
#2356=CARTESIAN_POINT('',(-15.869819684209,-22.637133058963,-16.947254021229));
#2357=DIRECTION('',(0.,0.,1.));
#2358=VECTOR('',#2357,6.7);
#2359=LINE('',#2356,#2358);
#2360=EDGE_CURVE('',#2346,#2355,#2359,.T.);
#2361=ORIENTED_EDGE('',*,*,#2360,.T.);
#2362=CARTESIAN_POINT('',(-13.469819684209,-22.637133058963,-10.247254021229));
#2363=VERTEX_POINT('',#2362);
#2364=CARTESIAN_POINT('',(-14.669819684209,-22.637133058963,-10.247254021229));
#2365=DIRECTION('',(-1.,2.9605947323338E-15,-1.4802973661669E-15));
#2366=DIRECTION('',(1.4802973661669E-15,1.,1.4802973661669E-15));
#2367=AXIS2_PLACEMENT_3D('',#2364,#2366,#2365);
#2368=CIRCLE('',#2367,1.2);
#2369=EDGE_CURVE('',#2355,#2363,#2368,.T.);
#2370=ORIENTED_EDGE('',*,*,#2369,.T.);
#2371=CARTESIAN_POINT('',(-13.469819684209,-22.637133058963,-10.247254021229));
#2372=DIRECTION('',(0.,0.,-1.));
#2373=VECTOR('',#2372,6.7);
#2374=LINE('',#2371,#2373);
#2375=EDGE_CURVE('',#2363,#2344,#2374,.T.);
#2376=ORIENTED_EDGE('',*,*,#2375,.T.);
#2377=EDGE_LOOP('',(#2353,#2361,#2370,#2376));
#2378=FACE_BOUND('',#2377,.T.);
#2379=CARTESIAN_POINT('',(6.5301803157907,-22.637133058963,-16.947254021229));
#2380=VERTEX_POINT('',#2379);
#2381=CARTESIAN_POINT('',(4.1301803157907,-22.637133058963,-16.947254021229));
#2382=VERTEX_POINT('',#2381);
#2383=CARTESIAN_POINT('',(5.3301803157907,-22.637133058963,-16.947254021229));
#2384=DIRECTION('',(1.,-5.9211894646675E-15,2.9605947323338E-15));
#2385=DIRECTION('',(6.2540694610542E-15,1.,-6.2540694610542E-15));
#2386=AXIS2_PLACEMENT_3D('',#2383,#2385,#2384);
#2387=CIRCLE('',#2386,1.2);
#2388=EDGE_CURVE('',#2380,#2382,#2387,.T.);
#2389=ORIENTED_EDGE('',*,*,#2388,.T.);
#2390=CARTESIAN_POINT('',(4.1301803157907,-22.637133058963,-10.247254021229));
#2391=VERTEX_POINT('',#2390);
#2392=CARTESIAN_POINT('',(4.1301803157907,-22.637133058963,-16.947254021229));
#2393=DIRECTION('',(0.,0.,1.));
#2394=VECTOR('',#2393,6.7);
#2395=LINE('',#2392,#2394);
#2396=EDGE_CURVE('',#2382,#2391,#2395,.T.);
#2397=ORIENTED_EDGE('',*,*,#2396,.T.);
#2398=CARTESIAN_POINT('',(6.5301803157907,-22.637133058963,-10.247254021229));
#2399=VERTEX_POINT('',#2398);
#2400=CARTESIAN_POINT('',(5.3301803157907,-22.637133058963,-10.247254021229));
#2401=DIRECTION('',(-1.,-2.9605947323338E-15,1.4802973661669E-15));
#2402=DIRECTION('',(-3.5737539777452E-15,1.,3.5737539777452E-15));
#2403=AXIS2_PLACEMENT_3D('',#2400,#2402,#2401);
#2404=CIRCLE('',#2403,1.2);
#2405=EDGE_CURVE('',#2391,#2399,#2404,.T.);
#2406=ORIENTED_EDGE('',*,*,#2405,.T.);
#2407=CARTESIAN_POINT('',(6.5301803157907,-22.637133058963,-10.247254021229));
#2408=DIRECTION('',(0.,0.,-1.));
#2409=VECTOR('',#2408,6.7);
#2410=LINE('',#2407,#2409);
#2411=EDGE_CURVE('',#2399,#2380,#2410,.T.);
#2412=ORIENTED_EDGE('',*,*,#2411,.T.);
#2413=EDGE_LOOP('',(#2389,#2397,#2406,#2412));
#2414=FACE_BOUND('',#2413,.T.);
#2415=CARTESIAN_POINT('',(11.530180315791,-22.637133058963,-16.947254021229));
#2416=VERTEX_POINT('',#2415);
#2417=CARTESIAN_POINT('',(9.1301803157907,-22.637133058963,-16.947254021229));
#2418=VERTEX_POINT('',#2417);
#2419=CARTESIAN_POINT('',(10.330180315791,-22.637133058963,-16.947254021229));
#2420=DIRECTION('',(1.,-5.9211894646675E-15,2.9605947323338E-15));
#2421=DIRECTION('',(7.1475079554905E-15,1.,-7.1475079554905E-15));
#2422=AXIS2_PLACEMENT_3D('',#2419,#2421,#2420);
#2423=CIRCLE('',#2422,1.2);
#2424=EDGE_CURVE('',#2416,#2418,#2423,.T.);
#2425=ORIENTED_EDGE('',*,*,#2424,.T.);
#2426=CARTESIAN_POINT('',(9.1301803157907,-22.637133058963,-10.247254021229));
#2427=VERTEX_POINT('',#2426);
#2428=CARTESIAN_POINT('',(9.1301803157907,-22.637133058963,-16.947254021229));
#2429=DIRECTION('',(0.,0.,1.));
#2430=VECTOR('',#2429,6.7);
#2431=LINE('',#2428,#2430);
#2432=EDGE_CURVE('',#2418,#2427,#2431,.T.);
#2433=ORIENTED_EDGE('',*,*,#2432,.T.);
#2434=CARTESIAN_POINT('',(11.530180315791,-22.637133058963,-10.247254021229));
#2435=VERTEX_POINT('',#2434);
#2436=CARTESIAN_POINT('',(10.330180315791,-22.637133058963,-10.247254021229));
#2437=DIRECTION('',(-1.,-1.1842378929332E-14,-1.4802973661665E-15));
#2438=DIRECTION('',(-1.0668661185871E-14,1.,-7.0949072081269E-15));
#2439=AXIS2_PLACEMENT_3D('',#2436,#2438,#2437);
#2440=CIRCLE('',#2439,1.2000000000003);
#2441=EDGE_CURVE('',#2427,#2435,#2440,.T.);
#2442=ORIENTED_EDGE('',*,*,#2441,.T.);
#2443=CARTESIAN_POINT('',(11.530180315791,-22.637133058963,-10.247254021229));
#2444=DIRECTION('',(0.,0.,-1.));
#2445=VECTOR('',#2444,6.7);
#2446=LINE('',#2443,#2445);
#2447=EDGE_CURVE('',#2435,#2416,#2446,.T.);
#2448=ORIENTED_EDGE('',*,*,#2447,.T.);
#2449=EDGE_LOOP('',(#2425,#2433,#2442,#2448));
#2450=FACE_BOUND('',#2449,.T.);
#2451=ADVANCED_FACE('',(#2295,#2306,#2342,#2378,#2414,#2450),#2284,.T.);
#2452=CARTESIAN_POINT('',(10.330180315791,-22.437133068136,-16.947254021229));
#2453=DIRECTION('',(0.9999999999998,7.1054273576011E-15,-6.4043327085984E-07));
#2454=DIRECTION('',(-5.9211892836173E-15,1.,0.));
#2455=AXIS2_PLACEMENT_3D('',#2452,#2454,#2453);
#2456=CYLINDRICAL_SURFACE('',#2455,0.99999999999998);
#2457=CARTESIAN_POINT('',(9.3301803157907,-22.137133058963,-16.947254021229));
#2458=VERTEX_POINT('',#2457);
#2459=CARTESIAN_POINT('',(9.3301803157907,-22.437133068136,-16.947254021229));
#2460=VERTEX_POINT('',#2459);
#2461=CARTESIAN_POINT('',(9.3301803157907,-22.137133058963,-16.947254021229));
#2462=DIRECTION('',(0.,-1.,0.));
#2463=VECTOR('',#2462,0.300000009173);
#2464=LINE('',#2461,#2463);
#2465=EDGE_CURVE('',#2458,#2460,#2464,.T.);
#2466=ORIENTED_EDGE('',*,*,#2465,.T.);
#2467=CARTESIAN_POINT('',(11.330180315791,-22.437133068136,-16.947254021229));
#2468=VERTEX_POINT('',#2467);
#2469=CARTESIAN_POINT('',(10.330180315791,-22.437133068136,-16.947254021229));
#2470=DIRECTION('',(-1.,7.1054273575989E-15,0.));
#2471=DIRECTION('',(-6.605678697191E-15,-1.,-9.1731737204714E-09));
#2472=AXIS2_PLACEMENT_3D('',#2469,#2471,#2470);
#2473=CIRCLE('',#2472,1.0000000000003);
#2474=EDGE_CURVE('',#2460,#2468,#2473,.T.);
#2475=ORIENTED_EDGE('',*,*,#2474,.T.);
#2476=CARTESIAN_POINT('',(11.330180315791,-22.137133058963,-16.947254021229));
#2477=VERTEX_POINT('',#2476);
#2478=CARTESIAN_POINT('',(11.330180315791,-22.437133068136,-16.947254021229));
#2479=DIRECTION('',(0.,1.,0.));
#2480=VECTOR('',#2479,0.300000009173);
#2481=LINE('',#2478,#2480);
#2482=EDGE_CURVE('',#2468,#2477,#2481,.T.);
#2483=ORIENTED_EDGE('',*,*,#2482,.T.);
#2484=CARTESIAN_POINT('',(10.330180315791,-22.137133058963,-16.947254021229));
#2485=DIRECTION('',(1.,3.5527136788005E-15,3.5527136788005E-15));
#2486=DIRECTION('',(0.,1.,0.));
#2487=AXIS2_PLACEMENT_3D('',#2484,#2486,#2485);
#2488=CIRCLE('',#2487,1.);
#2489=EDGE_CURVE('',#2477,#2458,#2488,.T.);
#2490=ORIENTED_EDGE('',*,*,#2489,.T.);
#2491=EDGE_LOOP('',(#2466,#2475,#2483,#2490));
#2492=FACE_OUTER_BOUND('',#2491,.T.);
#2493=ADVANCED_FACE('',(#2492),#2456,.F.);
#2494=CARTESIAN_POINT('',(9.3301803157907,-22.387133058963,-13.597254021229));
#2495=DIRECTION('',(5.302557729553E-16,0.,1.));
#2496=DIRECTION('',(1.,0.,-5.302557729553E-16));
#2497=AXIS2_PLACEMENT_3D('',#2494,#2496,#2495);
#2498=PLANE('',#2497);
#2499=CARTESIAN_POINT('',(9.3301803157907,-22.137133058963,-10.247254021229));
#2500=VERTEX_POINT('',#2499);
#2501=CARTESIAN_POINT('',(9.3301803157907,-22.43713306355,-10.247254021229));
#2502=VERTEX_POINT('',#2501);
#2503=CARTESIAN_POINT('',(9.3301803157907,-22.137133058963,-10.247254021229));
#2504=DIRECTION('',(0.,-1.,0.));
#2505=VECTOR('',#2504,0.300000004587);
#2506=LINE('',#2503,#2505);
#2507=EDGE_CURVE('',#2500,#2502,#2506,.T.);
#2508=ORIENTED_EDGE('',*,*,#2507,.T.);
#2509=CARTESIAN_POINT('',(9.3301803157907,-22.43713306355,-10.247254021229));
#2510=DIRECTION('',(0.,-6.8447748298471E-10,-1.));
#2511=VECTOR('',#2510,6.7);
#2512=LINE('',#2509,#2511);
#2513=EDGE_CURVE('',#2502,#2460,#2512,.T.);
#2514=ORIENTED_EDGE('',*,*,#2513,.T.);
#2515=ORIENTED_EDGE('',*,*,#2465,.F.);
#2516=CARTESIAN_POINT('',(9.3301803157907,-22.137133058963,-16.947254021229));
#2517=DIRECTION('',(0.,0.,1.));
#2518=VECTOR('',#2517,6.7);
#2519=LINE('',#2516,#2518);
#2520=EDGE_CURVE('',#2458,#2500,#2519,.T.);
#2521=ORIENTED_EDGE('',*,*,#2520,.T.);
#2522=EDGE_LOOP('',(#2508,#2514,#2515,#2521));
#2523=FACE_OUTER_BOUND('',#2522,.T.);
#2524=ADVANCED_FACE('',(#2523),#2498,.T.);
#2525=CARTESIAN_POINT('',(10.330180315791,-22.43713306462,-10.247254021229));
#2526=DIRECTION('',(-0.9999999999998,3.5527136788005E-15,6.4043326020169E-07));
#2527=DIRECTION('',(0.,1.,0.));
#2528=AXIS2_PLACEMENT_3D('',#2525,#2527,#2526);
#2529=CYLINDRICAL_SURFACE('',#2528,1.);
#2530=CARTESIAN_POINT('',(11.330180315791,-22.137133058963,-10.247254021229));
#2531=VERTEX_POINT('',#2530);
#2532=CARTESIAN_POINT('',(11.330180315791,-22.43713306462,-10.247254021229));
#2533=VERTEX_POINT('',#2532);
#2534=CARTESIAN_POINT('',(11.330180315791,-22.137133058963,-10.247254021229));
#2535=DIRECTION('',(0.,-1.,0.));
#2536=VECTOR('',#2535,0.300000005657);
#2537=LINE('',#2534,#2536);
#2538=EDGE_CURVE('',#2531,#2533,#2537,.T.);
#2539=ORIENTED_EDGE('',*,*,#2538,.T.);
#2540=CARTESIAN_POINT('',(10.330180315791,-22.437133063246,-10.247254021229));
#2541=DIRECTION('',(1.,2.1412773776319E-09,0.));
#2542=DIRECTION('',(2.1412776604394E-09,-1.,3.708791778945E-09));
#2543=AXIS2_PLACEMENT_3D('',#2540,#2542,#2541);
#2544=CIRCLE('',#2543,1.);
#2545=EDGE_CURVE('',#2533,#2502,#2544,.T.);
#2546=ORIENTED_EDGE('',*,*,#2545,.T.);
#2547=ORIENTED_EDGE('',*,*,#2507,.F.);
#2548=CARTESIAN_POINT('',(10.330180315791,-22.137133058963,-10.247254021229));
#2549=DIRECTION('',(-1.,3.5527136787994E-15,-1.7763568393997E-15));
#2550=DIRECTION('',(4.288504773293E-15,1.,-4.288504773293E-15));
#2551=AXIS2_PLACEMENT_3D('',#2548,#2550,#2549);
#2552=CIRCLE('',#2551,1.0000000000003);
#2553=EDGE_CURVE('',#2500,#2531,#2552,.T.);
#2554=ORIENTED_EDGE('',*,*,#2553,.T.);
#2555=EDGE_LOOP('',(#2539,#2546,#2547,#2554));
#2556=FACE_OUTER_BOUND('',#2555,.T.);
#2557=ADVANCED_FACE('',(#2556),#2529,.F.);
#2558=CARTESIAN_POINT('',(11.330180315791,-22.387133058963,-13.597254021229));
#2559=DIRECTION('',(-1.0605115459106E-15,0.,-1.));
#2560=DIRECTION('',(-1.,0.,1.0605115459106E-15));
#2561=AXIS2_PLACEMENT_3D('',#2558,#2560,#2559);
#2562=PLANE('',#2561);
#2563=ORIENTED_EDGE('',*,*,#2482,.F.);
#2564=CARTESIAN_POINT('',(11.330180315791,-22.437133068136,-16.947254021229));
#2565=DIRECTION('',(0.,5.2477610979758E-10,1.));
#2566=VECTOR('',#2565,6.7);
#2567=LINE('',#2564,#2566);
#2568=EDGE_CURVE('',#2468,#2533,#2567,.T.);
#2569=ORIENTED_EDGE('',*,*,#2568,.T.);
#2570=ORIENTED_EDGE('',*,*,#2538,.F.);
#2571=CARTESIAN_POINT('',(11.330180315791,-22.137133058963,-10.247254021229));
#2572=DIRECTION('',(0.,0.,-1.));
#2573=VECTOR('',#2572,6.7);
#2574=LINE('',#2571,#2573);
#2575=EDGE_CURVE('',#2531,#2477,#2574,.T.);
#2576=ORIENTED_EDGE('',*,*,#2575,.T.);
#2577=EDGE_LOOP('',(#2563,#2569,#2570,#2576));
#2578=FACE_OUTER_BOUND('',#2577,.T.);
#2579=ADVANCED_FACE('',(#2578),#2562,.T.);
#2580=CARTESIAN_POINT('',(4.3301803157907,-22.387133058963,-13.597254021229));
#2581=DIRECTION('',(0.,0.,1.));
#2582=DIRECTION('',(1.,0.,-0.));
#2583=AXIS2_PLACEMENT_3D('',#2580,#2582,#2581);
#2584=PLANE('',#2583);
#2585=CARTESIAN_POINT('',(4.3301803157907,-22.137133058963,-10.247254021229));
#2586=VERTEX_POINT('',#2585);
#2587=CARTESIAN_POINT('',(4.3301803157907,-22.43713306355,-10.247254021229));
#2588=VERTEX_POINT('',#2587);
#2589=CARTESIAN_POINT('',(4.3301803157907,-22.137133058963,-10.247254021229));
#2590=DIRECTION('',(0.,-1.,0.));
#2591=VECTOR('',#2590,0.300000004587);
#2592=LINE('',#2589,#2591);
#2593=EDGE_CURVE('',#2586,#2588,#2592,.T.);
#2594=ORIENTED_EDGE('',*,*,#2593,.T.);
#2595=CARTESIAN_POINT('',(4.3301803157907,-22.437133068136,-16.947254021229));
#2596=VERTEX_POINT('',#2595);
#2597=CARTESIAN_POINT('',(4.3301803157907,-22.43713306355,-10.247254021229));
#2598=DIRECTION('',(0.,-6.8447748298471E-10,-1.));
#2599=VECTOR('',#2598,6.7);
#2600=LINE('',#2597,#2599);
#2601=EDGE_CURVE('',#2588,#2596,#2600,.T.);
#2602=ORIENTED_EDGE('',*,*,#2601,.T.);
#2603=CARTESIAN_POINT('',(4.3301803157907,-22.137133058963,-16.947254021229));
#2604=VERTEX_POINT('',#2603);
#2605=CARTESIAN_POINT('',(4.3301803157907,-22.437133068136,-16.947254021229));
#2606=DIRECTION('',(0.,1.,0.));
#2607=VECTOR('',#2606,0.300000009173);
#2608=LINE('',#2605,#2607);
#2609=EDGE_CURVE('',#2596,#2604,#2608,.T.);
#2610=ORIENTED_EDGE('',*,*,#2609,.T.);
#2611=CARTESIAN_POINT('',(4.3301803157907,-22.137133058963,-16.947254021229));
#2612=DIRECTION('',(0.,0.,1.));
#2613=VECTOR('',#2612,6.7);
#2614=LINE('',#2611,#2613);
#2615=EDGE_CURVE('',#2604,#2586,#2614,.T.);
#2616=ORIENTED_EDGE('',*,*,#2615,.T.);
#2617=EDGE_LOOP('',(#2594,#2602,#2610,#2616));
#2618=FACE_OUTER_BOUND('',#2617,.T.);
#2619=ADVANCED_FACE('',(#2618),#2584,.T.);
#2620=CARTESIAN_POINT('',(5.3301803157907,-22.43713306462,-10.247254021229));
#2621=DIRECTION('',(-0.9999999999998,3.5527136788005E-15,6.404332637544E-07));
#2622=DIRECTION('',(0.,1.,0.));
#2623=AXIS2_PLACEMENT_3D('',#2620,#2622,#2621);
#2624=CYLINDRICAL_SURFACE('',#2623,1.);
#2625=CARTESIAN_POINT('',(6.3301803157907,-22.137133058963,-10.247254021229));
#2626=VERTEX_POINT('',#2625);
#2627=CARTESIAN_POINT('',(6.3301803157907,-22.43713306462,-10.247254021229));
#2628=VERTEX_POINT('',#2627);
#2629=CARTESIAN_POINT('',(6.3301803157907,-22.137133058963,-10.247254021229));
#2630=DIRECTION('',(0.,-1.,0.));
#2631=VECTOR('',#2630,0.300000005657);
#2632=LINE('',#2629,#2631);
#2633=EDGE_CURVE('',#2626,#2628,#2632,.T.);
#2634=ORIENTED_EDGE('',*,*,#2633,.T.);
#2635=CARTESIAN_POINT('',(5.3301803157907,-22.437133061104,-10.247254021229));
#2636=DIRECTION('',(1.,-3.5527136788005E-15,-1.7763568394003E-15));
#2637=DIRECTION('',(-1.310879369958E-15,-1.,2.1412796194662E-09));
#2638=AXIS2_PLACEMENT_3D('',#2635,#2637,#2636);
#2639=CIRCLE('',#2638,1.);
#2640=EDGE_CURVE('',#2628,#2588,#2639,.T.);
#2641=ORIENTED_EDGE('',*,*,#2640,.T.);
#2642=ORIENTED_EDGE('',*,*,#2593,.F.);
#2643=CARTESIAN_POINT('',(5.3301803157907,-22.137133058963,-10.247254021229));
#2644=DIRECTION('',(-1.,-3.5527136788005E-15,-1.7763568394003E-15));
#2645=DIRECTION('',(-4.2885047732943E-15,1.,4.2885047732943E-15));
#2646=AXIS2_PLACEMENT_3D('',#2643,#2645,#2644);
#2647=CIRCLE('',#2646,1.);
#2648=EDGE_CURVE('',#2586,#2626,#2647,.T.);
#2649=ORIENTED_EDGE('',*,*,#2648,.T.);
#2650=EDGE_LOOP('',(#2634,#2641,#2642,#2649));
#2651=FACE_OUTER_BOUND('',#2650,.T.);
#2652=ADVANCED_FACE('',(#2651),#2624,.F.);
#2653=CARTESIAN_POINT('',(6.3301803157907,-22.387133058963,-13.597254021229));
#2654=DIRECTION('',(-1.0605115459106E-15,0.,-1.));
#2655=DIRECTION('',(-1.,0.,1.0605115459106E-15));
#2656=AXIS2_PLACEMENT_3D('',#2653,#2655,#2654);
#2657=PLANE('',#2656);
#2658=CARTESIAN_POINT('',(6.3301803157907,-22.137133058963,-16.947254021229));
#2659=VERTEX_POINT('',#2658);
#2660=CARTESIAN_POINT('',(6.3301803157907,-22.437133068136,-16.947254021229));
#2661=VERTEX_POINT('',#2660);
#2662=CARTESIAN_POINT('',(6.3301803157907,-22.137133058963,-16.947254021229));
#2663=DIRECTION('',(0.,-1.,0.));
#2664=VECTOR('',#2663,0.300000009173);
#2665=LINE('',#2662,#2664);
#2666=EDGE_CURVE('',#2659,#2661,#2665,.T.);
#2667=ORIENTED_EDGE('',*,*,#2666,.T.);
#2668=CARTESIAN_POINT('',(6.3301803157907,-22.437133068136,-16.947254021229));
#2669=DIRECTION('',(0.,5.2477610979758E-10,1.));
#2670=VECTOR('',#2669,6.7);
#2671=LINE('',#2668,#2670);
#2672=EDGE_CURVE('',#2661,#2628,#2671,.T.);
#2673=ORIENTED_EDGE('',*,*,#2672,.T.);
#2674=ORIENTED_EDGE('',*,*,#2633,.F.);
#2675=CARTESIAN_POINT('',(6.3301803157907,-22.137133058963,-10.247254021229));
#2676=DIRECTION('',(0.,0.,-1.));
#2677=VECTOR('',#2676,6.7);
#2678=LINE('',#2675,#2677);
#2679=EDGE_CURVE('',#2626,#2659,#2678,.T.);
#2680=ORIENTED_EDGE('',*,*,#2679,.T.);
#2681=EDGE_LOOP('',(#2667,#2673,#2674,#2680));
#2682=FACE_OUTER_BOUND('',#2681,.T.);
#2683=ADVANCED_FACE('',(#2682),#2657,.T.);
#2684=CARTESIAN_POINT('',(5.3301803157907,-22.437133068136,-16.947254021229));
#2685=DIRECTION('',(0.9999999999998,-3.5527136788005E-15,-6.4043325664898E-07));
#2686=DIRECTION('',(0.,1.,0.));
#2687=AXIS2_PLACEMENT_3D('',#2684,#2686,#2685);
#2688=CYLINDRICAL_SURFACE('',#2687,0.99999999999999);
#2689=ORIENTED_EDGE('',*,*,#2609,.F.);
#2690=CARTESIAN_POINT('',(5.3301803157907,-22.437133068136,-16.947254021229));
#2691=DIRECTION('',(-1.,3.5527136788005E-15,3.5527136788005E-15));
#2692=DIRECTION('',(-2.685069478762E-15,-1.,-9.1731733525786E-09));
#2693=AXIS2_PLACEMENT_3D('',#2690,#2692,#2691);
#2694=CIRCLE('',#2693,1.);
#2695=EDGE_CURVE('',#2596,#2661,#2694,.T.);
#2696=ORIENTED_EDGE('',*,*,#2695,.T.);
#2697=ORIENTED_EDGE('',*,*,#2666,.F.);
#2698=CARTESIAN_POINT('',(5.3301803157907,-22.137133058963,-16.947254021229));
#2699=DIRECTION('',(1.,3.5527136788005E-15,3.5527136788005E-15));
#2700=DIRECTION('',(0.,1.,0.));
#2701=AXIS2_PLACEMENT_3D('',#2698,#2700,#2699);
#2702=CIRCLE('',#2701,1.);
#2703=EDGE_CURVE('',#2659,#2604,#2702,.T.);
#2704=ORIENTED_EDGE('',*,*,#2703,.T.);
#2705=EDGE_LOOP('',(#2689,#2696,#2697,#2704));
#2706=FACE_OUTER_BOUND('',#2705,.T.);
#2707=ADVANCED_FACE('',(#2706),#2688,.F.);
#2708=CARTESIAN_POINT('',(-14.669819684209,-22.43713306462,-10.247254021229));
#2709=DIRECTION('',(-0.9999999999998,-7.1054273576009E-15,6.4043327085983E-07));
#2710=DIRECTION('',(-1.1842378706027E-14,1.,0.));
#2711=AXIS2_PLACEMENT_3D('',#2708,#2710,#2709);
#2712=CYLINDRICAL_SURFACE('',#2711,1.);
#2713=CARTESIAN_POINT('',(-13.669819684209,-22.137133058963,-10.247254021229));
#2714=VERTEX_POINT('',#2713);
#2715=CARTESIAN_POINT('',(-13.669819684209,-22.43713306462,-10.247254021229));
#2716=VERTEX_POINT('',#2715);
#2717=CARTESIAN_POINT('',(-13.669819684209,-22.137133058963,-10.247254021229));
#2718=DIRECTION('',(0.,-1.,0.));
#2719=VECTOR('',#2718,0.300000005657);
#2720=LINE('',#2717,#2719);
#2721=EDGE_CURVE('',#2714,#2716,#2720,.T.);
#2722=ORIENTED_EDGE('',*,*,#2721,.T.);
#2723=CARTESIAN_POINT('',(-15.669819684209,-22.43713306355,-10.247254021229));
#2724=VERTEX_POINT('',#2723);
#2725=CARTESIAN_POINT('',(-14.669819684209,-22.437133063246,-10.247254021229));
#2726=DIRECTION('',(1.,-2.1412667194909E-09,0.));
#2727=DIRECTION('',(-2.1412666318473E-09,-1.,3.7087880310675E-09));
#2728=AXIS2_PLACEMENT_3D('',#2725,#2727,#2726);
#2729=CIRCLE('',#2728,1.);
#2730=EDGE_CURVE('',#2716,#2724,#2729,.T.);
#2731=ORIENTED_EDGE('',*,*,#2730,.T.);
#2732=CARTESIAN_POINT('',(-15.669819684209,-22.137133058963,-10.247254021229));
#2733=VERTEX_POINT('',#2732);
#2734=CARTESIAN_POINT('',(-15.669819684209,-22.43713306355,-10.247254021229));
#2735=DIRECTION('',(0.,1.,0.));
#2736=VECTOR('',#2735,0.300000004587);
#2737=LINE('',#2734,#2736);
#2738=EDGE_CURVE('',#2724,#2733,#2737,.T.);
#2739=ORIENTED_EDGE('',*,*,#2738,.T.);
#2740=CARTESIAN_POINT('',(-14.669819684209,-22.137133058963,-10.247254021229));
#2741=DIRECTION('',(-1.,-1.4210854715202E-14,0.));
#2742=DIRECTION('',(-1.1793388126559E-14,1.,1.1793388126559E-14));
#2743=AXIS2_PLACEMENT_3D('',#2740,#2742,#2741);
#2744=CIRCLE('',#2743,1.);
#2745=EDGE_CURVE('',#2733,#2714,#2744,.T.);
#2746=ORIENTED_EDGE('',*,*,#2745,.T.);
#2747=EDGE_LOOP('',(#2722,#2731,#2739,#2746));
#2748=FACE_OUTER_BOUND('',#2747,.T.);
#2749=ADVANCED_FACE('',(#2748),#2712,.F.);
#2750=CARTESIAN_POINT('',(-13.669819684209,-22.387133058963,-13.597254021229));
#2751=DIRECTION('',(-1.0605115459106E-15,0.,-1.));
#2752=DIRECTION('',(-1.,0.,1.0605115459106E-15));
#2753=AXIS2_PLACEMENT_3D('',#2750,#2752,#2751);
#2754=PLANE('',#2753);
#2755=CARTESIAN_POINT('',(-13.669819684209,-22.137133058963,-16.947254021229));
#2756=VERTEX_POINT('',#2755);
#2757=CARTESIAN_POINT('',(-13.669819684209,-22.437133068136,-16.947254021229));
#2758=VERTEX_POINT('',#2757);
#2759=CARTESIAN_POINT('',(-13.669819684209,-22.137133058963,-16.947254021229));
#2760=DIRECTION('',(0.,-1.,0.));
#2761=VECTOR('',#2760,0.300000009173);
#2762=LINE('',#2759,#2761);
#2763=EDGE_CURVE('',#2756,#2758,#2762,.T.);
#2764=ORIENTED_EDGE('',*,*,#2763,.T.);
#2765=CARTESIAN_POINT('',(-13.669819684209,-22.437133068136,-16.947254021229));
#2766=DIRECTION('',(0.,5.2477610979758E-10,1.));
#2767=VECTOR('',#2766,6.7);
#2768=LINE('',#2765,#2767);
#2769=EDGE_CURVE('',#2758,#2716,#2768,.T.);
#2770=ORIENTED_EDGE('',*,*,#2769,.T.);
#2771=ORIENTED_EDGE('',*,*,#2721,.F.);
#2772=CARTESIAN_POINT('',(-13.669819684209,-22.137133058963,-10.247254021229));
#2773=DIRECTION('',(0.,0.,-1.));
#2774=VECTOR('',#2773,6.7);
#2775=LINE('',#2772,#2774);
#2776=EDGE_CURVE('',#2714,#2756,#2775,.T.);
#2777=ORIENTED_EDGE('',*,*,#2776,.T.);
#2778=EDGE_LOOP('',(#2764,#2770,#2771,#2777));
#2779=FACE_OUTER_BOUND('',#2778,.T.);
#2780=ADVANCED_FACE('',(#2779),#2754,.T.);
#2781=CARTESIAN_POINT('',(-14.669819684209,-22.437133068136,-16.947254021229));
#2782=DIRECTION('',(0.9999999999998,0.,-6.4043324599084E-07));
#2783=DIRECTION('',(5.9211892836173E-15,1.,0.));
#2784=AXIS2_PLACEMENT_3D('',#2781,#2783,#2782);
#2785=CYLINDRICAL_SURFACE('',#2784,0.99999999999999);
#2786=CARTESIAN_POINT('',(-15.669819684209,-22.137133058963,-16.947254021229));
#2787=VERTEX_POINT('',#2786);
#2788=CARTESIAN_POINT('',(-15.669819684209,-22.437133068136,-16.947254021229));
#2789=VERTEX_POINT('',#2788);
#2790=CARTESIAN_POINT('',(-15.669819684209,-22.137133058963,-16.947254021229));
#2791=DIRECTION('',(0.,-1.,0.));
#2792=VECTOR('',#2791,0.300000009173);
#2793=LINE('',#2790,#2792);
#2794=EDGE_CURVE('',#2787,#2789,#2793,.T.);
#2795=ORIENTED_EDGE('',*,*,#2794,.T.);
#2796=CARTESIAN_POINT('',(-14.669819684209,-22.437133068136,-16.947254021229));
#2797=DIRECTION('',(-1.,7.105427357601E-15,3.5527136788005E-15));
#2798=DIRECTION('',(-6.6056787044696E-15,-1.,-9.1731737204741E-09));
#2799=AXIS2_PLACEMENT_3D('',#2796,#2798,#2797);
#2800=CIRCLE('',#2799,1.);
#2801=EDGE_CURVE('',#2789,#2758,#2800,.T.);
#2802=ORIENTED_EDGE('',*,*,#2801,.T.);
#2803=ORIENTED_EDGE('',*,*,#2763,.F.);
#2804=CARTESIAN_POINT('',(-14.669819684209,-22.137133058963,-16.947254021229));
#2805=DIRECTION('',(1.,-3.5527136788005E-15,3.5527136788005E-15));
#2806=DIRECTION('',(4.2885047732943E-15,1.,-4.2885047732943E-15));
#2807=AXIS2_PLACEMENT_3D('',#2804,#2806,#2805);
#2808=CIRCLE('',#2807,1.);
#2809=EDGE_CURVE('',#2756,#2787,#2808,.T.);
#2810=ORIENTED_EDGE('',*,*,#2809,.T.);
#2811=EDGE_LOOP('',(#2795,#2802,#2803,#2810));
#2812=FACE_OUTER_BOUND('',#2811,.T.);
#2813=ADVANCED_FACE('',(#2812),#2785,.F.);
#2814=CARTESIAN_POINT('',(-15.669819684209,-22.387133058963,-13.597254021229));
#2815=DIRECTION('',(5.302557729553E-16,0.,1.));
#2816=DIRECTION('',(1.,0.,-5.302557729553E-16));
#2817=AXIS2_PLACEMENT_3D('',#2814,#2816,#2815);
#2818=PLANE('',#2817);
#2819=ORIENTED_EDGE('',*,*,#2738,.F.);
#2820=CARTESIAN_POINT('',(-15.669819684209,-22.43713306355,-10.247254021229));
#2821=DIRECTION('',(0.,-6.8447748298471E-10,-1.));
#2822=VECTOR('',#2821,6.7);
#2823=LINE('',#2820,#2822);
#2824=EDGE_CURVE('',#2724,#2789,#2823,.T.);
#2825=ORIENTED_EDGE('',*,*,#2824,.T.);
#2826=ORIENTED_EDGE('',*,*,#2794,.F.);
#2827=CARTESIAN_POINT('',(-15.669819684209,-22.137133058963,-16.947254021229));
#2828=DIRECTION('',(0.,0.,1.));
#2829=VECTOR('',#2828,6.7);
#2830=LINE('',#2827,#2829);
#2831=EDGE_CURVE('',#2787,#2733,#2830,.T.);
#2832=ORIENTED_EDGE('',*,*,#2831,.T.);
#2833=EDGE_LOOP('',(#2819,#2825,#2826,#2832));
#2834=FACE_OUTER_BOUND('',#2833,.T.);
#2835=ADVANCED_FACE('',(#2834),#2818,.T.);
#2836=CARTESIAN_POINT('',(-8.6698196842093,-22.387133058963,-13.597254021229));
#2837=DIRECTION('',(-5.302557729553E-16,0.,-1.));
#2838=DIRECTION('',(-1.,0.,5.302557729553E-16));
#2839=AXIS2_PLACEMENT_3D('',#2836,#2838,#2837);
#2840=PLANE('',#2839);
#2841=CARTESIAN_POINT('',(-8.6698196842093,-22.337133053306,-10.247254021229));
#2842=VERTEX_POINT('',#2841);
#2843=CARTESIAN_POINT('',(-8.6698196842093,-22.637133058963,-10.247254021229));
#2844=DIRECTION('',(0.,1.,0.));
#2845=VECTOR('',#2844,0.300000005657);
#2846=LINE('',#2843,#2845);
#2847=EDGE_CURVE('',#2308,#2842,#2846,.T.);
#2848=ORIENTED_EDGE('',*,*,#2847,.T.);
#2849=CARTESIAN_POINT('',(-8.6698196842093,-22.33713304979,-16.947254021229));
#2850=VERTEX_POINT('',#2849);
#2851=CARTESIAN_POINT('',(-8.6698196842093,-22.337133053306,-10.247254021229));
#2852=DIRECTION('',(0.,5.2477610979758E-10,-1.));
#2853=VECTOR('',#2852,6.7);
#2854=LINE('',#2851,#2853);
#2855=EDGE_CURVE('',#2842,#2850,#2854,.T.);
#2856=ORIENTED_EDGE('',*,*,#2855,.T.);
#2857=CARTESIAN_POINT('',(-8.6698196842093,-22.33713304979,-16.947254021229));
#2858=DIRECTION('',(0.,-1.,0.));
#2859=VECTOR('',#2858,0.300000009173);
#2860=LINE('',#2857,#2859);
#2861=EDGE_CURVE('',#2850,#2310,#2860,.T.);
#2862=ORIENTED_EDGE('',*,*,#2861,.T.);
#2863=ORIENTED_EDGE('',*,*,#2315,.F.);
#2864=EDGE_LOOP('',(#2848,#2856,#2862,#2863));
#2865=FACE_OUTER_BOUND('',#2864,.T.);
#2866=ADVANCED_FACE('',(#2865),#2840,.T.);
#2867=CARTESIAN_POINT('',(-9.6698196842093,-22.637133058963,-16.947254021229));
#2868=DIRECTION('',(0.99999999999998,-1.0658141036401E-14,-1.9936062045645E-07));
#2869=DIRECTION('',(0.,1.,0.));
#2870=AXIS2_PLACEMENT_3D('',#2867,#2869,#2868);
#2871=CYLINDRICAL_SURFACE('',#2870,1.);
#2872=ORIENTED_EDGE('',*,*,#2861,.F.);
#2873=CARTESIAN_POINT('',(-10.669819684209,-22.33713304979,-16.947254021229));
#2874=VERTEX_POINT('',#2873);
#2875=CARTESIAN_POINT('',(-9.6698196842093,-22.337133040617,-16.947254021229));
#2876=DIRECTION('',(1.,9.1731742202228E-09,3.5527136788005E-15));
#2877=DIRECTION('',(-9.1731755033038E-09,1.,-1.58884057514E-08));
#2878=AXIS2_PLACEMENT_3D('',#2875,#2877,#2876);
#2879=CIRCLE('',#2878,1.);
#2880=EDGE_CURVE('',#2850,#2874,#2879,.T.);
#2881=ORIENTED_EDGE('',*,*,#2880,.T.);
#2882=CARTESIAN_POINT('',(-10.669819684209,-22.33713304979,-16.947254021229));
#2883=DIRECTION('',(0.,-1.,0.));
#2884=VECTOR('',#2883,0.300000009173);
#2885=LINE('',#2882,#2884);
#2886=EDGE_CURVE('',#2874,#2318,#2885,.T.);
#2887=ORIENTED_EDGE('',*,*,#2886,.T.);
#2888=ORIENTED_EDGE('',*,*,#2324,.F.);
#2889=EDGE_LOOP('',(#2872,#2881,#2887,#2888));
#2890=FACE_OUTER_BOUND('',#2889,.T.);
#2891=ADVANCED_FACE('',(#2890),#2871,.F.);
#2892=CARTESIAN_POINT('',(-10.669819684209,-22.387133058963,-13.597254021229));
#2893=DIRECTION('',(5.302557729553E-16,0.,1.));
#2894=DIRECTION('',(1.,0.,-5.302557729553E-16));
#2895=AXIS2_PLACEMENT_3D('',#2892,#2894,#2893);
#2896=PLANE('',#2895);
#2897=ORIENTED_EDGE('',*,*,#2886,.F.);
#2898=CARTESIAN_POINT('',(-10.669819684209,-22.337133054376,-10.247254021229));
#2899=VERTEX_POINT('',#2898);
#2900=CARTESIAN_POINT('',(-10.669819684209,-22.33713304979,-16.947254021229));
#2901=DIRECTION('',(0.,-6.8447748298471E-10,1.));
#2902=VECTOR('',#2901,6.7);
#2903=LINE('',#2900,#2902);
#2904=EDGE_CURVE('',#2874,#2899,#2903,.T.);
#2905=ORIENTED_EDGE('',*,*,#2904,.T.);
#2906=CARTESIAN_POINT('',(-10.669819684209,-22.337133054376,-10.247254021229));
#2907=DIRECTION('',(0.,-1.,0.));
#2908=VECTOR('',#2907,0.300000004587);
#2909=LINE('',#2906,#2908);
#2910=EDGE_CURVE('',#2899,#2327,#2909,.T.);
#2911=ORIENTED_EDGE('',*,*,#2910,.T.);
#2912=ORIENTED_EDGE('',*,*,#2332,.F.);
#2913=EDGE_LOOP('',(#2897,#2905,#2911,#2912));
#2914=FACE_OUTER_BOUND('',#2913,.T.);
#2915=ADVANCED_FACE('',(#2914),#2896,.T.);
#2916=CARTESIAN_POINT('',(-9.6698196842093,-22.637133058963,-10.247254021229));
#2917=DIRECTION('',(-0.99999999999998,1.0658141036401E-14,1.9936062045644E-07));
#2918=DIRECTION('',(0.,1.,5.9211893530138E-15));
#2919=AXIS2_PLACEMENT_3D('',#2916,#2918,#2917);
#2920=CYLINDRICAL_SURFACE('',#2919,1.);
#2921=ORIENTED_EDGE('',*,*,#2910,.F.);
#2922=CARTESIAN_POINT('',(-9.6698196842093,-22.33713305468,-10.247254021229));
#2923=DIRECTION('',(-1.,2.1412631667779E-09,-1.7763568394008E-15));
#2924=DIRECTION('',(2.141261670673E-09,1.,3.7087787813889E-09));
#2925=AXIS2_PLACEMENT_3D('',#2922,#2924,#2923);
#2926=CIRCLE('',#2925,0.9999999999997);
#2927=EDGE_CURVE('',#2899,#2842,#2926,.T.);
#2928=ORIENTED_EDGE('',*,*,#2927,.T.);
#2929=ORIENTED_EDGE('',*,*,#2847,.F.);
#2930=ORIENTED_EDGE('',*,*,#2339,.F.);
#2931=EDGE_LOOP('',(#2921,#2928,#2929,#2930));
#2932=FACE_OUTER_BOUND('',#2931,.T.);
#2933=ADVANCED_FACE('',(#2932),#2920,.F.);
#2934=CARTESIAN_POINT('',(13.680180315791,-22.137133058963,-13.597254021229));
#2935=DIRECTION('',(8.1671578822994E-16,0.,1.));
#2936=DIRECTION('',(0.,-1.,0.));
#2937=AXIS2_PLACEMENT_3D('',#2934,#2936,#2935);
#2938=PLANE('',#2937);
#2939=ORIENTED_EDGE('',*,*,#2575,.F.);
#2940=ORIENTED_EDGE('',*,*,#2553,.F.);
#2941=ORIENTED_EDGE('',*,*,#2520,.F.);
#2942=ORIENTED_EDGE('',*,*,#2489,.F.);
#2943=EDGE_LOOP('',(#2939,#2940,#2941,#2942));
#2944=FACE_OUTER_BOUND('',#2943,.T.);
#2945=ADVANCED_FACE('',(#2944),#2938,.T.);
#2946=CARTESIAN_POINT('',(8.6801803157907,-22.137133058963,-13.597254021229));
#2947=DIRECTION('',(0.,0.,1.));
#2948=DIRECTION('',(0.,-1.,0.));
#2949=AXIS2_PLACEMENT_3D('',#2946,#2948,#2947);
#2950=PLANE('',#2949);
#2951=ORIENTED_EDGE('',*,*,#2679,.F.);
#2952=ORIENTED_EDGE('',*,*,#2648,.F.);
#2953=ORIENTED_EDGE('',*,*,#2615,.F.);
#2954=ORIENTED_EDGE('',*,*,#2703,.F.);
#2955=EDGE_LOOP('',(#2951,#2952,#2953,#2954));
#2956=FACE_OUTER_BOUND('',#2955,.T.);
#2957=ADVANCED_FACE('',(#2956),#2950,.T.);
#2958=CARTESIAN_POINT('',(-11.319819684209,-22.137133058963,-13.597254021229));
#2959=DIRECTION('',(2.041789470575E-16,0.,1.));
#2960=DIRECTION('',(0.,-1.,0.));
#2961=AXIS2_PLACEMENT_3D('',#2958,#2960,#2959);
#2962=PLANE('',#2961);
#2963=ORIENTED_EDGE('',*,*,#2776,.F.);
#2964=ORIENTED_EDGE('',*,*,#2745,.F.);
#2965=ORIENTED_EDGE('',*,*,#2831,.F.);
#2966=ORIENTED_EDGE('',*,*,#2809,.F.);
#2967=EDGE_LOOP('',(#2963,#2964,#2965,#2966));
#2968=FACE_OUTER_BOUND('',#2967,.T.);
#2969=ADVANCED_FACE('',(#2968),#2962,.T.);
#2970=CARTESIAN_POINT('',(-6.3198196842093,-22.137133058963,-13.597254021229));
#2971=DIRECTION('',(2.1401889631328E-16,0.,1.));
#2972=DIRECTION('',(0.,-1.,0.));
#2973=AXIS2_PLACEMENT_3D('',#2970,#2972,#2971);
#2974=PLANE('',#2973);
#2975=CARTESIAN_POINT('',(-8.8698196842093,-22.137133058963,-16.947254021229));
#2976=VERTEX_POINT('',#2975);
#2977=CARTESIAN_POINT('',(-8.8698196842093,-22.137133058963,-10.247254021229));
#2978=VERTEX_POINT('',#2977);
#2979=CARTESIAN_POINT('',(-8.8698196842093,-22.137133058963,-16.947254021229));
#2980=DIRECTION('',(0.,0.,1.));
#2981=VECTOR('',#2980,6.7);
#2982=LINE('',#2979,#2981);
#2983=EDGE_CURVE('',#2976,#2978,#2982,.T.);
#2984=ORIENTED_EDGE('',*,*,#2983,.T.);
#2985=CARTESIAN_POINT('',(-10.469819684209,-22.137133058963,-10.247254021229));
#2986=VERTEX_POINT('',#2985);
#2987=CARTESIAN_POINT('',(-9.6698196842093,-22.137133058963,-10.247254021229));
#2988=DIRECTION('',(1.,2.6645352591004E-14,-2.2204460492503E-15));
#2989=DIRECTION('',(2.1862942740009E-14,-1.,1.2981158543007E-14));
#2990=AXIS2_PLACEMENT_3D('',#2987,#2989,#2988);
#2991=CIRCLE('',#2990,0.8);
#2992=EDGE_CURVE('',#2978,#2986,#2991,.T.);
#2993=ORIENTED_EDGE('',*,*,#2992,.T.);
#2994=CARTESIAN_POINT('',(-10.469819684209,-22.137133058963,-16.947254021229));
#2995=VERTEX_POINT('',#2994);
#2996=CARTESIAN_POINT('',(-10.469819684209,-22.137133058963,-10.247254021229));
#2997=DIRECTION('',(0.,0.,-1.));
#2998=VECTOR('',#2997,6.7);
#2999=LINE('',#2996,#2998);
#3000=EDGE_CURVE('',#2986,#2995,#2999,.T.);
#3001=ORIENTED_EDGE('',*,*,#3000,.T.);
#3002=CARTESIAN_POINT('',(-9.6698196842093,-22.137133058963,-16.947254021229));
#3003=DIRECTION('',(-1.,-8.8817841970046E-15,4.4408920985023E-15));
#3004=DIRECTION('',(7.581077015871E-15,-1.,3.1401849173687E-15));
#3005=AXIS2_PLACEMENT_3D('',#3002,#3004,#3003);
#3006=CIRCLE('',#3005,0.7999999999997);
#3007=EDGE_CURVE('',#2995,#2976,#3006,.T.);
#3008=ORIENTED_EDGE('',*,*,#3007,.T.);
#3009=EDGE_LOOP('',(#2984,#2993,#3001,#3008));
#3010=FACE_OUTER_BOUND('',#3009,.T.);
#3011=ADVANCED_FACE('',(#3010),#2974,.T.);
#3012=CARTESIAN_POINT('',(-2.1698196842093,-22.537133058963,-19.347254021229));
#3013=DIRECTION('',(2.5121479338869E-14,-0.70710678118655,0.70710678118655));
#3014=DIRECTION('',(0.,-0.70710678118655,-0.70710678118655));
#3015=AXIS2_PLACEMENT_3D('',#3012,#3014,#3013);
#3016=PLANE('',#3015);
#3017=CARTESIAN_POINT('',(-18.169819684209,-22.437133058963,-19.447254021229));
#3018=VERTEX_POINT('',#3017);
#3019=CARTESIAN_POINT('',(-18.169819684209,-22.637133058963,-19.247254056292));
#3020=DIRECTION('',(0.,0.70710684316976,-0.70710671920333));
#3021=VECTOR('',#3020,0.28284268768133);
#3022=LINE('',#3019,#3021);
#3023=EDGE_CURVE('',#156,#3018,#3022,.T.);
#3024=ORIENTED_EDGE('',*,*,#3023,.T.);
#3025=CARTESIAN_POINT('',(13.830180315791,-22.437133058963,-19.447254021229));
#3026=VERTEX_POINT('',#3025);
#3027=CARTESIAN_POINT('',(-18.169819684209,-22.437133058963,-19.447254021229));
#3028=DIRECTION('',(1.,0.,0.));
#3029=VECTOR('',#3028,32.);
#3030=LINE('',#3027,#3029);
#3031=EDGE_CURVE('',#3018,#3026,#3030,.T.);
#3032=ORIENTED_EDGE('',*,*,#3031,.T.);
#3033=CARTESIAN_POINT('',(13.830180315791,-22.437133058963,-19.447254021229));
#3034=DIRECTION('',(0.,-0.70710690515475,0.70710665721832));
#3035=VECTOR('',#3034,0.28284266288734);
#3036=LINE('',#3033,#3035);
#3037=EDGE_CURVE('',#3026,#301,#3036,.T.);
#3038=ORIENTED_EDGE('',*,*,#3037,.T.);
#3039=ORIENTED_EDGE('',*,*,#2292,.F.);
#3040=EDGE_LOOP('',(#3024,#3032,#3038,#3039));
#3041=FACE_OUTER_BOUND('',#3040,.T.);
#3042=ADVANCED_FACE('',(#3041),#3016,.T.);
#3043=CARTESIAN_POINT('',(-18.169819684209,-19.637133058963,-22.247254021229));
#3044=DIRECTION('',(0.70710678118655,0.70710678118655,0.));
#3045=DIRECTION('',(-0.,-0.,1.));
#3046=AXIS2_PLACEMENT_3D('',#3043,#3045,#3044);
#3047=CONICAL_SURFACE('',#3046,0.,0.78539816339749);
#3048=ORIENTED_EDGE('',*,*,#3023,.F.);
#3049=ORIENTED_EDGE('',*,*,#187,.F.);
#3050=CARTESIAN_POINT('',(-20.969819684209,-19.637133058963,-19.447254021229));
#3051=VERTEX_POINT('',#3050);
#3052=CARTESIAN_POINT('',(-21.169819684209,-19.637133058963,-19.247254060749));
#3053=DIRECTION('',(0.7071068510487,0.,-0.70710671132439));
#3054=VECTOR('',#3053,0.28284268452976);
#3055=LINE('',#3052,#3054);
#3056=EDGE_CURVE('',#175,#3051,#3055,.T.);
#3057=ORIENTED_EDGE('',*,*,#3056,.T.);
#3058=CARTESIAN_POINT('',(-18.169819684209,-19.637133058963,-19.447254021229));
#3059=DIRECTION('',(-1.,2.5376526277146E-15,1.2688263138573E-15));
#3060=DIRECTION('',(3.8290221190128E-16,3.8290221190128E-16,1.));
#3061=AXIS2_PLACEMENT_3D('',#3058,#3060,#3059);
#3062=CIRCLE('',#3061,2.8);
#3063=EDGE_CURVE('',#3051,#3018,#3062,.T.);
#3064=ORIENTED_EDGE('',*,*,#3063,.T.);
#3065=EDGE_LOOP('',(#3048,#3049,#3057,#3064));
#3066=FACE_OUTER_BOUND('',#3065,.T.);
#3067=ADVANCED_FACE('',(#3066),#3047,.T.);
#3068=CARTESIAN_POINT('',(-21.069819684209,0.86286694103741,-19.347254025686));
#3069=DIRECTION('',(-0.70710679694398,-2.5121479898681E-14,0.70710676542911));
#3070=DIRECTION('',(-0.70710676542911,4.7792088242978E-15,-0.70710679694398));
#3071=AXIS2_PLACEMENT_3D('',#3068,#3070,#3069);
#3072=PLANE('',#3071);
#3073=ORIENTED_EDGE('',*,*,#3056,.F.);
#3074=ORIENTED_EDGE('',*,*,#1685,.F.);
#3075=CARTESIAN_POINT('',(-20.969819684209,21.362866941037,-19.447254021229));
#3076=VERTEX_POINT('',#3075);
#3077=CARTESIAN_POINT('',(-21.169819684209,21.362866941037,-19.247254056292));
#3078=DIRECTION('',(0.70710684316976,0.,-0.70710671920333));
#3079=VECTOR('',#3078,0.28284268768133);
#3080=LINE('',#3077,#3079);
#3081=EDGE_CURVE('',#198,#3076,#3080,.T.);
#3082=ORIENTED_EDGE('',*,*,#3081,.T.);
#3083=CARTESIAN_POINT('',(-20.969819684209,21.362866941037,-19.447254021229));
#3084=DIRECTION('',(0.,-1.,0.));
#3085=VECTOR('',#3084,41.);
#3086=LINE('',#3083,#3085);
#3087=EDGE_CURVE('',#3076,#3051,#3086,.T.);
#3088=ORIENTED_EDGE('',*,*,#3087,.T.);
#3089=EDGE_LOOP('',(#3073,#3074,#3082,#3088));
#3090=FACE_OUTER_BOUND('',#3089,.T.);
#3091=ADVANCED_FACE('',(#3090),#3072,.T.);
#3092=CARTESIAN_POINT('',(-18.169819684209,21.362866941037,-22.247254021229));
#3093=DIRECTION('',(0.70710678118653,-0.70710678118656,1.9937679545411E-14));
#3094=DIRECTION('',(-2.6914494232852E-14,1.2816425825168E-15,1.));
#3095=AXIS2_PLACEMENT_3D('',#3092,#3094,#3093);
#3096=CONICAL_SURFACE('',#3095,0.,0.78539816339747);
#3097=ORIENTED_EDGE('',*,*,#3081,.F.);
#3098=ORIENTED_EDGE('',*,*,#229,.F.);
#3099=CARTESIAN_POINT('',(-18.169819684209,24.162866941037,-19.447254021229));
#3100=VERTEX_POINT('',#3099);
#3101=CARTESIAN_POINT('',(-18.169819684209,24.362866941037,-19.247254060749));
#3102=DIRECTION('',(0.,-0.70710685104871,-0.70710671132438));
#3103=VECTOR('',#3102,0.28284268452976);
#3104=LINE('',#3101,#3103);
#3105=EDGE_CURVE('',#217,#3100,#3104,.T.);
#3106=ORIENTED_EDGE('',*,*,#3105,.T.);
#3107=CARTESIAN_POINT('',(-18.169819684209,21.362866941037,-19.447254021229));
#3108=DIRECTION('',(1.2688263138573E-15,1.,3.806478941572E-15));
#3109=DIRECTION('',(5.4807506447714E-15,-2.9430980170567E-15,1.));
#3110=AXIS2_PLACEMENT_3D('',#3107,#3109,#3108);
#3111=CIRCLE('',#3110,2.8);
#3112=EDGE_CURVE('',#3100,#3076,#3111,.T.);
#3113=ORIENTED_EDGE('',*,*,#3112,.T.);
#3114=EDGE_LOOP('',(#3097,#3098,#3106,#3113));
#3115=FACE_OUTER_BOUND('',#3114,.T.);
#3116=ADVANCED_FACE('',(#3115),#3096,.T.);
#3117=CARTESIAN_POINT('',(-2.1698196842093,24.262866941037,-19.347254025686));
#3118=DIRECTION('',(0.,0.70710679694398,0.70710676542911));
#3119=DIRECTION('',(3.9252311467094E-15,0.70710676542911,-0.70710679694398));
#3120=AXIS2_PLACEMENT_3D('',#3117,#3119,#3118);
#3121=PLANE('',#3120);
#3122=ORIENTED_EDGE('',*,*,#3105,.F.);
#3123=ORIENTED_EDGE('',*,*,#864,.F.);
#3124=CARTESIAN_POINT('',(13.830180315791,24.162866941037,-19.447254021229));
#3125=VERTEX_POINT('',#3124);
#3126=CARTESIAN_POINT('',(13.830180315791,24.362866941037,-19.247254060657));
#3127=DIRECTION('',(0.,-0.70710685088607,-0.70710671148702));
#3128=VECTOR('',#3127,0.28284268459482);
#3129=LINE('',#3126,#3128);
#3130=EDGE_CURVE('',#240,#3125,#3129,.T.);
#3131=ORIENTED_EDGE('',*,*,#3130,.T.);
#3132=CARTESIAN_POINT('',(13.830180315791,24.162866941037,-19.447254021229));
#3133=DIRECTION('',(-1.,0.,0.));
#3134=VECTOR('',#3133,32.);
#3135=LINE('',#3132,#3134);
#3136=EDGE_CURVE('',#3125,#3100,#3135,.T.);
#3137=ORIENTED_EDGE('',*,*,#3136,.T.);
#3138=EDGE_LOOP('',(#3122,#3123,#3131,#3137));
#3139=FACE_OUTER_BOUND('',#3138,.T.);
#3140=ADVANCED_FACE('',(#3139),#3121,.T.);
#3141=CARTESIAN_POINT('',(13.830180315791,21.362866941037,-22.247254021229));
#3142=DIRECTION('',(-0.70710678118655,-0.70710678118655,9.0625816142144E-16));
#3143=DIRECTION('',(9.6123193717013E-16,3.2041064572338E-16,1.));
#3144=AXIS2_PLACEMENT_3D('',#3141,#3143,#3142);
#3145=CONICAL_SURFACE('',#3144,0.,0.78539816339749);
#3146=ORIENTED_EDGE('',*,*,#3130,.F.);
#3147=ORIENTED_EDGE('',*,*,#271,.F.);
#3148=CARTESIAN_POINT('',(16.630180315791,21.362866941037,-19.447254021229));
#3149=VERTEX_POINT('',#3148);
#3150=CARTESIAN_POINT('',(16.830180315791,21.362866941037,-19.247254060657));
#3151=DIRECTION('',(-0.70710685088606,0.,-0.70710671148702));
#3152=VECTOR('',#3151,0.28284268459481);
#3153=LINE('',#3150,#3152);
#3154=EDGE_CURVE('',#259,#3149,#3153,.T.);
#3155=ORIENTED_EDGE('',*,*,#3154,.T.);
#3156=CARTESIAN_POINT('',(13.830180315791,21.362866941037,-19.447254021229));
#3157=DIRECTION('',(1.,-1.2688263138573E-15,-1.2688263138573E-15));
#3158=DIRECTION('',(1.5316088476051E-15,1.5316088476051E-15,1.));
#3159=AXIS2_PLACEMENT_3D('',#3156,#3158,#3157);
#3160=CIRCLE('',#3159,2.8);
#3161=EDGE_CURVE('',#3149,#3125,#3160,.T.);
#3162=ORIENTED_EDGE('',*,*,#3161,.T.);
#3163=EDGE_LOOP('',(#3146,#3147,#3155,#3162));
#3164=FACE_OUTER_BOUND('',#3163,.T.);
#3165=ADVANCED_FACE('',(#3164),#3145,.T.);
#3166=CARTESIAN_POINT('',(16.730180315791,0.86286694103743,-19.347254021229));
#3167=DIRECTION('',(0.70710678118655,0.,0.70710678118655));
#3168=DIRECTION('',(0.70710678118655,1.9607008264538E-15,-0.70710678118655));
#3169=AXIS2_PLACEMENT_3D('',#3166,#3168,#3167);
#3170=PLANE('',#3169);
#3171=ORIENTED_EDGE('',*,*,#3154,.F.);
#3172=ORIENTED_EDGE('',*,*,#1596,.F.);
#3173=CARTESIAN_POINT('',(16.630180315791,-19.637133058963,-19.447254021229));
#3174=VERTEX_POINT('',#3173);
#3175=CARTESIAN_POINT('',(16.830180315791,-19.637133058963,-19.247254091356));
#3176=DIRECTION('',(-0.70710690515475,0.,-0.70710665721832));
#3177=VECTOR('',#3176,0.28284266288734);
#3178=LINE('',#3175,#3177);
#3179=EDGE_CURVE('',#282,#3174,#3178,.T.);
#3180=ORIENTED_EDGE('',*,*,#3179,.T.);
#3181=CARTESIAN_POINT('',(16.630180315791,-19.637133058963,-19.447254021229));
#3182=DIRECTION('',(0.,1.,0.));
#3183=VECTOR('',#3182,41.);
#3184=LINE('',#3181,#3183);
#3185=EDGE_CURVE('',#3174,#3149,#3184,.T.);
#3186=ORIENTED_EDGE('',*,*,#3185,.T.);
#3187=EDGE_LOOP('',(#3171,#3172,#3180,#3186));
#3188=FACE_OUTER_BOUND('',#3187,.T.);
#3189=ADVANCED_FACE('',(#3188),#3170,.T.);
#3190=CARTESIAN_POINT('',(13.830180315791,-19.637133058963,-22.247254021229));
#3191=DIRECTION('',(-0.70710678118655,0.70710678118655,3.3984680849593E-16));
#3192=DIRECTION('',(1.6020532190139E-16,-3.2041064380277E-16,1.));
#3193=AXIS2_PLACEMENT_3D('',#3190,#3192,#3191);
#3194=CONICAL_SURFACE('',#3193,0.,0.78539816339745);
#3195=ORIENTED_EDGE('',*,*,#3179,.F.);
#3196=ORIENTED_EDGE('',*,*,#313,.F.);
#3197=ORIENTED_EDGE('',*,*,#3037,.F.);
#3198=CARTESIAN_POINT('',(13.830180315791,-19.637133058963,-19.447254021229));
#3199=DIRECTION('',(-1.2688263138573E-15,-1.,1.2688263138573E-15));
#3200=DIRECTION('',(-3.8290221190128E-16,3.8290221190128E-16,1.));
#3201=AXIS2_PLACEMENT_3D('',#3198,#3200,#3199);
#3202=CIRCLE('',#3201,2.8);
#3203=EDGE_CURVE('',#3026,#3174,#3202,.T.);
#3204=ORIENTED_EDGE('',*,*,#3203,.T.);
#3205=EDGE_LOOP('',(#3195,#3196,#3197,#3204));
#3206=FACE_OUTER_BOUND('',#3205,.T.);
#3207=ADVANCED_FACE('',(#3206),#3194,.T.);
#3208=CARTESIAN_POINT('',(-2.1698196842093,0.86286694103744,6.2027459787712));
#3209=DIRECTION('',(6.7393692269725E-16,1.,-1.2705368214784E-16));
#3210=DIRECTION('',(-9.943331646353E-17,-1.2705368214784E-16,-1.));
#3211=AXIS2_PLACEMENT_3D('',#3208,#3210,#3209);
#3212=CONICAL_SURFACE('',#3211,0.,0.78539816339745);
#3213=CARTESIAN_POINT('',(-2.1698196842093,8.3128669410374,-1.2472540212288));
#3214=DIRECTION('',(0.,-0.70710678118655,0.70710678118655));
#3215=VECTOR('',#3214,0.28284271247462);
#3216=LINE('',#3213,#3215);
#3217=EDGE_CURVE('',#327,#353,#3216,.T.);
#3218=ORIENTED_EDGE('',*,*,#3217,.T.);
#3219=ORIENTED_EDGE('',*,*,#365,.F.);
#3220=ORIENTED_EDGE('',*,*,#3217,.F.);
#3221=ORIENTED_EDGE('',*,*,#333,.F.);
#3222=EDGE_LOOP('',(#3218,#3219,#3220,#3221));
#3223=FACE_OUTER_BOUND('',#3222,.T.);
#3224=ADVANCED_FACE('',(#3223),#3212,.F.);
#3225=CARTESIAN_POINT('',(-2.1698196842093,0.86286694103744,-8.9472540212286));
#3226=DIRECTION('',(4.5146963092235E-16,1.,1.4914621735828E-16));
#3227=DIRECTION('',(2.4185873085127E-16,-1.4914621735828E-16,1.));
#3228=AXIS2_PLACEMENT_3D('',#3225,#3227,#3226);
#3229=CONICAL_SURFACE('',#3228,0.,0.78539816339746);
#3230=CARTESIAN_POINT('',(-2.1698196842093,11.062866941037,1.2527459787712));
#3231=DIRECTION('',(0.,-0.70710678118655,-0.70710678118655));
#3232=VECTOR('',#3231,0.28284271247462);
#3233=LINE('',#3230,#3232);
#3234=EDGE_CURVE('',#824,#563,#3233,.T.);
#3235=ORIENTED_EDGE('',*,*,#3234,.T.);
#3236=ORIENTED_EDGE('',*,*,#575,.F.);
#3237=ORIENTED_EDGE('',*,*,#3234,.F.);
#3238=ORIENTED_EDGE('',*,*,#830,.F.);
#3239=EDGE_LOOP('',(#3235,#3236,#3237,#3238));
#3240=FACE_OUTER_BOUND('',#3239,.T.);
#3241=ADVANCED_FACE('',(#3240),#3229,.F.);
#3242=CARTESIAN_POINT('',(-2.1698196842093,0.86286694103744,-7.7972540212288));
#3243=DIRECTION('',(-1.3257775528471E-16,1.,-7.7337023916079E-17));
#3244=DIRECTION('',(-2.4305921802196E-16,7.7337023916079E-17,1.));
#3245=AXIS2_PLACEMENT_3D('',#3242,#3244,#3243);
#3246=CONICAL_SURFACE('',#3245,0.,0.78539816339745);
#3247=ORIENTED_EDGE('',*,*,#596,.F.);
#3248=CARTESIAN_POINT('',(-2.1698196842093,8.3128669410374,-0.3472540212288));
#3249=DIRECTION('',(0.,-0.70710678118655,-0.70710678118655));
#3250=VECTOR('',#3249,0.28284271247462);
#3251=LINE('',#3248,#3250);
#3252=EDGE_CURVE('',#590,#344,#3251,.T.);
#3253=ORIENTED_EDGE('',*,*,#3252,.T.);
#3254=ORIENTED_EDGE('',*,*,#350,.F.);
#3255=ORIENTED_EDGE('',*,*,#3252,.F.);
#3256=EDGE_LOOP('',(#3247,#3253,#3254,#3255));
#3257=FACE_OUTER_BOUND('',#3256,.T.);
#3258=ADVANCED_FACE('',(#3257),#3246,.F.);
#3259=CARTESIAN_POINT('',(-14.669819684209,23.162866941037,-16.947254021229));
#3260=DIRECTION('',(1.,-1.6243483951514E-14,-5.7329943358287E-15));
#3261=DIRECTION('',(1.6243483951514E-14,1.,-1.5287984895543E-14));
#3262=AXIS2_PLACEMENT_3D('',#3259,#3261,#3260);
#3263=CONICAL_SURFACE('',#3262,0.,0.78539816339743);
#3264=CARTESIAN_POINT('',(-15.869819684209,24.362866941037,-16.947254021229));
#3265=DIRECTION('',(0.70710679740227,-0.70710676497082,0.));
#3266=VECTOR('',#3265,0.28284270598833);
#3267=LINE('',#3264,#3266);
#3268=EDGE_CURVE('',#880,#1336,#3267,.T.);
#3269=ORIENTED_EDGE('',*,*,#3268,.T.);
#3270=ORIENTED_EDGE('',*,*,#1380,.F.);
#3271=CARTESIAN_POINT('',(-13.669819684209,24.16286695021,-16.947254021229));
#3272=DIRECTION('',(0.70710679740227,0.70710676497083,0.));
#3273=VECTOR('',#3272,0.28284270598833);
#3274=LINE('',#3271,#3273);
#3275=EDGE_CURVE('',#1368,#882,#3274,.T.);
#3276=ORIENTED_EDGE('',*,*,#3275,.T.);
#3277=ORIENTED_EDGE('',*,*,#888,.F.);
#3278=EDGE_LOOP('',(#3269,#3270,#3276,#3277));
#3279=FACE_OUTER_BOUND('',#3278,.T.);
#3280=ADVANCED_FACE('',(#3279),#3263,.F.);
#3281=CARTESIAN_POINT('',(-15.769819684209,24.262866945624,-13.597254021229));
#3282=DIRECTION('',(-0.70710679740257,0.70710676497053,0.));
#3283=DIRECTION('',(0.70710676497053,0.70710679740257,7.3114753342894E-15));
#3284=AXIS2_PLACEMENT_3D('',#3281,#3283,#3282);
#3285=PLANE('',#3284);
#3286=ORIENTED_EDGE('',*,*,#3268,.F.);
#3287=ORIENTED_EDGE('',*,*,#911,.F.);
#3288=CARTESIAN_POINT('',(-15.869819684209,24.362866941037,-10.247254021229));
#3289=DIRECTION('',(0.70710678929529,-0.7071067730778,0.));
#3290=VECTOR('',#3289,0.28284270923112);
#3291=LINE('',#3288,#3290);
#3292=EDGE_CURVE('',#899,#1297,#3291,.T.);
#3293=ORIENTED_EDGE('',*,*,#3292,.T.);
#3294=ORIENTED_EDGE('',*,*,#1347,.F.);
#3295=EDGE_LOOP('',(#3286,#3287,#3293,#3294));
#3296=FACE_OUTER_BOUND('',#3295,.T.);
#3297=ADVANCED_FACE('',(#3296),#3285,.T.);
#3298=CARTESIAN_POINT('',(-14.669819684209,23.162866941038,-10.247254021229));
#3299=DIRECTION('',(-1.,2.0065480178312E-14,4.7774952805501E-15));
#3300=DIRECTION('',(2.0065480178312E-14,1.,-1.0828989302581E-14));
#3301=AXIS2_PLACEMENT_3D('',#3298,#3300,#3299);
#3302=CONICAL_SURFACE('',#3301,0.,0.78539816339748);
#3303=ORIENTED_EDGE('',*,*,#3292,.F.);
#3304=ORIENTED_EDGE('',*,*,#905,.F.);
#3305=CARTESIAN_POINT('',(-13.469819684209,24.362866941037,-10.247254021229));
#3306=DIRECTION('',(-0.7071067911868,-0.7071067711863,0.));
#3307=VECTOR('',#3306,0.28284270847452);
#3308=LINE('',#3305,#3307);
#3309=EDGE_CURVE('',#891,#1305,#3308,.T.);
#3310=ORIENTED_EDGE('',*,*,#3309,.T.);
#3311=ORIENTED_EDGE('',*,*,#1311,.F.);
#3312=EDGE_LOOP('',(#3303,#3304,#3310,#3311));
#3313=FACE_OUTER_BOUND('',#3312,.T.);
#3314=ADVANCED_FACE('',(#3313),#3302,.F.);
#3315=CARTESIAN_POINT('',(-13.569819684209,24.262866941037,-13.597254021229));
#3316=DIRECTION('',(0.70710678118655,0.70710678118655,-6.2803698347341E-15));
#3317=DIRECTION('',(-0.70710678118655,0.70710678118655,0.));
#3318=AXIS2_PLACEMENT_3D('',#3315,#3317,#3316);
#3319=PLANE('',#3318);
#3320=ORIENTED_EDGE('',*,*,#3309,.F.);
#3321=ORIENTED_EDGE('',*,*,#896,.F.);
#3322=ORIENTED_EDGE('',*,*,#3275,.F.);
#3323=ORIENTED_EDGE('',*,*,#1402,.F.);
#3324=EDGE_LOOP('',(#3320,#3321,#3322,#3323));
#3325=FACE_OUTER_BOUND('',#3324,.T.);
#3326=ADVANCED_FACE('',(#3325),#3319,.T.);
#3327=CARTESIAN_POINT('',(5.3301803157907,23.162866941037,-16.947254021229));
#3328=DIRECTION('',(1.,-2.0065480175399E-14,-1.2102988042305E-14));
#3329=DIRECTION('',(2.0065480175399E-14,1.,-1.5287984895542E-14));
#3330=AXIS2_PLACEMENT_3D('',#3327,#3329,#3328);
#3331=CONICAL_SURFACE('',#3330,0.,0.78539816339741);
#3332=CARTESIAN_POINT('',(4.1301803157907,24.362866941037,-16.947254021229));
#3333=DIRECTION('',(0.70710679740227,-0.70710676497083,0.));
#3334=VECTOR('',#3333,0.28284270598833);
#3335=LINE('',#3332,#3334);
#3336=EDGE_CURVE('',#916,#1168,#3335,.T.);
#3337=ORIENTED_EDGE('',*,*,#3336,.T.);
#3338=ORIENTED_EDGE('',*,*,#1219,.F.);
#3339=CARTESIAN_POINT('',(6.3301803157907,24.16286695021,-16.947254021229));
#3340=DIRECTION('',(0.70710679740227,0.70710676497083,0.));
#3341=VECTOR('',#3340,0.28284270598833);
#3342=LINE('',#3339,#3341);
#3343=EDGE_CURVE('',#1207,#918,#3342,.T.);
#3344=ORIENTED_EDGE('',*,*,#3343,.T.);
#3345=ORIENTED_EDGE('',*,*,#924,.F.);
#3346=EDGE_LOOP('',(#3337,#3338,#3344,#3345));
#3347=FACE_OUTER_BOUND('',#3346,.T.);
#3348=ADVANCED_FACE('',(#3347),#3331,.F.);
#3349=CARTESIAN_POINT('',(4.2301803157907,24.262866945624,-13.597254021229));
#3350=DIRECTION('',(-0.70710679740255,0.70710676497054,-2.5121479338925E-14));
#3351=DIRECTION('',(0.70710676497054,0.70710679740255,-1.3873056330448E-14));
#3352=AXIS2_PLACEMENT_3D('',#3349,#3351,#3350);
#3353=PLANE('',#3352);
#3354=ORIENTED_EDGE('',*,*,#3336,.F.);
#3355=ORIENTED_EDGE('',*,*,#947,.F.);
#3356=CARTESIAN_POINT('',(4.1301803157907,24.362866941037,-10.247254021229));
#3357=DIRECTION('',(0.70710678929529,-0.7071067730778,0.));
#3358=VECTOR('',#3357,0.28284270923112);
#3359=LINE('',#3356,#3358);
#3360=EDGE_CURVE('',#935,#1176,#3359,.T.);
#3361=ORIENTED_EDGE('',*,*,#3360,.T.);
#3362=ORIENTED_EDGE('',*,*,#1181,.F.);
#3363=EDGE_LOOP('',(#3354,#3355,#3361,#3362));
#3364=FACE_OUTER_BOUND('',#3363,.T.);
#3365=ADVANCED_FACE('',(#3364),#3353,.T.);
#3366=CARTESIAN_POINT('',(5.3301803157907,23.162866941037,-10.247254021229));
#3367=DIRECTION('',(-1.,-2.0861729388709E-14,1.6243483951515E-14));
#3368=DIRECTION('',(-2.0861729388709E-14,1.,1.6561983636837E-14));
#3369=AXIS2_PLACEMENT_3D('',#3366,#3368,#3367);
#3370=CONICAL_SURFACE('',#3369,0.,0.78539816339739);
#3371=ORIENTED_EDGE('',*,*,#3360,.F.);
#3372=ORIENTED_EDGE('',*,*,#941,.F.);
#3373=CARTESIAN_POINT('',(6.5301803157907,24.362866941037,-10.247254021229));
#3374=DIRECTION('',(-0.7071067911868,-0.70710677118629,0.));
#3375=VECTOR('',#3374,0.28284270847452);
#3376=LINE('',#3373,#3375);
#3377=EDGE_CURVE('',#927,#1239,#3376,.T.);
#3378=ORIENTED_EDGE('',*,*,#3377,.T.);
#3379=ORIENTED_EDGE('',*,*,#1274,.F.);
#3380=EDGE_LOOP('',(#3371,#3372,#3378,#3379));
#3381=FACE_OUTER_BOUND('',#3380,.T.);
#3382=ADVANCED_FACE('',(#3381),#3370,.F.);
#3383=CARTESIAN_POINT('',(6.4301803157907,24.262866941037,-13.597254021229));
#3384=DIRECTION('',(0.70710678118656,0.70710678118653,-3.1401849173652E-14));
#3385=DIRECTION('',(-0.70710678118653,0.70710678118656,-2.9995796225601E-14));
#3386=AXIS2_PLACEMENT_3D('',#3383,#3385,#3384);
#3387=PLANE('',#3386);
#3388=ORIENTED_EDGE('',*,*,#3377,.F.);
#3389=ORIENTED_EDGE('',*,*,#932,.F.);
#3390=ORIENTED_EDGE('',*,*,#3343,.F.);
#3391=ORIENTED_EDGE('',*,*,#1250,.F.);
#3392=EDGE_LOOP('',(#3388,#3389,#3390,#3391));
#3393=FACE_OUTER_BOUND('',#3392,.T.);
#3394=ADVANCED_FACE('',(#3393),#3387,.T.);
#3395=CARTESIAN_POINT('',(10.330180315791,23.162866941037,-16.947254021229));
#3396=DIRECTION('',(1.,-2.4842975455252E-14,-1.5287984895541E-14));
#3397=DIRECTION('',(2.4842975455251E-14,1.,-1.5287984895539E-14));
#3398=AXIS2_PLACEMENT_3D('',#3395,#3397,#3396);
#3399=CONICAL_SURFACE('',#3398,0.,0.7853981633974);
#3400=CARTESIAN_POINT('',(9.1301803157907,24.362866941037,-16.947254021229));
#3401=DIRECTION('',(0.70710679740227,-0.70710676497082,0.));
#3402=VECTOR('',#3401,0.28284270598833);
#3403=LINE('',#3400,#3402);
#3404=EDGE_CURVE('',#952,#1049,#3403,.T.);
#3405=ORIENTED_EDGE('',*,*,#3404,.T.);
#3406=ORIENTED_EDGE('',*,*,#1055,.F.);
#3407=CARTESIAN_POINT('',(11.330180315791,24.16286695021,-16.947254021229));
#3408=DIRECTION('',(0.70710679740227,0.70710676497083,0.));
#3409=VECTOR('',#3408,0.28284270598833);
#3410=LINE('',#3407,#3409);
#3411=EDGE_CURVE('',#1041,#954,#3410,.T.);
#3412=ORIENTED_EDGE('',*,*,#3411,.T.);
#3413=ORIENTED_EDGE('',*,*,#960,.F.);
#3414=EDGE_LOOP('',(#3405,#3406,#3412,#3413));
#3415=FACE_OUTER_BOUND('',#3414,.T.);
#3416=ADVANCED_FACE('',(#3415),#3399,.F.);
#3417=CARTESIAN_POINT('',(9.2301803157907,24.262866945623,-13.597254021229));
#3418=DIRECTION('',(-0.70710679740259,0.7071067649705,0.));
#3419=DIRECTION('',(0.7071067649705,0.70710679740259,4.1244219810201E-14));
#3420=AXIS2_PLACEMENT_3D('',#3417,#3419,#3418);
#3421=PLANE('',#3420);
#3422=ORIENTED_EDGE('',*,*,#3404,.F.);
#3423=ORIENTED_EDGE('',*,*,#983,.F.);
#3424=CARTESIAN_POINT('',(9.1301803157907,24.362866941037,-10.247254021229));
#3425=DIRECTION('',(0.70710678929529,-0.7071067730778,0.));
#3426=VECTOR('',#3425,0.28284270923112);
#3427=LINE('',#3424,#3426);
#3428=EDGE_CURVE('',#971,#1112,#3427,.T.);
#3429=ORIENTED_EDGE('',*,*,#3428,.T.);
#3430=ORIENTED_EDGE('',*,*,#1146,.F.);
#3431=EDGE_LOOP('',(#3422,#3423,#3429,#3430));
#3432=FACE_OUTER_BOUND('',#3431,.T.);
#3433=ADVANCED_FACE('',(#3432),#3421,.T.);
#3434=CARTESIAN_POINT('',(10.330180315791,23.162866941037,-10.247254021229));
#3435=DIRECTION('',(-1.,-1.6880483324605E-14,2.2294977975896E-15));
#3436=DIRECTION('',(-1.6880483324605E-14,1.,7.9624921342478E-15));
#3437=AXIS2_PLACEMENT_3D('',#3434,#3436,#3435);
#3438=CONICAL_SURFACE('',#3437,0.,0.7853981633974);
#3439=ORIENTED_EDGE('',*,*,#3428,.F.);
#3440=ORIENTED_EDGE('',*,*,#977,.F.);
#3441=CARTESIAN_POINT('',(11.530180315791,24.362866941037,-10.247254021229));
#3442=DIRECTION('',(-0.7071067911868,-0.7071067711863,0.));
#3443=VECTOR('',#3442,0.28284270847452);
#3444=LINE('',#3441,#3443);
#3445=EDGE_CURVE('',#963,#1080,#3444,.T.);
#3446=ORIENTED_EDGE('',*,*,#3445,.T.);
#3447=ORIENTED_EDGE('',*,*,#1124,.F.);
#3448=EDGE_LOOP('',(#3439,#3440,#3446,#3447));
#3449=FACE_OUTER_BOUND('',#3448,.T.);
#3450=ADVANCED_FACE('',(#3449),#3438,.F.);
#3451=CARTESIAN_POINT('',(11.430180315791,24.262866941037,-13.597254021229));
#3452=DIRECTION('',(0.70710678118655,0.70710678118654,5.0242958677821E-14));
#3453=DIRECTION('',(-0.70710678118654,0.70710678118655,3.5245060565081E-14));
#3454=AXIS2_PLACEMENT_3D('',#3451,#3453,#3452);
#3455=PLANE('',#3454);
#3456=ORIENTED_EDGE('',*,*,#3445,.F.);
#3457=ORIENTED_EDGE('',*,*,#968,.F.);
#3458=ORIENTED_EDGE('',*,*,#3411,.F.);
#3459=ORIENTED_EDGE('',*,*,#1091,.F.);
#3460=EDGE_LOOP('',(#3456,#3457,#3458,#3459));
#3461=FACE_OUTER_BOUND('',#3460,.T.);
#3462=ADVANCED_FACE('',(#3461),#3455,.T.);
#3463=CARTESIAN_POINT('',(-9.6698196842093,23.162866941037,-16.947254021229));
#3464=DIRECTION('',(1.,-1.2102988042306E-14,-3.1849968532385E-15));
#3465=DIRECTION('',(1.2102988042306E-14,1.,-1.5287984895544E-14));
#3466=AXIS2_PLACEMENT_3D('',#3463,#3465,#3464);
#3467=CONICAL_SURFACE('',#3466,0.,0.78539816339743);
#3468=CARTESIAN_POINT('',(-10.869819684209,24.362866941037,-16.947254021229));
#3469=DIRECTION('',(0.70710679740227,-0.70710676497082,0.));
#3470=VECTOR('',#3469,0.28284270598833);
#3471=LINE('',#3468,#3470);
#3472=EDGE_CURVE('',#988,#1495,#3471,.T.);
#3473=ORIENTED_EDGE('',*,*,#3472,.T.);
#3474=ORIENTED_EDGE('',*,*,#1530,.F.);
#3475=CARTESIAN_POINT('',(-8.6698196842093,24.16286695021,-16.947254021229));
#3476=DIRECTION('',(0.70710679740227,0.70710676497083,0.));
#3477=VECTOR('',#3476,0.28284270598833);
#3478=LINE('',#3475,#3477);
#3479=EDGE_CURVE('',#1432,#990,#3478,.T.);
#3480=ORIENTED_EDGE('',*,*,#3479,.T.);
#3481=ORIENTED_EDGE('',*,*,#996,.F.);
#3482=EDGE_LOOP('',(#3473,#3474,#3480,#3481));
#3483=FACE_OUTER_BOUND('',#3482,.T.);
#3484=ADVANCED_FACE('',(#3483),#3467,.F.);
#3485=CARTESIAN_POINT('',(-10.769819684209,24.262866945623,-13.597254021229));
#3486=DIRECTION('',(-0.70710679740258,0.70710676497052,2.5121479339051E-14));
#3487=DIRECTION('',(0.70710676497052,0.70710679740258,3.5620013735999E-15));
#3488=AXIS2_PLACEMENT_3D('',#3485,#3487,#3486);
#3489=PLANE('',#3488);
#3490=ORIENTED_EDGE('',*,*,#3472,.F.);
#3491=ORIENTED_EDGE('',*,*,#1019,.F.);
#3492=CARTESIAN_POINT('',(-10.869819684209,24.362866941037,-10.247254021229));
#3493=DIRECTION('',(0.70710678929529,-0.7071067730778,0.));
#3494=VECTOR('',#3493,0.28284270923112);
#3495=LINE('',#3492,#3494);
#3496=EDGE_CURVE('',#1007,#1463,#3495,.T.);
#3497=ORIENTED_EDGE('',*,*,#3496,.T.);
#3498=ORIENTED_EDGE('',*,*,#1506,.F.);
#3499=EDGE_LOOP('',(#3490,#3491,#3497,#3498));
#3500=FACE_OUTER_BOUND('',#3499,.T.);
#3501=ADVANCED_FACE('',(#3500),#3489,.T.);
#3502=CARTESIAN_POINT('',(-9.6698196842093,23.162866941038,-10.247254021229));
#3503=DIRECTION('',(-1.,1.4013986156281E-14,-6.3699937074002E-16));
#3504=DIRECTION('',(1.4013986156281E-14,1.,-1.1147488987951E-14));
#3505=AXIS2_PLACEMENT_3D('',#3502,#3504,#3503);
#3506=CONICAL_SURFACE('',#3505,0.,0.78539816339748);
#3507=ORIENTED_EDGE('',*,*,#3496,.F.);
#3508=ORIENTED_EDGE('',*,*,#1013,.F.);
#3509=CARTESIAN_POINT('',(-8.4698196842093,24.362866941037,-10.247254021229));
#3510=DIRECTION('',(-0.7071067911868,-0.7071067711863,0.));
#3511=VECTOR('',#3510,0.28284270847452);
#3512=LINE('',#3509,#3511);
#3513=EDGE_CURVE('',#999,#1424,#3512,.T.);
#3514=ORIENTED_EDGE('',*,*,#3513,.T.);
#3515=ORIENTED_EDGE('',*,*,#1475,.F.);
#3516=EDGE_LOOP('',(#3507,#3508,#3514,#3515));
#3517=FACE_OUTER_BOUND('',#3516,.T.);
#3518=ADVANCED_FACE('',(#3517),#3506,.F.);
#3519=CARTESIAN_POINT('',(-8.5698196842093,24.262866941037,-13.597254021229));
#3520=DIRECTION('',(0.70710678118653,0.70710678118656,1.8841109504197E-14));
#3521=DIRECTION('',(-0.70710678118656,0.70710678118653,2.005968872587E-14));
#3522=AXIS2_PLACEMENT_3D('',#3519,#3521,#3520);
#3523=PLANE('',#3522);
#3524=ORIENTED_EDGE('',*,*,#3513,.F.);
#3525=ORIENTED_EDGE('',*,*,#1004,.F.);
#3526=ORIENTED_EDGE('',*,*,#3479,.F.);
#3527=ORIENTED_EDGE('',*,*,#1437,.F.);
#3528=EDGE_LOOP('',(#3524,#3525,#3526,#3527));
#3529=FACE_OUTER_BOUND('',#3528,.T.);
#3530=ADVANCED_FACE('',(#3529),#3523,.T.);
#3531=CARTESIAN_POINT('',(15.630180315791,-4.1371330589625,-10.247254020316));
#3532=DIRECTION('',(1.4332485848471E-14,1.,1.2102988049819E-14));
#3533=DIRECTION('',(1.,-1.433248584847E-14,-1.0510489622212E-14));
#3534=AXIS2_PLACEMENT_3D('',#3531,#3533,#3532);
#3535=CONICAL_SURFACE('',#3534,0.,0.78539816339747);
#3536=CARTESIAN_POINT('',(16.830180315791,-5.3371330589626,-10.247254020316));
#3537=DIRECTION('',(-0.70710676497082,0.70710679740228,0.));
#3538=VECTOR('',#3537,0.28284270598833);
#3539=LINE('',#3536,#3538);
#3540=EDGE_CURVE('',#1637,#2105,#3539,.T.);
#3541=ORIENTED_EDGE('',*,*,#3540,.T.);
#3542=ORIENTED_EDGE('',*,*,#2139,.F.);
#3543=CARTESIAN_POINT('',(16.630180324964,-3.1371330589626,-10.247254020316));
#3544=DIRECTION('',(0.70710676497082,0.70710679740228,0.));
#3545=VECTOR('',#3544,0.28284270598833);
#3546=LINE('',#3543,#3545);
#3547=EDGE_CURVE('',#2030,#1639,#3546,.T.);
#3548=ORIENTED_EDGE('',*,*,#3547,.T.);
#3549=ORIENTED_EDGE('',*,*,#1645,.F.);
#3550=EDGE_LOOP('',(#3541,#3542,#3548,#3549));
#3551=FACE_OUTER_BOUND('',#3550,.T.);
#3552=ADVANCED_FACE('',(#3551),#3535,.F.);
#3553=CARTESIAN_POINT('',(16.730180320378,-5.2371330589626,-13.597254020772));
#3554=DIRECTION('',(0.70710676497054,-0.70710679740256,1.2560739669466E-14));
#3555=DIRECTION('',(0.70710679740256,0.70710676497054,7.6864230698158E-15));
#3556=AXIS2_PLACEMENT_3D('',#3553,#3555,#3554);
#3557=PLANE('',#3556);
#3558=ORIENTED_EDGE('',*,*,#3540,.F.);
#3559=ORIENTED_EDGE('',*,*,#1668,.F.);
#3560=CARTESIAN_POINT('',(16.830180315791,-5.3371330589626,-16.947254021229));
#3561=DIRECTION('',(-0.7071067730778,0.70710678929529,0.));
#3562=VECTOR('',#3561,0.28284270923112);
#3563=LINE('',#3560,#3562);
#3564=EDGE_CURVE('',#1656,#2080,#3563,.T.);
#3565=ORIENTED_EDGE('',*,*,#3564,.T.);
#3566=ORIENTED_EDGE('',*,*,#2116,.F.);
#3567=EDGE_LOOP('',(#3558,#3559,#3565,#3566));
#3568=FACE_OUTER_BOUND('',#3567,.T.);
#3569=ADVANCED_FACE('',(#3568),#3557,.T.);
#3570=CARTESIAN_POINT('',(15.630180315791,-4.1371330589626,-16.947254021229));
#3571=DIRECTION('',(9.2364908754221E-15,-1.,0.));
#3572=DIRECTION('',(1.,9.2364908754221E-15,-0.));
#3573=AXIS2_PLACEMENT_3D('',#3570,#3572,#3571);
#3574=CONICAL_SURFACE('',#3573,0.,0.78539816339744);
#3575=ORIENTED_EDGE('',*,*,#3564,.F.);
#3576=ORIENTED_EDGE('',*,*,#1662,.F.);
#3577=CARTESIAN_POINT('',(16.830180315791,-2.9371330589626,-16.947254021229));
#3578=DIRECTION('',(-0.70710677161939,-0.7071067907537,0.));
#3579=VECTOR('',#3578,0.28284270864776);
#3580=LINE('',#3577,#3579);
#3581=EDGE_CURVE('',#1648,#2048,#3580,.T.);
#3582=ORIENTED_EDGE('',*,*,#3581,.T.);
#3583=ORIENTED_EDGE('',*,*,#2092,.F.);
#3584=EDGE_LOOP('',(#3575,#3576,#3582,#3583));
#3585=FACE_OUTER_BOUND('',#3584,.T.);
#3586=ADVANCED_FACE('',(#3585),#3574,.F.);
#3587=CARTESIAN_POINT('',(16.730180315791,-3.0371330589625,-13.597254020772));
#3588=DIRECTION('',(0.70710678118655,0.70710678118655,2.5121479338938E-14));
#3589=DIRECTION('',(0.70710678118655,-0.70710678118655,3.8666456066788E-14));
#3590=AXIS2_PLACEMENT_3D('',#3587,#3589,#3588);
#3591=PLANE('',#3590);
#3592=ORIENTED_EDGE('',*,*,#3581,.F.);
#3593=ORIENTED_EDGE('',*,*,#1653,.F.);
#3594=ORIENTED_EDGE('',*,*,#3547,.F.);
#3595=ORIENTED_EDGE('',*,*,#2059,.F.);
#3596=EDGE_LOOP('',(#3592,#3593,#3594,#3595));
#3597=FACE_OUTER_BOUND('',#3596,.T.);
#3598=ADVANCED_FACE('',(#3597),#3591,.T.);
#3599=CARTESIAN_POINT('',(-19.969819684209,-4.1371330589626,-10.247254020316));
#3600=DIRECTION('',(7.1662429242351E-15,1.,6.3699937104312E-16));
#3601=DIRECTION('',(-1.,7.1662429242351E-15,2.5479974841725E-15));
#3602=AXIS2_PLACEMENT_3D('',#3599,#3601,#3600);
#3603=CONICAL_SURFACE('',#3602,0.,0.78539816339745);
#3604=ORIENTED_EDGE('',*,*,#1734,.F.);
#3605=CARTESIAN_POINT('',(-21.169819684209,-2.9371330589626,-10.247254020316));
#3606=DIRECTION('',(0.70710676497082,-0.70710679740228,0.));
#3607=VECTOR('',#3606,0.28284270598833);
#3608=LINE('',#3605,#3607);
#3609=EDGE_CURVE('',#1726,#1776,#3608,.T.);
#3610=ORIENTED_EDGE('',*,*,#3609,.T.);
#3611=ORIENTED_EDGE('',*,*,#1836,.F.);
#3612=CARTESIAN_POINT('',(-20.969819693382,-5.1371330589626,-10.247254020316));
#3613=DIRECTION('',(-0.70710676497082,-0.70710679740228,0.));
#3614=VECTOR('',#3613,0.28284270598833);
#3615=LINE('',#3612,#3614);
#3616=EDGE_CURVE('',#1824,#1728,#3615,.T.);
#3617=ORIENTED_EDGE('',*,*,#3616,.T.);
#3618=EDGE_LOOP('',(#3604,#3610,#3611,#3617));
#3619=FACE_OUTER_BOUND('',#3618,.T.);
#3620=ADVANCED_FACE('',(#3619),#3603,.F.);
#3621=CARTESIAN_POINT('',(-21.069819688796,-5.2371330589627,-13.597254020772));
#3622=DIRECTION('',(-0.70710676497051,-0.70710679740259,2.5121479338913E-14));
#3623=DIRECTION('',(-0.70710679740259,0.70710676497051,6.4678441342226E-15));
#3624=AXIS2_PLACEMENT_3D('',#3621,#3623,#3622);
#3625=PLANE('',#3624);
#3626=ORIENTED_EDGE('',*,*,#1867,.F.);
#3627=CARTESIAN_POINT('',(-20.969819688796,-5.1371330589626,-16.947254021229));
#3628=DIRECTION('',(-0.70710677307762,-0.70710678929548,0.));
#3629=VECTOR('',#3628,0.28284270923119);
#3630=LINE('',#3627,#3629);
#3631=EDGE_CURVE('',#1856,#1737,#3630,.T.);
#3632=ORIENTED_EDGE('',*,*,#3631,.T.);
#3633=ORIENTED_EDGE('',*,*,#1742,.F.);
#3634=ORIENTED_EDGE('',*,*,#3616,.F.);
#3635=EDGE_LOOP('',(#3626,#3632,#3633,#3634));
#3636=FACE_OUTER_BOUND('',#3635,.T.);
#3637=ADVANCED_FACE('',(#3636),#3625,.T.);
#3638=CARTESIAN_POINT('',(-19.969819684209,-4.1371330589626,-16.947254021229));
#3639=DIRECTION('',(8.1217419766639E-15,-1.,3.1849968535936E-15));
#3640=DIRECTION('',(-1.,-8.1217419766639E-15,-0.));
#3641=AXIS2_PLACEMENT_3D('',#3638,#3640,#3639);
#3642=CONICAL_SURFACE('',#3641,0.,0.78539816339746);
#3643=ORIENTED_EDGE('',*,*,#1883,.F.);
#3644=CARTESIAN_POINT('',(-20.969819689621,-3.1371330589626,-16.947254021229));
#3645=DIRECTION('',(-0.70710677161939,0.70710679075371,0.));
#3646=VECTOR('',#3645,0.28284270864776);
#3647=LINE('',#3644,#3646);
#3648=EDGE_CURVE('',#1784,#1745,#3647,.T.);
#3649=ORIENTED_EDGE('',*,*,#3648,.T.);
#3650=ORIENTED_EDGE('',*,*,#1751,.F.);
#3651=ORIENTED_EDGE('',*,*,#3631,.F.);
#3652=EDGE_LOOP('',(#3643,#3649,#3650,#3651));
#3653=FACE_OUTER_BOUND('',#3652,.T.);
#3654=ADVANCED_FACE('',(#3653),#3642,.F.);
#3655=CARTESIAN_POINT('',(-21.069819684209,-3.0371330589626,-13.597254020772));
#3656=DIRECTION('',(-0.70710678118653,0.70710678118657,0.));
#3657=DIRECTION('',(-0.70710678118657,-0.70710678118653,2.3902900114015E-15));
#3658=AXIS2_PLACEMENT_3D('',#3655,#3657,#3656);
#3659=PLANE('',#3658);
#3660=ORIENTED_EDGE('',*,*,#1789,.F.);
#3661=ORIENTED_EDGE('',*,*,#3609,.F.);
#3662=ORIENTED_EDGE('',*,*,#1757,.F.);
#3663=ORIENTED_EDGE('',*,*,#3648,.F.);
#3664=EDGE_LOOP('',(#3660,#3661,#3662,#3663));
#3665=FACE_OUTER_BOUND('',#3664,.T.);
#3666=ADVANCED_FACE('',(#3665),#3659,.T.);
#3667=CARTESIAN_POINT('',(15.630180315791,5.8628669410374,-10.247254020316));
#3668=DIRECTION('',(-1.2899237255614E-14,1.,2.165797860202E-14));
#3669=DIRECTION('',(1.,1.2899237255614E-14,9.5549905597139E-15));
#3670=AXIS2_PLACEMENT_3D('',#3667,#3669,#3668);
#3671=CONICAL_SURFACE('',#3670,0.,0.78539816339741);
#3672=CARTESIAN_POINT('',(16.830180315791,4.6628669410374,-10.247254020316));
#3673=DIRECTION('',(-0.70710676497082,0.70710679740228,0.));
#3674=VECTOR('',#3673,0.28284270598833);
#3675=LINE('',#3672,#3674);
#3676=EDGE_CURVE('',#1601,#2160,#3675,.T.);
#3677=ORIENTED_EDGE('',*,*,#3676,.T.);
#3678=ORIENTED_EDGE('',*,*,#2212,.F.);
#3679=CARTESIAN_POINT('',(16.630180324964,6.8628669410374,-10.247254020316));
#3680=DIRECTION('',(0.70710676497082,0.70710679740227,0.));
#3681=VECTOR('',#3680,0.28284270598833);
#3682=LINE('',#3679,#3681);
#3683=EDGE_CURVE('',#2200,#1603,#3682,.T.);
#3684=ORIENTED_EDGE('',*,*,#3683,.T.);
#3685=ORIENTED_EDGE('',*,*,#1609,.F.);
#3686=EDGE_LOOP('',(#3677,#3678,#3684,#3685));
#3687=FACE_OUTER_BOUND('',#3686,.T.);
#3688=ADVANCED_FACE('',(#3687),#3671,.F.);
#3689=CARTESIAN_POINT('',(16.730180320378,4.7628669410374,-13.597254020772));
#3690=DIRECTION('',(0.7071067649705,-0.7071067974026,1.2560739669466E-14));
#3691=DIRECTION('',(0.7071067974026,0.7071067649705,-1.2467002518659E-14));
#3692=AXIS2_PLACEMENT_3D('',#3689,#3691,#3690);
#3693=PLANE('',#3692);
#3694=ORIENTED_EDGE('',*,*,#3676,.F.);
#3695=ORIENTED_EDGE('',*,*,#1632,.F.);
#3696=CARTESIAN_POINT('',(16.830180315791,4.6628669410374,-16.947254021229));
#3697=DIRECTION('',(-0.7071067730778,0.70710678929529,0.));
#3698=VECTOR('',#3697,0.28284270923112);
#3699=LINE('',#3696,#3698);
#3700=EDGE_CURVE('',#1620,#2168,#3699,.T.);
#3701=ORIENTED_EDGE('',*,*,#3700,.T.);
#3702=ORIENTED_EDGE('',*,*,#2173,.F.);
#3703=EDGE_LOOP('',(#3694,#3695,#3701,#3702));
#3704=FACE_OUTER_BOUND('',#3703,.T.);
#3705=ADVANCED_FACE('',(#3704),#3693,.T.);
#3706=CARTESIAN_POINT('',(15.630180315791,5.8628669410374,-16.947254021229));
#3707=DIRECTION('',(-3.0257470109141E-15,-1.,-8.9179911900628E-15));
#3708=DIRECTION('',(1.,-3.0257470109142E-15,2.5479974828751E-15));
#3709=AXIS2_PLACEMENT_3D('',#3706,#3708,#3707);
#3710=CONICAL_SURFACE('',#3709,0.,0.78539816339745);
#3711=ORIENTED_EDGE('',*,*,#3700,.F.);
#3712=ORIENTED_EDGE('',*,*,#1626,.F.);
#3713=CARTESIAN_POINT('',(16.830180315791,7.0628669410374,-16.947254021229));
#3714=DIRECTION('',(-0.7071067716194,-0.7071067907537,0.));
#3715=VECTOR('',#3714,0.28284270864776);
#3716=LINE('',#3713,#3715);
#3717=EDGE_CURVE('',#1612,#2240,#3716,.T.);
#3718=ORIENTED_EDGE('',*,*,#3717,.T.);
#3719=ORIENTED_EDGE('',*,*,#2275,.F.);
#3720=EDGE_LOOP('',(#3711,#3712,#3718,#3719));
#3721=FACE_OUTER_BOUND('',#3720,.T.);
#3722=ADVANCED_FACE('',(#3721),#3710,.F.);
#3723=CARTESIAN_POINT('',(16.730180315791,6.9628669410375,-13.597254020772));
#3724=DIRECTION('',(0.70710678118655,0.70710678118655,0.));
#3725=DIRECTION('',(0.70710678118655,-0.70710678118655,9.6548969087981E-15));
#3726=AXIS2_PLACEMENT_3D('',#3723,#3725,#3724);
#3727=PLANE('',#3726);
#3728=ORIENTED_EDGE('',*,*,#3717,.F.);
#3729=ORIENTED_EDGE('',*,*,#1617,.F.);
#3730=ORIENTED_EDGE('',*,*,#3683,.F.);
#3731=ORIENTED_EDGE('',*,*,#2251,.F.);
#3732=EDGE_LOOP('',(#3728,#3729,#3730,#3731));
#3733=FACE_OUTER_BOUND('',#3732,.T.);
#3734=ADVANCED_FACE('',(#3733),#3727,.T.);
#3735=CARTESIAN_POINT('',(-19.969819684209,5.8628669410374,-10.247254020316));
#3736=DIRECTION('',(1.5924984276078E-14,1.,4.7774952828234E-15));
#3737=DIRECTION('',(-1.,1.5924984276078E-14,1.1465988678776E-14));
#3738=AXIS2_PLACEMENT_3D('',#3735,#3737,#3736);
#3739=CONICAL_SURFACE('',#3738,0.,0.78539816339745);
#3740=ORIENTED_EDGE('',*,*,#1698,.F.);
#3741=CARTESIAN_POINT('',(-21.169819684209,7.0628669410374,-10.247254020316));
#3742=DIRECTION('',(0.70710676497082,-0.70710679740227,0.));
#3743=VECTOR('',#3742,0.28284270598833);
#3744=LINE('',#3741,#3743);
#3745=EDGE_CURVE('',#1690,#1977,#3744,.T.);
#3746=ORIENTED_EDGE('',*,*,#3745,.T.);
#3747=ORIENTED_EDGE('',*,*,#2019,.F.);
#3748=CARTESIAN_POINT('',(-20.969819693382,4.8628669410374,-10.247254020316));
#3749=DIRECTION('',(-0.70710676497082,-0.70710679740228,0.));
#3750=VECTOR('',#3749,0.28284270598833);
#3751=LINE('',#3748,#3750);
#3752=EDGE_CURVE('',#1902,#1692,#3751,.T.);
#3753=ORIENTED_EDGE('',*,*,#3752,.T.);
#3754=EDGE_LOOP('',(#3740,#3746,#3747,#3753));
#3755=FACE_OUTER_BOUND('',#3754,.T.);
#3756=ADVANCED_FACE('',(#3755),#3739,.F.);
#3757=CARTESIAN_POINT('',(-21.069819688796,4.7628669410373,-13.597254020772));
#3758=DIRECTION('',(-0.7071067649705,-0.7071067974026,0.));
#3759=DIRECTION('',(-0.7071067974026,0.7071067649705,-2.9995796221509E-15));
#3760=AXIS2_PLACEMENT_3D('',#3757,#3759,#3758);
#3761=PLANE('',#3760);
#3762=ORIENTED_EDGE('',*,*,#1931,.F.);
#3763=CARTESIAN_POINT('',(-20.969819688796,4.8628669410374,-16.947254021229));
#3764=DIRECTION('',(-0.7071067730778,-0.7071067892953,0.));
#3765=VECTOR('',#3764,0.28284270923112);
#3766=LINE('',#3763,#3765);
#3767=EDGE_CURVE('',#1920,#1701,#3766,.T.);
#3768=ORIENTED_EDGE('',*,*,#3767,.T.);
#3769=ORIENTED_EDGE('',*,*,#1706,.F.);
#3770=ORIENTED_EDGE('',*,*,#3752,.F.);
#3771=EDGE_LOOP('',(#3762,#3768,#3769,#3770));
#3772=FACE_OUTER_BOUND('',#3771,.T.);
#3773=ADVANCED_FACE('',(#3772),#3761,.T.);
#3774=CARTESIAN_POINT('',(-19.969819684209,5.8628669410374,-16.947254021229));
#3775=DIRECTION('',(-1.1147488987579E-15,-1.,-6.3699937071876E-15));
#3776=DIRECTION('',(-1.,1.1147488987579E-15,-0.));
#3777=AXIS2_PLACEMENT_3D('',#3774,#3776,#3775);
#3778=CONICAL_SURFACE('',#3777,0.,0.78539816339746);
#3779=ORIENTED_EDGE('',*,*,#1956,.F.);
#3780=CARTESIAN_POINT('',(-20.969819689621,6.8628669410374,-16.947254021229));
#3781=DIRECTION('',(-0.70710677161939,0.7071067907537,0.));
#3782=VECTOR('',#3781,0.28284270864776);
#3783=LINE('',#3780,#3782);
#3784=EDGE_CURVE('',#1944,#1709,#3783,.T.);
#3785=ORIENTED_EDGE('',*,*,#3784,.T.);
#3786=ORIENTED_EDGE('',*,*,#1715,.F.);
#3787=ORIENTED_EDGE('',*,*,#3767,.F.);
#3788=EDGE_LOOP('',(#3779,#3785,#3786,#3787));
#3789=FACE_OUTER_BOUND('',#3788,.T.);
#3790=ADVANCED_FACE('',(#3789),#3778,.F.);
#3791=CARTESIAN_POINT('',(-21.069819684209,6.9628669410374,-13.597254020772));
#3792=DIRECTION('',(-0.70710678118654,0.70710678118656,2.5121479338926E-14));
#3793=DIRECTION('',(-0.70710678118656,-0.70710678118654,1.4529213794794E-14));
#3794=AXIS2_PLACEMENT_3D('',#3791,#3793,#3792);
#3795=PLANE('',#3794);
#3796=ORIENTED_EDGE('',*,*,#1988,.F.);
#3797=ORIENTED_EDGE('',*,*,#3745,.F.);
#3798=ORIENTED_EDGE('',*,*,#1721,.F.);
#3799=ORIENTED_EDGE('',*,*,#3784,.F.);
#3800=EDGE_LOOP('',(#3796,#3797,#3798,#3799));
#3801=FACE_OUTER_BOUND('',#3800,.T.);
#3802=ADVANCED_FACE('',(#3801),#3795,.T.);
#3803=CARTESIAN_POINT('',(14.930180315791,-3.0371330589626,-13.597254020772));
#3804=DIRECTION('',(0.70710678118653,-0.70710678118657,0.));
#3805=DIRECTION('',(-0.70710678118657,-0.70710678118653,4.2181588436496E-15));
#3806=AXIS2_PLACEMENT_3D('',#3803,#3805,#3804);
#3807=PLANE('',#3806);
#3808=ORIENTED_EDGE('',*,*,#2045,.F.);
#3809=CARTESIAN_POINT('',(14.830180315791,-2.9371330589626,-10.247254020316));
#3810=VERTEX_POINT('',#3809);
#3811=CARTESIAN_POINT('',(15.030180312995,-3.1371330589626,-10.247254020316));
#3812=DIRECTION('',(-0.70710677624387,0.70710678612923,0.));
#3813=VECTOR('',#3812,0.28284271049755);
#3814=LINE('',#3811,#3813);
#3815=EDGE_CURVE('',#2032,#3810,#3814,.T.);
#3816=ORIENTED_EDGE('',*,*,#3815,.T.);
#3817=CARTESIAN_POINT('',(14.830180315791,-2.9371330589626,-16.947254021229));
#3818=VERTEX_POINT('',#3817);
#3819=CARTESIAN_POINT('',(14.830180315791,-2.9371330589626,-10.247254020316));
#3820=DIRECTION('',(0.,0.,-1.));
#3821=VECTOR('',#3820,6.700000000913);
#3822=LINE('',#3819,#3821);
#3823=EDGE_CURVE('',#3810,#3818,#3822,.T.);
#3824=ORIENTED_EDGE('',*,*,#3823,.T.);
#3825=CARTESIAN_POINT('',(14.830180315791,-2.9371330589626,-16.947254021229));
#3826=DIRECTION('',(0.70710677871521,-0.70710678365789,0.));
#3827=VECTOR('',#3826,0.28284271148608);
#3828=LINE('',#3825,#3827);
#3829=EDGE_CURVE('',#3818,#2040,#3828,.T.);
#3830=ORIENTED_EDGE('',*,*,#3829,.T.);
#3831=EDGE_LOOP('',(#3808,#3816,#3824,#3830));
#3832=FACE_OUTER_BOUND('',#3831,.T.);
#3833=ADVANCED_FACE('',(#3832),#3807,.T.);
#3834=CARTESIAN_POINT('',(16.030180315791,-4.1371330589626,-16.947254021229));
#3835=DIRECTION('',(-8.4402416623034E-15,1.,6.3699937073984E-15));
#3836=DIRECTION('',(-1.,-8.4402416623034E-15,-0.));
#3837=AXIS2_PLACEMENT_3D('',#3834,#3836,#3835);
#3838=CONICAL_SURFACE('',#3837,0.,0.78539816339748);
#3839=CARTESIAN_POINT('',(14.830180315791,-5.3371330589626,-16.947254021229));
#3840=VERTEX_POINT('',#3839);
#3841=CARTESIAN_POINT('',(14.830180315791,-4.1371330589626,-16.947254021229));
#3842=DIRECTION('',(-1.4802973661669E-15,1.,2.9605947323338E-15));
#3843=DIRECTION('',(-1.,-5.8685887173057E-16,-2.3737358606032E-15));
#3844=AXIS2_PLACEMENT_3D('',#3841,#3843,#3842);
#3845=CIRCLE('',#3844,1.2);
#3846=EDGE_CURVE('',#3818,#3840,#3845,.T.);
#3847=ORIENTED_EDGE('',*,*,#3846,.T.);
#3848=CARTESIAN_POINT('',(14.830180315791,-5.3371330589626,-16.947254021229));
#3849=DIRECTION('',(0.7071067768237,0.7071067855494,0.));
#3850=VECTOR('',#3849,0.28284271072948);
#3851=LINE('',#3848,#3850);
#3852=EDGE_CURVE('',#3840,#2071,#3851,.T.);
#3853=ORIENTED_EDGE('',*,*,#3852,.T.);
#3854=ORIENTED_EDGE('',*,*,#2077,.F.);
#3855=ORIENTED_EDGE('',*,*,#3829,.F.);
#3856=EDGE_LOOP('',(#3847,#3853,#3854,#3855));
#3857=FACE_OUTER_BOUND('',#3856,.T.);
#3858=ADVANCED_FACE('',(#3857),#3838,.F.);
#3859=CARTESIAN_POINT('',(14.930180314721,-5.2371330589626,-13.597254020772));
#3860=DIRECTION('',(0.70710677740302,0.70710678497007,1.2560739736666E-14));
#3861=DIRECTION('',(-0.70710678497007,0.70710677740302,-6.2803699005857E-15));
#3862=AXIS2_PLACEMENT_3D('',#3859,#3861,#3860);
#3863=PLANE('',#3862);
#3864=CARTESIAN_POINT('',(14.830180315791,-5.3371330589626,-10.247254020316));
#3865=VERTEX_POINT('',#3864);
#3866=CARTESIAN_POINT('',(14.830180315791,-5.3371330589626,-16.947254021229));
#3867=DIRECTION('',(0.,0.,1.));
#3868=VECTOR('',#3867,6.700000000913);
#3869=LINE('',#3866,#3868);
#3870=EDGE_CURVE('',#3840,#3865,#3869,.T.);
#3871=ORIENTED_EDGE('',*,*,#3870,.T.);
#3872=CARTESIAN_POINT('',(14.830180315791,-5.3371330589626,-10.247254020316));
#3873=DIRECTION('',(0.70710677624387,0.70710678612923,0.));
#3874=VECTOR('',#3873,0.28284271049755);
#3875=LINE('',#3872,#3874);
#3876=EDGE_CURVE('',#3865,#2103,#3875,.T.);
#3877=ORIENTED_EDGE('',*,*,#3876,.T.);
#3878=ORIENTED_EDGE('',*,*,#2123,.F.);
#3879=ORIENTED_EDGE('',*,*,#3852,.F.);
#3880=EDGE_LOOP('',(#3871,#3877,#3878,#3879));
#3881=FACE_OUTER_BOUND('',#3880,.T.);
#3882=ADVANCED_FACE('',(#3881),#3863,.T.);
#3883=CARTESIAN_POINT('',(16.030180315791,-4.1371330589626,-10.247254020316));
#3884=DIRECTION('',(6.3699937076819E-16,-1.,2.5479974830727E-15));
#3885=DIRECTION('',(-1.,-6.3699937076819E-16,6.3699937076819E-16));
#3886=AXIS2_PLACEMENT_3D('',#3883,#3885,#3884);
#3887=CONICAL_SURFACE('',#3886,0.,0.78539816339745);
#3888=CARTESIAN_POINT('',(14.830180315791,-4.1371330589626,-10.247254020316));
#3889=DIRECTION('',(8.8817841970013E-15,-1.,-1.4802973661669E-15));
#3890=DIRECTION('',(-1.,-8.2949253252707E-15,-6.5080483363981E-15));
#3891=AXIS2_PLACEMENT_3D('',#3888,#3890,#3889);
#3892=CIRCLE('',#3891,1.2);
#3893=EDGE_CURVE('',#3865,#3810,#3892,.T.);
#3894=ORIENTED_EDGE('',*,*,#3893,.T.);
#3895=ORIENTED_EDGE('',*,*,#3815,.F.);
#3896=ORIENTED_EDGE('',*,*,#2147,.F.);
#3897=ORIENTED_EDGE('',*,*,#3876,.F.);
#3898=EDGE_LOOP('',(#3894,#3895,#3896,#3897));
#3899=FACE_OUTER_BOUND('',#3898,.T.);
#3900=ADVANCED_FACE('',(#3899),#3887,.F.);
#3901=CARTESIAN_POINT('',(14.930180315791,4.7628669410371,-13.597254020772));
#3902=DIRECTION('',(0.70710678118653,0.70710678118656,7.53644380168E-14));
#3903=DIRECTION('',(-0.70710678118656,0.70710678118653,6.5615804234548E-14));
#3904=AXIS2_PLACEMENT_3D('',#3901,#3903,#3902);
#3905=PLANE('',#3904);
#3906=ORIENTED_EDGE('',*,*,#2187,.F.);
#3907=CARTESIAN_POINT('',(14.830180315791,4.6628669410374,-16.947254021229));
#3908=VERTEX_POINT('',#3907);
#3909=CARTESIAN_POINT('',(15.030180312995,4.8628669410374,-16.947254021229));
#3910=DIRECTION('',(-0.70710677624387,-0.70710678612923,0.));
#3911=VECTOR('',#3910,0.28284271049755);
#3912=LINE('',#3909,#3911);
#3913=EDGE_CURVE('',#2176,#3908,#3912,.T.);
#3914=ORIENTED_EDGE('',*,*,#3913,.T.);
#3915=CARTESIAN_POINT('',(14.830180315791,4.6628669410374,-10.247254020316));
#3916=VERTEX_POINT('',#3915);
#3917=CARTESIAN_POINT('',(14.830180315791,4.6628669410374,-16.947254021229));
#3918=DIRECTION('',(0.,0.,1.));
#3919=VECTOR('',#3918,6.700000000913);
#3920=LINE('',#3917,#3919);
#3921=EDGE_CURVE('',#3908,#3916,#3920,.T.);
#3922=ORIENTED_EDGE('',*,*,#3921,.T.);
#3923=CARTESIAN_POINT('',(14.830180315791,4.6628669410374,-10.247254020316));
#3924=DIRECTION('',(0.70710677871521,0.70710678365789,0.));
#3925=VECTOR('',#3924,0.28284271148608);
#3926=LINE('',#3923,#3925);
#3927=EDGE_CURVE('',#3916,#2158,#3926,.T.);
#3928=ORIENTED_EDGE('',*,*,#3927,.T.);
#3929=EDGE_LOOP('',(#3906,#3914,#3922,#3928));
#3930=FACE_OUTER_BOUND('',#3929,.T.);
#3931=ADVANCED_FACE('',(#3930),#3905,.T.);
#3932=CARTESIAN_POINT('',(16.030180315791,5.8628669410374,-10.247254020316));
#3933=DIRECTION('',(1.5924984266191E-16,-1.,5.7329943358286E-15));
#3934=DIRECTION('',(-1.,-1.5924984266191E-16,3.1849968532381E-16));
#3935=AXIS2_PLACEMENT_3D('',#3932,#3934,#3933);
#3936=CONICAL_SURFACE('',#3935,0.,0.78539816339745);
#3937=CARTESIAN_POINT('',(14.830180315791,7.0628669410374,-10.247254020316));
#3938=VERTEX_POINT('',#3937);
#3939=CARTESIAN_POINT('',(14.830180315791,5.8628669410374,-10.247254020316));
#3940=DIRECTION('',(1.4802973661669E-15,-1.,0.));
#3941=DIRECTION('',(-1.,-1.4802973661669E-15,-1.4802973661669E-15));
#3942=AXIS2_PLACEMENT_3D('',#3939,#3941,#3940);
#3943=CIRCLE('',#3942,1.2);
#3944=EDGE_CURVE('',#3916,#3938,#3943,.T.);
#3945=ORIENTED_EDGE('',*,*,#3944,.T.);
#3946=CARTESIAN_POINT('',(14.830180315791,7.0628669410374,-10.247254020316));
#3947=DIRECTION('',(0.7071067768237,-0.7071067855494,0.));
#3948=VECTOR('',#3947,0.28284271072948);
#3949=LINE('',#3946,#3948);
#3950=EDGE_CURVE('',#3938,#2198,#3949,.T.);
#3951=ORIENTED_EDGE('',*,*,#3950,.T.);
#3952=ORIENTED_EDGE('',*,*,#2220,.F.);
#3953=ORIENTED_EDGE('',*,*,#3927,.F.);
#3954=EDGE_LOOP('',(#3945,#3951,#3952,#3953));
#3955=FACE_OUTER_BOUND('',#3954,.T.);
#3956=ADVANCED_FACE('',(#3955),#3936,.F.);
#3957=CARTESIAN_POINT('',(14.930180314721,6.9628669410375,-13.597254020772));
#3958=DIRECTION('',(0.70710677740303,-0.70710678497007,0.));
#3959=DIRECTION('',(-0.70710678497007,-0.70710677740303,1.5747793016292E-14));
#3960=AXIS2_PLACEMENT_3D('',#3957,#3959,#3958);
#3961=PLANE('',#3960);
#3962=CARTESIAN_POINT('',(14.830180315791,7.0628669410374,-16.947254021229));
#3963=VERTEX_POINT('',#3962);
#3964=CARTESIAN_POINT('',(14.830180315791,7.0628669410374,-10.247254020316));
#3965=DIRECTION('',(0.,0.,-1.));
#3966=VECTOR('',#3965,6.700000000913);
#3967=LINE('',#3964,#3966);
#3968=EDGE_CURVE('',#3938,#3963,#3967,.T.);
#3969=ORIENTED_EDGE('',*,*,#3968,.T.);
#3970=CARTESIAN_POINT('',(14.830180315791,7.0628669410374,-16.947254021229));
#3971=DIRECTION('',(0.70710677624387,-0.70710678612922,0.));
#3972=VECTOR('',#3971,0.28284271049755);
#3973=LINE('',#3970,#3972);
#3974=EDGE_CURVE('',#3963,#2232,#3973,.T.);
#3975=ORIENTED_EDGE('',*,*,#3974,.T.);
#3976=ORIENTED_EDGE('',*,*,#2237,.F.);
#3977=ORIENTED_EDGE('',*,*,#3950,.F.);
#3978=EDGE_LOOP('',(#3969,#3975,#3976,#3977));
#3979=FACE_OUTER_BOUND('',#3978,.T.);
#3980=ADVANCED_FACE('',(#3979),#3961,.T.);
#3981=CARTESIAN_POINT('',(16.030180315791,5.8628669410374,-16.947254021229));
#3982=DIRECTION('',(0.,1.,-6.3699937064761E-15));
#3983=DIRECTION('',(-1.,-0.,-0.));
#3984=AXIS2_PLACEMENT_3D('',#3981,#3983,#3982);
#3985=CONICAL_SURFACE('',#3984,0.,0.78539816339746);
#3986=CARTESIAN_POINT('',(14.830180315791,5.8628669410374,-16.947254021229));
#3987=DIRECTION('',(1.4802973661669E-15,1.,2.9605947323338E-15));
#3988=DIRECTION('',(-1.,1.4802973661669E-15,1.4802973661669E-15));
#3989=AXIS2_PLACEMENT_3D('',#3986,#3988,#3987);
#3990=CIRCLE('',#3989,1.2);
#3991=EDGE_CURVE('',#3963,#3908,#3990,.T.);
#3992=ORIENTED_EDGE('',*,*,#3991,.T.);
#3993=ORIENTED_EDGE('',*,*,#3913,.F.);
#3994=ORIENTED_EDGE('',*,*,#2267,.F.);
#3995=ORIENTED_EDGE('',*,*,#3974,.F.);
#3996=EDGE_LOOP('',(#3992,#3993,#3994,#3995));
#3997=FACE_OUTER_BOUND('',#3996,.T.);
#3998=ADVANCED_FACE('',(#3997),#3985,.F.);
#3999=CARTESIAN_POINT('',(-19.269819684209,-3.0371330589626,-13.597254020772));
#4000=DIRECTION('',(-0.70710678118655,-0.70710678118654,0.));
#4001=DIRECTION('',(0.70710678118654,-0.70710678118655,0.));
#4002=AXIS2_PLACEMENT_3D('',#3999,#4001,#4000);
#4003=PLANE('',#4002);
#4004=ORIENTED_EDGE('',*,*,#1803,.F.);
#4005=CARTESIAN_POINT('',(-19.169819684209,-2.9371330589626,-16.947254021229));
#4006=VERTEX_POINT('',#4005);
#4007=CARTESIAN_POINT('',(-19.369819681413,-3.1371330589626,-16.947254021229));
#4008=DIRECTION('',(0.70710677624387,0.70710678612923,0.));
#4009=VECTOR('',#4008,0.28284271049755);
#4010=LINE('',#4007,#4009);
#4011=EDGE_CURVE('',#1792,#4006,#4010,.T.);
#4012=ORIENTED_EDGE('',*,*,#4011,.T.);
#4013=CARTESIAN_POINT('',(-19.169819684209,-2.9371330589626,-10.247254020316));
#4014=VERTEX_POINT('',#4013);
#4015=CARTESIAN_POINT('',(-19.169819684209,-2.9371330589626,-16.947254021229));
#4016=DIRECTION('',(0.,0.,1.));
#4017=VECTOR('',#4016,6.700000000913);
#4018=LINE('',#4015,#4017);
#4019=EDGE_CURVE('',#4006,#4014,#4018,.T.);
#4020=ORIENTED_EDGE('',*,*,#4019,.T.);
#4021=CARTESIAN_POINT('',(-19.169819684209,-2.9371330589626,-10.247254020316));
#4022=DIRECTION('',(-0.70710677871521,-0.70710678365789,0.));
#4023=VECTOR('',#4022,0.28284271148608);
#4024=LINE('',#4021,#4023);
#4025=EDGE_CURVE('',#4014,#1774,#4024,.T.);
#4026=ORIENTED_EDGE('',*,*,#4025,.T.);
#4027=EDGE_LOOP('',(#4004,#4012,#4020,#4026));
#4028=FACE_OUTER_BOUND('',#4027,.T.);
#4029=ADVANCED_FACE('',(#4028),#4003,.T.);
#4030=CARTESIAN_POINT('',(-20.369819684209,-4.1371330589626,-10.247254020316));
#4031=DIRECTION('',(7.4847426061935E-15,1.,-8.9179911903578E-15));
#4032=DIRECTION('',(1.,-7.4847426061935E-15,1.5924984268497E-15));
#4033=AXIS2_PLACEMENT_3D('',#4030,#4032,#4031);
#4034=CONICAL_SURFACE('',#4033,0.,0.78539816339747);
#4035=CARTESIAN_POINT('',(-19.169819684209,-5.3371330589626,-10.247254020316));
#4036=VERTEX_POINT('',#4035);
#4037=CARTESIAN_POINT('',(-19.169819684209,-4.1371330589626,-10.247254020316));
#4038=DIRECTION('',(5.9211894646675E-15,1.,-1.4802973661669E-15));
#4039=DIRECTION('',(1.,-4.7474717212064E-15,1.1737177434611E-15));
#4040=AXIS2_PLACEMENT_3D('',#4037,#4039,#4038);
#4041=CIRCLE('',#4040,1.2);
#4042=EDGE_CURVE('',#4014,#4036,#4041,.T.);
#4043=ORIENTED_EDGE('',*,*,#4042,.T.);
#4044=CARTESIAN_POINT('',(-19.169819684209,-5.3371330589626,-10.247254020316));
#4045=DIRECTION('',(-0.7071067768237,0.7071067855494,0.));
#4046=VECTOR('',#4045,0.28284271072948);
#4047=LINE('',#4044,#4046);
#4048=EDGE_CURVE('',#4036,#1815,#4047,.T.);
#4049=ORIENTED_EDGE('',*,*,#4048,.T.);
#4050=ORIENTED_EDGE('',*,*,#1821,.F.);
#4051=ORIENTED_EDGE('',*,*,#4025,.F.);
#4052=EDGE_LOOP('',(#4043,#4049,#4050,#4051));
#4053=FACE_OUTER_BOUND('',#4052,.T.);
#4054=ADVANCED_FACE('',(#4053),#4034,.F.);
#4055=CARTESIAN_POINT('',(-19.269819683139,-5.2371330589627,-13.597254020772));
#4056=DIRECTION('',(-0.70710677740304,0.70710678497006,2.5121479473338E-14));
#4057=DIRECTION('',(0.70710678497006,0.70710677740304,-4.2369062297298E-14));
#4058=AXIS2_PLACEMENT_3D('',#4055,#4057,#4056);
#4059=PLANE('',#4058);
#4060=CARTESIAN_POINT('',(-19.169819684209,-5.3371330589626,-16.947254021229));
#4061=VERTEX_POINT('',#4060);
#4062=CARTESIAN_POINT('',(-19.169819684209,-5.3371330589626,-10.247254020316));
#4063=DIRECTION('',(0.,0.,-1.));
#4064=VECTOR('',#4063,6.700000000913);
#4065=LINE('',#4062,#4064);
#4066=EDGE_CURVE('',#4036,#4061,#4065,.T.);
#4067=ORIENTED_EDGE('',*,*,#4066,.T.);
#4068=CARTESIAN_POINT('',(-19.169819684209,-5.3371330589626,-16.947254021229));
#4069=DIRECTION('',(-0.70710677624387,0.70710678612923,0.));
#4070=VECTOR('',#4069,0.28284271049755);
#4071=LINE('',#4068,#4070);
#4072=EDGE_CURVE('',#4061,#1848,#4071,.T.);
#4073=ORIENTED_EDGE('',*,*,#4072,.T.);
#4074=ORIENTED_EDGE('',*,*,#1853,.F.);
#4075=ORIENTED_EDGE('',*,*,#4048,.F.);
#4076=EDGE_LOOP('',(#4067,#4073,#4074,#4075));
#4077=FACE_OUTER_BOUND('',#4076,.T.);
#4078=ADVANCED_FACE('',(#4077),#4059,.T.);
#4079=CARTESIAN_POINT('',(-20.369819684209,-4.1371330589626,-16.947254021229));
#4080=DIRECTION('',(-3.1849968532382E-16,-1.,6.3699937064761E-16));
#4081=DIRECTION('',(1.,-3.1849968532382E-16,-6.3699937064763E-16));
#4082=AXIS2_PLACEMENT_3D('',#4079,#4081,#4080);
#4083=CONICAL_SURFACE('',#4082,0.,0.78539816339747);
#4084=CARTESIAN_POINT('',(-19.169819684209,-4.1371330589626,-16.947254021229));
#4085=DIRECTION('',(-2.9605947323338E-15,-1.,2.9605947323338E-15));
#4086=DIRECTION('',(1.,-2.6803154833089E-15,-2.6803154833089E-15));
#4087=AXIS2_PLACEMENT_3D('',#4084,#4086,#4085);
#4088=CIRCLE('',#4087,1.2);
#4089=EDGE_CURVE('',#4061,#4006,#4088,.T.);
#4090=ORIENTED_EDGE('',*,*,#4089,.T.);
#4091=ORIENTED_EDGE('',*,*,#4011,.F.);
#4092=ORIENTED_EDGE('',*,*,#1891,.F.);
#4093=ORIENTED_EDGE('',*,*,#4072,.F.);
#4094=EDGE_LOOP('',(#4090,#4091,#4092,#4093));
#4095=FACE_OUTER_BOUND('',#4094,.T.);
#4096=ADVANCED_FACE('',(#4095),#4083,.F.);
#4097=CARTESIAN_POINT('',(-19.269819684209,4.7628669410374,-13.597254020772));
#4098=DIRECTION('',(-0.70710678118653,0.70710678118656,0.));
#4099=DIRECTION('',(0.70710678118656,0.70710678118653,-0.));
#4100=AXIS2_PLACEMENT_3D('',#4097,#4099,#4098);
#4101=PLANE('',#4100);
#4102=ORIENTED_EDGE('',*,*,#1917,.F.);
#4103=CARTESIAN_POINT('',(-19.169819684209,4.6628669410374,-10.247254020316));
#4104=VERTEX_POINT('',#4103);
#4105=CARTESIAN_POINT('',(-19.369819681413,4.8628669410374,-10.247254020316));
#4106=DIRECTION('',(0.70710677624387,-0.70710678612923,0.));
#4107=VECTOR('',#4106,0.28284271049755);
#4108=LINE('',#4105,#4107);
#4109=EDGE_CURVE('',#1904,#4104,#4108,.T.);
#4110=ORIENTED_EDGE('',*,*,#4109,.T.);
#4111=CARTESIAN_POINT('',(-19.169819684209,4.6628669410374,-16.947254021229));
#4112=VERTEX_POINT('',#4111);
#4113=CARTESIAN_POINT('',(-19.169819684209,4.6628669410374,-10.247254020316));
#4114=DIRECTION('',(0.,0.,-1.));
#4115=VECTOR('',#4114,6.700000000913);
#4116=LINE('',#4113,#4115);
#4117=EDGE_CURVE('',#4104,#4112,#4116,.T.);
#4118=ORIENTED_EDGE('',*,*,#4117,.T.);
#4119=CARTESIAN_POINT('',(-19.169819684209,4.6628669410374,-16.947254021229));
#4120=DIRECTION('',(-0.70710677871521,0.70710678365789,0.));
#4121=VECTOR('',#4120,0.28284271148608);
#4122=LINE('',#4119,#4121);
#4123=EDGE_CURVE('',#4112,#1912,#4122,.T.);
#4124=ORIENTED_EDGE('',*,*,#4123,.T.);
#4125=EDGE_LOOP('',(#4102,#4110,#4118,#4124));
#4126=FACE_OUTER_BOUND('',#4125,.T.);
#4127=ADVANCED_FACE('',(#4126),#4101,.T.);
#4128=CARTESIAN_POINT('',(-20.369819684209,5.8628669410374,-16.947254021229));
#4129=DIRECTION('',(-6.3699937064764E-16,-1.,3.8219962238857E-15));
#4130=DIRECTION('',(1.,-6.3699937064764E-16,-6.3699937064764E-16));
#4131=AXIS2_PLACEMENT_3D('',#4128,#4130,#4129);
#4132=CONICAL_SURFACE('',#4131,0.,0.78539816339747);
#4133=CARTESIAN_POINT('',(-19.169819684209,7.0628669410374,-16.947254021229));
#4134=VERTEX_POINT('',#4133);
#4135=CARTESIAN_POINT('',(-19.169819684209,5.8628669410374,-16.947254021229));
#4136=DIRECTION('',(-2.9605947323338E-15,-1.,2.9605947323338E-15));
#4137=DIRECTION('',(1.,-2.6803154833089E-15,-2.6803154833089E-15));
#4138=AXIS2_PLACEMENT_3D('',#4135,#4137,#4136);
#4139=CIRCLE('',#4138,1.2);
#4140=EDGE_CURVE('',#4112,#4134,#4139,.T.);
#4141=ORIENTED_EDGE('',*,*,#4140,.T.);
#4142=CARTESIAN_POINT('',(-19.169819684209,7.0628669410374,-16.947254021229));
#4143=DIRECTION('',(-0.7071067768237,-0.70710678554939,0.));
#4144=VECTOR('',#4143,0.28284271072948);
#4145=LINE('',#4142,#4144);
#4146=EDGE_CURVE('',#4134,#1942,#4145,.T.);
#4147=ORIENTED_EDGE('',*,*,#4146,.T.);
#4148=ORIENTED_EDGE('',*,*,#1964,.F.);
#4149=ORIENTED_EDGE('',*,*,#4123,.F.);
#4150=EDGE_LOOP('',(#4141,#4147,#4148,#4149));
#4151=FACE_OUTER_BOUND('',#4150,.T.);
#4152=ADVANCED_FACE('',(#4151),#4132,.F.);
#4153=CARTESIAN_POINT('',(-19.269819683139,6.9628669410374,-13.597254020772));
#4154=DIRECTION('',(-0.70710677740303,-0.70710678497006,1.2560739736666E-14));
#4155=DIRECTION('',(0.70710678497006,-0.70710677740303,7.4052121244747E-15));
#4156=AXIS2_PLACEMENT_3D('',#4153,#4155,#4154);
#4157=PLANE('',#4156);
#4158=CARTESIAN_POINT('',(-19.169819684209,7.0628669410374,-10.247254020316));
#4159=VERTEX_POINT('',#4158);
#4160=CARTESIAN_POINT('',(-19.169819684209,7.0628669410374,-16.947254021229));
#4161=DIRECTION('',(0.,0.,1.));
#4162=VECTOR('',#4161,6.700000000913);
#4163=LINE('',#4160,#4162);
#4164=EDGE_CURVE('',#4134,#4159,#4163,.T.);
#4165=ORIENTED_EDGE('',*,*,#4164,.T.);
#4166=CARTESIAN_POINT('',(-19.169819684209,7.0628669410374,-10.247254020316));
#4167=DIRECTION('',(-0.70710677624387,-0.70710678612922,0.));
#4168=VECTOR('',#4167,0.28284271049755);
#4169=LINE('',#4166,#4168);
#4170=EDGE_CURVE('',#4159,#1975,#4169,.T.);
#4171=ORIENTED_EDGE('',*,*,#4170,.T.);
#4172=ORIENTED_EDGE('',*,*,#1995,.F.);
#4173=ORIENTED_EDGE('',*,*,#4146,.F.);
#4174=EDGE_LOOP('',(#4165,#4171,#4172,#4173));
#4175=FACE_OUTER_BOUND('',#4174,.T.);
#4176=ADVANCED_FACE('',(#4175),#4157,.T.);
#4177=CARTESIAN_POINT('',(-20.369819684209,5.8628669410374,-10.247254020316));
#4178=DIRECTION('',(-7.9624921330949E-16,1.,-1.2739987412953E-15));
#4179=DIRECTION('',(1.,7.9624921330949E-16,1.2739987412952E-15));
#4180=AXIS2_PLACEMENT_3D('',#4177,#4179,#4178);
#4181=CONICAL_SURFACE('',#4180,0.,0.7853981633974);
#4182=CARTESIAN_POINT('',(-19.169819684209,5.8628669410374,-10.247254020316));
#4183=DIRECTION('',(-2.9605947323338E-15,1.,-1.4802973661669E-15));
#4184=DIRECTION('',(1.,3.5737539777452E-15,3.5737539777452E-15));
#4185=AXIS2_PLACEMENT_3D('',#4182,#4184,#4183);
#4186=CIRCLE('',#4185,1.2);
#4187=EDGE_CURVE('',#4159,#4104,#4186,.T.);
#4188=ORIENTED_EDGE('',*,*,#4187,.T.);
#4189=ORIENTED_EDGE('',*,*,#4109,.F.);
#4190=ORIENTED_EDGE('',*,*,#2011,.F.);
#4191=ORIENTED_EDGE('',*,*,#4170,.F.);
#4192=EDGE_LOOP('',(#4188,#4189,#4190,#4191));
#4193=FACE_OUTER_BOUND('',#4192,.T.);
#4194=ADVANCED_FACE('',(#4193),#4181,.F.);
#4195=CARTESIAN_POINT('',(-14.669819684209,-21.437133058963,-16.947254021229));
#4196=DIRECTION('',(1.,1.6243483951514E-14,-3.1849968532382E-15));
#4197=DIRECTION('',(1.6243483951514E-14,-1.,-1.7835982378133E-14));
#4198=AXIS2_PLACEMENT_3D('',#4195,#4197,#4196);
#4199=CONICAL_SURFACE('',#4198,0.,0.78539816339743);
#4200=ORIENTED_EDGE('',*,*,#2352,.F.);
#4201=CARTESIAN_POINT('',(-13.469819684209,-22.637133058963,-16.947254021229));
#4202=DIRECTION('',(-0.70710679740227,0.70710676497082,0.));
#4203=VECTOR('',#4202,0.28284270598833);
#4204=LINE('',#4201,#4203);
#4205=EDGE_CURVE('',#2344,#2758,#4204,.T.);
#4206=ORIENTED_EDGE('',*,*,#4205,.T.);
#4207=ORIENTED_EDGE('',*,*,#2801,.F.);
#4208=CARTESIAN_POINT('',(-15.669819684209,-22.437133068136,-16.947254021229));
#4209=DIRECTION('',(-0.70710679740228,-0.70710676497082,0.));
#4210=VECTOR('',#4209,0.28284270598833);
#4211=LINE('',#4208,#4210);
#4212=EDGE_CURVE('',#2789,#2346,#4211,.T.);
#4213=ORIENTED_EDGE('',*,*,#4212,.T.);
#4214=EDGE_LOOP('',(#4200,#4206,#4207,#4213));
#4215=FACE_OUTER_BOUND('',#4214,.T.);
#4216=ADVANCED_FACE('',(#4215),#4199,.F.);
#4217=CARTESIAN_POINT('',(-15.769819684209,-22.53713306355,-13.597254021229));
#4218=DIRECTION('',(-0.70710679740256,-0.70710676497053,0.));
#4219=DIRECTION('',(0.70710676497053,-0.70710679740256,7.4989490564001E-15));
#4220=AXIS2_PLACEMENT_3D('',#4217,#4219,#4218);
#4221=PLANE('',#4220);
#4222=ORIENTED_EDGE('',*,*,#2824,.F.);
#4223=CARTESIAN_POINT('',(-15.669819684209,-22.43713306355,-10.247254021229));
#4224=DIRECTION('',(-0.7071067892953,-0.7071067730778,0.));
#4225=VECTOR('',#4224,0.28284270923112);
#4226=LINE('',#4223,#4225);
#4227=EDGE_CURVE('',#2724,#2355,#4226,.T.);
#4228=ORIENTED_EDGE('',*,*,#4227,.T.);
#4229=ORIENTED_EDGE('',*,*,#2360,.F.);
#4230=ORIENTED_EDGE('',*,*,#4212,.F.);
#4231=EDGE_LOOP('',(#4222,#4228,#4229,#4230));
#4232=FACE_OUTER_BOUND('',#4231,.T.);
#4233=ADVANCED_FACE('',(#4232),#4221,.T.);
#4234=CARTESIAN_POINT('',(-14.669819684209,-21.437133058963,-10.247254021229));
#4235=DIRECTION('',(-1.,-1.9428480807568E-14,3.1849968536994E-15));
#4236=DIRECTION('',(1.9428480807568E-14,-1.,-7.643992448879E-15));
#4237=AXIS2_PLACEMENT_3D('',#4234,#4236,#4235);
#4238=CONICAL_SURFACE('',#4237,0.,0.78539816339748);
#4239=ORIENTED_EDGE('',*,*,#2730,.F.);
#4240=CARTESIAN_POINT('',(-13.669819684209,-22.43713306462,-10.247254021229));
#4241=DIRECTION('',(0.70710679118681,-0.70710677118629,0.));
#4242=VECTOR('',#4241,0.28284270847451);
#4243=LINE('',#4240,#4242);
#4244=EDGE_CURVE('',#2716,#2363,#4243,.T.);
#4245=ORIENTED_EDGE('',*,*,#4244,.T.);
#4246=ORIENTED_EDGE('',*,*,#2369,.F.);
#4247=ORIENTED_EDGE('',*,*,#4227,.F.);
#4248=EDGE_LOOP('',(#4239,#4245,#4246,#4247));
#4249=FACE_OUTER_BOUND('',#4248,.T.);
#4250=ADVANCED_FACE('',(#4249),#4238,.F.);
#4251=CARTESIAN_POINT('',(-13.569819684209,-22.537133058963,-13.597254021229));
#4252=DIRECTION('',(0.70710678118653,-0.70710678118656,0.));
#4253=DIRECTION('',(-0.70710678118656,-0.70710678118653,-1.8747372641001E-16));
#4254=AXIS2_PLACEMENT_3D('',#4251,#4253,#4252);
#4255=PLANE('',#4254);
#4256=ORIENTED_EDGE('',*,*,#2769,.F.);
#4257=ORIENTED_EDGE('',*,*,#4205,.F.);
#4258=ORIENTED_EDGE('',*,*,#2375,.F.);
#4259=ORIENTED_EDGE('',*,*,#4244,.F.);
#4260=EDGE_LOOP('',(#4256,#4257,#4258,#4259));
#4261=FACE_OUTER_BOUND('',#4260,.T.);
#4262=ADVANCED_FACE('',(#4261),#4255,.T.);
#4263=CARTESIAN_POINT('',(5.3301803157907,-21.437133058962,-16.947254021229));
#4264=DIRECTION('',(1.,2.0383979860718E-14,-7.6439924477704E-15));
#4265=DIRECTION('',(2.0383979860718E-14,-1.,-1.974698049007E-14));
#4266=AXIS2_PLACEMENT_3D('',#4263,#4265,#4264);
#4267=CONICAL_SURFACE('',#4266,0.,0.78539816339736);
#4268=ORIENTED_EDGE('',*,*,#2388,.F.);
#4269=CARTESIAN_POINT('',(6.5301803157907,-22.637133058963,-16.947254021229));
#4270=DIRECTION('',(-0.70710679740228,0.70710676497082,0.));
#4271=VECTOR('',#4270,0.28284270598833);
#4272=LINE('',#4269,#4271);
#4273=EDGE_CURVE('',#2380,#2661,#4272,.T.);
#4274=ORIENTED_EDGE('',*,*,#4273,.T.);
#4275=ORIENTED_EDGE('',*,*,#2695,.F.);
#4276=CARTESIAN_POINT('',(4.3301803157907,-22.437133068136,-16.947254021229));
#4277=DIRECTION('',(-0.70710679740227,-0.70710676497082,0.));
#4278=VECTOR('',#4277,0.28284270598833);
#4279=LINE('',#4276,#4278);
#4280=EDGE_CURVE('',#2596,#2382,#4279,.T.);
#4281=ORIENTED_EDGE('',*,*,#4280,.T.);
#4282=EDGE_LOOP('',(#4268,#4274,#4275,#4281));
#4283=FACE_OUTER_BOUND('',#4282,.T.);
#4284=ADVANCED_FACE('',(#4283),#4267,.F.);
#4285=CARTESIAN_POINT('',(4.2301803157907,-22.53713306355,-13.597254021229));
#4286=DIRECTION('',(-0.70710679740255,-0.70710676497054,-2.5121479338925E-14));
#4287=DIRECTION('',(0.70710676497054,-0.70710679740255,-1.3873056330448E-14));
#4288=AXIS2_PLACEMENT_3D('',#4285,#4287,#4286);
#4289=PLANE('',#4288);
#4290=ORIENTED_EDGE('',*,*,#2601,.F.);
#4291=CARTESIAN_POINT('',(4.3301803157907,-22.43713306355,-10.247254021229));
#4292=DIRECTION('',(-0.7071067892953,-0.7071067730778,0.));
#4293=VECTOR('',#4292,0.28284270923112);
#4294=LINE('',#4291,#4293);
#4295=EDGE_CURVE('',#2588,#2391,#4294,.T.);
#4296=ORIENTED_EDGE('',*,*,#4295,.T.);
#4297=ORIENTED_EDGE('',*,*,#2396,.F.);
#4298=ORIENTED_EDGE('',*,*,#4280,.F.);
#4299=EDGE_LOOP('',(#4290,#4296,#4297,#4298));
#4300=FACE_OUTER_BOUND('',#4299,.T.);
#4301=ADVANCED_FACE('',(#4300),#4289,.T.);
#4302=CARTESIAN_POINT('',(5.3301803157907,-21.437133058962,-10.247254021229));
#4303=DIRECTION('',(-1.,2.0383979860718E-14,1.3376986783599E-14));
#4304=DIRECTION('',(-2.0383979860717E-14,-1.,1.9428480804746E-14));
#4305=AXIS2_PLACEMENT_3D('',#4302,#4304,#4303);
#4306=CONICAL_SURFACE('',#4305,0.,0.78539816339734);
#4307=ORIENTED_EDGE('',*,*,#2640,.F.);
#4308=CARTESIAN_POINT('',(6.3301803157907,-22.43713306462,-10.247254021229));
#4309=DIRECTION('',(0.70710679118681,-0.70710677118629,0.));
#4310=VECTOR('',#4309,0.28284270847452);
#4311=LINE('',#4308,#4310);
#4312=EDGE_CURVE('',#2628,#2399,#4311,.T.);
#4313=ORIENTED_EDGE('',*,*,#4312,.T.);
#4314=ORIENTED_EDGE('',*,*,#2405,.F.);
#4315=ORIENTED_EDGE('',*,*,#4295,.F.);
#4316=EDGE_LOOP('',(#4307,#4313,#4314,#4315));
#4317=FACE_OUTER_BOUND('',#4316,.T.);
#4318=ADVANCED_FACE('',(#4317),#4306,.F.);
#4319=CARTESIAN_POINT('',(6.4301803157907,-22.537133058963,-13.597254021229));
#4320=DIRECTION('',(0.70710678118653,-0.70710678118656,-2.5121479338926E-14));
#4321=DIRECTION('',(-0.70710678118656,-0.70710678118653,-2.3527952664455E-14));
#4322=AXIS2_PLACEMENT_3D('',#4319,#4321,#4320);
#4323=PLANE('',#4322);
#4324=ORIENTED_EDGE('',*,*,#2672,.F.);
#4325=ORIENTED_EDGE('',*,*,#4273,.F.);
#4326=ORIENTED_EDGE('',*,*,#2411,.F.);
#4327=ORIENTED_EDGE('',*,*,#4312,.F.);
#4328=EDGE_LOOP('',(#4324,#4325,#4326,#4327));
#4329=FACE_OUTER_BOUND('',#4328,.T.);
#4330=ADVANCED_FACE('',(#4329),#4323,.T.);
#4331=CARTESIAN_POINT('',(10.330180315791,-21.437133058962,-16.947254021229));
#4332=DIRECTION('',(1.,1.7835982378128E-14,-8.9179911890644E-15));
#4333=DIRECTION('',(1.7835982378127E-14,-1.,-1.8472981748775E-14));
#4334=AXIS2_PLACEMENT_3D('',#4331,#4333,#4332);
#4335=CONICAL_SURFACE('',#4334,0.,0.78539816339741);
#4336=ORIENTED_EDGE('',*,*,#2424,.F.);
#4337=CARTESIAN_POINT('',(11.530180315791,-22.637133058963,-16.947254021229));
#4338=DIRECTION('',(-0.70710679740227,0.70710676497082,0.));
#4339=VECTOR('',#4338,0.28284270598833);
#4340=LINE('',#4337,#4339);
#4341=EDGE_CURVE('',#2416,#2468,#4340,.T.);
#4342=ORIENTED_EDGE('',*,*,#4341,.T.);
#4343=ORIENTED_EDGE('',*,*,#2474,.F.);
#4344=CARTESIAN_POINT('',(9.3301803157907,-22.437133068136,-16.947254021229));
#4345=DIRECTION('',(-0.70710679740228,-0.70710676497082,0.));
#4346=VECTOR('',#4345,0.28284270598833);
#4347=LINE('',#4344,#4346);
#4348=EDGE_CURVE('',#2460,#2418,#4347,.T.);
#4349=ORIENTED_EDGE('',*,*,#4348,.T.);
#4350=EDGE_LOOP('',(#4336,#4342,#4343,#4349));
#4351=FACE_OUTER_BOUND('',#4350,.T.);
#4352=ADVANCED_FACE('',(#4351),#4335,.F.);
#4353=CARTESIAN_POINT('',(9.2301803157907,-22.53713306355,-13.597254021229));
#4354=DIRECTION('',(-0.70710679740256,-0.70710676497054,-1.2560739669466E-14));
#4355=DIRECTION('',(0.70710676497054,-0.70710679740256,4.3306430512656E-14));
#4356=AXIS2_PLACEMENT_3D('',#4353,#4355,#4354);
#4357=PLANE('',#4356);
#4358=ORIENTED_EDGE('',*,*,#2513,.F.);
#4359=CARTESIAN_POINT('',(9.3301803157907,-22.43713306355,-10.247254021229));
#4360=DIRECTION('',(-0.7071067892953,-0.7071067730778,0.));
#4361=VECTOR('',#4360,0.28284270923112);
#4362=LINE('',#4359,#4361);
#4363=EDGE_CURVE('',#2502,#2427,#4362,.T.);
#4364=ORIENTED_EDGE('',*,*,#4363,.T.);
#4365=ORIENTED_EDGE('',*,*,#2432,.F.);
#4366=ORIENTED_EDGE('',*,*,#4348,.F.);
#4367=EDGE_LOOP('',(#4358,#4364,#4365,#4366));
#4368=FACE_OUTER_BOUND('',#4367,.T.);
#4369=ADVANCED_FACE('',(#4368),#4357,.T.);
#4370=CARTESIAN_POINT('',(10.330180315791,-21.437133058962,-10.247254021229));
#4371=DIRECTION('',(-1.,-6.3699937073962E-16,-8.5994915049855E-15));
#4372=DIRECTION('',(6.3699937073961E-16,-1.,1.2739987414792E-15));
#4373=AXIS2_PLACEMENT_3D('',#4370,#4372,#4371);
#4374=CONICAL_SURFACE('',#4373,0.,0.7853981633974);
#4375=ORIENTED_EDGE('',*,*,#2545,.F.);
#4376=CARTESIAN_POINT('',(11.330180315791,-22.43713306462,-10.247254021229));
#4377=DIRECTION('',(0.70710679118681,-0.70710677118629,0.));
#4378=VECTOR('',#4377,0.28284270847451);
#4379=LINE('',#4376,#4378);
#4380=EDGE_CURVE('',#2533,#2435,#4379,.T.);
#4381=ORIENTED_EDGE('',*,*,#4380,.T.);
#4382=ORIENTED_EDGE('',*,*,#2441,.F.);
#4383=ORIENTED_EDGE('',*,*,#4363,.F.);
#4384=EDGE_LOOP('',(#4375,#4381,#4382,#4383));
#4385=FACE_OUTER_BOUND('',#4384,.T.);
#4386=ADVANCED_FACE('',(#4385),#4374,.F.);
#4387=CARTESIAN_POINT('',(11.430180315791,-22.537133058963,-13.597254021229));
#4388=DIRECTION('',(0.70710678118651,-0.70710678118659,5.0242958677821E-14));
#4389=DIRECTION('',(-0.70710678118659,-0.70710678118651,3.4682639385848E-14));
#4390=AXIS2_PLACEMENT_3D('',#4387,#4389,#4388);
#4391=PLANE('',#4390);
#4392=ORIENTED_EDGE('',*,*,#2568,.F.);
#4393=ORIENTED_EDGE('',*,*,#4341,.F.);
#4394=ORIENTED_EDGE('',*,*,#2447,.F.);
#4395=ORIENTED_EDGE('',*,*,#4380,.F.);
#4396=EDGE_LOOP('',(#4392,#4393,#4394,#4395));
#4397=FACE_OUTER_BOUND('',#4396,.T.);
#4398=ADVANCED_FACE('',(#4397),#4391,.T.);
#4399=CARTESIAN_POINT('',(-9.6698196842093,-21.337133058963,-16.947254021229));
#4400=DIRECTION('',(1.,-1.0740404349227E-14,1.5343434784611E-15));
#4401=DIRECTION('',(-1.0740404349227E-14,-1.,1.6877778263072E-14));
#4402=AXIS2_PLACEMENT_3D('',#4399,#4401,#4400);
#4403=CONICAL_SURFACE('',#4402,0.,0.78539816339743);
#4404=ORIENTED_EDGE('',*,*,#2880,.F.);
#4405=CARTESIAN_POINT('',(-8.6698196842093,-22.33713304979,-16.947254021229));
#4406=DIRECTION('',(-0.70710679740227,0.70710676497082,0.));
#4407=VECTOR('',#4406,0.28284270598833);
#4408=LINE('',#4405,#4407);
#4409=EDGE_CURVE('',#2850,#2976,#4408,.T.);
#4410=ORIENTED_EDGE('',*,*,#4409,.T.);
#4411=ORIENTED_EDGE('',*,*,#3007,.F.);
#4412=CARTESIAN_POINT('',(-10.469819684209,-22.137133058963,-16.947254021229));
#4413=DIRECTION('',(-0.70710679740227,-0.70710676497083,0.));
#4414=VECTOR('',#4413,0.28284270598833);
#4415=LINE('',#4412,#4414);
#4416=EDGE_CURVE('',#2995,#2874,#4415,.T.);
#4417=ORIENTED_EDGE('',*,*,#4416,.T.);
#4418=EDGE_LOOP('',(#4404,#4410,#4411,#4417));
#4419=FACE_OUTER_BOUND('',#4418,.T.);
#4420=ADVANCED_FACE('',(#4419),#4403,.F.);
#4421=CARTESIAN_POINT('',(-10.569819684209,-22.237133054376,-13.597254021229));
#4422=DIRECTION('',(-0.70710679740258,-0.70710676497051,0.));
#4423=DIRECTION('',(0.70710676497051,-0.70710679740258,-2.699621660304E-14));
#4424=AXIS2_PLACEMENT_3D('',#4421,#4423,#4422);
#4425=PLANE('',#4424);
#4426=ORIENTED_EDGE('',*,*,#3000,.F.);
#4427=CARTESIAN_POINT('',(-10.469819684209,-22.137133058963,-10.247254021229));
#4428=DIRECTION('',(-0.70710678929529,-0.7071067730778,0.));
#4429=VECTOR('',#4428,0.28284270923112);
#4430=LINE('',#4427,#4429);
#4431=EDGE_CURVE('',#2986,#2899,#4430,.T.);
#4432=ORIENTED_EDGE('',*,*,#4431,.T.);
#4433=ORIENTED_EDGE('',*,*,#2904,.F.);
#4434=ORIENTED_EDGE('',*,*,#4416,.F.);
#4435=EDGE_LOOP('',(#4426,#4432,#4433,#4434));
#4436=FACE_OUTER_BOUND('',#4435,.T.);
#4437=ADVANCED_FACE('',(#4436),#4425,.T.);
#4438=CARTESIAN_POINT('',(-9.6698196842093,-21.337133058962,-10.247254021229));
#4439=DIRECTION('',(-1.,1.1507576097976E-14,1.9179293496629E-15));
#4440=DIRECTION('',(-1.1507576097976E-14,-1.,1.9179293496627E-15));
#4441=AXIS2_PLACEMENT_3D('',#4438,#4440,#4439);
#4442=CONICAL_SURFACE('',#4441,0.,0.7853981633974);
#4443=ORIENTED_EDGE('',*,*,#2992,.F.);
#4444=CARTESIAN_POINT('',(-8.8698196842093,-22.137133058963,-10.247254021229));
#4445=DIRECTION('',(0.7071067911868,-0.70710677118629,0.));
#4446=VECTOR('',#4445,0.28284270847452);
#4447=LINE('',#4444,#4446);
#4448=EDGE_CURVE('',#2978,#2842,#4447,.T.);
#4449=ORIENTED_EDGE('',*,*,#4448,.T.);
#4450=ORIENTED_EDGE('',*,*,#2927,.F.);
#4451=ORIENTED_EDGE('',*,*,#4431,.F.);
#4452=EDGE_LOOP('',(#4443,#4449,#4450,#4451));
#4453=FACE_OUTER_BOUND('',#4452,.T.);
#4454=ADVANCED_FACE('',(#4453),#4442,.F.);
#4455=CARTESIAN_POINT('',(-8.7698196842093,-22.237133058963,-13.597254021229));
#4456=DIRECTION('',(0.70710678118655,-0.70710678118655,2.5121479338925E-14));
#4457=DIRECTION('',(-0.70710678118655,-0.70710678118655,2.06221099051E-14));
#4458=AXIS2_PLACEMENT_3D('',#4455,#4457,#4456);
#4459=PLANE('',#4458);
#4460=ORIENTED_EDGE('',*,*,#2983,.F.);
#4461=ORIENTED_EDGE('',*,*,#4409,.F.);
#4462=ORIENTED_EDGE('',*,*,#2855,.F.);
#4463=ORIENTED_EDGE('',*,*,#4448,.F.);
#4464=EDGE_LOOP('',(#4460,#4461,#4462,#4463));
#4465=FACE_OUTER_BOUND('',#4464,.T.);
#4466=ADVANCED_FACE('',(#4465),#4459,.T.);
#4467=CARTESIAN_POINT('',(-2.1698196842093,-20.837133058963,-11.747254021229));
#4468=DIRECTION('',(-3.5950078892624E-15,0.,1.));
#4469=DIRECTION('',(-2.7755575615629E-16,-1.,0.));
#4470=AXIS2_PLACEMENT_3D('',#4467,#4469,#4468);
#4471=CYLINDRICAL_SURFACE('',#4470,2.1);
#4472=CARTESIAN_POINT('',(-2.1698196842093,-22.437133058963,-9.6472540212288));
#4473=VERTEX_POINT('',#4472);
#4474=CARTESIAN_POINT('',(-2.1698196842093,-20.837133058963,-9.6472540212288));
#4475=VERTEX_POINT('',#4474);
#4476=CARTESIAN_POINT('',(-2.1698196842093,-22.437133058963,-9.6472540212288));
#4477=DIRECTION('',(0.,1.,0.));
#4478=VECTOR('',#4477,1.6);
#4479=LINE('',#4476,#4478);
#4480=EDGE_CURVE('',#4473,#4475,#4479,.T.);
#4481=ORIENTED_EDGE('',*,*,#4480,.T.);
#4482=CARTESIAN_POINT('',(-2.1698196842093,-20.837133058963,-11.747254021229));
#4483=DIRECTION('',(-1.8414576011438E-31,-1.0262296287645E-16,1.));
#4484=DIRECTION('',(1.7943913813527E-15,1.,1.0262296287645E-16));
#4485=AXIS2_PLACEMENT_3D('',#4482,#4484,#4483);
#4486=CIRCLE('',#4485,2.1000000000002);
#4487=EDGE_CURVE('',#4475,#4475,#4486,.T.);
#4488=ORIENTED_EDGE('',*,*,#4487,.T.);
#4489=ORIENTED_EDGE('',*,*,#4480,.F.);
#4490=CARTESIAN_POINT('',(-2.1698196842093,-22.437133058963,-11.747254021229));
#4491=DIRECTION('',(0.,-0.,1.));
#4492=DIRECTION('',(-0.,-1.,0.));
#4493=AXIS2_PLACEMENT_3D('',#4490,#4492,#4491);
#4494=CIRCLE('',#4493,2.1000000000002);
#4495=EDGE_CURVE('',#4473,#4473,#4494,.T.);
#4496=ORIENTED_EDGE('',*,*,#4495,.T.);
#4497=EDGE_LOOP('',(#4481,#4488,#4489,#4496));
#4498=FACE_OUTER_BOUND('',#4497,.T.);
#4499=ADVANCED_FACE('',(#4498),#4471,.F.);
#4500=CARTESIAN_POINT('',(-2.1698196842093,24.162866941037,-11.747254021229));
#4501=DIRECTION('',(-8.4588420923821E-16,1.6917684184764E-15,1.));
#4502=DIRECTION('',(-2.7755575615629E-16,-1.,0.));
#4503=AXIS2_PLACEMENT_3D('',#4500,#4502,#4501);
#4504=CYLINDRICAL_SURFACE('',#4503,2.1);
#4505=CARTESIAN_POINT('',(-2.1698196842093,22.562866941037,-9.6472540212288));
#4506=VERTEX_POINT('',#4505);
#4507=CARTESIAN_POINT('',(-2.1698196842093,24.162866941037,-9.6472540212288));
#4508=VERTEX_POINT('',#4507);
#4509=CARTESIAN_POINT('',(-2.1698196842093,22.562866941037,-9.6472540212288));
#4510=DIRECTION('',(0.,1.,0.));
#4511=VECTOR('',#4510,1.6);
#4512=LINE('',#4509,#4511);
#4513=EDGE_CURVE('',#4506,#4508,#4512,.T.);
#4514=ORIENTED_EDGE('',*,*,#4513,.T.);
#4515=CARTESIAN_POINT('',(-2.1698196842093,24.162866941037,-11.747254021229));
#4516=DIRECTION('',(-1.4310401908768E-30,1.1962609209018E-15,1.));
#4517=DIRECTION('',(-1.1962609209018E-15,1.,-1.1962609209018E-15));
#4518=AXIS2_PLACEMENT_3D('',#4515,#4517,#4516);
#4519=CIRCLE('',#4518,2.1000000000002);
#4520=EDGE_CURVE('',#4508,#4508,#4519,.T.);
#4521=ORIENTED_EDGE('',*,*,#4520,.T.);
#4522=ORIENTED_EDGE('',*,*,#4513,.F.);
#4523=CARTESIAN_POINT('',(-2.1698196842093,22.562866941037,-11.747254021229));
#4524=DIRECTION('',(3.5776004771921E-31,5.981304604509E-16,1.));
#4525=DIRECTION('',(-5.981304604509E-16,-1.,5.981304604509E-16));
#4526=AXIS2_PLACEMENT_3D('',#4523,#4525,#4524);
#4527=CIRCLE('',#4526,2.1000000000002);
#4528=EDGE_CURVE('',#4506,#4506,#4527,.T.);
#4529=ORIENTED_EDGE('',*,*,#4528,.T.);
#4530=EDGE_LOOP('',(#4514,#4521,#4522,#4529));
#4531=FACE_OUTER_BOUND('',#4530,.T.);
#4532=ADVANCED_FACE('',(#4531),#4504,.F.);
#4533=CARTESIAN_POINT('',(-2.1698196842093,22.062866941038,-11.747254021229));
#4534=DIRECTION('',(1.5865973917711E-15,1.4423612652466E-16,1.));
#4535=DIRECTION('',(-1.2620661070907E-15,1.,-1.4423612652465E-16));
#4536=AXIS2_PLACEMENT_3D('',#4533,#4535,#4534);
#4537=CONICAL_SURFACE('',#4536,0.,0.78539816339747);
#4538=CARTESIAN_POINT('',(-2.1698196842093,24.362866941037,-9.4472540212288));
#4539=DIRECTION('',(0.,-0.70710678118655,-0.70710678118654));
#4540=VECTOR('',#4539,0.28284271247462);
#4541=LINE('',#4538,#4540);
#4542=EDGE_CURVE('',#869,#4508,#4541,.T.);
#4543=ORIENTED_EDGE('',*,*,#4542,.T.);
#4544=ORIENTED_EDGE('',*,*,#4520,.F.);
#4545=ORIENTED_EDGE('',*,*,#4542,.F.);
#4546=ORIENTED_EDGE('',*,*,#875,.F.);
#4547=EDGE_LOOP('',(#4543,#4544,#4545,#4546));
#4548=FACE_OUTER_BOUND('',#4547,.T.);
#4549=ADVANCED_FACE('',(#4548),#4537,.F.);
#4550=CARTESIAN_POINT('',(-2.1698196842093,24.662866941037,-11.747254021229));
#4551=DIRECTION('',(2.0193057713448E-15,2.8847225304928E-16,1.));
#4552=DIRECTION('',(-5.4088547446739E-16,-1.,2.8847225304928E-16));
#4553=AXIS2_PLACEMENT_3D('',#4550,#4552,#4551);
#4554=CONICAL_SURFACE('',#4553,0.,0.78539816339747);
#4555=CARTESIAN_POINT('',(-2.1698196842093,22.362866941037,-9.4472540212288));
#4556=VERTEX_POINT('',#4555);
#4557=CARTESIAN_POINT('',(-2.1698196842093,22.362866941037,-11.747254021229));
#4558=DIRECTION('',(2.7305955803194E-16,-0.,1.));
#4559=DIRECTION('',(-0.,-1.,0.));
#4560=AXIS2_PLACEMENT_3D('',#4557,#4559,#4558);
#4561=CIRCLE('',#4560,2.3000000000002);
#4562=EDGE_CURVE('',#4556,#4556,#4561,.T.);
#4563=ORIENTED_EDGE('',*,*,#4562,.T.);
#4564=CARTESIAN_POINT('',(-2.1698196842093,22.362866941037,-9.4472540212288));
#4565=DIRECTION('',(0.,0.70710678118654,-0.70710678118655));
#4566=VECTOR('',#4565,0.28284271247462);
#4567=LINE('',#4564,#4566);
#4568=EDGE_CURVE('',#4556,#4506,#4567,.T.);
#4569=ORIENTED_EDGE('',*,*,#4568,.T.);
#4570=ORIENTED_EDGE('',*,*,#4528,.F.);
#4571=ORIENTED_EDGE('',*,*,#4568,.F.);
#4572=EDGE_LOOP('',(#4563,#4569,#4570,#4571));
#4573=FACE_OUTER_BOUND('',#4572,.T.);
#4574=ADVANCED_FACE('',(#4573),#4554,.F.);
#4575=CARTESIAN_POINT('',(-2.1698196842093,-22.937133058963,-11.747254021229));
#4576=DIRECTION('',(1.2260070754594E-15,-2.8847225304927E-16,1.));
#4577=DIRECTION('',(2.1996009295007E-15,1.,2.8847225304927E-16));
#4578=AXIS2_PLACEMENT_3D('',#4575,#4577,#4576);
#4579=CONICAL_SURFACE('',#4578,0.,0.78539816339745);
#4580=CARTESIAN_POINT('',(-2.1698196842093,-20.637133058963,-9.4472540212288));
#4581=VERTEX_POINT('',#4580);
#4582=CARTESIAN_POINT('',(-2.1698196842093,-20.637133058963,-9.4472540212288));
#4583=DIRECTION('',(0.,-0.70710678118655,-0.70710678118654));
#4584=VECTOR('',#4583,0.28284271247462);
#4585=LINE('',#4582,#4584);
#4586=EDGE_CURVE('',#4581,#4475,#4585,.T.);
#4587=ORIENTED_EDGE('',*,*,#4586,.T.);
#4588=ORIENTED_EDGE('',*,*,#4487,.F.);
#4589=ORIENTED_EDGE('',*,*,#4586,.F.);
#4590=CARTESIAN_POINT('',(-2.1698196842093,-20.637133058963,-11.747254021229));
#4591=DIRECTION('',(-2.7305955803193E-16,1.4509588942433E-15,1.));
#4592=DIRECTION('',(1.6383573481916E-15,1.,-1.4509588942433E-15));
#4593=AXIS2_PLACEMENT_3D('',#4590,#4592,#4591);
#4594=CIRCLE('',#4593,2.3000000000002);
#4595=EDGE_CURVE('',#4581,#4581,#4594,.T.);
#4596=ORIENTED_EDGE('',*,*,#4595,.T.);
#4597=EDGE_LOOP('',(#4587,#4588,#4589,#4596));
#4598=FACE_OUTER_BOUND('',#4597,.T.);
#4599=ADVANCED_FACE('',(#4598),#4579,.F.);
#4600=CARTESIAN_POINT('',(-2.1698196842093,-20.337133058963,-11.747254021229));
#4601=DIRECTION('',(-6.3463895670839E-15,-8.654167591478E-16,1.));
#4602=DIRECTION('',(-1.1538890121971E-15,-1.,-8.6541675914781E-16));
#4603=AXIS2_PLACEMENT_3D('',#4600,#4602,#4601);
#4604=CONICAL_SURFACE('',#4603,0.,0.78539816339745);
#4605=ORIENTED_EDGE('',*,*,#2303,.F.);
#4606=CARTESIAN_POINT('',(-2.1698196842093,-22.637133058963,-9.4472540212288));
#4607=DIRECTION('',(0.,0.70710678118654,-0.70710678118655));
#4608=VECTOR('',#4607,0.28284271247462);
#4609=LINE('',#4606,#4608);
#4610=EDGE_CURVE('',#2297,#4473,#4609,.T.);
#4611=ORIENTED_EDGE('',*,*,#4610,.T.);
#4612=ORIENTED_EDGE('',*,*,#4495,.F.);
#4613=ORIENTED_EDGE('',*,*,#4610,.F.);
#4614=EDGE_LOOP('',(#4605,#4611,#4612,#4613));
#4615=FACE_OUTER_BOUND('',#4614,.T.);
#4616=ADVANCED_FACE('',(#4615),#4604,.F.);
#4617=CARTESIAN_POINT('',(14.830180315791,0.86286694103744,-14.197254020772));
#4618=DIRECTION('',(0.,-1.,0.));
#4619=DIRECTION('',(1.,0.,0.));
#4620=AXIS2_PLACEMENT_3D('',#4617,#4619,#4618);
#4621=PLANE('',#4620);
#4622=ORIENTED_EDGE('',*,*,#3968,.F.);
#4623=ORIENTED_EDGE('',*,*,#3944,.F.);
#4624=ORIENTED_EDGE('',*,*,#3921,.F.);
#4625=ORIENTED_EDGE('',*,*,#3991,.F.);
#4626=EDGE_LOOP('',(#4622,#4623,#4624,#4625));
#4627=FACE_OUTER_BOUND('',#4626,.T.);
#4628=ADVANCED_FACE('',(#4627),#4621,.T.);
#4629=CARTESIAN_POINT('',(14.830180315791,0.86286694103744,-14.197254020772));
#4630=DIRECTION('',(0.,-1.,0.));
#4631=DIRECTION('',(1.,0.,0.));
#4632=AXIS2_PLACEMENT_3D('',#4629,#4631,#4630);
#4633=PLANE('',#4632);
#4634=ORIENTED_EDGE('',*,*,#3870,.F.);
#4635=ORIENTED_EDGE('',*,*,#3846,.F.);
#4636=ORIENTED_EDGE('',*,*,#3823,.F.);
#4637=ORIENTED_EDGE('',*,*,#3893,.F.);
#4638=EDGE_LOOP('',(#4634,#4635,#4636,#4637));
#4639=FACE_OUTER_BOUND('',#4638,.T.);
#4640=ADVANCED_FACE('',(#4639),#4633,.T.);
#4641=CARTESIAN_POINT('',(-2.1698196842093,22.362866941037,-11.747254021229));
#4642=DIRECTION('',(1.,0.,0.));
#4643=DIRECTION('',(-0.,1.,0.));
#4644=AXIS2_PLACEMENT_3D('',#4641,#4643,#4642);
#4645=PLANE('',#4644);
#4646=ORIENTED_EDGE('',*,*,#4562,.F.);
#4647=EDGE_LOOP('',(#4646));
#4648=FACE_OUTER_BOUND('',#4647,.T.);
#4649=ADVANCED_FACE('',(#4648),#4645,.T.);
#4650=CARTESIAN_POINT('',(-19.169819684209,0.86286694103744,-14.197254020772));
#4651=DIRECTION('',(0.,1.,0.));
#4652=DIRECTION('',(-1.,0.,0.));
#4653=AXIS2_PLACEMENT_3D('',#4650,#4652,#4651);
#4654=PLANE('',#4653);
#4655=ORIENTED_EDGE('',*,*,#4187,.F.);
#4656=ORIENTED_EDGE('',*,*,#4164,.F.);
#4657=ORIENTED_EDGE('',*,*,#4140,.F.);
#4658=ORIENTED_EDGE('',*,*,#4117,.F.);
#4659=EDGE_LOOP('',(#4655,#4656,#4657,#4658));
#4660=FACE_OUTER_BOUND('',#4659,.T.);
#4661=ADVANCED_FACE('',(#4660),#4654,.T.);
#4662=CARTESIAN_POINT('',(-19.169819684209,0.86286694103744,-14.197254020772));
#4663=DIRECTION('',(0.,1.,0.));
#4664=DIRECTION('',(-1.,0.,0.));
#4665=AXIS2_PLACEMENT_3D('',#4662,#4664,#4663);
#4666=PLANE('',#4665);
#4667=ORIENTED_EDGE('',*,*,#4089,.F.);
#4668=ORIENTED_EDGE('',*,*,#4066,.F.);
#4669=ORIENTED_EDGE('',*,*,#4042,.F.);
#4670=ORIENTED_EDGE('',*,*,#4019,.F.);
#4671=EDGE_LOOP('',(#4667,#4668,#4669,#4670));
#4672=FACE_OUTER_BOUND('',#4671,.T.);
#4673=ADVANCED_FACE('',(#4672),#4666,.T.);
#4674=CARTESIAN_POINT('',(-2.1698196842093,-20.637133058963,-11.747254021229));
#4675=DIRECTION('',(-1.,-7.7232906060874E-16,0.));
#4676=DIRECTION('',(7.7232906060874E-16,-1.,7.7232906060874E-16));
#4677=AXIS2_PLACEMENT_3D('',#4674,#4676,#4675);
#4678=PLANE('',#4677);
#4679=ORIENTED_EDGE('',*,*,#4595,.F.);
#4680=EDGE_LOOP('',(#4679));
#4681=FACE_OUTER_BOUND('',#4680,.T.);
#4682=ADVANCED_FACE('',(#4681),#4678,.T.);
#4683=CARTESIAN_POINT('',(-16.169819684209,20.362866941037,-17.947254021229));
#4684=DIRECTION('',(1.,-8.8697030577016E-16,-8.8697030577013E-16));
#4685=DIRECTION('',(-8.8697030577012E-16,8.8697030577012E-16,-1.));
#4686=AXIS2_PLACEMENT_3D('',#4683,#4685,#4684);
#4687=CONICAL_SURFACE('',#4686,0.,0.78539816339743);
#4688=CARTESIAN_POINT('',(-14.669819684209,20.362866941037,-19.447254021229));
#4689=VERTEX_POINT('',#4688);
#4690=CARTESIAN_POINT('',(-14.832194684902,20.362866941041,-19.284879020536));
#4691=VERTEX_POINT('',#4690);
#4692=CARTESIAN_POINT('',(-14.669819684209,20.362866941037,-19.447254021229));
#4693=DIRECTION('',(-0.70710678118655,1.7405181915744E-11,0.70710678118655));
#4694=VECTOR('',#4693,0.22963292817038);
#4695=LINE('',#4692,#4694);
#4696=EDGE_CURVE('',#4689,#4691,#4695,.T.);
#4697=ORIENTED_EDGE('',*,*,#4696,.T.);
#4698=CARTESIAN_POINT('',(-16.169819684209,20.362866941037,-19.284879019842));
#4699=DIRECTION('',(1.,2.9880028893719E-12,-0.));
#4700=DIRECTION('',(0.,0.,1.));
#4701=AXIS2_PLACEMENT_3D('',#4698,#4700,#4699);
#4702=CIRCLE('',#4701,1.337624999307);
#4703=EDGE_CURVE('',#4691,#4691,#4702,.T.);
#4704=ORIENTED_EDGE('',*,*,#4703,.T.);
#4705=ORIENTED_EDGE('',*,*,#4696,.F.);
#4706=CARTESIAN_POINT('',(-16.169819684209,20.362866941037,-19.447254021229));
#4707=DIRECTION('',(1.,6.3108872417681E-30,2.512147933894E-15));
#4708=DIRECTION('',(2.512147933894E-15,-2.512147933894E-15,-1.));
#4709=AXIS2_PLACEMENT_3D('',#4706,#4708,#4707);
#4710=CIRCLE('',#4709,1.5);
#4711=EDGE_CURVE('',#4689,#4689,#4710,.T.);
#4712=ORIENTED_EDGE('',*,*,#4711,.T.);
#4713=EDGE_LOOP('',(#4697,#4704,#4705,#4712));
#4714=FACE_OUTER_BOUND('',#4713,.T.);
#4715=ADVANCED_FACE('',(#4714),#4687,.F.);
#4716=CARTESIAN_POINT('',(-16.169819684209,-18.637133058963,-17.947254021229));
#4717=DIRECTION('',(1.,-3.5478812230806E-15,-8.8697030577013E-16));
#4718=DIRECTION('',(-8.8697030577012E-16,1.3304554586552E-15,-1.));
#4719=AXIS2_PLACEMENT_3D('',#4716,#4718,#4717);
#4720=CONICAL_SURFACE('',#4719,0.,0.78539816339743);
#4721=CARTESIAN_POINT('',(-14.669819684209,-18.637133058963,-19.447254021229));
#4722=VERTEX_POINT('',#4721);
#4723=CARTESIAN_POINT('',(-14.832194684902,-18.637133058959,-19.284879020536));
#4724=VERTEX_POINT('',#4723);
#4725=CARTESIAN_POINT('',(-14.669819684209,-18.637133058963,-19.447254021229));
#4726=DIRECTION('',(-0.70710678118655,1.7405181915744E-11,0.70710678118655));
#4727=VECTOR('',#4726,0.22963292817038);
#4728=LINE('',#4725,#4727);
#4729=EDGE_CURVE('',#4722,#4724,#4728,.T.);
#4730=ORIENTED_EDGE('',*,*,#4729,.T.);
#4731=CARTESIAN_POINT('',(-16.169819684209,-18.637133058963,-19.284879019842));
#4732=DIRECTION('',(1.,2.9880028893719E-12,-5.9287804015143E-15));
#4733=DIRECTION('',(5.9287804015283E-15,-4.69516481672E-15,1.));
#4734=AXIS2_PLACEMENT_3D('',#4731,#4733,#4732);
#4735=CIRCLE('',#4734,1.337624999307);
#4736=EDGE_CURVE('',#4724,#4724,#4735,.T.);
#4737=ORIENTED_EDGE('',*,*,#4736,.T.);
#4738=ORIENTED_EDGE('',*,*,#4729,.F.);
#4739=CARTESIAN_POINT('',(-16.169819684209,-18.637133058963,-19.447254021229));
#4740=DIRECTION('',(1.,6.3108872417681E-30,2.512147933894E-15));
#4741=DIRECTION('',(2.512147933894E-15,-2.512147933894E-15,-1.));
#4742=AXIS2_PLACEMENT_3D('',#4739,#4741,#4740);
#4743=CIRCLE('',#4742,1.5);
#4744=EDGE_CURVE('',#4722,#4722,#4743,.T.);
#4745=ORIENTED_EDGE('',*,*,#4744,.T.);
#4746=EDGE_LOOP('',(#4730,#4737,#4738,#4745));
#4747=FACE_OUTER_BOUND('',#4746,.T.);
#4748=ADVANCED_FACE('',(#4747),#4720,.F.);
#4749=CARTESIAN_POINT('',(11.830180315791,-18.637133058963,-17.947254021229));
#4750=DIRECTION('',(1.,-1.7739406115403E-15,-8.8697030577014E-16));
#4751=DIRECTION('',(-8.8697030577014E-16,-4.4348515288507E-16,-1.));
#4752=AXIS2_PLACEMENT_3D('',#4749,#4751,#4750);
#4753=CONICAL_SURFACE('',#4752,0.,0.78539816339745);
#4754=CARTESIAN_POINT('',(13.330180315791,-18.637133058963,-19.447254021229));
#4755=VERTEX_POINT('',#4754);
#4756=CARTESIAN_POINT('',(13.167805315098,-18.637133058959,-19.284879020536));
#4757=VERTEX_POINT('',#4756);
#4758=CARTESIAN_POINT('',(13.330180315791,-18.637133058963,-19.447254021229));
#4759=DIRECTION('',(-0.70710678118655,1.7405181915744E-11,0.70710678118655));
#4760=VECTOR('',#4759,0.22963292817038);
#4761=LINE('',#4758,#4760);
#4762=EDGE_CURVE('',#4755,#4757,#4761,.T.);
#4763=ORIENTED_EDGE('',*,*,#4762,.T.);
#4764=CARTESIAN_POINT('',(11.830180315791,-18.637133058963,-19.284879019842));
#4765=DIRECTION('',(1.,2.9894114388169E-12,-1.7169533412155E-15));
#4766=DIRECTION('',(1.7169533412183E-15,-9.3903296334242E-16,1.));
#4767=AXIS2_PLACEMENT_3D('',#4764,#4766,#4765);
#4768=CIRCLE('',#4767,1.337624999307);
#4769=EDGE_CURVE('',#4757,#4757,#4768,.T.);
#4770=ORIENTED_EDGE('',*,*,#4769,.T.);
#4771=ORIENTED_EDGE('',*,*,#4762,.F.);
#4772=CARTESIAN_POINT('',(11.830180315791,-18.637133058963,-19.447254021229));
#4773=DIRECTION('',(1.,-1.256073966947E-15,2.512147933894E-15));
#4774=DIRECTION('',(2.512147933894E-15,-2.512147933894E-15,-1.));
#4775=AXIS2_PLACEMENT_3D('',#4772,#4774,#4773);
#4776=CIRCLE('',#4775,1.5);
#4777=EDGE_CURVE('',#4755,#4755,#4776,.T.);
#4778=ORIENTED_EDGE('',*,*,#4777,.T.);
#4779=EDGE_LOOP('',(#4763,#4770,#4771,#4778));
#4780=FACE_OUTER_BOUND('',#4779,.T.);
#4781=ADVANCED_FACE('',(#4780),#4753,.F.);
#4782=CARTESIAN_POINT('',(11.830180315791,20.362866941037,-17.947254021229));
#4783=DIRECTION('',(1.,-1.7739406115403E-15,-8.8697030577014E-16));
#4784=DIRECTION('',(-8.8697030577014E-16,-4.4348515288507E-16,-1.));
#4785=AXIS2_PLACEMENT_3D('',#4782,#4784,#4783);
#4786=CONICAL_SURFACE('',#4785,0.,0.78539816339745);
#4787=CARTESIAN_POINT('',(13.330180315791,20.362866941037,-19.447254021229));
#4788=VERTEX_POINT('',#4787);
#4789=CARTESIAN_POINT('',(13.167805315098,20.362866941037,-19.284879020536));
#4790=VERTEX_POINT('',#4789);
#4791=CARTESIAN_POINT('',(13.330180315791,20.362866941037,-19.447254021229));
#4792=DIRECTION('',(-0.70710678118655,0.,0.70710678118655));
#4793=VECTOR('',#4792,0.22963292817038);
#4794=LINE('',#4791,#4793);
#4795=EDGE_CURVE('',#4788,#4790,#4794,.T.);
#4796=ORIENTED_EDGE('',*,*,#4795,.T.);
#4797=CARTESIAN_POINT('',(11.830180315791,20.362866941037,-19.284879019842));
#4798=DIRECTION('',(1.,1.4085494450213E-15,-2.4948737190834E-15));
#4799=DIRECTION('',(2.4948737190834E-15,-2.8170988900427E-15,1.));
#4800=AXIS2_PLACEMENT_3D('',#4797,#4799,#4798);
#4801=CIRCLE('',#4800,1.337624999307);
#4802=EDGE_CURVE('',#4790,#4790,#4801,.T.);
#4803=ORIENTED_EDGE('',*,*,#4802,.T.);
#4804=ORIENTED_EDGE('',*,*,#4795,.F.);
#4805=CARTESIAN_POINT('',(11.830180315791,20.362866941037,-19.447254021229));
#4806=DIRECTION('',(1.,-1.256073966947E-15,2.512147933894E-15));
#4807=DIRECTION('',(2.512147933894E-15,-2.512147933894E-15,-1.));
#4808=AXIS2_PLACEMENT_3D('',#4805,#4807,#4806);
#4809=CIRCLE('',#4808,1.5);
#4810=EDGE_CURVE('',#4788,#4788,#4809,.T.);
#4811=ORIENTED_EDGE('',*,*,#4810,.T.);
#4812=EDGE_LOOP('',(#4796,#4803,#4804,#4811));
#4813=FACE_OUTER_BOUND('',#4812,.T.);
#4814=ADVANCED_FACE('',(#4813),#4786,.F.);
#4815=CARTESIAN_POINT('',(-16.169819684209,-18.637133058963,-19.447254021229));
#4816=DIRECTION('',(1.1102230246252E-15,1.,-1.1102230246252E-15));
#4817=DIRECTION('',(-1.1102230246252E-15,-1.1102230246252E-15,-1.));
#4818=AXIS2_PLACEMENT_3D('',#4815,#4817,#4816);
#4819=PLANE('',#4818);
#4820=CARTESIAN_POINT('',(-14.569819684209,-18.637133058963,-19.447254021229));
#4821=VERTEX_POINT('',#4820);
#4822=CARTESIAN_POINT('',(-16.169819684209,-18.637133058963,-19.447254021229));
#4823=DIRECTION('',(1.,5.5466782398352E-30,2.3551386880257E-15));
#4824=DIRECTION('',(2.3551386880257E-15,-2.3551386880257E-15,-1.));
#4825=AXIS2_PLACEMENT_3D('',#4822,#4824,#4823);
#4826=CIRCLE('',#4825,1.6);
#4827=EDGE_CURVE('',#4821,#4821,#4826,.T.);
#4828=ORIENTED_EDGE('',*,*,#4827,.T.);
#4829=EDGE_LOOP('',(#4828));
#4830=FACE_OUTER_BOUND('',#4829,.T.);
#4831=ORIENTED_EDGE('',*,*,#4744,.F.);
#4832=EDGE_LOOP('',(#4831));
#4833=FACE_BOUND('',#4832,.T.);
#4834=ADVANCED_FACE('',(#4830,#4833),#4819,.T.);
#4835=CARTESIAN_POINT('',(-16.169819684209,20.362866941037,-19.447254021229));
#4836=DIRECTION('',(0.,1.,-1.1102230246252E-15));
#4837=DIRECTION('',(-1.1102230246252E-15,-1.1102230246252E-15,-1.));
#4838=AXIS2_PLACEMENT_3D('',#4835,#4837,#4836);
#4839=PLANE('',#4838);
#4840=CARTESIAN_POINT('',(-14.569819684209,20.362866941037,-19.447254021229));
#4841=VERTEX_POINT('',#4840);
#4842=CARTESIAN_POINT('',(-16.169819684209,20.362866941037,-19.447254021229));
#4843=DIRECTION('',(1.,2.4651903288157E-30,1.5700924586838E-15));
#4844=DIRECTION('',(1.5700924586838E-15,-1.5700924586838E-15,-1.));
#4845=AXIS2_PLACEMENT_3D('',#4842,#4844,#4843);
#4846=CIRCLE('',#4845,1.6);
#4847=EDGE_CURVE('',#4841,#4841,#4846,.T.);
#4848=ORIENTED_EDGE('',*,*,#4847,.T.);
#4849=EDGE_LOOP('',(#4848));
#4850=FACE_OUTER_BOUND('',#4849,.T.);
#4851=ORIENTED_EDGE('',*,*,#4711,.F.);
#4852=EDGE_LOOP('',(#4851));
#4853=FACE_BOUND('',#4852,.T.);
#4854=ADVANCED_FACE('',(#4850,#4853),#4839,.T.);
#4855=CARTESIAN_POINT('',(11.830180315791,20.362866941037,-19.447254021229));
#4856=DIRECTION('',(-5.5511151231258E-16,1.,0.));
#4857=DIRECTION('',(0.,0.,-1.));
#4858=AXIS2_PLACEMENT_3D('',#4855,#4857,#4856);
#4859=PLANE('',#4858);
#4860=CARTESIAN_POINT('',(10.230180315791,20.362866941037,-19.447254021229));
#4861=VERTEX_POINT('',#4860);
#4862=CARTESIAN_POINT('',(11.830180315791,20.362866941037,-19.447254021229));
#4863=DIRECTION('',(-1.,-7.850462293419E-16,-3.9252311467094E-15));
#4864=DIRECTION('',(3.9252311467094E-15,-3.9252311467094E-15,-1.));
#4865=AXIS2_PLACEMENT_3D('',#4862,#4864,#4863);
#4866=CIRCLE('',#4865,1.6);
#4867=EDGE_CURVE('',#4861,#4861,#4866,.T.);
#4868=ORIENTED_EDGE('',*,*,#4867,.T.);
#4869=EDGE_LOOP('',(#4868));
#4870=FACE_OUTER_BOUND('',#4869,.T.);
#4871=ORIENTED_EDGE('',*,*,#4810,.F.);
#4872=EDGE_LOOP('',(#4871));
#4873=FACE_BOUND('',#4872,.T.);
#4874=ADVANCED_FACE('',(#4870,#4873),#4859,.T.);
#4875=CARTESIAN_POINT('',(11.830180315791,-18.637133058963,-19.447254021229));
#4876=DIRECTION('',(0.,1.,0.));
#4877=DIRECTION('',(0.,0.,-1.));
#4878=AXIS2_PLACEMENT_3D('',#4875,#4877,#4876);
#4879=PLANE('',#4878);
#4880=CARTESIAN_POINT('',(10.230180315791,-18.637133058963,-19.447254021229));
#4881=VERTEX_POINT('',#4880);
#4882=CARTESIAN_POINT('',(11.830180315791,-18.637133058963,-19.447254021229));
#4883=DIRECTION('',(-1.,-7.8504622934189E-16,-2.3551386880257E-15));
#4884=DIRECTION('',(2.3551386880257E-15,-2.3551386880257E-15,-1.));
#4885=AXIS2_PLACEMENT_3D('',#4882,#4884,#4883);
#4886=CIRCLE('',#4885,1.6);
#4887=EDGE_CURVE('',#4881,#4881,#4886,.T.);
#4888=ORIENTED_EDGE('',*,*,#4887,.T.);
#4889=EDGE_LOOP('',(#4888));
#4890=FACE_OUTER_BOUND('',#4889,.T.);
#4891=ORIENTED_EDGE('',*,*,#4777,.F.);
#4892=EDGE_LOOP('',(#4891));
#4893=FACE_BOUND('',#4892,.T.);
#4894=ADVANCED_FACE('',(#4890,#4893),#4879,.T.);
#4895=CARTESIAN_POINT('',(2.3301803157907,0.86286694103744,-7.7472540212288));
#4896=DIRECTION('',(2.8421709430405E-16,1.,0.));
#4897=DIRECTION('',(1.0449157878825E-16,-2.969829290244E-32,1.));
#4898=AXIS2_PLACEMENT_3D('',#4895,#4897,#4896);
#4899=PLANE('',#4898);
#4900=ORIENTED_EDGE('',*,*,#383,.F.);
#4901=EDGE_LOOP('',(#4900));
#4902=FACE_OUTER_BOUND('',#4901,.T.);
#4903=CARTESIAN_POINT('',(-10.119236329473,-0.81713305896257,-7.7472540212288));
#4904=VERTEX_POINT('',#4903);
#4905=CARTESIAN_POINT('',(-11.269819684209,-0.81713305896257,-7.7472540212288));
#4906=VERTEX_POINT('',#4905);
#4907=CARTESIAN_POINT('',(-10.119236329473,-0.81713305896257,-7.7472540212288));
#4908=DIRECTION('',(-1.,0.,0.));
#4909=VECTOR('',#4908,1.150583354736);
#4910=LINE('',#4907,#4909);
#4911=EDGE_CURVE('',#4904,#4906,#4910,.T.);
#4912=ORIENTED_EDGE('',*,*,#4911,.T.);
#4913=CARTESIAN_POINT('',(-11.269819684209,2.5428669410374,-7.7472540212288));
#4914=VERTEX_POINT('',#4913);
#4915=CARTESIAN_POINT('',(-11.269819684209,-0.81713305896257,-7.7472540212288));
#4916=DIRECTION('',(0.,1.,0.));
#4917=VECTOR('',#4916,3.36);
#4918=LINE('',#4915,#4917);
#4919=EDGE_CURVE('',#4906,#4914,#4918,.T.);
#4920=ORIENTED_EDGE('',*,*,#4919,.T.);
#4921=CARTESIAN_POINT('',(-10.119236329473,2.5428669410374,-7.7472540212288));
#4922=VERTEX_POINT('',#4921);
#4923=CARTESIAN_POINT('',(-11.269819684209,2.5428669410374,-7.7472540212288));
#4924=DIRECTION('',(1.,0.,0.));
#4925=VECTOR('',#4924,1.150583354736);
#4926=LINE('',#4923,#4925);
#4927=EDGE_CURVE('',#4914,#4922,#4926,.T.);
#4928=ORIENTED_EDGE('',*,*,#4927,.T.);
#4929=CARTESIAN_POINT('',(-2.1698196842094,0.86286694103744,-7.7472540212288));
#4930=DIRECTION('',(-0.97838974095557,0.20676923076924,8.7451413632016E-16));
#4931=DIRECTION('',(-9.624722859606E-16,-8.978120197302E-16,-1.));
#4932=AXIS2_PLACEMENT_3D('',#4929,#4931,#4930);
#4933=CIRCLE('',#4932,8.1249999999996);
#4934=EDGE_CURVE('',#4922,#4904,#4933,.T.);
#4935=ORIENTED_EDGE('',*,*,#4934,.T.);
#4936=EDGE_LOOP('',(#4912,#4920,#4928,#4935));
#4937=FACE_BOUND('',#4936,.T.);
#4938=ADVANCED_FACE('',(#4902,#4937),#4899,.T.);
#4939=CARTESIAN_POINT('',(-15.669819684209,6.7737359672215,-19.447254021229));
#4940=DIRECTION('',(-5.4474952079844E-16,1.,0.));
#4941=DIRECTION('',(0.,0.,-1.));
#4942=AXIS2_PLACEMENT_3D('',#4939,#4941,#4940);
#4943=PLANE('',#4942);
#4944=CARTESIAN_POINT('',(-17.019819684209,9.9128669410374,-19.447254021229));
#4945=VERTEX_POINT('',#4944);
#4946=CARTESIAN_POINT('',(-14.319819684209,9.9128669410374,-19.447254021229));
#4947=VERTEX_POINT('',#4946);
#4948=CARTESIAN_POINT('',(-17.019819684209,9.9128669410374,-19.447254021229));
#4949=DIRECTION('',(1.,0.,0.));
#4950=VECTOR('',#4949,2.7);
#4951=LINE('',#4948,#4950);
#4952=EDGE_CURVE('',#4945,#4947,#4951,.T.);
#4953=ORIENTED_EDGE('',*,*,#4952,.T.);
#4954=CARTESIAN_POINT('',(-14.319819684209,3.5128669410374,-19.447254021229));
#4955=VERTEX_POINT('',#4954);
#4956=CARTESIAN_POINT('',(-14.319819684209,9.9128669410374,-19.447254021229));
#4957=DIRECTION('',(0.,-1.,0.));
#4958=VECTOR('',#4957,6.4);
#4959=LINE('',#4956,#4958);
#4960=EDGE_CURVE('',#4947,#4955,#4959,.T.);
#4961=ORIENTED_EDGE('',*,*,#4960,.T.);
#4962=CARTESIAN_POINT('',(-17.019819684209,3.5128669410374,-19.447254021229));
#4963=VERTEX_POINT('',#4962);
#4964=CARTESIAN_POINT('',(-14.319819684209,3.5128669410374,-19.447254021229));
#4965=DIRECTION('',(-1.,0.,0.));
#4966=VECTOR('',#4965,2.7);
#4967=LINE('',#4964,#4966);
#4968=EDGE_CURVE('',#4955,#4963,#4967,.T.);
#4969=ORIENTED_EDGE('',*,*,#4968,.T.);
#4970=CARTESIAN_POINT('',(-17.019819684209,3.5128669410374,-19.447254021229));
#4971=DIRECTION('',(0.,1.,0.));
#4972=VECTOR('',#4971,6.4);
#4973=LINE('',#4970,#4972);
#4974=EDGE_CURVE('',#4963,#4945,#4973,.T.);
#4975=ORIENTED_EDGE('',*,*,#4974,.T.);
#4976=EDGE_LOOP('',(#4953,#4961,#4969,#4975));
#4977=FACE_OUTER_BOUND('',#4976,.T.);
#4978=CARTESIAN_POINT('',(-15.669819684209,8.7128669410374,-19.447254021229));
#4979=VERTEX_POINT('',#4978);
#4980=CARTESIAN_POINT('',(-15.669819684209,8.9628669410374,-19.447254021229));
#4981=DIRECTION('',(5.0242958677881E-15,-1.,-5.0242958677881E-15));
#4982=DIRECTION('',(5.0242958677881E-15,-5.0242958677881E-15,1.));
#4983=AXIS2_PLACEMENT_3D('',#4980,#4982,#4981);
#4984=CIRCLE('',#4983,0.25);
#4985=EDGE_CURVE('',#4979,#4979,#4984,.T.);
#4986=ORIENTED_EDGE('',*,*,#4985,.T.);
#4987=EDGE_LOOP('',(#4986));
#4988=FACE_BOUND('',#4987,.T.);
#4989=CARTESIAN_POINT('',(-15.669819684209,5.7128669410374,-19.447254021229));
#4990=VERTEX_POINT('',#4989);
#4991=CARTESIAN_POINT('',(-15.669819684209,5.9628669410374,-19.447254021229));
#4992=DIRECTION('',(2.512147933894E-15,-1.,-5.0242958677881E-15));
#4993=DIRECTION('',(5.0242958677881E-15,-5.0242958677881E-15,1.));
#4994=AXIS2_PLACEMENT_3D('',#4991,#4993,#4992);
#4995=CIRCLE('',#4994,0.25);
#4996=EDGE_CURVE('',#4990,#4990,#4995,.T.);
#4997=ORIENTED_EDGE('',*,*,#4996,.T.);
#4998=EDGE_LOOP('',(#4997));
#4999=FACE_BOUND('',#4998,.T.);
#5000=CARTESIAN_POINT('',(-15.669819684209,4.2128669410374,-19.447254021229));
#5001=VERTEX_POINT('',#5000);
#5002=CARTESIAN_POINT('',(-15.669819684209,4.4628669410374,-19.447254021229));
#5003=DIRECTION('',(-1.256073966947E-15,-1.,-0.));
#5004=DIRECTION('',(-0.,0.,1.));
#5005=AXIS2_PLACEMENT_3D('',#5002,#5004,#5003);
#5006=CIRCLE('',#5005,0.25);
#5007=EDGE_CURVE('',#5001,#5001,#5006,.T.);
#5008=ORIENTED_EDGE('',*,*,#5007,.T.);
#5009=EDGE_LOOP('',(#5008));
#5010=FACE_BOUND('',#5009,.T.);
#5011=CARTESIAN_POINT('',(-15.669819684209,7.2128669410374,-19.447254021229));
#5012=VERTEX_POINT('',#5011);
#5013=CARTESIAN_POINT('',(-15.669819684209,7.4628669410374,-19.447254021229));
#5014=DIRECTION('',(2.512147933894E-15,-1.,-5.0242958677881E-15));
#5015=DIRECTION('',(5.0242958677881E-15,-5.0242958677881E-15,1.));
#5016=AXIS2_PLACEMENT_3D('',#5013,#5015,#5014);
#5017=CIRCLE('',#5016,0.25);
#5018=EDGE_CURVE('',#5012,#5012,#5017,.T.);
#5019=ORIENTED_EDGE('',*,*,#5018,.T.);
#5020=EDGE_LOOP('',(#5019));
#5021=FACE_BOUND('',#5020,.T.);
#5022=ADVANCED_FACE('',(#4977,#4988,#4999,#5010,#5021),#4943,.T.);
#5023=CARTESIAN_POINT('',(-15.669819684209,6.7737359672215,-19.447254021229));
#5024=DIRECTION('',(-3.670817857611E-16,1.,0.));
#5025=DIRECTION('',(0.,0.,-1.));
#5026=AXIS2_PLACEMENT_3D('',#5023,#5025,#5024);
#5027=PLANE('',#5026);
#5028=CARTESIAN_POINT('',(-13.819819684209,1.9346049934056,-19.447254021229));
#5029=VERTEX_POINT('',#5028);
#5030=CARTESIAN_POINT('',(-17.519819684209,1.9346049934055,-19.447254021229));
#5031=VERTEX_POINT('',#5030);
#5032=CARTESIAN_POINT('',(-13.819819684209,1.9346049934056,-19.447254021229));
#5033=DIRECTION('',(-1.,-2.7005424923315E-14,0.));
#5034=VECTOR('',#5033,3.7);
#5035=LINE('',#5032,#5034);
#5036=EDGE_CURVE('',#5029,#5031,#5035,.T.);
#5037=ORIENTED_EDGE('',*,*,#5036,.T.);
#5038=CARTESIAN_POINT('',(-18.719819684209,3.1346049934056,-19.447254021229));
#5039=VERTEX_POINT('',#5038);
#5040=CARTESIAN_POINT('',(-17.519819684209,3.1346049934056,-19.447254021229));
#5041=DIRECTION('',(0.,-1.,2.9605947323335E-15));
#5042=DIRECTION('',(2.802792490248E-16,-5.6409102156422E-15,-1.));
#5043=AXIS2_PLACEMENT_3D('',#5040,#5042,#5041);
#5044=CIRCLE('',#5043,1.2000000000001);
#5045=EDGE_CURVE('',#5031,#5039,#5044,.T.);
#5046=ORIENTED_EDGE('',*,*,#5045,.T.);
#5047=CARTESIAN_POINT('',(-18.719819684209,10.412866941037,-19.447254021229));
#5048=VERTEX_POINT('',#5047);
#5049=CARTESIAN_POINT('',(-18.719819684209,3.1346049934056,-19.447254021229));
#5050=DIRECTION('',(0.,1.,0.));
#5051=VECTOR('',#5050,7.2782619476314);
#5052=LINE('',#5049,#5051);
#5053=EDGE_CURVE('',#5039,#5048,#5052,.T.);
#5054=ORIENTED_EDGE('',*,*,#5053,.T.);
#5055=CARTESIAN_POINT('',(-17.519819684209,11.612866941037,-19.447254021229));
#5056=VERTEX_POINT('',#5055);
#5057=CARTESIAN_POINT('',(-17.519819684209,10.412866941037,-19.447254021229));
#5058=DIRECTION('',(-1.,1.4802973661669E-15,-2.9605947323338E-15));
#5059=DIRECTION('',(4.4671924721816E-15,-4.4671924721816E-15,-1.));
#5060=AXIS2_PLACEMENT_3D('',#5057,#5059,#5058);
#5061=CIRCLE('',#5060,1.2);
#5062=EDGE_CURVE('',#5048,#5056,#5061,.T.);
#5063=ORIENTED_EDGE('',*,*,#5062,.T.);
#5064=CARTESIAN_POINT('',(-13.819819684209,11.612866941037,-19.447254021229));
#5065=VERTEX_POINT('',#5064);
#5066=CARTESIAN_POINT('',(-17.519819684209,11.612866941037,-19.447254021229));
#5067=DIRECTION('',(1.,0.,0.));
#5068=VECTOR('',#5067,3.7);
#5069=LINE('',#5066,#5068);
#5070=EDGE_CURVE('',#5056,#5065,#5069,.T.);
#5071=ORIENTED_EDGE('',*,*,#5070,.T.);
#5072=CARTESIAN_POINT('',(-12.619819684209,10.412866941037,-19.447254021229));
#5073=VERTEX_POINT('',#5072);
#5074=CARTESIAN_POINT('',(-13.819819684209,10.412866941037,-19.447254021229));
#5075=DIRECTION('',(0.,1.,-2.9605947323337E-15));
#5076=DIRECTION('',(-3.0657962270575E-16,-3.2671743550395E-15,-1.));
#5077=AXIS2_PLACEMENT_3D('',#5074,#5076,#5075);
#5078=CIRCLE('',#5077,1.2);
#5079=EDGE_CURVE('',#5065,#5073,#5078,.T.);
#5080=ORIENTED_EDGE('',*,*,#5079,.T.);
#5081=CARTESIAN_POINT('',(-12.619819684209,3.1346049934056,-19.447254021229));
#5082=VERTEX_POINT('',#5081);
#5083=CARTESIAN_POINT('',(-12.619819684209,10.412866941037,-19.447254021229));
#5084=DIRECTION('',(0.,-1.,0.));
#5085=VECTOR('',#5084,7.2782619476314);
#5086=LINE('',#5083,#5085);
#5087=EDGE_CURVE('',#5073,#5082,#5086,.T.);
#5088=ORIENTED_EDGE('',*,*,#5087,.T.);
#5089=CARTESIAN_POINT('',(-13.819819684209,3.1346049934056,-19.447254021229));
#5090=DIRECTION('',(1.,0.,0.));
#5091=DIRECTION('',(-2.6803154833089E-15,2.6803154833089E-15,-1.));
#5092=AXIS2_PLACEMENT_3D('',#5089,#5091,#5090);
#5093=CIRCLE('',#5092,1.2);
#5094=EDGE_CURVE('',#5082,#5029,#5093,.T.);
#5095=ORIENTED_EDGE('',*,*,#5094,.T.);
#5096=EDGE_LOOP('',(#5037,#5046,#5054,#5063,#5071,#5080,#5088,#5095));
#5097=FACE_OUTER_BOUND('',#5096,.T.);
#5098=CARTESIAN_POINT('',(-17.519819684209,10.412866941037,-19.447254021229));
#5099=VERTEX_POINT('',#5098);
#5100=CARTESIAN_POINT('',(-17.519819684209,3.0128669410374,-19.447254021229));
#5101=VERTEX_POINT('',#5100);
#5102=CARTESIAN_POINT('',(-17.519819684209,10.412866941037,-19.447254021229));
#5103=DIRECTION('',(0.,-1.,0.));
#5104=VECTOR('',#5103,7.3999999999996);
#5105=LINE('',#5102,#5104);
#5106=EDGE_CURVE('',#5099,#5101,#5105,.T.);
#5107=ORIENTED_EDGE('',*,*,#5106,.T.);
#5108=CARTESIAN_POINT('',(-13.819819684209,3.0128669410374,-19.447254021229));
#5109=VERTEX_POINT('',#5108);
#5110=CARTESIAN_POINT('',(-17.519819684209,3.0128669410374,-19.447254021229));
#5111=DIRECTION('',(1.,0.,0.));
#5112=VECTOR('',#5111,3.7);
#5113=LINE('',#5110,#5112);
#5114=EDGE_CURVE('',#5101,#5109,#5113,.T.);
#5115=ORIENTED_EDGE('',*,*,#5114,.T.);
#5116=CARTESIAN_POINT('',(-13.819819684209,10.412866941037,-19.447254021229));
#5117=VERTEX_POINT('',#5116);
#5118=CARTESIAN_POINT('',(-13.819819684209,3.0128669410374,-19.447254021229));
#5119=DIRECTION('',(0.,1.,0.));
#5120=VECTOR('',#5119,7.3999999999996);
#5121=LINE('',#5118,#5120);
#5122=EDGE_CURVE('',#5109,#5117,#5121,.T.);
#5123=ORIENTED_EDGE('',*,*,#5122,.T.);
#5124=CARTESIAN_POINT('',(-13.819819684209,10.412866941037,-19.447254021229));
#5125=DIRECTION('',(-1.,0.,0.));
#5126=VECTOR('',#5125,3.7);
#5127=LINE('',#5124,#5126);
#5128=EDGE_CURVE('',#5117,#5099,#5127,.T.);
#5129=ORIENTED_EDGE('',*,*,#5128,.T.);
#5130=EDGE_LOOP('',(#5107,#5115,#5123,#5129));
#5131=FACE_BOUND('',#5130,.T.);
#5132=ADVANCED_FACE('',(#5097,#5131),#5027,.T.);
#5133=CARTESIAN_POINT('',(-10.169819684209,-0.81713305896257,-10.967254021229));
#5134=DIRECTION('',(1.62224368895E-15,-2.5347557639844E-17,1.));
#5135=DIRECTION('',(1.0092936587501E-16,-1.,-2.5347557639844E-17));
#5136=AXIS2_PLACEMENT_3D('',#5133,#5135,#5134);
#5137=PLANE('',#5136);
#5138=CARTESIAN_POINT('',(-11.269819684209,-0.81713305896257,-6.587254021229));
#5139=VERTEX_POINT('',#5138);
#5140=CARTESIAN_POINT('',(-11.269819684209,-0.81713305896257,-6.587254021229));
#5141=DIRECTION('',(0.,0.,-1.));
#5142=VECTOR('',#5141,1.1599999999998);
#5143=LINE('',#5140,#5142);
#5144=EDGE_CURVE('',#5139,#4906,#5143,.T.);
#5145=ORIENTED_EDGE('',*,*,#5144,.T.);
#5146=ORIENTED_EDGE('',*,*,#4911,.F.);
#5147=CARTESIAN_POINT('',(-10.119236329473,-0.81713305896257,-6.587254021229));
#5148=VERTEX_POINT('',#5147);
#5149=CARTESIAN_POINT('',(-10.119236329473,-0.81713305896257,-7.7472540212288));
#5150=DIRECTION('',(0.,0.,1.));
#5151=VECTOR('',#5150,1.1599999999998);
#5152=LINE('',#5149,#5151);
#5153=EDGE_CURVE('',#4904,#5148,#5152,.T.);
#5154=ORIENTED_EDGE('',*,*,#5153,.T.);
#5155=CARTESIAN_POINT('',(-10.119236329473,-0.81713305896257,-6.587254021229));
#5156=DIRECTION('',(-1.,0.,0.));
#5157=VECTOR('',#5156,1.150583354736);
#5158=LINE('',#5155,#5157);
#5159=EDGE_CURVE('',#5148,#5139,#5158,.T.);
#5160=ORIENTED_EDGE('',*,*,#5159,.T.);
#5161=EDGE_LOOP('',(#5145,#5146,#5154,#5160));
#5162=FACE_OUTER_BOUND('',#5161,.T.);
#5163=ADVANCED_FACE('',(#5162),#5137,.T.);
#5164=CARTESIAN_POINT('',(-11.269819684209,-1.8371330589626,-10.967254021229));
#5165=DIRECTION('',(0.,-1.,0.));
#5166=DIRECTION('',(-1.,0.,1.62224368895E-15));
#5167=AXIS2_PLACEMENT_3D('',#5164,#5166,#5165);
#5168=PLANE('',#5167);
#5169=CARTESIAN_POINT('',(-11.269819684209,2.5428669410374,-6.587254021229));
#5170=VERTEX_POINT('',#5169);
#5171=CARTESIAN_POINT('',(-11.269819684209,-0.81713305896257,-6.587254021229));
#5172=DIRECTION('',(0.,1.,0.));
#5173=VECTOR('',#5172,3.36);
#5174=LINE('',#5171,#5173);
#5175=EDGE_CURVE('',#5139,#5170,#5174,.T.);
#5176=ORIENTED_EDGE('',*,*,#5175,.T.);
#5177=CARTESIAN_POINT('',(-11.269819684209,2.5428669410374,-6.587254021229));
#5178=DIRECTION('',(0.,0.,-1.));
#5179=VECTOR('',#5178,1.1599999999998);
#5180=LINE('',#5177,#5179);
#5181=EDGE_CURVE('',#5170,#4914,#5180,.T.);
#5182=ORIENTED_EDGE('',*,*,#5181,.T.);
#5183=ORIENTED_EDGE('',*,*,#4919,.F.);
#5184=ORIENTED_EDGE('',*,*,#5144,.F.);
#5185=EDGE_LOOP('',(#5176,#5182,#5183,#5184));
#5186=FACE_OUTER_BOUND('',#5185,.T.);
#5187=ADVANCED_FACE('',(#5186),#5168,.T.);
#5188=CARTESIAN_POINT('',(-10.169819684209,2.5428669410374,-10.967254021229));
#5189=DIRECTION('',(-1.62224368895E-15,2.0278046111875E-16,-1.));
#5190=DIRECTION('',(3.2746405364093E-31,1.,2.0278046111875E-16));
#5191=AXIS2_PLACEMENT_3D('',#5188,#5190,#5189);
#5192=PLANE('',#5191);
#5193=CARTESIAN_POINT('',(-10.119236329473,2.5428669410374,-6.587254021229));
#5194=VERTEX_POINT('',#5193);
#5195=CARTESIAN_POINT('',(-11.269819684209,2.5428669410374,-6.587254021229));
#5196=DIRECTION('',(1.,0.,0.));
#5197=VECTOR('',#5196,1.150583354736);
#5198=LINE('',#5195,#5197);
#5199=EDGE_CURVE('',#5170,#5194,#5198,.T.);
#5200=ORIENTED_EDGE('',*,*,#5199,.T.);
#5201=CARTESIAN_POINT('',(-10.119236329473,2.5428669410374,-6.587254021229));
#5202=DIRECTION('',(0.,0.,-1.));
#5203=VECTOR('',#5202,1.1599999999998);
#5204=LINE('',#5201,#5203);
#5205=EDGE_CURVE('',#5194,#4922,#5204,.T.);
#5206=ORIENTED_EDGE('',*,*,#5205,.T.);
#5207=ORIENTED_EDGE('',*,*,#4927,.F.);
#5208=ORIENTED_EDGE('',*,*,#5181,.F.);
#5209=EDGE_LOOP('',(#5200,#5206,#5207,#5208));
#5210=FACE_OUTER_BOUND('',#5209,.T.);
#5211=ADVANCED_FACE('',(#5210),#5192,.T.);
#5212=CARTESIAN_POINT('',(-2.1698196842094,0.86286694103744,-7.7472540212288));
#5213=DIRECTION('',(-1.,-2.0496425070003E-16,1.5303997385602E-15));
#5214=DIRECTION('',(2.103580467711E-15,0.,1.));
#5215=AXIS2_PLACEMENT_3D('',#5212,#5214,#5213);
#5216=CYLINDRICAL_SURFACE('',#5215,8.125);
#5217=CARTESIAN_POINT('',(-10.294819684209,0.86286694103744,-5.847254021229));
#5218=VERTEX_POINT('',#5217);
#5219=CARTESIAN_POINT('',(-2.1698196842094,0.86286694103744,-5.847254021229));
#5220=DIRECTION('',(-1.,1.5459371900887E-16,1.6076965980647E-15));
#5221=DIRECTION('',(-1.6076965980647E-15,7.7296859504436E-17,-1.));
#5222=AXIS2_PLACEMENT_3D('',#5219,#5221,#5220);
#5223=CIRCLE('',#5222,8.1249999999996);
#5224=EDGE_CURVE('',#5218,#5218,#5223,.T.);
#5225=ORIENTED_EDGE('',*,*,#5224,.T.);
#5226=CARTESIAN_POINT('',(-10.294819684209,0.86286694103744,-6.587254021229));
#5227=VERTEX_POINT('',#5226);
#5228=CARTESIAN_POINT('',(-10.294819684209,0.86286694103744,-5.847254021229));
#5229=DIRECTION('',(0.,0.,-1.));
#5230=VECTOR('',#5229,0.74);
#5231=LINE('',#5228,#5230);
#5232=EDGE_CURVE('',#5218,#5227,#5231,.T.);
#5233=ORIENTED_EDGE('',*,*,#5232,.T.);
#5234=CARTESIAN_POINT('',(-2.16981968421,0.86286694103737,-6.587254021229));
#5235=DIRECTION('',(-1.,8.8407913468623E-15,-3.1919765975688E-14));
#5236=DIRECTION('',(-3.1938529239173E-14,-2.2806650415169E-15,1.));
#5237=AXIS2_PLACEMENT_3D('',#5234,#5236,#5235);
#5238=CIRCLE('',#5237,8.124999999999);
#5239=EDGE_CURVE('',#5227,#5148,#5238,.T.);
#5240=ORIENTED_EDGE('',*,*,#5239,.T.);
#5241=ORIENTED_EDGE('',*,*,#5153,.F.);
#5242=ORIENTED_EDGE('',*,*,#4934,.F.);
#5243=ORIENTED_EDGE('',*,*,#5205,.F.);
#5244=CARTESIAN_POINT('',(-2.1698196842095,0.86286694103745,-6.587254021229));
#5245=DIRECTION('',(-0.97838974095557,0.20676923076924,3.0826623305286E-14));
#5246=DIRECTION('',(3.1076161345843E-14,-2.1905356083457E-15,1.));
#5247=AXIS2_PLACEMENT_3D('',#5244,#5246,#5245);
#5248=CIRCLE('',#5247,8.1249999999995);
#5249=EDGE_CURVE('',#5194,#5227,#5248,.T.);
#5250=ORIENTED_EDGE('',*,*,#5249,.T.);
#5251=ORIENTED_EDGE('',*,*,#5232,.F.);
#5252=EDGE_LOOP('',(#5225,#5233,#5240,#5241,#5242,#5243,#5250,#5251));
#5253=FACE_OUTER_BOUND('',#5252,.T.);
#5254=ADVANCED_FACE('',(#5253),#5216,.T.);
#5255=CARTESIAN_POINT('',(-10.169819684209,0.86286694103744,-6.587254021229));
#5256=DIRECTION('',(0.,1.,-1.0573552615478E-15));
#5257=DIRECTION('',(1.6148698540002E-15,1.0573552615478E-15,1.));
#5258=AXIS2_PLACEMENT_3D('',#5255,#5257,#5256);
#5259=PLANE('',#5258);
#5260=ORIENTED_EDGE('',*,*,#5175,.F.);
#5261=ORIENTED_EDGE('',*,*,#5159,.F.);
#5262=ORIENTED_EDGE('',*,*,#5239,.F.);
#5263=ORIENTED_EDGE('',*,*,#5249,.F.);
#5264=ORIENTED_EDGE('',*,*,#5199,.F.);
#5265=EDGE_LOOP('',(#5260,#5261,#5262,#5263,#5264));
#5266=FACE_OUTER_BOUND('',#5265,.T.);
#5267=ADVANCED_FACE('',(#5266),#5259,.T.);
#5268=CARTESIAN_POINT('',(0.0072675042935007,0.86286694103744,-5.847254021229));
#5269=DIRECTION('',(-1.,3.4485377708368E-16,1.6380554411475E-15));
#5270=DIRECTION('',(1.6380554411475E-15,1.0931426704002E-16,1.));
#5271=AXIS2_PLACEMENT_3D('',#5268,#5270,#5269);
#5272=PLANE('',#5271);
#5273=ORIENTED_EDGE('',*,*,#5224,.F.);
#5274=EDGE_LOOP('',(#5273));
#5275=FACE_OUTER_BOUND('',#5274,.T.);
#5276=CARTESIAN_POINT('',(-7.9698196842094,0.86286694103744,-5.847254021229));
#5277=VERTEX_POINT('',#5276);
#5278=CARTESIAN_POINT('',(-2.1698196842094,0.86286694103744,-5.847254021229));
#5279=DIRECTION('',(-1.,2.1656447705983E-16,1.27921480161E-15));
#5280=DIRECTION('',(-1.27921480161E-15,5.4141119264958E-17,-1.));
#5281=AXIS2_PLACEMENT_3D('',#5278,#5280,#5279);
#5282=CIRCLE('',#5281,5.8);
#5283=EDGE_CURVE('',#5277,#5277,#5282,.T.);
#5284=ORIENTED_EDGE('',*,*,#5283,.T.);
#5285=EDGE_LOOP('',(#5284));
#5286=FACE_BOUND('',#5285,.T.);
#5287=ADVANCED_FACE('',(#5275,#5286),#5272,.T.);
#5288=CARTESIAN_POINT('',(-2.1698196842094,0.86286694103744,-5.847254021229));
#5289=DIRECTION('',(-1.,-1.5313421029313E-16,1.5313421029313E-15));
#5290=DIRECTION('',(8.3266726846886E-16,-6.9388939039072E-17,1.));
#5291=AXIS2_PLACEMENT_3D('',#5288,#5290,#5289);
#5292=CYLINDRICAL_SURFACE('',#5291,5.8);
#5293=ORIENTED_EDGE('',*,*,#5283,.F.);
#5294=CARTESIAN_POINT('',(-7.9698196842094,0.86286694103744,-4.247254021229));
#5295=VERTEX_POINT('',#5294);
#5296=CARTESIAN_POINT('',(-7.9698196842094,0.86286694103744,-5.847254021229));
#5297=DIRECTION('',(0.,0.,1.));
#5298=VECTOR('',#5297,1.6);
#5299=LINE('',#5296,#5298);
#5300=EDGE_CURVE('',#5277,#5295,#5299,.T.);
#5301=ORIENTED_EDGE('',*,*,#5300,.T.);
#5302=CARTESIAN_POINT('',(-2.1698196842094,0.86286694103744,-4.247254021229));
#5303=DIRECTION('',(-1.,-8.4006381258197E-31,2.2165983583722E-15));
#5304=DIRECTION('',(-2.2165983583722E-15,3.789878348547E-16,-1.));
#5305=AXIS2_PLACEMENT_3D('',#5302,#5304,#5303);
#5306=CIRCLE('',#5305,5.8);
#5307=EDGE_CURVE('',#5295,#5295,#5306,.T.);
#5308=ORIENTED_EDGE('',*,*,#5307,.T.);
#5309=ORIENTED_EDGE('',*,*,#5300,.F.);
#5310=EDGE_LOOP('',(#5293,#5301,#5308,#5309));
#5311=FACE_OUTER_BOUND('',#5310,.T.);
#5312=ADVANCED_FACE('',(#5311),#5292,.T.);
#5313=CARTESIAN_POINT('',(-0.3008740670023,0.86286694103744,-4.247254021229));
#5314=DIRECTION('',(-1.,2.0085569453798E-16,1.6068455563038E-15));
#5315=DIRECTION('',(-1.6068455563038E-15,4.0922309588534E-31,-1.));
#5316=AXIS2_PLACEMENT_3D('',#5313,#5315,#5314);
#5317=PLANE('',#5316);
#5318=CARTESIAN_POINT('',(-9.1448196842094,0.86286694103744,-4.247254021229));
#5319=VERTEX_POINT('',#5318);
#5320=CARTESIAN_POINT('',(-2.1698196842094,0.86286694103744,-4.247254021229));
#5321=DIRECTION('',(-1.,9.0041144584016E-17,1.7672750917249E-15));
#5322=DIRECTION('',(-1.7672750917249E-15,-2.7012343375205E-16,-1.));
#5323=AXIS2_PLACEMENT_3D('',#5320,#5322,#5321);
#5324=CIRCLE('',#5323,6.975);
#5325=EDGE_CURVE('',#5319,#5319,#5324,.T.);
#5326=ORIENTED_EDGE('',*,*,#5325,.T.);
#5327=EDGE_LOOP('',(#5326));
#5328=FACE_OUTER_BOUND('',#5327,.T.);
#5329=ORIENTED_EDGE('',*,*,#5307,.F.);
#5330=EDGE_LOOP('',(#5329));
#5331=FACE_BOUND('',#5330,.T.);
#5332=ADVANCED_FACE('',(#5328,#5331),#5317,.T.);
#5333=CARTESIAN_POINT('',(-2.1698196842094,0.86286694103744,-4.247254021229));
#5334=DIRECTION('',(-1.,-4.1384657548751E-16,1.0186992627385E-15));
#5335=DIRECTION('',(1.3664283380002E-15,2.8467257041671E-17,1.));
#5336=AXIS2_PLACEMENT_3D('',#5333,#5335,#5334);
#5337=CYLINDRICAL_SURFACE('',#5336,6.975);
#5338=ORIENTED_EDGE('',*,*,#5325,.F.);
#5339=CARTESIAN_POINT('',(-9.1448196842094,0.86286694103744,-0.347254021229));
#5340=VERTEX_POINT('',#5339);
#5341=CARTESIAN_POINT('',(-9.1448196842094,0.86286694103744,-4.247254021229));
#5342=DIRECTION('',(0.,0.,1.));
#5343=VECTOR('',#5342,3.9);
#5344=LINE('',#5341,#5343);
#5345=EDGE_CURVE('',#5319,#5340,#5344,.T.);
#5346=ORIENTED_EDGE('',*,*,#5345,.T.);
#5347=CARTESIAN_POINT('',(-2.1698196842094,0.86286694103744,-0.347254021229));
#5348=DIRECTION('',(-1.,2.7012343375205E-16,1.013071691202E-15));
#5349=DIRECTION('',(-1.013071691202E-15,-5.6275715365007E-18,-1.));
#5350=AXIS2_PLACEMENT_3D('',#5347,#5349,#5348);
#5351=CIRCLE('',#5350,6.975);
#5352=EDGE_CURVE('',#5340,#5340,#5351,.T.);
#5353=ORIENTED_EDGE('',*,*,#5352,.T.);
#5354=ORIENTED_EDGE('',*,*,#5345,.F.);
#5355=EDGE_LOOP('',(#5338,#5346,#5353,#5354));
#5356=FACE_OUTER_BOUND('',#5355,.T.);
#5357=ADVANCED_FACE('',(#5356),#5337,.T.);
#5358=CARTESIAN_POINT('',(-0.3008740670023,0.86286694103744,-0.347254021229));
#5359=DIRECTION('',(-1.,2.0085569453798E-16,1.6068455563038E-15));
#5360=DIRECTION('',(1.6068455563038E-15,-4.0922309588534E-31,1.));
#5361=AXIS2_PLACEMENT_3D('',#5358,#5360,#5359);
#5362=PLANE('',#5361);
#5363=ORIENTED_EDGE('',*,*,#5352,.F.);
#5364=EDGE_LOOP('',(#5363));
#5365=FACE_OUTER_BOUND('',#5364,.T.);
#5366=CARTESIAN_POINT('',(-2.1698196842094,-4.6371330589626,-0.347254021229));
#5367=VERTEX_POINT('',#5366);
#5368=CARTESIAN_POINT('',(-2.1698196842094,0.86286694103744,-0.347254021229));
#5369=DIRECTION('',(-5.7094271224864E-17,-1.,-1.9290016049035E-16));
#5370=DIRECTION('',(-1.7449436643099E-15,1.9290016049035E-16,-1.));
#5371=AXIS2_PLACEMENT_3D('',#5368,#5370,#5369);
#5372=CIRCLE('',#5371,5.5);
#5373=EDGE_CURVE('',#5367,#5367,#5372,.T.);
#5374=ORIENTED_EDGE('',*,*,#5373,.T.);
#5375=EDGE_LOOP('',(#5374));
#5376=FACE_BOUND('',#5375,.T.);
#5377=ADVANCED_FACE('',(#5365,#5376),#5362,.T.);
#5378=CARTESIAN_POINT('',(-2.1698196842094,-4.6371330589626,-0.347254021229));
#5379=CARTESIAN_POINT('',(-7.6698196842094,-4.6371330589626,-0.347254021229));
#5380=CARTESIAN_POINT('',(-7.6698196842094,0.86286694103744,-0.347254021229));
#5381=CARTESIAN_POINT('',(-7.6698196842094,6.3628669410374,-0.347254021229));
#5382=CARTESIAN_POINT('',(-2.1698196842094,6.3628669410374,-0.347254021229));
#5383=CARTESIAN_POINT('',(3.3301803157906,6.3628669410374,-0.347254021229));
#5384=CARTESIAN_POINT('',(3.3301803157906,0.86286694103744,-0.347254021229));
#5385=CARTESIAN_POINT('',(3.3301803157906,-4.6371330589626,-0.347254021229));
#5386=CARTESIAN_POINT('',(-2.1698196842094,-4.6371330589626,-0.347254021229));
#5387=CARTESIAN_POINT('',(-2.1698196842094,-1.9243302825539,0.311915438276));
#5388=CARTESIAN_POINT('',(-4.9570169078007,-1.9243302825539,0.311915438276));
#5389=CARTESIAN_POINT('',(-4.9570169078007,0.86286694103744,0.311915438276));
#5390=CARTESIAN_POINT('',(-4.9570169078007,3.6500641646287,0.311915438276));
#5391=CARTESIAN_POINT('',(-2.1698196842094,3.6500641646287,0.311915438276));
#5392=CARTESIAN_POINT('',(0.617377539382,3.6500641646287,0.311915438276));
#5393=CARTESIAN_POINT('',(0.617377539382,0.86286694103744,0.311915438276));
#5394=CARTESIAN_POINT('',(0.617377539382,-1.9243302825539,0.311915438276));
#5395=CARTESIAN_POINT('',(-2.1698196842094,-1.9243302825539,0.311915438276));
#5396=CARTESIAN_POINT('',(-2.1698196842094,0.86286694103744,0.152745978771));
#5397=CARTESIAN_POINT('',(-2.1698196842094,0.86286694103744,0.152745978771));
#5398=CARTESIAN_POINT('',(-2.1698196842094,0.86286694103744,0.152745978771));
#5399=CARTESIAN_POINT('',(-2.1698196842094,0.86286694103744,0.152745978771));
#5400=CARTESIAN_POINT('',(-2.1698196842094,0.86286694103743,0.152745978771));
#5401=CARTESIAN_POINT('',(-2.1698196842094,0.86286694103743,0.152745978771));
#5402=CARTESIAN_POINT('',(-2.1698196842094,0.86286694103744,0.152745978771));
#5403=CARTESIAN_POINT('',(-2.1698196842094,0.86286694103744,0.152745978771));
#5404=CARTESIAN_POINT('',(-2.1698196842094,0.86286694103744,0.152745978771));
#5405=(BOUNDED_SURFACE()B_SPLINE_SURFACE(2,2,((#5378,#5379,#5380,#5381,#5382,#5383,#5384,#5385,#5386),(#5387,#5388,#5389,#5390,#5391,#5392,#5393,#5394,#5395),(#5396,#5397,#5398,#5399,#5400,#5401,#5402,#5403,#5404)),.UNSPECIFIED.,.F.,.T.,.U.)B_SPLINE_SURFACE_WITH_KNOTS((3,3),(3,2,2,2,3),(0.,1.),(0.,0.25,0.5,0.75,1.),.UNSPECIFIED.)GEOMETRIC_REPRESENTATION_ITEM()RATIONAL_B_SPLINE_SURFACE(((1.,0.70710678118655,1.,0.70710678118655,1.,0.70710678118655,1.,0.70710678118655,1.),(0.98911139266379,0.69940737310143,0.98911139266379,0.69940737310143,0.98911139266379,0.69940737310143,0.98911139266379,0.69940737310143,0.98911139266379),(1.,0.70710678118655,1.,0.70710678118655,1.,0.70710678118655,1.,0.70710678118655,1.)))REPRESENTATION_ITEM('')SURFACE());
#5406=ORIENTED_EDGE('',*,*,#5373,.F.);
#5407=CARTESIAN_POINT('',(-2.1698196842094,0.86286694103744,0.152745978771));
#5408=VERTEX_POINT('',#5407);
#5409=CARTESIAN_POINT('',(-2.1698196842094,-0.20690012849826,-18.579816256337));
#5410=DIRECTION('',(8.5205674476172E-16,-0.2361143365355,0.9717252801499));
#5411=DIRECTION('',(-1.,3.1661673962223E-16,9.5810796265607E-16));
#5412=AXIS2_PLACEMENT_3D('',#5409,#5411,#5410);
#5413=CIRCLE('',#5412,18.763083154835);
#5414=EDGE_CURVE('',#5367,#5408,#5413,.T.);
#5415=ORIENTED_EDGE('',*,*,#5414,.T.);
#5416=ORIENTED_EDGE('',*,*,#5414,.F.);
#5417=EDGE_LOOP('',(#5406,#5415,#5416));
#5418=FACE_OUTER_BOUND('',#5417,.T.);
#5419=ADVANCED_FACE('',(#5418),#5405,.T.);
#5420=CARTESIAN_POINT('',(13.830180315791,-19.637133058963,-16.647254021229));
#5421=DIRECTION('',(-0.70710678118654,0.70710678118655,-3.3984681018693E-15));
#5422=DIRECTION('',(2.8836958085735E-15,-1.9224638723824E-15,-1.));
#5423=AXIS2_PLACEMENT_3D('',#5420,#5422,#5421);
#5424=CONICAL_SURFACE('',#5423,0.,0.78539816339748);
#5425=CARTESIAN_POINT('',(13.830180315791,-22.637133058963,-19.647253999046));
#5426=VERTEX_POINT('',#5425);
#5427=CARTESIAN_POINT('',(13.830180315791,-22.437133058963,-19.447254021229));
#5428=DIRECTION('',(0.,-0.70710682040092,-0.70710674197217));
#5429=VECTOR('',#5428,0.28284269678887);
#5430=LINE('',#5427,#5429);
#5431=EDGE_CURVE('',#3026,#5426,#5430,.T.);
#5432=ORIENTED_EDGE('',*,*,#5431,.T.);
#5433=CARTESIAN_POINT('',(16.830180315791,-19.637133058963,-19.64725399459));
#5434=VERTEX_POINT('',#5433);
#5435=CARTESIAN_POINT('',(13.830180315791,-19.637133058963,-19.647253990795));
#5436=DIRECTION('',(-1.1842378929335E-15,-1.,-7.1732273454472E-09));
#5437=DIRECTION('',(7.1732264759913E-09,-7.1732264759913E-09,1.));
#5438=AXIS2_PLACEMENT_3D('',#5435,#5437,#5436);
#5439=CIRCLE('',#5438,3.);
#5440=EDGE_CURVE('',#5426,#5434,#5439,.T.);
#5441=ORIENTED_EDGE('',*,*,#5440,.T.);
#5442=CARTESIAN_POINT('',(16.830180315791,-19.637133058963,-19.64725399459));
#5443=DIRECTION('',(-0.70710682827809,0.,0.707106734095));
#5444=VECTOR('',#5443,0.282842693638);
#5445=LINE('',#5442,#5444);
#5446=EDGE_CURVE('',#5434,#3174,#5445,.T.);
#5447=ORIENTED_EDGE('',*,*,#5446,.T.);
#5448=ORIENTED_EDGE('',*,*,#3203,.F.);
#5449=EDGE_LOOP('',(#5432,#5441,#5447,#5448));
#5450=FACE_OUTER_BOUND('',#5449,.T.);
#5451=ADVANCED_FACE('',(#5450),#5424,.T.);
#5452=CARTESIAN_POINT('',(16.730180315791,0.86286694103744,-19.547254016772));
#5453=DIRECTION('',(0.70710679694397,0.,-0.70710676542912));
#5454=DIRECTION('',(0.70710676542912,-2.3283322314139E-15,0.70710679694397));
#5455=AXIS2_PLACEMENT_3D('',#5452,#5454,#5453);
#5456=PLANE('',#5455);
#5457=ORIENTED_EDGE('',*,*,#5446,.F.);
#5458=CARTESIAN_POINT('',(16.830180315791,21.362866941037,-19.647253999047));
#5459=VERTEX_POINT('',#5458);
#5460=CARTESIAN_POINT('',(16.830180315791,-19.637133058963,-19.64725399459));
#5461=DIRECTION('',(0.,1.,-1.0870731956879E-10));
#5462=VECTOR('',#5461,41.);
#5463=LINE('',#5460,#5462);
#5464=EDGE_CURVE('',#5434,#5459,#5463,.T.);
#5465=ORIENTED_EDGE('',*,*,#5464,.T.);
#5466=CARTESIAN_POINT('',(16.830180315791,21.362866941037,-19.647253999047));
#5467=DIRECTION('',(-0.70710682039916,0.,0.70710674197394));
#5468=VECTOR('',#5467,0.28284269678958);
#5469=LINE('',#5466,#5468);
#5470=EDGE_CURVE('',#5459,#3149,#5469,.T.);
#5471=ORIENTED_EDGE('',*,*,#5470,.T.);
#5472=ORIENTED_EDGE('',*,*,#3185,.F.);
#5473=EDGE_LOOP('',(#5457,#5465,#5471,#5472));
#5474=FACE_OUTER_BOUND('',#5473,.T.);
#5475=ADVANCED_FACE('',(#5474),#5456,.T.);
#5476=CARTESIAN_POINT('',(13.830180315791,21.362866941037,-16.647254021229));
#5477=DIRECTION('',(-0.70710678118655,-0.70710678118655,-5.6641135031149E-16));
#5478=DIRECTION('',(1.7622585496837E-15,-9.6123193619109E-16,-1.));
#5479=AXIS2_PLACEMENT_3D('',#5476,#5478,#5477);
#5480=CONICAL_SURFACE('',#5479,0.,0.78539816339744);
#5481=ORIENTED_EDGE('',*,*,#5470,.F.);
#5482=CARTESIAN_POINT('',(13.830180315791,24.362866941037,-19.64725399459));
#5483=VERTEX_POINT('',#5482);
#5484=CARTESIAN_POINT('',(13.830180315791,21.362866941037,-19.647253990796));
#5485=DIRECTION('',(1.,0.,-7.1732273454472E-09));
#5486=DIRECTION('',(7.1732275586377E-09,7.1732311113513E-09,1.));
#5487=AXIS2_PLACEMENT_3D('',#5484,#5486,#5485);
#5488=CIRCLE('',#5487,3.);
#5489=EDGE_CURVE('',#5459,#5483,#5488,.T.);
#5490=ORIENTED_EDGE('',*,*,#5489,.T.);
#5491=CARTESIAN_POINT('',(13.830180315791,24.362866941037,-19.64725399459));
#5492=DIRECTION('',(0.,-0.7071068282781,0.70710673409499));
#5493=VECTOR('',#5492,0.282842693638);
#5494=LINE('',#5491,#5493);
#5495=EDGE_CURVE('',#5483,#3125,#5494,.T.);
#5496=ORIENTED_EDGE('',*,*,#5495,.T.);
#5497=ORIENTED_EDGE('',*,*,#3161,.F.);
#5498=EDGE_LOOP('',(#5481,#5490,#5496,#5497));
#5499=FACE_OUTER_BOUND('',#5498,.T.);
#5500=ADVANCED_FACE('',(#5499),#5480,.T.);
#5501=CARTESIAN_POINT('',(-2.1698196842093,24.262866941037,-19.547254016772));
#5502=DIRECTION('',(0.,0.70710679694398,-0.70710676542911));
#5503=DIRECTION('',(4.7102773760512E-16,0.70710676542911,0.70710679694398));
#5504=AXIS2_PLACEMENT_3D('',#5501,#5503,#5502);
#5505=PLANE('',#5504);
#5506=ORIENTED_EDGE('',*,*,#5495,.F.);
#5507=CARTESIAN_POINT('',(-18.169819684209,24.362866941037,-19.647253995658));
#5508=VERTEX_POINT('',#5507);
#5509=CARTESIAN_POINT('',(13.830180315791,24.362866941037,-19.64725399459));
#5510=DIRECTION('',(-1.,0.,-3.3375080477072E-11));
#5511=VECTOR('',#5510,32.);
#5512=LINE('',#5509,#5511);
#5513=EDGE_CURVE('',#5483,#5508,#5512,.T.);
#5514=ORIENTED_EDGE('',*,*,#5513,.T.);
#5515=CARTESIAN_POINT('',(-18.169819684209,24.362866941037,-19.647253995658));
#5516=DIRECTION('',(0.,-0.70710682639012,0.70710673598297));
#5517=VECTOR('',#5516,0.2828426943932);
#5518=LINE('',#5515,#5517);
#5519=EDGE_CURVE('',#5508,#3100,#5518,.T.);
#5520=ORIENTED_EDGE('',*,*,#5519,.T.);
#5521=ORIENTED_EDGE('',*,*,#3136,.F.);
#5522=EDGE_LOOP('',(#5506,#5514,#5520,#5521));
#5523=FACE_OUTER_BOUND('',#5522,.T.);
#5524=ADVANCED_FACE('',(#5523),#5505,.T.);
#5525=CARTESIAN_POINT('',(-18.169819684209,21.362866941037,-16.647254021229));
#5526=DIRECTION('',(0.70710678118655,-0.70710678118655,2.2656454016397E-15));
#5527=DIRECTION('',(9.6123193635813E-16,-2.242874518169E-15,-1.));
#5528=AXIS2_PLACEMENT_3D('',#5525,#5527,#5526);
#5529=CONICAL_SURFACE('',#5528,0.,0.78539816339748);
#5530=ORIENTED_EDGE('',*,*,#5519,.F.);
#5531=CARTESIAN_POINT('',(-21.169819684209,21.362866941037,-19.647253995658));
#5532=VERTEX_POINT('',#5531);
#5533=CARTESIAN_POINT('',(-18.169819684209,21.362866941037,-19.647253998092));
#5534=DIRECTION('',(1.1842378929335E-15,1.,-5.4534273393377E-09));
#5535=DIRECTION('',(-5.4534274197794E-09,5.4534274197794E-09,1.));
#5536=AXIS2_PLACEMENT_3D('',#5533,#5535,#5534);
#5537=CIRCLE('',#5536,3.);
#5538=EDGE_CURVE('',#5508,#5532,#5537,.T.);
#5539=ORIENTED_EDGE('',*,*,#5538,.T.);
#5540=CARTESIAN_POINT('',(-21.169819684209,21.362866941037,-19.647253995658));
#5541=DIRECTION('',(0.70710682639011,0.,0.70710673598298));
#5542=VECTOR('',#5541,0.28284269439319);
#5543=LINE('',#5540,#5542);
#5544=EDGE_CURVE('',#5532,#3076,#5543,.T.);
#5545=ORIENTED_EDGE('',*,*,#5544,.T.);
#5546=ORIENTED_EDGE('',*,*,#3112,.F.);
#5547=EDGE_LOOP('',(#5530,#5539,#5545,#5546));
#5548=FACE_OUTER_BOUND('',#5547,.T.);
#5549=ADVANCED_FACE('',(#5548),#5529,.T.);
#5550=CARTESIAN_POINT('',(-21.06981968421,0.86286694103743,-19.547254021229));
#5551=DIRECTION('',(-0.70710678118655,2.5121479338723E-14,-0.70710678118655));
#5552=DIRECTION('',(-0.70710678118655,-3.676314049601E-16,0.70710678118655));
#5553=AXIS2_PLACEMENT_3D('',#5550,#5552,#5551);
#5554=PLANE('',#5553);
#5555=ORIENTED_EDGE('',*,*,#5544,.F.);
#5556=CARTESIAN_POINT('',(-21.169819684209,-19.637133058963,-19.647253976864));
#5557=VERTEX_POINT('',#5556);
#5558=CARTESIAN_POINT('',(-21.169819684209,21.362866941037,-19.647253995658));
#5559=DIRECTION('',(0.,-1.,4.5839026883208E-10));
#5560=VECTOR('',#5559,41.);
#5561=LINE('',#5558,#5560);
#5562=EDGE_CURVE('',#5532,#5557,#5561,.T.);
#5563=ORIENTED_EDGE('',*,*,#5562,.T.);
#5564=CARTESIAN_POINT('',(-21.169819684209,-19.637133058963,-19.647253976864));
#5565=DIRECTION('',(0.70710685961353,0.,0.70710670275956));
#5566=VECTOR('',#5565,0.28284268110383);
#5567=LINE('',#5564,#5566);
#5568=EDGE_CURVE('',#5557,#3051,#5567,.T.);
#5569=ORIENTED_EDGE('',*,*,#5568,.T.);
#5570=ORIENTED_EDGE('',*,*,#3087,.F.);
#5571=EDGE_LOOP('',(#5555,#5563,#5569,#5570));
#5572=FACE_OUTER_BOUND('',#5571,.T.);
#5573=ADVANCED_FACE('',(#5572),#5554,.T.);
#5574=CARTESIAN_POINT('',(-18.169819684209,-19.637133058963,-16.647254021229));
#5575=DIRECTION('',(0.70710678118655,0.70710678118654,2.2656453947175E-16));
#5576=DIRECTION('',(2.5632851557897E-15,-2.242874511316E-15,-1.));
#5577=AXIS2_PLACEMENT_3D('',#5574,#5576,#5575);
#5578=CONICAL_SURFACE('',#5577,0.,0.78539816339744);
#5579=ORIENTED_EDGE('',*,*,#5568,.F.);
#5580=CARTESIAN_POINT('',(-18.169819684209,-22.637133058963,-19.647253976864));
#5581=VERTEX_POINT('',#5580);
#5582=CARTESIAN_POINT('',(-18.169819684209,-19.637133058963,-19.647253869758));
#5583=DIRECTION('',(-1.,2.368475785867E-15,-3.5702143463823E-08));
#5584=DIRECTION('',(-3.5702143878035E-08,-3.5702140325321E-08,1.));
#5585=AXIS2_PLACEMENT_3D('',#5582,#5584,#5583);
#5586=CIRCLE('',#5585,3.);
#5587=EDGE_CURVE('',#5557,#5581,#5586,.T.);
#5588=ORIENTED_EDGE('',*,*,#5587,.T.);
#5589=CARTESIAN_POINT('',(-18.169819684209,-22.637133058963,-19.647253976864));
#5590=DIRECTION('',(0.,0.70710685961353,0.70710670275956));
#5591=VECTOR('',#5590,0.28284268110383);
#5592=LINE('',#5589,#5591);
#5593=EDGE_CURVE('',#5581,#3018,#5592,.T.);
#5594=ORIENTED_EDGE('',*,*,#5593,.T.);
#5595=ORIENTED_EDGE('',*,*,#3063,.F.);
#5596=EDGE_LOOP('',(#5579,#5588,#5594,#5595));
#5597=FACE_OUTER_BOUND('',#5596,.T.);
#5598=ADVANCED_FACE('',(#5597),#5578,.T.);
#5599=CARTESIAN_POINT('',(-2.1698196842093,-22.537133058963,-19.547254021229));
#5600=DIRECTION('',(0.,-0.70710678118656,-0.70710678118653));
#5601=DIRECTION('',(-1.4130832128154E-15,-0.70710678118654,0.70710678118656));
#5602=AXIS2_PLACEMENT_3D('',#5599,#5601,#5600);
#5603=PLANE('',#5602);
#5604=ORIENTED_EDGE('',*,*,#5431,.F.);
#5605=ORIENTED_EDGE('',*,*,#3031,.F.);
#5606=ORIENTED_EDGE('',*,*,#5593,.F.);
#5607=CARTESIAN_POINT('',(-18.169819684209,-22.637133058963,-19.647253976864));
#5608=DIRECTION('',(1.,0.,-6.9318750739455E-10));
#5609=VECTOR('',#5608,32.);
#5610=LINE('',#5607,#5609);
#5611=EDGE_CURVE('',#5581,#5426,#5610,.T.);
#5612=ORIENTED_EDGE('',*,*,#5611,.T.);
#5613=EDGE_LOOP('',(#5604,#5605,#5606,#5612));
#5614=FACE_OUTER_BOUND('',#5613,.T.);
#5615=ADVANCED_FACE('',(#5614),#5603,.T.);
#5616=CARTESIAN_POINT('',(13.830180315791,-19.637133058963,-19.647253999046));
#5617=DIRECTION('',(-2.9605947323338E-15,-1.,2.368475785867E-15));
#5618=DIRECTION('',(3.3306689454303E-15,0.,-1.));
#5619=AXIS2_PLACEMENT_3D('',#5616,#5618,#5617);
#5620=CYLINDRICAL_SURFACE('',#5619,3.);
#5621=CARTESIAN_POINT('',(13.830180315791,-22.637133058963,-21.247254056292));
#5622=VERTEX_POINT('',#5621);
#5623=CARTESIAN_POINT('',(16.830180315791,-19.637133058963,-21.247254060749));
#5624=VERTEX_POINT('',#5623);
#5625=CARTESIAN_POINT('',(13.830180315791,-19.637133058963,-21.247254051662));
#5626=DIRECTION('',(-1.1842378929335E-15,-1.,7.1732273454473E-09));
#5627=DIRECTION('',(-7.1732302384056E-09,7.1732259565653E-09,1.));
#5628=AXIS2_PLACEMENT_3D('',#5625,#5627,#5626);
#5629=CIRCLE('',#5628,3.);
#5630=EDGE_CURVE('',#5622,#5624,#5629,.T.);
#5631=ORIENTED_EDGE('',*,*,#5630,.T.);
#5632=CARTESIAN_POINT('',(16.830180315791,-19.637133058963,-21.247254060749));
#5633=DIRECTION('',(0.,0.,1.));
#5634=VECTOR('',#5633,1.600000066159);
#5635=LINE('',#5632,#5634);
#5636=EDGE_CURVE('',#5624,#5434,#5635,.T.);
#5637=ORIENTED_EDGE('',*,*,#5636,.T.);
#5638=ORIENTED_EDGE('',*,*,#5440,.F.);
#5639=CARTESIAN_POINT('',(13.830180315791,-22.637133058963,-19.647253999046));
#5640=DIRECTION('',(0.,0.,-1.));
#5641=VECTOR('',#5640,1.600000057246);
#5642=LINE('',#5639,#5641);
#5643=EDGE_CURVE('',#5426,#5622,#5642,.T.);
#5644=ORIENTED_EDGE('',*,*,#5643,.T.);
#5645=EDGE_LOOP('',(#5631,#5637,#5638,#5644));
#5646=FACE_OUTER_BOUND('',#5645,.T.);
#5647=ADVANCED_FACE('',(#5646),#5620,.T.);
#5648=CARTESIAN_POINT('',(16.830180315791,0.86286694103744,-20.447254021229));
#5649=DIRECTION('',(-1.7330310628295E-16,1.,-2.1662888285368E-15));
#5650=DIRECTION('',(1.,1.7330310628295E-16,-0.));
#5651=AXIS2_PLACEMENT_3D('',#5648,#5650,#5649);
#5652=PLANE('',#5651);
#5653=CARTESIAN_POINT('',(16.830180315791,21.362866941037,-21.247254056292));
#5654=VERTEX_POINT('',#5653);
#5655=CARTESIAN_POINT('',(16.830180315791,-19.637133058963,-21.247254060749));
#5656=DIRECTION('',(0.,1.,1.0870731956879E-10));
#5657=VECTOR('',#5656,41.);
#5658=LINE('',#5655,#5657);
#5659=EDGE_CURVE('',#5624,#5654,#5658,.T.);
#5660=ORIENTED_EDGE('',*,*,#5659,.T.);
#5661=CARTESIAN_POINT('',(16.830180315791,21.362866941037,-21.247254056292));
#5662=DIRECTION('',(0.,0.,1.));
#5663=VECTOR('',#5662,1.600000057245);
#5664=LINE('',#5661,#5663);
#5665=EDGE_CURVE('',#5654,#5459,#5664,.T.);
#5666=ORIENTED_EDGE('',*,*,#5665,.T.);
#5667=ORIENTED_EDGE('',*,*,#5464,.F.);
#5668=ORIENTED_EDGE('',*,*,#5636,.F.);
#5669=EDGE_LOOP('',(#5660,#5666,#5667,#5668));
#5670=FACE_OUTER_BOUND('',#5669,.T.);
#5671=ADVANCED_FACE('',(#5670),#5652,.T.);
#5672=CARTESIAN_POINT('',(13.830180315791,21.362866941037,-19.647253999047));
#5673=DIRECTION('',(1.,-4.736951571734E-15,5.9211894646675E-15));
#5674=DIRECTION('',(4.4408919272432E-15,0.,-1.));
#5675=AXIS2_PLACEMENT_3D('',#5672,#5674,#5673);
#5676=CYLINDRICAL_SURFACE('',#5675,3.);
#5677=CARTESIAN_POINT('',(13.830180315791,24.362866941037,-21.247254060749));
#5678=VERTEX_POINT('',#5677);
#5679=CARTESIAN_POINT('',(13.830180315791,21.362866941037,-21.247254051662));
#5680=DIRECTION('',(1.,-1.1842378929335E-15,7.1732273454473E-09));
#5681=DIRECTION('',(-7.1732263854365E-09,-7.173225391754E-09,1.));
#5682=AXIS2_PLACEMENT_3D('',#5679,#5681,#5680);
#5683=CIRCLE('',#5682,3.);
#5684=EDGE_CURVE('',#5654,#5678,#5683,.T.);
#5685=ORIENTED_EDGE('',*,*,#5684,.T.);
#5686=CARTESIAN_POINT('',(13.830180315791,24.362866941037,-21.247254060749));
#5687=DIRECTION('',(0.,0.,1.));
#5688=VECTOR('',#5687,1.600000066159);
#5689=LINE('',#5686,#5688);
#5690=EDGE_CURVE('',#5678,#5483,#5689,.T.);
#5691=ORIENTED_EDGE('',*,*,#5690,.T.);
#5692=ORIENTED_EDGE('',*,*,#5489,.F.);
#5693=ORIENTED_EDGE('',*,*,#5665,.F.);
#5694=EDGE_LOOP('',(#5685,#5691,#5692,#5693));
#5695=FACE_OUTER_BOUND('',#5694,.T.);
#5696=ADVANCED_FACE('',(#5695),#5676,.T.);
#5697=CARTESIAN_POINT('',(-2.1698196842093,24.362866941037,-20.447254021229));
#5698=DIRECTION('',(-1.,-2.2204460492503E-16,-2.1094237467878E-15));
#5699=DIRECTION('',(-2.2204460492503E-16,1.,0.));
#5700=AXIS2_PLACEMENT_3D('',#5697,#5699,#5698);
#5701=PLANE('',#5700);
#5702=ORIENTED_EDGE('',*,*,#5513,.F.);
#5703=ORIENTED_EDGE('',*,*,#5690,.F.);
#5704=CARTESIAN_POINT('',(-18.169819684209,24.362866941037,-21.247254059681));
#5705=VERTEX_POINT('',#5704);
#5706=CARTESIAN_POINT('',(13.830180315791,24.362866941037,-21.247254060749));
#5707=DIRECTION('',(-1.,0.,3.3374969454769E-11));
#5708=VECTOR('',#5707,32.);
#5709=LINE('',#5706,#5708);
#5710=EDGE_CURVE('',#5678,#5705,#5709,.T.);
#5711=ORIENTED_EDGE('',*,*,#5710,.T.);
#5712=CARTESIAN_POINT('',(-18.169819684209,24.362866941037,-21.247254059681));
#5713=DIRECTION('',(0.,0.,1.));
#5714=VECTOR('',#5713,1.600000064023);
#5715=LINE('',#5712,#5714);
#5716=EDGE_CURVE('',#5705,#5508,#5715,.T.);
#5717=ORIENTED_EDGE('',*,*,#5716,.T.);
#5718=EDGE_LOOP('',(#5702,#5703,#5711,#5717));
#5719=FACE_OUTER_BOUND('',#5718,.T.);
#5720=ADVANCED_FACE('',(#5719),#5701,.T.);
#5721=CARTESIAN_POINT('',(-18.169819684209,21.362866941037,-19.647253995658));
#5722=DIRECTION('',(1.3249985405158E-08,1.,0.));
#5723=DIRECTION('',(6.6613378812017E-15,0.,-1.));
#5724=AXIS2_PLACEMENT_3D('',#5721,#5723,#5722);
#5725=CYLINDRICAL_SURFACE('',#5724,3.);
#5726=ORIENTED_EDGE('',*,*,#5538,.F.);
#5727=ORIENTED_EDGE('',*,*,#5716,.F.);
#5728=CARTESIAN_POINT('',(-21.169819684209,21.362866941037,-21.247254059681));
#5729=VERTEX_POINT('',#5728);
#5730=CARTESIAN_POINT('',(-18.169819684209,21.362866941037,-21.247254044366));
#5731=DIRECTION('',(2.368475785867E-15,1.,5.4534154969588E-09));
#5732=DIRECTION('',(5.4534200231553E-09,-5.4534161330159E-09,1.));
#5733=AXIS2_PLACEMENT_3D('',#5730,#5732,#5731);
#5734=CIRCLE('',#5733,3.);
#5735=EDGE_CURVE('',#5705,#5729,#5734,.T.);
#5736=ORIENTED_EDGE('',*,*,#5735,.T.);
#5737=CARTESIAN_POINT('',(-21.169819684209,21.362866941037,-21.247254059681));
#5738=DIRECTION('',(0.,0.,1.));
#5739=VECTOR('',#5738,1.600000064023);
#5740=LINE('',#5737,#5739);
#5741=EDGE_CURVE('',#5729,#5532,#5740,.T.);
#5742=ORIENTED_EDGE('',*,*,#5741,.T.);
#5743=EDGE_LOOP('',(#5726,#5727,#5736,#5742));
#5744=FACE_OUTER_BOUND('',#5743,.T.);
#5745=ADVANCED_FACE('',(#5744),#5725,.T.);
#5746=CARTESIAN_POINT('',(-21.169819684209,0.86286694103743,-20.447254021229));
#5747=DIRECTION('',(0.,-1.,2.0796372753954E-15));
#5748=DIRECTION('',(-1.,-9.2354439344827E-30,-4.4408917092174E-15));
#5749=AXIS2_PLACEMENT_3D('',#5746,#5748,#5747);
#5750=PLANE('',#5749);
#5751=ORIENTED_EDGE('',*,*,#5562,.F.);
#5752=ORIENTED_EDGE('',*,*,#5741,.F.);
#5753=CARTESIAN_POINT('',(-21.169819684209,-19.637133058963,-21.247254091356));
#5754=VERTEX_POINT('',#5753);
#5755=CARTESIAN_POINT('',(-21.169819684209,21.362866941037,-21.247254059681));
#5756=DIRECTION('',(0.,-1.,-7.7256098537452E-10));
#5757=VECTOR('',#5756,41.);
#5758=LINE('',#5755,#5757);
#5759=EDGE_CURVE('',#5729,#5754,#5758,.T.);
#5760=ORIENTED_EDGE('',*,*,#5759,.T.);
#5761=CARTESIAN_POINT('',(-21.169819684209,-19.637133058963,-21.247254091356));
#5762=DIRECTION('',(0.,0.,1.));
#5763=VECTOR('',#5762,1.600000114492);
#5764=LINE('',#5761,#5763);
#5765=EDGE_CURVE('',#5754,#5557,#5764,.T.);
#5766=ORIENTED_EDGE('',*,*,#5765,.T.);
#5767=EDGE_LOOP('',(#5751,#5752,#5760,#5766));
#5768=FACE_OUTER_BOUND('',#5767,.T.);
#5769=ADVANCED_FACE('',(#5768),#5750,.T.);
#5770=CARTESIAN_POINT('',(-18.169819684209,-19.637133058963,-19.647253976864));
#5771=DIRECTION('',(-1.,-7.3054451377175E-11,-3.5527136788005E-15));
#5772=DIRECTION('',(4.4408917807215E-15,-4.4408917807215E-15,-1.));
#5773=AXIS2_PLACEMENT_3D('',#5770,#5772,#5771);
#5774=CYLINDRICAL_SURFACE('',#5773,3.);
#5775=ORIENTED_EDGE('',*,*,#5587,.F.);
#5776=ORIENTED_EDGE('',*,*,#5765,.F.);
#5777=CARTESIAN_POINT('',(-18.169819684209,-22.637133058963,-21.247254091356));
#5778=VERTEX_POINT('',#5777);
#5779=CARTESIAN_POINT('',(-18.169819684209,-19.637133058963,-21.247254260657));
#5780=DIRECTION('',(-1.,0.,5.6433654786285E-08));
#5781=DIRECTION('',(5.643365523929E-08,5.6433659976242E-08,1.));
#5782=AXIS2_PLACEMENT_3D('',#5779,#5781,#5780);
#5783=CIRCLE('',#5782,3.);
#5784=EDGE_CURVE('',#5754,#5778,#5783,.T.);
#5785=ORIENTED_EDGE('',*,*,#5784,.T.);
#5786=CARTESIAN_POINT('',(-18.169819684209,-22.637133058963,-21.247254091356));
#5787=DIRECTION('',(0.,0.,1.));
#5788=VECTOR('',#5787,1.600000114492);
#5789=LINE('',#5786,#5788);
#5790=EDGE_CURVE('',#5778,#5581,#5789,.T.);
#5791=ORIENTED_EDGE('',*,*,#5790,.T.);
#5792=EDGE_LOOP('',(#5775,#5776,#5785,#5791));
#5793=FACE_OUTER_BOUND('',#5792,.T.);
#5794=ADVANCED_FACE('',(#5793),#5774,.T.);
#5795=CARTESIAN_POINT('',(-2.1698196842093,-22.637133058963,-20.447254021229));
#5796=DIRECTION('',(1.,0.,1.9984014443252E-15));
#5797=DIRECTION('',(-8.8746844057921E-30,-1.,4.4408917092174E-15));
#5798=AXIS2_PLACEMENT_3D('',#5795,#5797,#5796);
#5799=PLANE('',#5798);
#5800=CARTESIAN_POINT('',(-18.169819684209,-22.637133058963,-21.247254091356));
#5801=DIRECTION('',(1.,0.,1.0957500462538E-09));
#5802=VECTOR('',#5801,32.);
#5803=LINE('',#5800,#5802);
#5804=EDGE_CURVE('',#5778,#5622,#5803,.T.);
#5805=ORIENTED_EDGE('',*,*,#5804,.T.);
#5806=ORIENTED_EDGE('',*,*,#5643,.F.);
#5807=ORIENTED_EDGE('',*,*,#5611,.F.);
#5808=ORIENTED_EDGE('',*,*,#5790,.F.);
#5809=EDGE_LOOP('',(#5805,#5806,#5807,#5808));
#5810=FACE_OUTER_BOUND('',#5809,.T.);
#5811=ADVANCED_FACE('',(#5810),#5799,.T.);
#5812=CARTESIAN_POINT('',(13.830180315791,-19.637133058963,-24.247254021229));
#5813=DIRECTION('',(-0.70710678118655,0.70710678118655,-3.5117503744758E-15));
#5814=DIRECTION('',(-1.7622585509606E-15,3.204106456292E-15,1.));
#5815=AXIS2_PLACEMENT_3D('',#5812,#5814,#5813);
#5816=CONICAL_SURFACE('',#5815,0.,0.78539816339748);
#5817=CARTESIAN_POINT('',(13.830180315791,-22.437133058963,-21.447254021229));
#5818=VERTEX_POINT('',#5817);
#5819=CARTESIAN_POINT('',(16.630180315791,-19.637133058963,-21.447254021229));
#5820=VERTEX_POINT('',#5819);
#5821=CARTESIAN_POINT('',(13.830180315791,-19.637133058963,-21.447254021229));
#5822=DIRECTION('',(-6.3441315692866E-16,-1.,0.));
#5823=DIRECTION('',(0.,-0.,1.));
#5824=AXIS2_PLACEMENT_3D('',#5821,#5823,#5822);
#5825=CIRCLE('',#5824,2.8);
#5826=EDGE_CURVE('',#5818,#5820,#5825,.T.);
#5827=ORIENTED_EDGE('',*,*,#5826,.T.);
#5828=CARTESIAN_POINT('',(16.630180315791,-19.637133058963,-21.447254021229));
#5829=DIRECTION('',(0.7071068510487,0.,0.70710671132439));
#5830=VECTOR('',#5829,0.28284268452976);
#5831=LINE('',#5828,#5830);
#5832=EDGE_CURVE('',#5820,#5624,#5831,.T.);
#5833=ORIENTED_EDGE('',*,*,#5832,.T.);
#5834=ORIENTED_EDGE('',*,*,#5630,.F.);
#5835=CARTESIAN_POINT('',(13.830180315791,-22.637133058963,-21.247254056292));
#5836=DIRECTION('',(0.,0.70710684316976,-0.70710671920333));
#5837=VECTOR('',#5836,0.28284268768133);
#5838=LINE('',#5835,#5837);
#5839=EDGE_CURVE('',#5622,#5818,#5838,.T.);
#5840=ORIENTED_EDGE('',*,*,#5839,.T.);
#5841=EDGE_LOOP('',(#5827,#5833,#5834,#5840));
#5842=FACE_OUTER_BOUND('',#5841,.T.);
#5843=ADVANCED_FACE('',(#5842),#5816,.T.);
#5844=CARTESIAN_POINT('',(16.730180315791,0.86286694103743,-21.347254025686));
#5845=DIRECTION('',(0.70710679694396,0.,0.70710676542914));
#5846=DIRECTION('',(0.70710676542914,-5.3919272727481E-15,-0.70710679694396));
#5847=AXIS2_PLACEMENT_3D('',#5844,#5846,#5845);
#5848=PLANE('',#5847);
#5849=CARTESIAN_POINT('',(16.630180315791,21.362866941037,-21.447254021229));
#5850=VERTEX_POINT('',#5849);
#5851=CARTESIAN_POINT('',(16.630180315791,-19.637133058963,-21.447254021229));
#5852=DIRECTION('',(0.,1.,0.));
#5853=VECTOR('',#5852,41.);
#5854=LINE('',#5851,#5853);
#5855=EDGE_CURVE('',#5820,#5850,#5854,.T.);
#5856=ORIENTED_EDGE('',*,*,#5855,.T.);
#5857=CARTESIAN_POINT('',(16.630180315791,21.362866941037,-21.447254021229));
#5858=DIRECTION('',(0.70710684316976,0.,0.70710671920333));
#5859=VECTOR('',#5858,0.28284268768133);
#5860=LINE('',#5857,#5859);
#5861=EDGE_CURVE('',#5850,#5654,#5860,.T.);
#5862=ORIENTED_EDGE('',*,*,#5861,.T.);
#5863=ORIENTED_EDGE('',*,*,#5659,.F.);
#5864=ORIENTED_EDGE('',*,*,#5832,.F.);
#5865=EDGE_LOOP('',(#5856,#5862,#5863,#5864));
#5866=FACE_OUTER_BOUND('',#5865,.T.);
#5867=ADVANCED_FACE('',(#5866),#5848,.T.);
#5868=CARTESIAN_POINT('',(13.830180315791,21.362866941037,-24.247254021229));
#5869=DIRECTION('',(-0.70710678118655,-0.70710678118655,-1.1328227014438E-16));
#5870=DIRECTION('',(-2.0826691965897E-15,1.9224638737751E-15,1.));
#5871=AXIS2_PLACEMENT_3D('',#5868,#5870,#5869);
#5872=CONICAL_SURFACE('',#5871,0.,0.78539816339744);
#5873=CARTESIAN_POINT('',(13.830180315791,24.162866941037,-21.447254021229));
#5874=VERTEX_POINT('',#5873);
#5875=CARTESIAN_POINT('',(13.830180315791,21.362866941037,-21.447254021229));
#5876=DIRECTION('',(1.,-1.2688263138573E-15,1.2688263138573E-15));
#5877=DIRECTION('',(-2.4023935630699E-16,4.8350658991223E-15,1.));
#5878=AXIS2_PLACEMENT_3D('',#5875,#5877,#5876);
#5879=CIRCLE('',#5878,2.8);
#5880=EDGE_CURVE('',#5850,#5874,#5879,.T.);
#5881=ORIENTED_EDGE('',*,*,#5880,.T.);
#5882=CARTESIAN_POINT('',(13.830180315791,24.162866941037,-21.447254021229));
#5883=DIRECTION('',(0.,0.70710685104871,0.70710671132438));
#5884=VECTOR('',#5883,0.28284268452976);
#5885=LINE('',#5882,#5884);
#5886=EDGE_CURVE('',#5874,#5678,#5885,.T.);
#5887=ORIENTED_EDGE('',*,*,#5886,.T.);
#5888=ORIENTED_EDGE('',*,*,#5684,.F.);
#5889=ORIENTED_EDGE('',*,*,#5861,.F.);
#5890=EDGE_LOOP('',(#5881,#5887,#5888,#5889));
#5891=FACE_OUTER_BOUND('',#5890,.T.);
#5892=ADVANCED_FACE('',(#5891),#5872,.T.);
#5893=CARTESIAN_POINT('',(-2.1698196842093,24.262866941037,-21.347254025686));
#5894=DIRECTION('',(0.,0.70710679694398,0.70710676542911));
#5895=DIRECTION('',(3.9252311467094E-15,0.70710676542911,-0.70710679694398));
#5896=AXIS2_PLACEMENT_3D('',#5893,#5895,#5894);
#5897=PLANE('',#5896);
#5898=CARTESIAN_POINT('',(-18.169819684209,24.162866941037,-21.447254021229));
#5899=VERTEX_POINT('',#5898);
#5900=CARTESIAN_POINT('',(13.830180315791,24.162866941037,-21.447254021229));
#5901=DIRECTION('',(-1.,0.,0.));
#5902=VECTOR('',#5901,32.);
#5903=LINE('',#5900,#5902);
#5904=EDGE_CURVE('',#5874,#5899,#5903,.T.);
#5905=ORIENTED_EDGE('',*,*,#5904,.T.);
#5906=CARTESIAN_POINT('',(-18.169819684209,24.162866941037,-21.447254021229));
#5907=DIRECTION('',(0.,0.70710684916073,0.70710671321236));
#5908=VECTOR('',#5907,0.28284268528495);
#5909=LINE('',#5906,#5908);
#5910=EDGE_CURVE('',#5899,#5705,#5909,.T.);
#5911=ORIENTED_EDGE('',*,*,#5910,.T.);
#5912=ORIENTED_EDGE('',*,*,#5710,.F.);
#5913=ORIENTED_EDGE('',*,*,#5886,.F.);
#5914=EDGE_LOOP('',(#5905,#5911,#5912,#5913));
#5915=FACE_OUTER_BOUND('',#5914,.T.);
#5916=ADVANCED_FACE('',(#5915),#5897,.T.);
#5917=CARTESIAN_POINT('',(-18.169819684209,21.362866941037,-24.247254021229));
#5918=DIRECTION('',(0.70710678118654,-0.70710678118655,2.4922099431765E-15));
#5919=DIRECTION('',(-1.9224638737752E-15,1.602053228146E-15,1.));
#5920=AXIS2_PLACEMENT_3D('',#5917,#5919,#5918);
#5921=CONICAL_SURFACE('',#5920,0.,0.78539816339748);
#5922=CARTESIAN_POINT('',(-20.969819684209,21.362866941037,-21.447254021229));
#5923=VERTEX_POINT('',#5922);
#5924=CARTESIAN_POINT('',(-18.169819684209,21.362866941037,-21.447254021229));
#5925=DIRECTION('',(1.2688263138573E-15,1.,-3.806478941572E-15));
#5926=DIRECTION('',(-4.5948265428153E-15,4.5948265428153E-15,1.));
#5927=AXIS2_PLACEMENT_3D('',#5924,#5926,#5925);
#5928=CIRCLE('',#5927,2.8);
#5929=EDGE_CURVE('',#5899,#5923,#5928,.T.);
#5930=ORIENTED_EDGE('',*,*,#5929,.T.);
#5931=CARTESIAN_POINT('',(-20.969819684209,21.362866941037,-21.447254021229));
#5932=DIRECTION('',(-0.70710684916073,0.,0.70710671321236));
#5933=VECTOR('',#5932,0.28284268528495);
#5934=LINE('',#5931,#5933);
#5935=EDGE_CURVE('',#5923,#5729,#5934,.T.);
#5936=ORIENTED_EDGE('',*,*,#5935,.T.);
#5937=ORIENTED_EDGE('',*,*,#5735,.F.);
#5938=ORIENTED_EDGE('',*,*,#5910,.F.);
#5939=EDGE_LOOP('',(#5930,#5936,#5937,#5938));
#5940=FACE_OUTER_BOUND('',#5939,.T.);
#5941=ADVANCED_FACE('',(#5940),#5921,.T.);
#5942=CARTESIAN_POINT('',(-21.069819684209,0.86286694103743,-21.347254021229));
#5943=DIRECTION('',(-0.70710678118655,2.5121479338849E-14,0.70710678118655));
#5944=DIRECTION('',(-0.70710678118655,-3.676314049601E-15,-0.70710678118655));
#5945=AXIS2_PLACEMENT_3D('',#5942,#5944,#5943);
#5946=PLANE('',#5945);
#5947=CARTESIAN_POINT('',(-20.969819684209,-19.637133058963,-21.447254021229));
#5948=VERTEX_POINT('',#5947);
#5949=CARTESIAN_POINT('',(-20.969819684209,21.362866941037,-21.447254021229));
#5950=DIRECTION('',(0.,-1.,0.));
#5951=VECTOR('',#5950,41.);
#5952=LINE('',#5949,#5951);
#5953=EDGE_CURVE('',#5923,#5948,#5952,.T.);
#5954=ORIENTED_EDGE('',*,*,#5953,.T.);
#5955=CARTESIAN_POINT('',(-20.969819684209,-19.637133058963,-21.447254021229));
#5956=DIRECTION('',(-0.70710690515475,0.,0.70710665721832));
#5957=VECTOR('',#5956,0.28284266288734);
#5958=LINE('',#5955,#5957);
#5959=EDGE_CURVE('',#5948,#5754,#5958,.T.);
#5960=ORIENTED_EDGE('',*,*,#5959,.T.);
#5961=ORIENTED_EDGE('',*,*,#5759,.F.);
#5962=ORIENTED_EDGE('',*,*,#5935,.F.);
#5963=EDGE_LOOP('',(#5954,#5960,#5961,#5962));
#5964=FACE_OUTER_BOUND('',#5963,.T.);
#5965=ADVANCED_FACE('',(#5964),#5946,.T.);
#5966=CARTESIAN_POINT('',(-18.169819684209,-19.637133058963,-24.247254021229));
#5967=DIRECTION('',(0.70710678118655,0.70710678118655,-6.7969361699186E-16));
#5968=DIRECTION('',(-9.6123193140831E-16,1.9224638628166E-15,1.));
#5969=AXIS2_PLACEMENT_3D('',#5966,#5968,#5967);
#5970=CONICAL_SURFACE('',#5969,0.,0.78539816339744);
#5971=CARTESIAN_POINT('',(-18.169819684209,-22.437133058963,-21.447254021229));
#5972=VERTEX_POINT('',#5971);
#5973=CARTESIAN_POINT('',(-18.169819684209,-19.637133058963,-21.447254021229));
#5974=DIRECTION('',(-1.,2.5376526277146E-15,-3.806478941572E-15));
#5975=DIRECTION('',(-4.8350658991223E-15,2.4023935630699E-16,1.));
#5976=AXIS2_PLACEMENT_3D('',#5973,#5975,#5974);
#5977=CIRCLE('',#5976,2.8);
#5978=EDGE_CURVE('',#5948,#5972,#5977,.T.);
#5979=ORIENTED_EDGE('',*,*,#5978,.T.);
#5980=CARTESIAN_POINT('',(-18.169819684209,-22.437133058963,-21.447254021229));
#5981=DIRECTION('',(0.,-0.70710690515475,0.70710665721832));
#5982=VECTOR('',#5981,0.28284266288734);
#5983=LINE('',#5980,#5982);
#5984=EDGE_CURVE('',#5972,#5778,#5983,.T.);
#5985=ORIENTED_EDGE('',*,*,#5984,.T.);
#5986=ORIENTED_EDGE('',*,*,#5784,.F.);
#5987=ORIENTED_EDGE('',*,*,#5959,.F.);
#5988=EDGE_LOOP('',(#5979,#5985,#5986,#5987));
#5989=FACE_OUTER_BOUND('',#5988,.T.);
#5990=ADVANCED_FACE('',(#5989),#5970,.T.);
#5991=CARTESIAN_POINT('',(-2.1698196842093,-22.537133058963,-21.347254021229));
#5992=DIRECTION('',(0.,-0.70710678118656,0.70710678118653));
#5993=DIRECTION('',(1.4130832128154E-15,-0.70710678118654,-0.70710678118656));
#5994=AXIS2_PLACEMENT_3D('',#5991,#5993,#5992);
#5995=PLANE('',#5994);
#5996=ORIENTED_EDGE('',*,*,#5804,.F.);
#5997=ORIENTED_EDGE('',*,*,#5984,.F.);
#5998=CARTESIAN_POINT('',(-18.169819684209,-22.437133058963,-21.447254021229));
#5999=DIRECTION('',(1.,0.,0.));
#6000=VECTOR('',#5999,32.);
#6001=LINE('',#5998,#6000);
#6002=EDGE_CURVE('',#5972,#5818,#6001,.T.);
#6003=ORIENTED_EDGE('',*,*,#6002,.T.);
#6004=ORIENTED_EDGE('',*,*,#5839,.F.);
#6005=EDGE_LOOP('',(#5996,#5997,#6003,#6004));
#6006=FACE_OUTER_BOUND('',#6005,.T.);
#6007=ADVANCED_FACE('',(#6006),#5995,.T.);
#6008=CARTESIAN_POINT('',(-2.1698196842093,0.86286694103743,-21.447254021229));
#6009=DIRECTION('',(0.,1.,-2.1346777469187E-15));
#6010=DIRECTION('',(2.078715450362E-15,-2.1346777469187E-15,-1.));
#6011=AXIS2_PLACEMENT_3D('',#6008,#6010,#6009);
#6012=PLANE('',#6011);
#6013=ORIENTED_EDGE('',*,*,#5978,.F.);
#6014=ORIENTED_EDGE('',*,*,#5953,.F.);
#6015=ORIENTED_EDGE('',*,*,#5929,.F.);
#6016=ORIENTED_EDGE('',*,*,#5904,.F.);
#6017=ORIENTED_EDGE('',*,*,#5880,.F.);
#6018=ORIENTED_EDGE('',*,*,#5855,.F.);
#6019=ORIENTED_EDGE('',*,*,#5826,.F.);
#6020=ORIENTED_EDGE('',*,*,#6002,.F.);
#6021=EDGE_LOOP('',(#6013,#6014,#6015,#6016,#6017,#6018,#6019,#6020));
#6022=FACE_OUTER_BOUND('',#6021,.T.);
#6023=CARTESIAN_POINT('',(-13.819819684209,1.9346049934056,-21.447254021229));
#6024=VERTEX_POINT('',#6023);
#6025=CARTESIAN_POINT('',(-12.619819684209,3.1346049934056,-21.447254021229));
#6026=VERTEX_POINT('',#6025);
#6027=CARTESIAN_POINT('',(-13.819819684209,3.1346049934056,-21.447254021229));
#6028=DIRECTION('',(0.,-1.,2.9605947323338E-15));
#6029=DIRECTION('',(-1.7868769888726E-15,1.7868769888726E-15,1.));
#6030=AXIS2_PLACEMENT_3D('',#6027,#6029,#6028);
#6031=CIRCLE('',#6030,1.2);
#6032=EDGE_CURVE('',#6024,#6026,#6031,.T.);
#6033=ORIENTED_EDGE('',*,*,#6032,.T.);
#6034=CARTESIAN_POINT('',(-12.619819684209,10.412866941037,-21.447254021229));
#6035=VERTEX_POINT('',#6034);
#6036=CARTESIAN_POINT('',(-12.619819684209,3.1346049934056,-21.447254021229));
#6037=DIRECTION('',(0.,1.,0.));
#6038=VECTOR('',#6037,7.2782619476314);
#6039=LINE('',#6036,#6038);
#6040=EDGE_CURVE('',#6026,#6035,#6039,.T.);
#6041=ORIENTED_EDGE('',*,*,#6040,.T.);
#6042=CARTESIAN_POINT('',(-13.819819684209,11.612866941037,-21.447254021229));
#6043=VERTEX_POINT('',#6042);
#6044=CARTESIAN_POINT('',(-13.819819684209,10.412866941037,-21.447254021229));
#6045=DIRECTION('',(1.,1.4802973661669E-15,0.));
#6046=DIRECTION('',(-2.8027924902482E-16,5.6409102156427E-15,1.));
#6047=AXIS2_PLACEMENT_3D('',#6044,#6046,#6045);
#6048=CIRCLE('',#6047,1.2);
#6049=EDGE_CURVE('',#6035,#6043,#6048,.T.);
#6050=ORIENTED_EDGE('',*,*,#6049,.T.);
#6051=CARTESIAN_POINT('',(-17.519819684209,11.612866941037,-21.447254021229));
#6052=VERTEX_POINT('',#6051);
#6053=CARTESIAN_POINT('',(-13.819819684209,11.612866941037,-21.447254021229));
#6054=DIRECTION('',(-1.,0.,0.));
#6055=VECTOR('',#6054,3.7);
#6056=LINE('',#6053,#6055);
#6057=EDGE_CURVE('',#6043,#6052,#6056,.T.);
#6058=ORIENTED_EDGE('',*,*,#6057,.T.);
#6059=CARTESIAN_POINT('',(-18.719819684209,10.412866941037,-21.447254021229));
#6060=VERTEX_POINT('',#6059);
#6061=CARTESIAN_POINT('',(-17.519819684209,10.412866941037,-21.447254021229));
#6062=DIRECTION('',(0.,1.,-2.9605947323338E-15));
#6063=DIRECTION('',(-1.7868769888726E-15,1.7868769888726E-15,1.));
#6064=AXIS2_PLACEMENT_3D('',#6061,#6063,#6062);
#6065=CIRCLE('',#6064,1.2);
#6066=EDGE_CURVE('',#6052,#6060,#6065,.T.);
#6067=ORIENTED_EDGE('',*,*,#6066,.T.);
#6068=CARTESIAN_POINT('',(-18.719819684209,3.1346049934056,-21.447254021229));
#6069=VERTEX_POINT('',#6068);
#6070=CARTESIAN_POINT('',(-18.719819684209,10.412866941037,-21.447254021229));
#6071=DIRECTION('',(0.,-1.,0.));
#6072=VECTOR('',#6071,7.2782619476314);
#6073=LINE('',#6070,#6072);
#6074=EDGE_CURVE('',#6060,#6069,#6073,.T.);
#6075=ORIENTED_EDGE('',*,*,#6074,.T.);
#6076=CARTESIAN_POINT('',(-17.519819684209,1.9346049934056,-21.447254021229));
#6077=VERTEX_POINT('',#6076);
#6078=CARTESIAN_POINT('',(-17.519819684209,3.1346049934056,-21.447254021229));
#6079=DIRECTION('',(-1.,3.7007434154172E-16,-2.9605947323338E-15));
#6080=DIRECTION('',(-2.3737358606032E-15,5.8685887173057E-16,1.));
#6081=AXIS2_PLACEMENT_3D('',#6078,#6080,#6079);
#6082=CIRCLE('',#6081,1.2);
#6083=EDGE_CURVE('',#6069,#6077,#6082,.T.);
#6084=ORIENTED_EDGE('',*,*,#6083,.T.);
#6085=CARTESIAN_POINT('',(-17.519819684209,1.9346049934056,-21.447254021229));
#6086=DIRECTION('',(1.,0.,0.));
#6087=VECTOR('',#6086,3.7);
#6088=LINE('',#6085,#6087);
#6089=EDGE_CURVE('',#6077,#6024,#6088,.T.);
#6090=ORIENTED_EDGE('',*,*,#6089,.T.);
#6091=EDGE_LOOP('',(#6033,#6041,#6050,#6058,#6067,#6075,#6084,#6090));
#6092=FACE_BOUND('',#6091,.T.);
#6093=CARTESIAN_POINT('',(8.8301803157907,20.362866941037,-21.447254021229));
#6094=VERTEX_POINT('',#6093);
#6095=CARTESIAN_POINT('',(11.830180315791,20.362866941037,-21.447254021229));
#6096=DIRECTION('',(-1.,4.1869132231563E-16,-1.8779483895376E-15));
#6097=DIRECTION('',(-1.8779483895376E-15,1.6747652892625E-15,1.));
#6098=AXIS2_PLACEMENT_3D('',#6095,#6097,#6096);
#6099=CIRCLE('',#6098,3.0000000000003);
#6100=EDGE_CURVE('',#6094,#6094,#6099,.T.);
#6101=ORIENTED_EDGE('',*,*,#6100,.T.);
#6102=EDGE_LOOP('',(#6101));
#6103=FACE_BOUND('',#6102,.T.);
#6104=CARTESIAN_POINT('',(-13.169819684209,20.362866941037,-21.447254021229));
#6105=VERTEX_POINT('',#6104);
#6106=CARTESIAN_POINT('',(-16.169819684209,20.362866941037,-21.447254021229));
#6107=DIRECTION('',(1.,2.0934566115784E-16,2.6434949601556E-15));
#6108=DIRECTION('',(-2.6434949601556E-15,2.0934566115784E-15,1.));
#6109=AXIS2_PLACEMENT_3D('',#6106,#6108,#6107);
#6110=CIRCLE('',#6109,3.);
#6111=EDGE_CURVE('',#6105,#6105,#6110,.T.);
#6112=ORIENTED_EDGE('',*,*,#6111,.T.);
#6113=EDGE_LOOP('',(#6112));
#6114=FACE_BOUND('',#6113,.T.);
#6115=CARTESIAN_POINT('',(-13.169819684209,-18.637133058963,-21.447254021229));
#6116=VERTEX_POINT('',#6115);
#6117=CARTESIAN_POINT('',(-16.169819684209,-18.637133058963,-21.447254021229));
#6118=DIRECTION('',(1.,2.0934566115784E-16,1.0405657449065E-15));
#6119=DIRECTION('',(-1.0405657449065E-15,2.512147933894E-15,1.));
#6120=AXIS2_PLACEMENT_3D('',#6117,#6119,#6118);
#6121=CIRCLE('',#6120,3.);
#6122=EDGE_CURVE('',#6116,#6116,#6121,.T.);
#6123=ORIENTED_EDGE('',*,*,#6122,.T.);
#6124=EDGE_LOOP('',(#6123));
#6125=FACE_BOUND('',#6124,.T.);
#6126=CARTESIAN_POINT('',(8.8301803157907,-18.637133058963,-21.447254021229));
#6127=VERTEX_POINT('',#6126);
#6128=CARTESIAN_POINT('',(11.830180315791,-18.637133058963,-21.447254021229));
#6129=DIRECTION('',(-1.,4.1869132231563E-16,-1.459257067222E-15));
#6130=DIRECTION('',(-1.459257067222E-15,2.0934566115782E-15,1.));
#6131=AXIS2_PLACEMENT_3D('',#6128,#6130,#6129);
#6132=CIRCLE('',#6131,3.0000000000003);
#6133=EDGE_CURVE('',#6127,#6127,#6132,.T.);
#6134=ORIENTED_EDGE('',*,*,#6133,.T.);
#6135=EDGE_LOOP('',(#6134));
#6136=FACE_BOUND('',#6135,.T.);
#6137=ADVANCED_FACE('',(#6022,#6092,#6103,#6114,#6125,#6136),#6012,.T.);
#6138=CARTESIAN_POINT('',(11.830180315791,-18.637133058963,-17.161539735515));
#6139=DIRECTION('',(-1.,3.6128090247901E-15,-3.4321685735506E-15));
#6140=DIRECTION('',(3.4321685735506E-15,-3.6128090247901E-15,-1.));
#6141=AXIS2_PLACEMENT_3D('',#6138,#6140,#6139);
#6142=CONICAL_SURFACE('',#6141,0.,0.61072596438921);
#6143=ORIENTED_EDGE('',*,*,#4887,.F.);
#6144=CARTESIAN_POINT('',(10.230180315791,-18.637133058963,-19.447254021229));
#6145=DIRECTION('',(-0.57346234436341,0.,-0.81923192051898));
#6146=VECTOR('',#6145,2.4413111231469);
#6147=LINE('',#6144,#6146);
#6148=EDGE_CURVE('',#4881,#6127,#6147,.T.);
#6149=ORIENTED_EDGE('',*,*,#6148,.T.);
#6150=ORIENTED_EDGE('',*,*,#6133,.F.);
#6151=ORIENTED_EDGE('',*,*,#6148,.F.);
#6152=EDGE_LOOP('',(#6143,#6149,#6150,#6151));
#6153=FACE_OUTER_BOUND('',#6152,.T.);
#6154=ADVANCED_FACE('',(#6153),#6142,.F.);
#6155=CARTESIAN_POINT('',(-16.169819684209,-18.637133058963,-17.161539735515));
#6156=DIRECTION('',(1.,-1.0322311499401E-15,3.6128090247904E-16));
#6157=DIRECTION('',(3.6128090247904E-16,-3.6128090247904E-16,-1.));
#6158=AXIS2_PLACEMENT_3D('',#6155,#6157,#6156);
#6159=CONICAL_SURFACE('',#6158,0.,0.61072596438921);
#6160=CARTESIAN_POINT('',(-14.569819684209,-18.637133058963,-19.447254021229));
#6161=DIRECTION('',(0.57346234436333,0.,-0.81923192051904));
#6162=VECTOR('',#6161,2.4413111231467);
#6163=LINE('',#6160,#6162);
#6164=EDGE_CURVE('',#4821,#6116,#6163,.T.);
#6165=ORIENTED_EDGE('',*,*,#6164,.T.);
#6166=ORIENTED_EDGE('',*,*,#6122,.F.);
#6167=ORIENTED_EDGE('',*,*,#6164,.F.);
#6168=ORIENTED_EDGE('',*,*,#4827,.F.);
#6169=EDGE_LOOP('',(#6165,#6166,#6167,#6168));
#6170=FACE_OUTER_BOUND('',#6169,.T.);
#6171=ADVANCED_FACE('',(#6170),#6159,.F.);
#6172=CARTESIAN_POINT('',(-16.169819684209,20.362866941037,-17.161539735515));
#6173=DIRECTION('',(1.,-2.3225200873652E-15,9.032022561976E-16));
#6174=DIRECTION('',(9.0320225619759E-16,-1.2644831586766E-15,-1.));
#6175=AXIS2_PLACEMENT_3D('',#6172,#6174,#6173);
#6176=CONICAL_SURFACE('',#6175,0.,0.61072596438921);
#6177=ORIENTED_EDGE('',*,*,#4847,.F.);
#6178=CARTESIAN_POINT('',(-14.569819684209,20.362866941037,-19.447254021229));
#6179=DIRECTION('',(0.57346234436333,0.,-0.81923192051904));
#6180=VECTOR('',#6179,2.4413111231467);
#6181=LINE('',#6178,#6180);
#6182=EDGE_CURVE('',#4841,#6105,#6181,.T.);
#6183=ORIENTED_EDGE('',*,*,#6182,.T.);
#6184=ORIENTED_EDGE('',*,*,#6111,.F.);
#6185=ORIENTED_EDGE('',*,*,#6182,.F.);
#6186=EDGE_LOOP('',(#6177,#6183,#6184,#6185));
#6187=FACE_OUTER_BOUND('',#6186,.T.);
#6188=ADVANCED_FACE('',(#6187),#6176,.F.);
#6189=CARTESIAN_POINT('',(11.830180315791,20.362866941037,-17.161539735515));
#6190=DIRECTION('',(-1.,1.03223114994E-15,-3.4321685735506E-15));
#6191=DIRECTION('',(3.4321685735506E-15,-3.6128090247901E-15,-1.));
#6192=AXIS2_PLACEMENT_3D('',#6189,#6191,#6190);
#6193=CONICAL_SURFACE('',#6192,0.,0.61072596438921);
#6194=CARTESIAN_POINT('',(10.230180315791,20.362866941037,-19.447254021229));
#6195=DIRECTION('',(-0.57346234436341,0.,-0.81923192051898));
#6196=VECTOR('',#6195,2.4413111231469);
#6197=LINE('',#6194,#6196);
#6198=EDGE_CURVE('',#4861,#6094,#6197,.T.);
#6199=ORIENTED_EDGE('',*,*,#6198,.T.);
#6200=ORIENTED_EDGE('',*,*,#6100,.F.);
#6201=ORIENTED_EDGE('',*,*,#6198,.F.);
#6202=ORIENTED_EDGE('',*,*,#4867,.F.);
#6203=EDGE_LOOP('',(#6199,#6200,#6201,#6202));
#6204=FACE_OUTER_BOUND('',#6203,.T.);
#6205=ADVANCED_FACE('',(#6204),#6193,.F.);
#6206=CARTESIAN_POINT('',(-13.819819684209,3.1346049934056,-20.247254021229));
#6207=DIRECTION('',(-0.70710678118655,0.70710678118654,5.0887466762104E-15));
#6208=DIRECTION('',(-6.487053128994E-15,7.0952143598372E-16,-1.));
#6209=AXIS2_PLACEMENT_3D('',#6206,#6208,#6207);
#6210=CONICAL_SURFACE('',#6209,0.,0.78539816339751);
#6211=CARTESIAN_POINT('',(-12.819819684209,3.1346049934056,-21.247254024491));
#6212=VERTEX_POINT('',#6211);
#6213=CARTESIAN_POINT('',(-12.819819684209,3.1346049934056,-21.247254024491));
#6214=DIRECTION('',(0.707106786953,0.,-0.70710677542009));
#6215=VECTOR('',#6214,0.28284271016804);
#6216=LINE('',#6213,#6215);
#6217=EDGE_CURVE('',#6212,#6026,#6216,.T.);
#6218=ORIENTED_EDGE('',*,*,#6217,.T.);
#6219=ORIENTED_EDGE('',*,*,#6032,.F.);
#6220=CARTESIAN_POINT('',(-13.819819684209,2.1346049934056,-21.247254024491));
#6221=VERTEX_POINT('',#6220);
#6222=CARTESIAN_POINT('',(-13.819819684209,1.9346049934056,-21.447254021229));
#6223=DIRECTION('',(0.,0.707106786953,0.70710677542009));
#6224=VECTOR('',#6223,0.28284271016804);
#6225=LINE('',#6222,#6224);
#6226=EDGE_CURVE('',#6024,#6221,#6225,.T.);
#6227=ORIENTED_EDGE('',*,*,#6226,.T.);
#6228=CARTESIAN_POINT('',(-13.819819684209,3.1346049934056,-21.247254027753));
#6229=DIRECTION('',(1.7763568394002E-15,-1.,3.2618849843402E-09));
#6230=DIRECTION('',(-3.2618839041201E-09,3.2618839041201E-09,1.));
#6231=AXIS2_PLACEMENT_3D('',#6228,#6230,#6229);
#6232=CIRCLE('',#6231,1.);
#6233=EDGE_CURVE('',#6221,#6212,#6232,.T.);
#6234=ORIENTED_EDGE('',*,*,#6233,.T.);
#6235=EDGE_LOOP('',(#6218,#6219,#6227,#6234));
#6236=FACE_OUTER_BOUND('',#6235,.T.);
#6237=ADVANCED_FACE('',(#6236),#6210,.F.);
#6238=CARTESIAN_POINT('',(-12.719819684209,6.7737359672215,-21.347254021229));
#6239=DIRECTION('',(0.70710678118656,-1.2560739669466E-14,-0.70710678118654));
#6240=DIRECTION('',(-0.70710678118654,-1.1562781937635E-14,-0.70710678118656));
#6241=AXIS2_PLACEMENT_3D('',#6238,#6240,#6239);
#6242=PLANE('',#6241);
#6243=CARTESIAN_POINT('',(-12.819819684209,10.412866941037,-21.247254023746));
#6244=VERTEX_POINT('',#6243);
#6245=CARTESIAN_POINT('',(-12.819819684209,10.412866941037,-21.247254023746));
#6246=DIRECTION('',(0.70710678563601,0.,-0.70710677673708));
#6247=VECTOR('',#6246,0.28284271069483);
#6248=LINE('',#6245,#6247);
#6249=EDGE_CURVE('',#6244,#6035,#6248,.T.);
#6250=ORIENTED_EDGE('',*,*,#6249,.T.);
#6251=ORIENTED_EDGE('',*,*,#6040,.F.);
#6252=ORIENTED_EDGE('',*,*,#6217,.F.);
#6253=CARTESIAN_POINT('',(-12.819819684209,3.1346049934056,-21.247254024491));
#6254=DIRECTION('',(0.,1.,1.0235967200565E-10));
#6255=VECTOR('',#6254,7.2782619476314);
#6256=LINE('',#6253,#6255);
#6257=EDGE_CURVE('',#6212,#6244,#6256,.T.);
#6258=ORIENTED_EDGE('',*,*,#6257,.T.);
#6259=EDGE_LOOP('',(#6250,#6251,#6252,#6258));
#6260=FACE_OUTER_BOUND('',#6259,.T.);
#6261=ADVANCED_FACE('',(#6260),#6242,.T.);
#6262=CARTESIAN_POINT('',(-13.819819684209,10.412866941037,-20.247254021229));
#6263=DIRECTION('',(-0.70710678118655,-0.70710678118655,-7.1672488397328E-15));
#6264=DIRECTION('',(4.0544082056212E-15,6.0816123084318E-15,-1.));
#6265=AXIS2_PLACEMENT_3D('',#6262,#6264,#6263);
#6266=CONICAL_SURFACE('',#6265,0.,0.78539816339745);
#6267=CARTESIAN_POINT('',(-13.819819684209,11.412866941037,-21.247254023746));
#6268=VERTEX_POINT('',#6267);
#6269=CARTESIAN_POINT('',(-13.819819684209,11.412866941037,-21.247254023746));
#6270=DIRECTION('',(0.,0.70710678563601,-0.70710677673708));
#6271=VECTOR('',#6270,0.28284271069483);
#6272=LINE('',#6269,#6271);
#6273=EDGE_CURVE('',#6268,#6043,#6272,.T.);
#6274=ORIENTED_EDGE('',*,*,#6273,.T.);
#6275=ORIENTED_EDGE('',*,*,#6049,.F.);
#6276=ORIENTED_EDGE('',*,*,#6249,.F.);
#6277=CARTESIAN_POINT('',(-13.819819684209,10.412866941037,-21.247254024774));
#6278=DIRECTION('',(1.,0.,1.7726087264691E-09));
#6279=DIRECTION('',(-1.7726108993286E-09,-1.7726037939012E-09,1.));
#6280=AXIS2_PLACEMENT_3D('',#6277,#6279,#6278);
#6281=CIRCLE('',#6280,1.);
#6282=EDGE_CURVE('',#6244,#6268,#6281,.T.);
#6283=ORIENTED_EDGE('',*,*,#6282,.T.);
#6284=EDGE_LOOP('',(#6274,#6275,#6276,#6283));
#6285=FACE_OUTER_BOUND('',#6284,.T.);
#6286=ADVANCED_FACE('',(#6285),#6266,.F.);
#6287=CARTESIAN_POINT('',(-15.669819684209,11.512866941037,-21.347254022078));
#6288=DIRECTION('',(1.2560739722789E-14,0.70710678418786,-0.70710677818523));
#6289=DIRECTION('',(6.789589558074E-16,-0.70710677818523,-0.70710678418786));
#6290=AXIS2_PLACEMENT_3D('',#6287,#6289,#6288);
#6291=PLANE('',#6290);
#6292=CARTESIAN_POINT('',(-17.519819684209,11.412866941037,-21.247254023709));
#6293=VERTEX_POINT('',#6292);
#6294=CARTESIAN_POINT('',(-17.519819684209,11.412866941037,-21.247254023709));
#6295=DIRECTION('',(0.,0.70710678557061,-0.70710677680249));
#6296=VECTOR('',#6295,0.28284271072099);
#6297=LINE('',#6294,#6296);
#6298=EDGE_CURVE('',#6293,#6052,#6297,.T.);
#6299=ORIENTED_EDGE('',*,*,#6298,.T.);
#6300=ORIENTED_EDGE('',*,*,#6057,.F.);
#6301=ORIENTED_EDGE('',*,*,#6273,.F.);
#6302=CARTESIAN_POINT('',(-13.819819684209,11.412866941037,-21.247254023746));
#6303=DIRECTION('',(-1.,0.,9.9994487164942E-12));
#6304=VECTOR('',#6303,3.7);
#6305=LINE('',#6302,#6304);
#6306=EDGE_CURVE('',#6268,#6293,#6305,.T.);
#6307=ORIENTED_EDGE('',*,*,#6306,.T.);
#6308=EDGE_LOOP('',(#6299,#6300,#6301,#6307));
#6309=FACE_OUTER_BOUND('',#6308,.T.);
#6310=ADVANCED_FACE('',(#6309),#6291,.T.);
#6311=CARTESIAN_POINT('',(-17.519819684209,10.412866941037,-20.247254021229));
#6312=DIRECTION('',(0.70710678118655,-0.70710678118655,8.600698609538E-15));
#6313=DIRECTION('',(1.1352342978193E-14,-8.1088164129947E-16,-1.));
#6314=AXIS2_PLACEMENT_3D('',#6311,#6313,#6312);
#6315=CONICAL_SURFACE('',#6314,0.,0.78539816339748);
#6316=CARTESIAN_POINT('',(-18.519819684209,10.412866941037,-21.24725402286));
#6317=VERTEX_POINT('',#6316);
#6318=CARTESIAN_POINT('',(-18.519819684209,10.412866941037,-21.24725402286));
#6319=DIRECTION('',(-0.70710678406978,0.,-0.70710677830332));
#6320=VECTOR('',#6319,0.28284271132133);
#6321=LINE('',#6318,#6320);
#6322=EDGE_CURVE('',#6317,#6060,#6321,.T.);
#6323=ORIENTED_EDGE('',*,*,#6322,.T.);
#6324=ORIENTED_EDGE('',*,*,#6066,.F.);
#6325=ORIENTED_EDGE('',*,*,#6298,.F.);
#6326=CARTESIAN_POINT('',(-17.519819684209,10.412866941037,-21.247254027026));
#6327=DIRECTION('',(0.,1.,4.0988759053562E-09));
#6328=DIRECTION('',(4.098876741355E-09,-4.098876741355E-09,1.));
#6329=AXIS2_PLACEMENT_3D('',#6326,#6328,#6327);
#6330=CIRCLE('',#6329,1.);
#6331=EDGE_CURVE('',#6293,#6317,#6330,.T.);
#6332=ORIENTED_EDGE('',*,*,#6331,.T.);
#6333=EDGE_LOOP('',(#6323,#6324,#6325,#6332));
#6334=FACE_OUTER_BOUND('',#6333,.T.);
#6335=ADVANCED_FACE('',(#6334),#6315,.F.);
#6336=CARTESIAN_POINT('',(-18.619819684209,6.7737359672215,-21.347254022078));
#6337=DIRECTION('',(-0.70710678418794,3.1401849296455E-15,-0.70710677818515));
#6338=DIRECTION('',(0.70710677818515,-2.4161036752754E-15,-0.70710678418794));
#6339=AXIS2_PLACEMENT_3D('',#6336,#6338,#6337);
#6340=PLANE('',#6339);
#6341=CARTESIAN_POINT('',(-18.519819684209,3.1346049934056,-21.247254023709));
#6342=VERTEX_POINT('',#6341);
#6343=CARTESIAN_POINT('',(-18.519819684209,3.1346049934056,-21.247254023709));
#6344=DIRECTION('',(-0.70710678557061,0.,-0.70710677680249));
#6345=VECTOR('',#6344,0.28284271072099);
#6346=LINE('',#6343,#6345);
#6347=EDGE_CURVE('',#6342,#6069,#6346,.T.);
#6348=ORIENTED_EDGE('',*,*,#6347,.T.);
#6349=ORIENTED_EDGE('',*,*,#6074,.F.);
#6350=ORIENTED_EDGE('',*,*,#6322,.F.);
#6351=CARTESIAN_POINT('',(-18.519819684209,10.412866941037,-21.24725402286));
#6352=DIRECTION('',(0.,-1.,-1.1664860365827E-10));
#6353=VECTOR('',#6352,7.2782619476314);
#6354=LINE('',#6351,#6353);
#6355=EDGE_CURVE('',#6317,#6342,#6354,.T.);
#6356=ORIENTED_EDGE('',*,*,#6355,.T.);
#6357=EDGE_LOOP('',(#6348,#6349,#6350,#6356));
#6358=FACE_OUTER_BOUND('',#6357,.T.);
#6359=ADVANCED_FACE('',(#6358),#6340,.T.);
#6360=CARTESIAN_POINT('',(-17.519819684209,3.1346049934056,-20.247254021229));
#6361=DIRECTION('',(0.70710678118655,0.70710678118655,2.0785021639716E-15));
#6362=DIRECTION('',(8.1088164129945E-16,2.128564308411E-15,-1.));
#6363=AXIS2_PLACEMENT_3D('',#6360,#6362,#6361);
#6364=CONICAL_SURFACE('',#6363,0.,0.78539816339745);
#6365=CARTESIAN_POINT('',(-17.519819684209,2.1346049934056,-21.24725402286));
#6366=VERTEX_POINT('',#6365);
#6367=CARTESIAN_POINT('',(-17.519819684209,2.1346049934056,-21.24725402286));
#6368=DIRECTION('',(0.,-0.70710678406978,-0.70710677830332));
#6369=VECTOR('',#6368,0.28284271132133);
#6370=LINE('',#6367,#6369);
#6371=EDGE_CURVE('',#6366,#6077,#6370,.T.);
#6372=ORIENTED_EDGE('',*,*,#6371,.T.);
#6373=ORIENTED_EDGE('',*,*,#6083,.F.);
#6374=ORIENTED_EDGE('',*,*,#6347,.F.);
#6375=CARTESIAN_POINT('',(-17.519819684209,3.1346049934056,-21.247254027026));
#6376=DIRECTION('',(-1.,0.,4.0988759053562E-09));
#6377=DIRECTION('',(4.0988771092505E-09,4.0988806619642E-09,1.));
#6378=AXIS2_PLACEMENT_3D('',#6375,#6377,#6376);
#6379=CIRCLE('',#6378,1.);
#6380=EDGE_CURVE('',#6342,#6366,#6379,.T.);
#6381=ORIENTED_EDGE('',*,*,#6380,.T.);
#6382=EDGE_LOOP('',(#6372,#6373,#6374,#6381));
#6383=FACE_OUTER_BOUND('',#6382,.T.);
#6384=ADVANCED_FACE('',(#6383),#6364,.F.);
#6385=CARTESIAN_POINT('',(-15.669819684209,2.0346049934056,-21.347254021229));
#6386=DIRECTION('',(6.2803698347345E-15,-0.70710678118654,-0.70710678118656));
#6387=DIRECTION('',(-4.6678424447356E-15,0.70710678118656,-0.70710678118654));
#6388=AXIS2_PLACEMENT_3D('',#6385,#6387,#6386);
#6389=PLANE('',#6388);
#6390=ORIENTED_EDGE('',*,*,#6371,.F.);
#6391=CARTESIAN_POINT('',(-17.519819684209,2.1346049934056,-21.24725402286));
#6392=DIRECTION('',(1.,0.,-4.4081015114382E-10));
#6393=VECTOR('',#6392,3.7);
#6394=LINE('',#6391,#6393);
#6395=EDGE_CURVE('',#6366,#6221,#6394,.T.);
#6396=ORIENTED_EDGE('',*,*,#6395,.T.);
#6397=ORIENTED_EDGE('',*,*,#6226,.F.);
#6398=ORIENTED_EDGE('',*,*,#6089,.F.);
#6399=EDGE_LOOP('',(#6390,#6396,#6397,#6398));
#6400=FACE_OUTER_BOUND('',#6399,.T.);
#6401=ADVANCED_FACE('',(#6400),#6389,.T.);
#6402=CARTESIAN_POINT('',(-13.819819684209,3.1346049934056,-21.247254023816));
#6403=DIRECTION('',(-3.6550096993437E-07,-0.99999999999993,3.5527136788005E-15));
#6404=DIRECTION('',(-7.7715611454809E-15,9.4368956766553E-15,1.));
#6405=AXIS2_PLACEMENT_3D('',#6402,#6404,#6403);
#6406=CYLINDRICAL_SURFACE('',#6405,1.);
#6407=CARTESIAN_POINT('',(-13.819819684209,2.1346049934056,-19.647254018279));
#6408=VERTEX_POINT('',#6407);
#6409=CARTESIAN_POINT('',(-13.819819684209,2.1346049934056,-21.247254024491));
#6410=DIRECTION('',(0.,0.,1.));
#6411=VECTOR('',#6410,1.600000006212);
#6412=LINE('',#6409,#6411);
#6413=EDGE_CURVE('',#6221,#6408,#6412,.T.);
#6414=ORIENTED_EDGE('',*,*,#6413,.T.);
#6415=CARTESIAN_POINT('',(-12.819819684209,3.1346049934056,-19.647254018279));
#6416=VERTEX_POINT('',#6415);
#6417=CARTESIAN_POINT('',(-13.819819684209,3.1346049934056,-19.64725401533));
#6418=DIRECTION('',(1.7763568394002E-15,-1.,-2.9495232922727E-09));
#6419=DIRECTION('',(2.9495263704525E-09,-2.9495263704525E-09,1.));
#6420=AXIS2_PLACEMENT_3D('',#6417,#6419,#6418);
#6421=CIRCLE('',#6420,1.);
#6422=EDGE_CURVE('',#6408,#6416,#6421,.T.);
#6423=ORIENTED_EDGE('',*,*,#6422,.T.);
#6424=CARTESIAN_POINT('',(-12.819819684209,3.1346049934056,-19.647254018279));
#6425=DIRECTION('',(0.,0.,-1.));
#6426=VECTOR('',#6425,1.600000006212);
#6427=LINE('',#6424,#6426);
#6428=EDGE_CURVE('',#6416,#6212,#6427,.T.);
#6429=ORIENTED_EDGE('',*,*,#6428,.T.);
#6430=ORIENTED_EDGE('',*,*,#6233,.F.);
#6431=EDGE_LOOP('',(#6414,#6423,#6429,#6430));
#6432=FACE_OUTER_BOUND('',#6431,.T.);
#6433=ADVANCED_FACE('',(#6432),#6406,.F.);
#6434=CARTESIAN_POINT('',(-12.819819684209,6.7737359672215,-20.447254021229));
#6435=DIRECTION('',(0.,-1.,1.9525066310407E-15));
#6436=DIRECTION('',(-1.,-4.3354356173515E-30,-2.2204460401964E-15));
#6437=AXIS2_PLACEMENT_3D('',#6434,#6436,#6435);
#6438=PLANE('',#6437);
#6439=ORIENTED_EDGE('',*,*,#6428,.F.);
#6440=CARTESIAN_POINT('',(-12.819819684209,10.412866941037,-19.647254018868));
#6441=VERTEX_POINT('',#6440);
#6442=CARTESIAN_POINT('',(-12.819819684209,3.1346049934056,-19.647254018279));
#6443=DIRECTION('',(0.,1.,-8.0926030463404E-11));
#6444=VECTOR('',#6443,7.2782619476314);
#6445=LINE('',#6442,#6444);
#6446=EDGE_CURVE('',#6416,#6441,#6445,.T.);
#6447=ORIENTED_EDGE('',*,*,#6446,.T.);
#6448=CARTESIAN_POINT('',(-12.819819684209,10.412866941037,-19.647254018868));
#6449=DIRECTION('',(0.,0.,-1.));
#6450=VECTOR('',#6449,1.600000004878);
#6451=LINE('',#6448,#6450);
#6452=EDGE_CURVE('',#6441,#6244,#6451,.T.);
#6453=ORIENTED_EDGE('',*,*,#6452,.T.);
#6454=ORIENTED_EDGE('',*,*,#6257,.F.);
#6455=EDGE_LOOP('',(#6439,#6447,#6453,#6454));
#6456=FACE_OUTER_BOUND('',#6455,.T.);
#6457=ADVANCED_FACE('',(#6456),#6438,.T.);
#6458=CARTESIAN_POINT('',(-13.819819684209,10.412866941037,-21.247254022635));
#6459=DIRECTION('',(0.99999999999993,-3.6550099480337E-07,3.5527136788005E-15));
#6460=DIRECTION('',(-4.4408920880462E-15,3.3306690660347E-15,1.));
#6461=AXIS2_PLACEMENT_3D('',#6458,#6460,#6459);
#6462=CYLINDRICAL_SURFACE('',#6461,0.99999999999999);
#6463=ORIENTED_EDGE('',*,*,#6452,.F.);
#6464=CARTESIAN_POINT('',(-13.819819684209,11.412866941037,-19.647254018868));
#6465=VERTEX_POINT('',#6464);
#6466=CARTESIAN_POINT('',(-13.819819684209,10.412866941037,-19.647254017684));
#6467=DIRECTION('',(1.,0.,-1.7726016210418E-09));
#6468=DIRECTION('',(1.7726034260057E-09,1.7726069787193E-09,1.));
#6469=AXIS2_PLACEMENT_3D('',#6466,#6468,#6467);
#6470=CIRCLE('',#6469,1.);
#6471=EDGE_CURVE('',#6441,#6465,#6470,.T.);
#6472=ORIENTED_EDGE('',*,*,#6471,.T.);
#6473=CARTESIAN_POINT('',(-13.819819684209,11.412866941037,-19.647254018868));
#6474=DIRECTION('',(0.,0.,-1.));
#6475=VECTOR('',#6474,1.600000004878);
#6476=LINE('',#6473,#6475);
#6477=EDGE_CURVE('',#6465,#6268,#6476,.T.);
#6478=ORIENTED_EDGE('',*,*,#6477,.T.);
#6479=ORIENTED_EDGE('',*,*,#6282,.F.);
#6480=EDGE_LOOP('',(#6463,#6472,#6478,#6479));
#6481=FACE_OUTER_BOUND('',#6480,.T.);
#6482=ADVANCED_FACE('',(#6481),#6462,.F.);
#6483=CARTESIAN_POINT('',(-15.669819684209,11.412866941037,-20.447254021229));
#6484=DIRECTION('',(1.,0.,1.9203857723246E-15));
#6485=DIRECTION('',(-4.2641129877787E-30,-1.,2.2204460422642E-15));
#6486=AXIS2_PLACEMENT_3D('',#6483,#6485,#6484);
#6487=PLANE('',#6486);
#6488=ORIENTED_EDGE('',*,*,#6477,.F.);
#6489=CARTESIAN_POINT('',(-17.519819684209,11.412866941037,-19.647254018905));
#6490=VERTEX_POINT('',#6489);
#6491=CARTESIAN_POINT('',(-13.819819684209,11.412866941037,-19.647254018868));
#6492=DIRECTION('',(-1.,0.,-9.9994487164942E-12));
#6493=VECTOR('',#6492,3.7);
#6494=LINE('',#6491,#6493);
#6495=EDGE_CURVE('',#6465,#6490,#6494,.T.);
#6496=ORIENTED_EDGE('',*,*,#6495,.T.);
#6497=CARTESIAN_POINT('',(-17.519819684209,11.412866941037,-19.647254018905));
#6498=DIRECTION('',(0.,0.,-1.));
#6499=VECTOR('',#6498,1.600000004804);
#6500=LINE('',#6497,#6499);
#6501=EDGE_CURVE('',#6490,#6293,#6500,.T.);
#6502=ORIENTED_EDGE('',*,*,#6501,.T.);
#6503=ORIENTED_EDGE('',*,*,#6306,.F.);
#6504=EDGE_LOOP('',(#6488,#6496,#6502,#6503));
#6505=FACE_OUTER_BOUND('',#6504,.T.);
#6506=ADVANCED_FACE('',(#6505),#6487,.T.);
#6507=CARTESIAN_POINT('',(-17.519819684209,10.412866941037,-21.247254023709));
#6508=DIRECTION('',(-1.0089706847793E-12,1.,-3.5527136788005E-15));
#6509=DIRECTION('',(-2.2204460446291E-15,4.4408920892582E-15,1.));
#6510=AXIS2_PLACEMENT_3D('',#6507,#6509,#6508);
#6511=CYLINDRICAL_SURFACE('',#6510,0.99999999999999);
#6512=CARTESIAN_POINT('',(-18.519819684209,10.412866941037,-19.647254019754));
#6513=VERTEX_POINT('',#6512);
#6514=CARTESIAN_POINT('',(-18.519819684209,10.412866941037,-19.647254019754));
#6515=DIRECTION('',(0.,0.,-1.));
#6516=VECTOR('',#6515,1.600000003106);
#6517=LINE('',#6514,#6516);
#6518=EDGE_CURVE('',#6513,#6317,#6517,.T.);
#6519=ORIENTED_EDGE('',*,*,#6518,.T.);
#6520=ORIENTED_EDGE('',*,*,#6331,.F.);
#6521=ORIENTED_EDGE('',*,*,#6501,.F.);
#6522=CARTESIAN_POINT('',(-17.519819684209,10.412866941037,-19.647254015432));
#6523=DIRECTION('',(0.,1.,-4.0988830107835E-09));
#6524=DIRECTION('',(-4.0988853183645E-09,4.0988853183645E-09,1.));
#6525=AXIS2_PLACEMENT_3D('',#6522,#6524,#6523);
#6526=CIRCLE('',#6525,1.);
#6527=EDGE_CURVE('',#6490,#6513,#6526,.T.);
#6528=ORIENTED_EDGE('',*,*,#6527,.T.);
#6529=EDGE_LOOP('',(#6519,#6520,#6521,#6528));
#6530=FACE_OUTER_BOUND('',#6529,.T.);
#6531=ADVANCED_FACE('',(#6530),#6511,.F.);
#6532=CARTESIAN_POINT('',(-18.519819684209,6.7737359672215,-20.447254021229));
#6533=DIRECTION('',(0.,1.,-2.4406332888008E-15));
#6534=DIRECTION('',(1.,1.0838589053973E-29,4.4408920847338E-15));
#6535=AXIS2_PLACEMENT_3D('',#6532,#6534,#6533);
#6536=PLANE('',#6535);
#6537=CARTESIAN_POINT('',(-18.519819684209,3.1346049934056,-19.647254018905));
#6538=VERTEX_POINT('',#6537);
#6539=CARTESIAN_POINT('',(-18.519819684209,3.1346049934056,-19.647254018905));
#6540=DIRECTION('',(0.,0.,-1.));
#6541=VECTOR('',#6540,1.600000004804);
#6542=LINE('',#6539,#6541);
#6543=EDGE_CURVE('',#6538,#6342,#6542,.T.);
#6544=ORIENTED_EDGE('',*,*,#6543,.T.);
#6545=ORIENTED_EDGE('',*,*,#6355,.F.);
#6546=ORIENTED_EDGE('',*,*,#6518,.F.);
#6547=CARTESIAN_POINT('',(-18.519819684209,10.412866941037,-19.647254019754));
#6548=DIRECTION('',(0.,-1.,1.1664909178493E-10));
#6549=VECTOR('',#6548,7.2782619476314);
#6550=LINE('',#6547,#6549);
#6551=EDGE_CURVE('',#6513,#6538,#6550,.T.);
#6552=ORIENTED_EDGE('',*,*,#6551,.T.);
#6553=EDGE_LOOP('',(#6544,#6545,#6546,#6552));
#6554=FACE_OUTER_BOUND('',#6553,.T.);
#6555=ADVANCED_FACE('',(#6554),#6536,.T.);
#6556=CARTESIAN_POINT('',(-17.519819684209,3.1346049934056,-21.247254023709));
#6557=DIRECTION('',(-1.,-1.0227374502847E-12,3.5527136788006E-15));
#6558=DIRECTION('',(4.4408920892581E-15,4.9960036004154E-15,1.));
#6559=AXIS2_PLACEMENT_3D('',#6556,#6558,#6557);
#6560=CYLINDRICAL_SURFACE('',#6559,0.99999999999998);
#6561=CARTESIAN_POINT('',(-17.519819684209,2.1346049934056,-19.647254019754));
#6562=VERTEX_POINT('',#6561);
#6563=CARTESIAN_POINT('',(-17.519819684209,2.1346049934056,-19.647254019754));
#6564=DIRECTION('',(0.,0.,-1.));
#6565=VECTOR('',#6564,1.600000003106);
#6566=LINE('',#6563,#6565);
#6567=EDGE_CURVE('',#6562,#6366,#6566,.T.);
#6568=ORIENTED_EDGE('',*,*,#6567,.T.);
#6569=ORIENTED_EDGE('',*,*,#6380,.F.);
#6570=ORIENTED_EDGE('',*,*,#6543,.F.);
#6571=CARTESIAN_POINT('',(-17.519819684209,3.1346049934056,-19.647254015432));
#6572=DIRECTION('',(-1.,0.,-4.0988830107835E-09));
#6573=DIRECTION('',(-4.0988860225952E-09,-4.0988824698815E-09,1.));
#6574=AXIS2_PLACEMENT_3D('',#6571,#6573,#6572);
#6575=CIRCLE('',#6574,1.);
#6576=EDGE_CURVE('',#6538,#6562,#6575,.T.);
#6577=ORIENTED_EDGE('',*,*,#6576,.T.);
#6578=EDGE_LOOP('',(#6568,#6569,#6570,#6577));
#6579=FACE_OUTER_BOUND('',#6578,.T.);
#6580=ADVANCED_FACE('',(#6579),#6560,.F.);
#6581=CARTESIAN_POINT('',(-15.669819684209,2.1346049934056,-20.447254021229));
#6582=DIRECTION('',(-1.,2.4004822154057E-16,-2.8805786584869E-15));
#6583=DIRECTION('',(2.4004822154058E-16,1.,-2.2204460401964E-15));
#6584=AXIS2_PLACEMENT_3D('',#6581,#6583,#6582);
#6585=PLANE('',#6584);
#6586=ORIENTED_EDGE('',*,*,#6413,.F.);
#6587=ORIENTED_EDGE('',*,*,#6395,.F.);
#6588=ORIENTED_EDGE('',*,*,#6567,.F.);
#6589=CARTESIAN_POINT('',(-17.519819684209,2.1346049934056,-19.647254019754));
#6590=DIRECTION('',(1.,0.,3.9864904170532E-10));
#6591=VECTOR('',#6590,3.7);
#6592=LINE('',#6589,#6591);
#6593=EDGE_CURVE('',#6562,#6408,#6592,.T.);
#6594=ORIENTED_EDGE('',*,*,#6593,.T.);
#6595=EDGE_LOOP('',(#6586,#6587,#6588,#6594));
#6596=FACE_OUTER_BOUND('',#6595,.T.);
#6597=ADVANCED_FACE('',(#6596),#6585,.T.);
#6598=CARTESIAN_POINT('',(-13.819819684209,3.1346049934056,-20.647254021229));
#6599=DIRECTION('',(-0.70710678118655,0.70710678118655,-2.6518820707011E-15));
#6600=DIRECTION('',(-8.1088164112423E-16,2.9394459490753E-15,1.));
#6601=AXIS2_PLACEMENT_3D('',#6598,#6600,#6599);
#6602=CONICAL_SURFACE('',#6601,0.,0.78539816339746);
#6603=ORIENTED_EDGE('',*,*,#6422,.F.);
#6604=CARTESIAN_POINT('',(-13.819819684209,2.1346049934056,-19.647254018279));
#6605=DIRECTION('',(0.,-0.70710678640146,0.70710677597163));
#6606=VECTOR('',#6605,0.28284271038865);
#6607=LINE('',#6604,#6606);
#6608=EDGE_CURVE('',#6408,#5029,#6607,.T.);
#6609=ORIENTED_EDGE('',*,*,#6608,.T.);
#6610=ORIENTED_EDGE('',*,*,#5094,.F.);
#6611=CARTESIAN_POINT('',(-12.619819684209,3.1346049934056,-19.447254021229));
#6612=DIRECTION('',(-0.70710678640146,0.,-0.70710677597164));
#6613=VECTOR('',#6612,0.28284271038865);
#6614=LINE('',#6611,#6613);
#6615=EDGE_CURVE('',#5082,#6416,#6614,.T.);
#6616=ORIENTED_EDGE('',*,*,#6615,.T.);
#6617=EDGE_LOOP('',(#6603,#6609,#6610,#6616));
#6618=FACE_OUTER_BOUND('',#6617,.T.);
#6619=ADVANCED_FACE('',(#6618),#6602,.F.);
#6620=CARTESIAN_POINT('',(-12.719819684209,6.7737359672215,-19.547254021229));
#6621=DIRECTION('',(0.70710678118655,-1.5700924586831E-14,0.70710678118654));
#6622=DIRECTION('',(-0.70710678118654,6.0402592211523E-15,0.70710678118655));
#6623=AXIS2_PLACEMENT_3D('',#6620,#6622,#6621);
#6624=PLANE('',#6623);
#6625=ORIENTED_EDGE('',*,*,#6446,.F.);
#6626=ORIENTED_EDGE('',*,*,#6615,.F.);
#6627=ORIENTED_EDGE('',*,*,#5087,.F.);
#6628=CARTESIAN_POINT('',(-12.619819684209,10.412866941037,-19.447254021229));
#6629=DIRECTION('',(-0.70710678536024,0.,-0.70710677701285));
#6630=VECTOR('',#6629,0.28284271080514);
#6631=LINE('',#6628,#6630);
#6632=EDGE_CURVE('',#5073,#6441,#6631,.T.);
#6633=ORIENTED_EDGE('',*,*,#6632,.T.);
#6634=EDGE_LOOP('',(#6625,#6626,#6627,#6633));
#6635=FACE_OUTER_BOUND('',#6634,.T.);
#6636=ADVANCED_FACE('',(#6635),#6624,.T.);
#6637=CARTESIAN_POINT('',(-13.819819684209,10.412866941037,-20.647254021229));
#6638=DIRECTION('',(-0.70710678118655,-0.70710678118654,-2.1786279130969E-29));
#6639=DIRECTION('',(-1.6217632822487E-15,1.6217632822487E-15,1.));
#6640=AXIS2_PLACEMENT_3D('',#6637,#6639,#6638);
#6641=CONICAL_SURFACE('',#6640,0.,0.78539816339757);
#6642=ORIENTED_EDGE('',*,*,#6471,.F.);
#6643=ORIENTED_EDGE('',*,*,#6632,.F.);
#6644=ORIENTED_EDGE('',*,*,#5079,.F.);
#6645=CARTESIAN_POINT('',(-13.819819684209,11.612866941037,-19.447254021229));
#6646=DIRECTION('',(0.,-0.70710678536024,-0.70710677701285));
#6647=VECTOR('',#6646,0.28284271080514);
#6648=LINE('',#6645,#6647);
#6649=EDGE_CURVE('',#5065,#6465,#6648,.T.);
#6650=ORIENTED_EDGE('',*,*,#6649,.T.);
#6651=EDGE_LOOP('',(#6642,#6643,#6644,#6650));
#6652=FACE_OUTER_BOUND('',#6651,.T.);
#6653=ADVANCED_FACE('',(#6652),#6641,.F.);
#6654=CARTESIAN_POINT('',(-15.669819684209,11.512866941037,-19.54725402038));
#6655=DIRECTION('',(1.2560739722789E-14,0.70710678418788,0.70710677818521));
#6656=DIRECTION('',(-7.1290684077362E-15,-0.70710677818521,0.70710678418788));
#6657=AXIS2_PLACEMENT_3D('',#6654,#6656,#6655);
#6658=PLANE('',#6657);
#6659=ORIENTED_EDGE('',*,*,#6495,.F.);
#6660=ORIENTED_EDGE('',*,*,#6649,.F.);
#6661=ORIENTED_EDGE('',*,*,#5070,.F.);
#6662=CARTESIAN_POINT('',(-17.519819684209,11.612866941037,-19.447254021229));
#6663=DIRECTION('',(0.,-0.70710678529484,-0.70710677707826));
#6664=VECTOR('',#6663,0.2828427108313);
#6665=LINE('',#6662,#6664);
#6666=EDGE_CURVE('',#5056,#6490,#6665,.T.);
#6667=ORIENTED_EDGE('',*,*,#6666,.T.);
#6668=EDGE_LOOP('',(#6659,#6660,#6661,#6667));
#6669=FACE_OUTER_BOUND('',#6668,.T.);
#6670=ADVANCED_FACE('',(#6669),#6658,.T.);
#6671=CARTESIAN_POINT('',(-17.519819684209,10.412866941037,-20.647254021229));
#6672=DIRECTION('',(0.70710678118655,-0.70710678118654,2.0068296755588E-15));
#6673=DIRECTION('',(-0.,2.8380857445481E-15,1.));
#6674=AXIS2_PLACEMENT_3D('',#6671,#6673,#6672);
#6675=CONICAL_SURFACE('',#6674,0.,0.78539816339747);
#6676=ORIENTED_EDGE('',*,*,#6527,.F.);
#6677=ORIENTED_EDGE('',*,*,#6666,.F.);
#6678=ORIENTED_EDGE('',*,*,#5062,.F.);
#6679=CARTESIAN_POINT('',(-18.719819684209,10.412866941037,-19.447254021229));
#6680=DIRECTION('',(0.707106783794,0.,-0.70710677857909));
#6681=VECTOR('',#6680,0.28284271143164);
#6682=LINE('',#6679,#6681);
#6683=EDGE_CURVE('',#5048,#6513,#6682,.T.);
#6684=ORIENTED_EDGE('',*,*,#6683,.T.);
#6685=EDGE_LOOP('',(#6676,#6677,#6678,#6684));
#6686=FACE_OUTER_BOUND('',#6685,.T.);
#6687=ADVANCED_FACE('',(#6686),#6675,.F.);
#6688=CARTESIAN_POINT('',(-18.619819684209,6.7737359672215,-19.54725402038));
#6689=DIRECTION('',(-0.70710678418789,1.2560739708781E-14,0.7071067781852));
#6690=DIRECTION('',(0.7071067781852,-1.1390203048538E-14,0.70710678418789));
#6691=AXIS2_PLACEMENT_3D('',#6688,#6690,#6689);
#6692=PLANE('',#6691);
#6693=ORIENTED_EDGE('',*,*,#6551,.F.);
#6694=ORIENTED_EDGE('',*,*,#6683,.F.);
#6695=ORIENTED_EDGE('',*,*,#5053,.F.);
#6696=CARTESIAN_POINT('',(-18.719819684209,3.1346049934056,-19.447254021229));
#6697=DIRECTION('',(0.70710678529484,0.,-0.70710677707826));
#6698=VECTOR('',#6697,0.2828427108313);
#6699=LINE('',#6696,#6698);
#6700=EDGE_CURVE('',#5039,#6538,#6699,.T.);
#6701=ORIENTED_EDGE('',*,*,#6700,.T.);
#6702=EDGE_LOOP('',(#6693,#6694,#6695,#6701));
#6703=FACE_OUTER_BOUND('',#6702,.T.);
#6704=ADVANCED_FACE('',(#6703),#6692,.T.);
#6705=CARTESIAN_POINT('',(-17.519819684209,3.1346049934056,-20.647254021229));
#6706=DIRECTION('',(0.70710678118654,0.70710678118656,-1.0750873261922E-15));
#6707=DIRECTION('',(-1.6217632825988E-15,3.1421663600351E-15,1.));
#6708=AXIS2_PLACEMENT_3D('',#6705,#6707,#6706);
#6709=CONICAL_SURFACE('',#6708,0.,0.78539816339744);
#6710=ORIENTED_EDGE('',*,*,#6576,.F.);
#6711=ORIENTED_EDGE('',*,*,#6700,.F.);
#6712=ORIENTED_EDGE('',*,*,#5045,.F.);
#6713=CARTESIAN_POINT('',(-17.519819684209,1.9346049934055,-19.447254021229));
#6714=DIRECTION('',(0.,0.70710678379418,-0.70710677857892));
#6715=VECTOR('',#6714,0.28284271143171);
#6716=LINE('',#6713,#6715);
#6717=EDGE_CURVE('',#5031,#6562,#6716,.T.);
#6718=ORIENTED_EDGE('',*,*,#6717,.T.);
#6719=EDGE_LOOP('',(#6710,#6711,#6712,#6718));
#6720=FACE_OUTER_BOUND('',#6719,.T.);
#6721=ADVANCED_FACE('',(#6720),#6709,.F.);
#6722=CARTESIAN_POINT('',(-15.669819684209,2.0346049934055,-19.547254021229));
#6723=DIRECTION('',(0.,-0.70710678118653,0.70710678118656));
#6724=DIRECTION('',(-1.2390999944207E-14,0.70710678118656,0.70710678118653));
#6725=AXIS2_PLACEMENT_3D('',#6722,#6724,#6723);
#6726=PLANE('',#6725);
#6727=ORIENTED_EDGE('',*,*,#5036,.F.);
#6728=ORIENTED_EDGE('',*,*,#6608,.F.);
#6729=ORIENTED_EDGE('',*,*,#6593,.F.);
#6730=ORIENTED_EDGE('',*,*,#6717,.F.);
#6731=EDGE_LOOP('',(#6727,#6728,#6729,#6730));
#6732=FACE_OUTER_BOUND('',#6731,.T.);
#6733=ADVANCED_FACE('',(#6732),#6726,.T.);
#6734=CARTESIAN_POINT('',(11.830180315791,-18.637133058963,-19.284879019842));
#6735=DIRECTION('',(1.,0.,2.655986303187E-15));
#6736=DIRECTION('',(0.,0.,-1.));
#6737=AXIS2_PLACEMENT_3D('',#6734,#6736,#6735);
#6738=CYLINDRICAL_SURFACE('',#6737,1.337625);
#6739=CARTESIAN_POINT('',(13.167805315791,-18.637133058955,-19.465883171331));
#6740=VERTEX_POINT('',#6739);
#6741=CARTESIAN_POINT('',(11.830180315791,-18.637133058963,-19.46588317133));
#6742=DIRECTION('',(1.,5.9783533580549E-12,1.5558407549298E-15));
#6743=DIRECTION('',(-1.5558407549522E-15,3.7561318514349E-15,1.));
#6744=AXIS2_PLACEMENT_3D('',#6741,#6743,#6742);
#6745=CIRCLE('',#6744,1.337625);
#6746=EDGE_CURVE('',#6740,#6740,#6745,.T.);
#6747=ORIENTED_EDGE('',*,*,#6746,.T.);
#6748=CARTESIAN_POINT('',(13.167805315791,-18.637133058955,-19.465883171331));
#6749=DIRECTION('',(-3.8286383631006E-09,-2.2100905337027E-11,1.));
#6750=VECTOR('',#6749,0.181004150795);
#6751=LINE('',#6748,#6750);
#6752=EDGE_CURVE('',#6740,#4757,#6751,.T.);
#6753=ORIENTED_EDGE('',*,*,#6752,.T.);
#6754=ORIENTED_EDGE('',*,*,#4769,.F.);
#6755=ORIENTED_EDGE('',*,*,#6752,.F.);
#6756=EDGE_LOOP('',(#6747,#6753,#6754,#6755));
#6757=FACE_OUTER_BOUND('',#6756,.T.);
#6758=ADVANCED_FACE('',(#6757),#6738,.T.);
#6759=CARTESIAN_POINT('',(-16.169819684209,-18.637133058963,-19.284879019842));
#6760=DIRECTION('',(1.,-2.655986303187E-15,1.8591904122309E-14));
#6761=DIRECTION('',(1.9627802177875E-14,0.,-1.));
#6762=AXIS2_PLACEMENT_3D('',#6759,#6761,#6760);
#6763=CYLINDRICAL_SURFACE('',#6762,1.337625);
#6764=CARTESIAN_POINT('',(-14.832194684209,-18.637133058955,-19.465883171331));
#6765=VERTEX_POINT('',#6764);
#6766=CARTESIAN_POINT('',(-16.169819684209,-18.637133058963,-19.46588317133));
#6767=DIRECTION('',(1.,5.9788228745363E-12,1.5558407549298E-15));
#6768=DIRECTION('',(-1.5558407549522E-15,3.7561318514349E-15,1.));
#6769=AXIS2_PLACEMENT_3D('',#6766,#6768,#6767);
#6770=CIRCLE('',#6769,1.337625);
#6771=EDGE_CURVE('',#6765,#6765,#6770,.T.);
#6772=ORIENTED_EDGE('',*,*,#6771,.T.);
#6773=CARTESIAN_POINT('',(-14.832194684209,-18.637133058955,-19.465883171331));
#6774=DIRECTION('',(-3.8286383631006E-09,-2.2100905337027E-11,1.));
#6775=VECTOR('',#6774,0.181004150795);
#6776=LINE('',#6773,#6775);
#6777=EDGE_CURVE('',#6765,#4724,#6776,.T.);
#6778=ORIENTED_EDGE('',*,*,#6777,.T.);
#6779=ORIENTED_EDGE('',*,*,#4736,.F.);
#6780=ORIENTED_EDGE('',*,*,#6777,.F.);
#6781=EDGE_LOOP('',(#6772,#6778,#6779,#6780));
#6782=FACE_OUTER_BOUND('',#6781,.T.);
#6783=ADVANCED_FACE('',(#6782),#6763,.T.);
#6784=CARTESIAN_POINT('',(-16.169819684209,20.362866941037,-19.284879019842));
#6785=DIRECTION('',(1.,0.,-2.655986303187E-14));
#6786=DIRECTION('',(0.,0.,-1.));
#6787=AXIS2_PLACEMENT_3D('',#6784,#6786,#6785);
#6788=CYLINDRICAL_SURFACE('',#6787,1.337625);
#6789=CARTESIAN_POINT('',(-14.832194684209,20.362866941045,-19.465883171331));
#6790=VERTEX_POINT('',#6789);
#6791=CARTESIAN_POINT('',(-16.169819684209,20.362866941037,-19.46588317133));
#6792=DIRECTION('',(1.,5.9788228745363E-12,1.5558407549298E-15));
#6793=DIRECTION('',(-1.5558407549522E-15,3.7561318514349E-15,1.));
#6794=AXIS2_PLACEMENT_3D('',#6791,#6793,#6792);
#6795=CIRCLE('',#6794,1.337625);
#6796=EDGE_CURVE('',#6790,#6790,#6795,.T.);
#6797=ORIENTED_EDGE('',*,*,#6796,.T.);
#6798=CARTESIAN_POINT('',(-14.832194684209,20.362866941045,-19.465883171331));
#6799=DIRECTION('',(-3.8286383631006E-09,-2.2100905337027E-11,1.));
#6800=VECTOR('',#6799,0.181004150795);
#6801=LINE('',#6798,#6800);
#6802=EDGE_CURVE('',#6790,#4691,#6801,.T.);
#6803=ORIENTED_EDGE('',*,*,#6802,.T.);
#6804=ORIENTED_EDGE('',*,*,#4703,.F.);
#6805=ORIENTED_EDGE('',*,*,#6802,.F.);
#6806=EDGE_LOOP('',(#6797,#6803,#6804,#6805));
#6807=FACE_OUTER_BOUND('',#6806,.T.);
#6808=ADVANCED_FACE('',(#6807),#6788,.T.);
#6809=CARTESIAN_POINT('',(11.830180315791,20.362866941037,-19.284879019842));
#6810=DIRECTION('',(1.,2.655986303187E-15,-2.1247890425496E-14));
#6811=DIRECTION('',(0.,-1.9627802177876E-14,-1.));
#6812=AXIS2_PLACEMENT_3D('',#6809,#6811,#6810);
#6813=CYLINDRICAL_SURFACE('',#6812,1.337625);
#6814=CARTESIAN_POINT('',(13.167805315791,20.362866941045,-19.465883171331));
#6815=VERTEX_POINT('',#6814);
#6816=CARTESIAN_POINT('',(11.830180315791,20.362866941037,-19.46588317133));
#6817=DIRECTION('',(1.,5.9783533580549E-12,1.5558407549298E-15));
#6818=DIRECTION('',(-1.5558407549522E-15,3.7561318514349E-15,1.));
#6819=AXIS2_PLACEMENT_3D('',#6816,#6818,#6817);
#6820=CIRCLE('',#6819,1.337625);
#6821=EDGE_CURVE('',#6815,#6815,#6820,.T.);
#6822=ORIENTED_EDGE('',*,*,#6821,.T.);
#6823=CARTESIAN_POINT('',(13.167805315791,20.362866941045,-19.465883171331));
#6824=DIRECTION('',(-3.8286383631006E-09,-4.4182182871802E-11,1.));
#6825=VECTOR('',#6824,0.181004150795);
#6826=LINE('',#6823,#6825);
#6827=EDGE_CURVE('',#6815,#4790,#6826,.T.);
#6828=ORIENTED_EDGE('',*,*,#6827,.T.);
#6829=ORIENTED_EDGE('',*,*,#4802,.F.);
#6830=ORIENTED_EDGE('',*,*,#6827,.F.);
#6831=EDGE_LOOP('',(#6822,#6828,#6829,#6830));
#6832=FACE_OUTER_BOUND('',#6831,.T.);
#6833=ADVANCED_FACE('',(#6832),#6813,.T.);
#6834=CARTESIAN_POINT('',(11.830180315791,-18.637133058963,-19.465883171331));
#6835=DIRECTION('',(1.,3.1554301823053E-15,8.1449891457045E-15));
#6836=DIRECTION('',(8.1449891457045E-15,-2.7561694186283E-15,-1.));
#6837=AXIS2_PLACEMENT_3D('',#6834,#6836,#6835);
#6838=TOROIDAL_SURFACE('',#6837,2.1376249999999,0.79999999999992);
#6839=CARTESIAN_POINT('',(13.402119890843,-18.637133058954,-20.031568596281));
#6840=VERTEX_POINT('',#6839);
#6841=CARTESIAN_POINT('',(13.967805315791,-18.637133058963,-19.46588317133));
#6842=DIRECTION('',(-1.,8.8817841970012E-15,-1.2567724638757E-12));
#6843=DIRECTION('',(-8.4217849253357E-15,-1.,-3.4884175354826E-15));
#6844=AXIS2_PLACEMENT_3D('',#6841,#6843,#6842);
#6845=CIRCLE('',#6844,0.80000000000001);
#6846=EDGE_CURVE('',#6740,#6840,#6845,.T.);
#6847=ORIENTED_EDGE('',*,*,#6846,.T.);
#6848=CARTESIAN_POINT('',(11.830180315791,-18.637133058963,-20.03156859628));
#6849=DIRECTION('',(1.,5.7244655214631E-12,1.3239258829297E-15));
#6850=DIRECTION('',(-1.323925882948E-15,3.1962398221382E-15,1.));
#6851=AXIS2_PLACEMENT_3D('',#6848,#6850,#6849);
#6852=CIRCLE('',#6851,1.571939575052);
#6853=EDGE_CURVE('',#6840,#6840,#6852,.T.);
#6854=ORIENTED_EDGE('',*,*,#6853,.T.);
#6855=ORIENTED_EDGE('',*,*,#6846,.F.);
#6856=ORIENTED_EDGE('',*,*,#6746,.F.);
#6857=EDGE_LOOP('',(#6847,#6854,#6855,#6856));
#6858=FACE_OUTER_BOUND('',#6857,.T.);
#6859=ADVANCED_FACE('',(#6858),#6838,.F.);
#6860=CARTESIAN_POINT('',(-16.169819684209,-18.637133058963,-19.465883171331));
#6861=DIRECTION('',(1.,5.0629339369271E-15,6.1087418592784E-15));
#6862=DIRECTION('',(6.1087418592784E-15,5.8928546245934E-29,-1.));
#6863=AXIS2_PLACEMENT_3D('',#6860,#6862,#6861);
#6864=TOROIDAL_SURFACE('',#6863,2.1376249999999,0.79999999999988);
#6865=CARTESIAN_POINT('',(-14.597880109157,-18.637133058954,-20.031568596281));
#6866=VERTEX_POINT('',#6865);
#6867=CARTESIAN_POINT('',(-14.032194684209,-18.637133058963,-19.46588317133));
#6868=DIRECTION('',(-1.,8.8817841970011E-15,-1.2567724638757E-12));
#6869=DIRECTION('',(-8.4217849253357E-15,-1.,-3.4884175354826E-15));
#6870=AXIS2_PLACEMENT_3D('',#6867,#6869,#6868);
#6871=CIRCLE('',#6870,0.80000000000001);
#6872=EDGE_CURVE('',#6765,#6866,#6871,.T.);
#6873=ORIENTED_EDGE('',*,*,#6872,.T.);
#6874=CARTESIAN_POINT('',(-16.169819684209,-18.637133058963,-20.03156859628));
#6875=DIRECTION('',(1.,5.7244655214631E-12,1.3239258829297E-15));
#6876=DIRECTION('',(-1.323925882948E-15,3.1962398221382E-15,1.));
#6877=AXIS2_PLACEMENT_3D('',#6874,#6876,#6875);
#6878=CIRCLE('',#6877,1.571939575052);
#6879=EDGE_CURVE('',#6866,#6866,#6878,.T.);
#6880=ORIENTED_EDGE('',*,*,#6879,.T.);
#6881=ORIENTED_EDGE('',*,*,#6872,.F.);
#6882=ORIENTED_EDGE('',*,*,#6771,.F.);
#6883=EDGE_LOOP('',(#6873,#6880,#6881,#6882));
#6884=FACE_OUTER_BOUND('',#6883,.T.);
#6885=ADVANCED_FACE('',(#6884),#6864,.F.);
#6886=CARTESIAN_POINT('',(-16.169819684209,20.362866941037,-19.465883171331));
#6887=DIRECTION('',(1.,4.7509523300403E-15,7.1268655024968E-15));
#6888=DIRECTION('',(7.1268655024968E-15,1.3780847093153E-15,-1.));
#6889=AXIS2_PLACEMENT_3D('',#6886,#6888,#6887);
#6890=TOROIDAL_SURFACE('',#6889,2.137625,0.8);
#6891=CARTESIAN_POINT('',(-14.597880109157,20.362866941046,-20.031568596281));
#6892=VERTEX_POINT('',#6891);
#6893=CARTESIAN_POINT('',(-14.032194684209,20.362866941037,-19.46588317133));
#6894=DIRECTION('',(-1.,2.2204460492503E-14,-1.2567724638757E-12));
#6895=DIRECTION('',(-2.0212283820806E-14,-1.,-8.3722020851582E-15));
#6896=AXIS2_PLACEMENT_3D('',#6893,#6895,#6894);
#6897=CIRCLE('',#6896,0.80000000000001);
#6898=EDGE_CURVE('',#6790,#6892,#6897,.T.);
#6899=ORIENTED_EDGE('',*,*,#6898,.T.);
#6900=CARTESIAN_POINT('',(-16.169819684209,20.362866941037,-20.03156859628));
#6901=DIRECTION('',(1.,5.7244655214631E-12,1.3239258829297E-15));
#6902=DIRECTION('',(-1.323925882948E-15,3.1962398221382E-15,1.));
#6903=AXIS2_PLACEMENT_3D('',#6900,#6902,#6901);
#6904=CIRCLE('',#6903,1.571939575052);
#6905=EDGE_CURVE('',#6892,#6892,#6904,.T.);
#6906=ORIENTED_EDGE('',*,*,#6905,.T.);
#6907=ORIENTED_EDGE('',*,*,#6898,.F.);
#6908=ORIENTED_EDGE('',*,*,#6796,.F.);
#6909=EDGE_LOOP('',(#6899,#6906,#6907,#6908));
#6910=FACE_OUTER_BOUND('',#6909,.T.);
#6911=ADVANCED_FACE('',(#6910),#6890,.F.);
#6912=CARTESIAN_POINT('',(11.830180315791,20.362866941037,-19.465883171331));
#6913=DIRECTION('',(1.,2.5314669684745E-15,8.1449891457107E-15));
#6914=DIRECTION('',(8.1449891457107E-15,5.0510182496592E-29,-1.));
#6915=AXIS2_PLACEMENT_3D('',#6912,#6914,#6913);
#6916=TOROIDAL_SURFACE('',#6915,2.137625,0.80000000000001);
#6917=CARTESIAN_POINT('',(13.402119890843,20.362866941046,-20.031568596281));
#6918=VERTEX_POINT('',#6917);
#6919=CARTESIAN_POINT('',(13.967805315791,20.362866941037,-19.46588317133));
#6920=DIRECTION('',(-1.,2.2204460492503E-14,-1.2567724638757E-12));
#6921=DIRECTION('',(-2.0212283820806E-14,-1.,-8.3722020851582E-15));
#6922=AXIS2_PLACEMENT_3D('',#6919,#6921,#6920);
#6923=CIRCLE('',#6922,0.80000000000001);
#6924=EDGE_CURVE('',#6815,#6918,#6923,.T.);
#6925=ORIENTED_EDGE('',*,*,#6924,.T.);
#6926=CARTESIAN_POINT('',(11.830180315791,20.362866941037,-20.03156859628));
#6927=DIRECTION('',(1.,5.7244655214631E-12,1.3239258829297E-15));
#6928=DIRECTION('',(-1.323925882948E-15,3.1962398221382E-15,1.));
#6929=AXIS2_PLACEMENT_3D('',#6926,#6928,#6927);
#6930=CIRCLE('',#6929,1.571939575052);
#6931=EDGE_CURVE('',#6918,#6918,#6930,.T.);
#6932=ORIENTED_EDGE('',*,*,#6931,.T.);
#6933=ORIENTED_EDGE('',*,*,#6924,.F.);
#6934=ORIENTED_EDGE('',*,*,#6821,.F.);
#6935=EDGE_LOOP('',(#6925,#6932,#6933,#6934));
#6936=FACE_OUTER_BOUND('',#6935,.T.);
#6937=ADVANCED_FACE('',(#6936),#6916,.F.);
#6938=CARTESIAN_POINT('',(-17.519819684209,6.7128669410374,-19.257254021229));
#6939=DIRECTION('',(0.,1.,0.));
#6940=DIRECTION('',(-1.,0.,0.));
#6941=AXIS2_PLACEMENT_3D('',#6938,#6940,#6939);
#6942=PLANE('',#6941);
#6943=CARTESIAN_POINT('',(-17.519819684209,10.412866941037,-21.507254021229));
#6944=VERTEX_POINT('',#6943);
#6945=CARTESIAN_POINT('',(-17.519819684209,3.0128669410374,-21.507254021229));
#6946=VERTEX_POINT('',#6945);
#6947=CARTESIAN_POINT('',(-17.519819684209,10.412866941037,-21.507254021229));
#6948=DIRECTION('',(0.,-1.,0.));
#6949=VECTOR('',#6948,7.3999999999996);
#6950=LINE('',#6947,#6949);
#6951=EDGE_CURVE('',#6944,#6946,#6950,.T.);
#6952=ORIENTED_EDGE('',*,*,#6951,.T.);
#6953=CARTESIAN_POINT('',(-17.519819684209,3.0128669410374,-21.507254021229));
#6954=DIRECTION('',(0.,0.,1.));
#6955=VECTOR('',#6954,2.06);
#6956=LINE('',#6953,#6955);
#6957=EDGE_CURVE('',#6946,#5101,#6956,.T.);
#6958=ORIENTED_EDGE('',*,*,#6957,.T.);
#6959=ORIENTED_EDGE('',*,*,#5106,.F.);
#6960=CARTESIAN_POINT('',(-17.519819684209,10.412866941037,-19.447254021229));
#6961=DIRECTION('',(0.,0.,-1.));
#6962=VECTOR('',#6961,2.06);
#6963=LINE('',#6960,#6962);
#6964=EDGE_CURVE('',#5099,#6944,#6963,.T.);
#6965=ORIENTED_EDGE('',*,*,#6964,.T.);
#6966=EDGE_LOOP('',(#6952,#6958,#6959,#6965));
#6967=FACE_OUTER_BOUND('',#6966,.T.);
#6968=ADVANCED_FACE('',(#6967),#6942,.T.);
#6969=CARTESIAN_POINT('',(-15.669819684209,3.0128669410374,-19.257254021229));
#6970=DIRECTION('',(-1.,4.8009644308115E-16,0.));
#6971=DIRECTION('',(-4.8009644308115E-16,-1.,-0.));
#6972=AXIS2_PLACEMENT_3D('',#6969,#6971,#6970);
#6973=PLANE('',#6972);
#6974=CARTESIAN_POINT('',(-13.819819684209,3.0128669410374,-21.507254021229));
#6975=VERTEX_POINT('',#6974);
#6976=CARTESIAN_POINT('',(-17.519819684209,3.0128669410374,-21.507254021229));
#6977=DIRECTION('',(1.,0.,0.));
#6978=VECTOR('',#6977,3.7);
#6979=LINE('',#6976,#6978);
#6980=EDGE_CURVE('',#6946,#6975,#6979,.T.);
#6981=ORIENTED_EDGE('',*,*,#6980,.T.);
#6982=CARTESIAN_POINT('',(-13.819819684209,3.0128669410374,-21.507254021229));
#6983=DIRECTION('',(0.,0.,1.));
#6984=VECTOR('',#6983,2.06);
#6985=LINE('',#6982,#6984);
#6986=EDGE_CURVE('',#6975,#5109,#6985,.T.);
#6987=ORIENTED_EDGE('',*,*,#6986,.T.);
#6988=ORIENTED_EDGE('',*,*,#5114,.F.);
#6989=ORIENTED_EDGE('',*,*,#6957,.F.);
#6990=EDGE_LOOP('',(#6981,#6987,#6988,#6989));
#6991=FACE_OUTER_BOUND('',#6990,.T.);
#6992=ADVANCED_FACE('',(#6991),#6973,.T.);
#6993=CARTESIAN_POINT('',(-13.819819684209,6.7128669410374,-19.257254021229));
#6994=DIRECTION('',(0.,-1.,0.));
#6995=DIRECTION('',(1.,0.,0.));
#6996=AXIS2_PLACEMENT_3D('',#6993,#6995,#6994);
#6997=PLANE('',#6996);
#6998=CARTESIAN_POINT('',(-13.819819684209,10.412866941037,-21.507254021229));
#6999=VERTEX_POINT('',#6998);
#7000=CARTESIAN_POINT('',(-13.819819684209,3.0128669410374,-21.507254021229));
#7001=DIRECTION('',(0.,1.,0.));
#7002=VECTOR('',#7001,7.3999999999996);
#7003=LINE('',#7000,#7002);
#7004=EDGE_CURVE('',#6975,#6999,#7003,.T.);
#7005=ORIENTED_EDGE('',*,*,#7004,.T.);
#7006=CARTESIAN_POINT('',(-13.819819684209,10.412866941037,-21.507254021229));
#7007=DIRECTION('',(0.,0.,1.));
#7008=VECTOR('',#7007,2.06);
#7009=LINE('',#7006,#7008);
#7010=EDGE_CURVE('',#6999,#5117,#7009,.T.);
#7011=ORIENTED_EDGE('',*,*,#7010,.T.);
#7012=ORIENTED_EDGE('',*,*,#5122,.F.);
#7013=ORIENTED_EDGE('',*,*,#6986,.F.);
#7014=EDGE_LOOP('',(#7005,#7011,#7012,#7013));
#7015=FACE_OUTER_BOUND('',#7014,.T.);
#7016=ADVANCED_FACE('',(#7015),#6997,.T.);
#7017=CARTESIAN_POINT('',(-15.669819684209,10.412866941037,-19.257254021229));
#7018=DIRECTION('',(1.,0.,0.));
#7019=DIRECTION('',(-0.,1.,0.));
#7020=AXIS2_PLACEMENT_3D('',#7017,#7019,#7018);
#7021=PLANE('',#7020);
#7022=CARTESIAN_POINT('',(-13.819819684209,10.412866941037,-21.507254021229));
#7023=DIRECTION('',(-1.,0.,0.));
#7024=VECTOR('',#7023,3.7);
#7025=LINE('',#7022,#7024);
#7026=EDGE_CURVE('',#6999,#6944,#7025,.T.);
#7027=ORIENTED_EDGE('',*,*,#7026,.T.);
#7028=ORIENTED_EDGE('',*,*,#6964,.F.);
#7029=ORIENTED_EDGE('',*,*,#5128,.F.);
#7030=ORIENTED_EDGE('',*,*,#7010,.F.);
#7031=EDGE_LOOP('',(#7027,#7028,#7029,#7030));
#7032=FACE_OUTER_BOUND('',#7031,.T.);
#7033=ADVANCED_FACE('',(#7032),#7021,.T.);
#7034=CARTESIAN_POINT('',(11.830180315791,-18.637133058963,-18.459629021229));
#7035=DIRECTION('',(1.,5.0103413637048E-16,1.7536194772967E-15));
#7036=DIRECTION('',(1.7536194772967E-15,-2.5051706818524E-15,-1.));
#7037=AXIS2_PLACEMENT_3D('',#7034,#7036,#7035);
#7038=CONICAL_SURFACE('',#7037,0.,0.78539816339744);
#7039=CARTESIAN_POINT('',(14.580180315791,-18.637133058947,-21.209629021229));
#7040=VERTEX_POINT('',#7039);
#7041=CARTESIAN_POINT('',(13.402119890843,-18.637133058954,-20.031568596281));
#7042=DIRECTION('',(0.70710678118655,4.2009147620672E-12,-0.70710678118655));
#7043=VECTOR('',#7042,1.6660290302565);
#7044=LINE('',#7041,#7043);
#7045=EDGE_CURVE('',#6840,#7040,#7044,.T.);
#7046=ORIENTED_EDGE('',*,*,#7045,.T.);
#7047=CARTESIAN_POINT('',(11.830180315791,-18.637133058963,-21.209629021229));
#7048=DIRECTION('',(1.,5.8176778607288E-12,-2.350998785897E-16));
#7049=DIRECTION('',(2.3509987856579E-16,4.1107875281916E-15,1.));
#7050=AXIS2_PLACEMENT_3D('',#7047,#7049,#7048);
#7051=CIRCLE('',#7050,2.75);
#7052=EDGE_CURVE('',#7040,#7040,#7051,.T.);
#7053=ORIENTED_EDGE('',*,*,#7052,.T.);
#7054=ORIENTED_EDGE('',*,*,#7045,.F.);
#7055=ORIENTED_EDGE('',*,*,#6853,.F.);
#7056=EDGE_LOOP('',(#7046,#7053,#7054,#7055));
#7057=FACE_OUTER_BOUND('',#7056,.T.);
#7058=ADVANCED_FACE('',(#7057),#7038,.T.);
#7059=CARTESIAN_POINT('',(-16.169819684209,-18.637133058963,-18.459629021229));
#7060=DIRECTION('',(1.,5.0103413637048E-16,1.7536194772967E-15));
#7061=DIRECTION('',(1.7536194772967E-15,-2.5051706818524E-15,-1.));
#7062=AXIS2_PLACEMENT_3D('',#7059,#7061,#7060);
#7063=CONICAL_SURFACE('',#7062,0.,0.78539816339744);
#7064=CARTESIAN_POINT('',(-13.419819684209,-18.637133058947,-21.209629021229));
#7065=VERTEX_POINT('',#7064);
#7066=CARTESIAN_POINT('',(-14.597880109157,-18.637133058954,-20.031568596281));
#7067=DIRECTION('',(0.70710678118655,4.2009147620672E-12,-0.70710678118655));
#7068=VECTOR('',#7067,1.6660290302565);
#7069=LINE('',#7066,#7068);
#7070=EDGE_CURVE('',#6866,#7065,#7069,.T.);
#7071=ORIENTED_EDGE('',*,*,#7070,.T.);
#7072=CARTESIAN_POINT('',(-16.169819684209,-18.637133058963,-21.209629021229));
#7073=DIRECTION('',(1.,5.8169927294741E-12,-6.9185404838862E-16));
#7074=DIRECTION('',(6.9185404836205E-16,4.5675416979932E-15,1.));
#7075=AXIS2_PLACEMENT_3D('',#7072,#7074,#7073);
#7076=CIRCLE('',#7075,2.75);
#7077=EDGE_CURVE('',#7065,#7065,#7076,.T.);
#7078=ORIENTED_EDGE('',*,*,#7077,.T.);
#7079=ORIENTED_EDGE('',*,*,#7070,.F.);
#7080=ORIENTED_EDGE('',*,*,#6879,.F.);
#7081=EDGE_LOOP('',(#7071,#7078,#7079,#7080));
#7082=FACE_OUTER_BOUND('',#7081,.T.);
#7083=ADVANCED_FACE('',(#7082),#7063,.T.);
#7084=CARTESIAN_POINT('',(-16.169819684209,20.362866941037,-18.459629021229));
#7085=DIRECTION('',(1.,5.0103413637048E-16,1.7536194772967E-15));
#7086=DIRECTION('',(1.7536194772967E-15,-2.5051706818524E-15,-1.));
#7087=AXIS2_PLACEMENT_3D('',#7084,#7086,#7085);
#7088=CONICAL_SURFACE('',#7087,0.,0.78539816339744);
#7089=CARTESIAN_POINT('',(-13.419819684209,20.362866941053,-21.209629021229));
#7090=VERTEX_POINT('',#7089);
#7091=CARTESIAN_POINT('',(-14.597880109157,20.362866941046,-20.031568596281));
#7092=DIRECTION('',(0.70710678118655,4.2009147620672E-12,-0.70710678118655));
#7093=VECTOR('',#7092,1.6660290302565);
#7094=LINE('',#7091,#7093);
#7095=EDGE_CURVE('',#6892,#7090,#7094,.T.);
#7096=ORIENTED_EDGE('',*,*,#7095,.T.);
#7097=CARTESIAN_POINT('',(-16.169819684209,20.362866941037,-21.209629021229));
#7098=DIRECTION('',(1.,5.8169927294741E-12,-6.9185404838862E-16));
#7099=DIRECTION('',(6.9185404836205E-16,4.5675416979932E-15,1.));
#7100=AXIS2_PLACEMENT_3D('',#7097,#7099,#7098);
#7101=CIRCLE('',#7100,2.75);
#7102=EDGE_CURVE('',#7090,#7090,#7101,.T.);
#7103=ORIENTED_EDGE('',*,*,#7102,.T.);
#7104=ORIENTED_EDGE('',*,*,#7095,.F.);
#7105=ORIENTED_EDGE('',*,*,#6905,.F.);
#7106=EDGE_LOOP('',(#7096,#7103,#7104,#7105));
#7107=FACE_OUTER_BOUND('',#7106,.T.);
#7108=ADVANCED_FACE('',(#7107),#7088,.T.);
#7109=CARTESIAN_POINT('',(11.830180315791,20.362866941037,-18.459629021229));
#7110=DIRECTION('',(1.,5.0103413637048E-16,1.7536194772967E-15));
#7111=DIRECTION('',(1.7536194772967E-15,-2.5051706818524E-15,-1.));
#7112=AXIS2_PLACEMENT_3D('',#7109,#7111,#7110);
#7113=CONICAL_SURFACE('',#7112,0.,0.78539816339744);
#7114=CARTESIAN_POINT('',(14.580180315791,20.362866941053,-21.209629021229));
#7115=VERTEX_POINT('',#7114);
#7116=CARTESIAN_POINT('',(13.402119890843,20.362866941046,-20.031568596281));
#7117=DIRECTION('',(0.70710678118655,4.2009147620672E-12,-0.70710678118655));
#7118=VECTOR('',#7117,1.6660290302565);
#7119=LINE('',#7116,#7118);
#7120=EDGE_CURVE('',#6918,#7115,#7119,.T.);
#7121=ORIENTED_EDGE('',*,*,#7120,.T.);
#7122=CARTESIAN_POINT('',(11.830180315791,20.362866941037,-21.209629021229));
#7123=DIRECTION('',(1.,5.8176778607288E-12,-2.350998785897E-16));
#7124=DIRECTION('',(2.3509987856579E-16,4.1107875281916E-15,1.));
#7125=AXIS2_PLACEMENT_3D('',#7122,#7124,#7123);
#7126=CIRCLE('',#7125,2.75);
#7127=EDGE_CURVE('',#7115,#7115,#7126,.T.);
#7128=ORIENTED_EDGE('',*,*,#7127,.T.);
#7129=ORIENTED_EDGE('',*,*,#7120,.F.);
#7130=ORIENTED_EDGE('',*,*,#6931,.F.);
#7131=EDGE_LOOP('',(#7121,#7128,#7129,#7130));
#7132=FACE_OUTER_BOUND('',#7131,.T.);
#7133=ADVANCED_FACE('',(#7132),#7113,.T.);
#7134=CARTESIAN_POINT('',(-15.669819684209,6.7128669410374,-21.507254021229));
#7135=DIRECTION('',(0.,-1.,0.));
#7136=DIRECTION('',(-0.,-0.,-1.));
#7137=AXIS2_PLACEMENT_3D('',#7134,#7136,#7135);
#7138=PLANE('',#7137);
#7139=ORIENTED_EDGE('',*,*,#7026,.F.);
#7140=ORIENTED_EDGE('',*,*,#7004,.F.);
#7141=ORIENTED_EDGE('',*,*,#6980,.F.);
#7142=ORIENTED_EDGE('',*,*,#6951,.F.);
#7143=EDGE_LOOP('',(#7139,#7140,#7141,#7142));
#7144=FACE_OUTER_BOUND('',#7143,.T.);
#7145=CARTESIAN_POINT('',(-14.319819684209,9.9128669410374,-21.507254021229));
#7146=VERTEX_POINT('',#7145);
#7147=CARTESIAN_POINT('',(-17.019819684209,9.9128669410374,-21.507254021229));
#7148=VERTEX_POINT('',#7147);
#7149=CARTESIAN_POINT('',(-14.319819684209,9.9128669410374,-21.507254021229));
#7150=DIRECTION('',(-1.,0.,0.));
#7151=VECTOR('',#7150,2.7);
#7152=LINE('',#7149,#7151);
#7153=EDGE_CURVE('',#7146,#7148,#7152,.T.);
#7154=ORIENTED_EDGE('',*,*,#7153,.T.);
#7155=CARTESIAN_POINT('',(-17.019819684209,3.5128669410374,-21.507254021229));
#7156=VERTEX_POINT('',#7155);
#7157=CARTESIAN_POINT('',(-17.019819684209,9.9128669410374,-21.507254021229));
#7158=DIRECTION('',(0.,-1.,0.));
#7159=VECTOR('',#7158,6.4);
#7160=LINE('',#7157,#7159);
#7161=EDGE_CURVE('',#7148,#7156,#7160,.T.);
#7162=ORIENTED_EDGE('',*,*,#7161,.T.);
#7163=CARTESIAN_POINT('',(-14.319819684209,3.5128669410374,-21.507254021229));
#7164=VERTEX_POINT('',#7163);
#7165=CARTESIAN_POINT('',(-17.019819684209,3.5128669410374,-21.507254021229));
#7166=DIRECTION('',(1.,0.,0.));
#7167=VECTOR('',#7166,2.7);
#7168=LINE('',#7165,#7167);
#7169=EDGE_CURVE('',#7156,#7164,#7168,.T.);
#7170=ORIENTED_EDGE('',*,*,#7169,.T.);
#7171=CARTESIAN_POINT('',(-14.319819684209,3.5128669410374,-21.507254021229));
#7172=DIRECTION('',(0.,1.,0.));
#7173=VECTOR('',#7172,6.4);
#7174=LINE('',#7171,#7173);
#7175=EDGE_CURVE('',#7164,#7146,#7174,.T.);
#7176=ORIENTED_EDGE('',*,*,#7175,.T.);
#7177=EDGE_LOOP('',(#7154,#7162,#7170,#7176));
#7178=FACE_BOUND('',#7177,.T.);
#7179=ADVANCED_FACE('',(#7144,#7178),#7138,.T.);
#7180=CARTESIAN_POINT('',(11.830180315791,-18.637133058963,-21.209629021229));
#7181=DIRECTION('',(1.,0.,0.));
#7182=DIRECTION('',(-7.4754627644407E-15,0.,-1.));
#7183=AXIS2_PLACEMENT_3D('',#7180,#7182,#7181);
#7184=CYLINDRICAL_SURFACE('',#7183,2.75);
#7185=CARTESIAN_POINT('',(14.58018031579,-18.637133058947,-21.447254021229));
#7186=VERTEX_POINT('',#7185);
#7187=CARTESIAN_POINT('',(14.580180315791,-18.637133058947,-21.209629021229));
#7188=DIRECTION('',(-4.2086855363802E-12,0.,-1.));
#7189=VECTOR('',#7188,0.237625);
#7190=LINE('',#7187,#7189);
#7191=EDGE_CURVE('',#7040,#7186,#7190,.T.);
#7192=ORIENTED_EDGE('',*,*,#7191,.T.);
#7193=CARTESIAN_POINT('',(11.830180315791,-18.637133058963,-21.447254021229));
#7194=DIRECTION('',(1.,5.8176778607309E-12,-2.3509987858979E-16));
#7195=DIRECTION('',(2.3509987856587E-16,4.1107875281931E-15,1.));
#7196=AXIS2_PLACEMENT_3D('',#7193,#7195,#7194);
#7197=CIRCLE('',#7196,2.749999999999);
#7198=EDGE_CURVE('',#7186,#7186,#7197,.T.);
#7199=ORIENTED_EDGE('',*,*,#7198,.T.);
#7200=ORIENTED_EDGE('',*,*,#7191,.F.);
#7201=ORIENTED_EDGE('',*,*,#7052,.F.);
#7202=EDGE_LOOP('',(#7192,#7199,#7200,#7201));
#7203=FACE_OUTER_BOUND('',#7202,.T.);
#7204=ADVANCED_FACE('',(#7203),#7184,.T.);
#7205=CARTESIAN_POINT('',(-16.169819684209,-18.637133058963,-21.209629021229));
#7206=DIRECTION('',(1.,0.,0.));
#7207=DIRECTION('',(0.,0.,-1.));
#7208=AXIS2_PLACEMENT_3D('',#7205,#7207,#7206);
#7209=CYLINDRICAL_SURFACE('',#7208,2.75);
#7210=CARTESIAN_POINT('',(-13.41981968421,-18.637133058947,-21.447254021229));
#7211=VERTEX_POINT('',#7210);
#7212=CARTESIAN_POINT('',(-13.419819684209,-18.637133058947,-21.209629021229));
#7213=DIRECTION('',(-4.2086855363802E-12,0.,-1.));
#7214=VECTOR('',#7213,0.237625);
#7215=LINE('',#7212,#7214);
#7216=EDGE_CURVE('',#7065,#7211,#7215,.T.);
#7217=ORIENTED_EDGE('',*,*,#7216,.T.);
#7218=CARTESIAN_POINT('',(-16.169819684209,-18.637133058963,-21.447254021229));
#7219=DIRECTION('',(1.,5.8169927294762E-12,-2.3509987858979E-16));
#7220=DIRECTION('',(2.3509987856587E-16,4.1107875281931E-15,1.));
#7221=AXIS2_PLACEMENT_3D('',#7218,#7220,#7219);
#7222=CIRCLE('',#7221,2.749999999999);
#7223=EDGE_CURVE('',#7211,#7211,#7222,.T.);
#7224=ORIENTED_EDGE('',*,*,#7223,.T.);
#7225=ORIENTED_EDGE('',*,*,#7216,.F.);
#7226=ORIENTED_EDGE('',*,*,#7077,.F.);
#7227=EDGE_LOOP('',(#7217,#7224,#7225,#7226));
#7228=FACE_OUTER_BOUND('',#7227,.T.);
#7229=ADVANCED_FACE('',(#7228),#7209,.T.);
#7230=CARTESIAN_POINT('',(-16.169819684209,20.362866941037,-21.209629021229));
#7231=DIRECTION('',(1.,0.,0.));
#7232=DIRECTION('',(0.,0.,-1.));
#7233=AXIS2_PLACEMENT_3D('',#7230,#7232,#7231);
#7234=CYLINDRICAL_SURFACE('',#7233,2.75);
#7235=CARTESIAN_POINT('',(-13.41981968421,20.362866941053,-21.447254021229));
#7236=VERTEX_POINT('',#7235);
#7237=CARTESIAN_POINT('',(-13.419819684209,20.362866941053,-21.209629021229));
#7238=DIRECTION('',(-4.2086855363802E-12,0.,-1.));
#7239=VECTOR('',#7238,0.237625);
#7240=LINE('',#7237,#7239);
#7241=EDGE_CURVE('',#7090,#7236,#7240,.T.);
#7242=ORIENTED_EDGE('',*,*,#7241,.T.);
#7243=CARTESIAN_POINT('',(-16.169819684209,20.362866941037,-21.447254021229));
#7244=DIRECTION('',(1.,5.8169927294762E-12,-2.3509987858979E-16));
#7245=DIRECTION('',(2.3509987856588E-16,4.1107875281931E-15,1.));
#7246=AXIS2_PLACEMENT_3D('',#7243,#7245,#7244);
#7247=CIRCLE('',#7246,2.749999999999);
#7248=EDGE_CURVE('',#7236,#7236,#7247,.T.);
#7249=ORIENTED_EDGE('',*,*,#7248,.T.);
#7250=ORIENTED_EDGE('',*,*,#7241,.F.);
#7251=ORIENTED_EDGE('',*,*,#7102,.F.);
#7252=EDGE_LOOP('',(#7242,#7249,#7250,#7251));
#7253=FACE_OUTER_BOUND('',#7252,.T.);
#7254=ADVANCED_FACE('',(#7253),#7234,.T.);
#7255=CARTESIAN_POINT('',(11.830180315791,20.362866941037,-21.209629021229));
#7256=DIRECTION('',(1.,0.,0.));
#7257=DIRECTION('',(-7.4754627644407E-15,0.,-1.));
#7258=AXIS2_PLACEMENT_3D('',#7255,#7257,#7256);
#7259=CYLINDRICAL_SURFACE('',#7258,2.75);
#7260=CARTESIAN_POINT('',(14.58018031579,20.362866941053,-21.447254021229));
#7261=VERTEX_POINT('',#7260);
#7262=CARTESIAN_POINT('',(14.580180315791,20.362866941053,-21.209629021229));
#7263=DIRECTION('',(-4.2086855363802E-12,0.,-1.));
#7264=VECTOR('',#7263,0.237625);
#7265=LINE('',#7262,#7264);
#7266=EDGE_CURVE('',#7115,#7261,#7265,.T.);
#7267=ORIENTED_EDGE('',*,*,#7266,.T.);
#7268=CARTESIAN_POINT('',(11.830180315791,20.362866941037,-21.447254021229));
#7269=DIRECTION('',(1.,5.8176778607309E-12,-2.3509987858979E-16));
#7270=DIRECTION('',(2.3509987856588E-16,4.1107875281931E-15,1.));
#7271=AXIS2_PLACEMENT_3D('',#7268,#7270,#7269);
#7272=CIRCLE('',#7271,2.749999999999);
#7273=EDGE_CURVE('',#7261,#7261,#7272,.T.);
#7274=ORIENTED_EDGE('',*,*,#7273,.T.);
#7275=ORIENTED_EDGE('',*,*,#7266,.F.);
#7276=ORIENTED_EDGE('',*,*,#7127,.F.);
#7277=EDGE_LOOP('',(#7267,#7274,#7275,#7276));
#7278=FACE_OUTER_BOUND('',#7277,.T.);
#7279=ADVANCED_FACE('',(#7278),#7259,.T.);
#7280=CARTESIAN_POINT('',(-15.669819684209,9.9128669410374,-19.257254021229));
#7281=DIRECTION('',(1.,0.,0.));
#7282=DIRECTION('',(0.,-1.,0.));
#7283=AXIS2_PLACEMENT_3D('',#7280,#7282,#7281);
#7284=PLANE('',#7283);
#7285=ORIENTED_EDGE('',*,*,#7153,.F.);
#7286=CARTESIAN_POINT('',(-14.319819684209,9.9128669410374,-21.507254021229));
#7287=DIRECTION('',(0.,0.,1.));
#7288=VECTOR('',#7287,2.06);
#7289=LINE('',#7286,#7288);
#7290=EDGE_CURVE('',#7146,#4947,#7289,.T.);
#7291=ORIENTED_EDGE('',*,*,#7290,.T.);
#7292=ORIENTED_EDGE('',*,*,#4952,.F.);
#7293=CARTESIAN_POINT('',(-17.019819684209,9.9128669410374,-19.447254021229));
#7294=DIRECTION('',(0.,0.,-1.));
#7295=VECTOR('',#7294,2.06);
#7296=LINE('',#7293,#7295);
#7297=EDGE_CURVE('',#4945,#7148,#7296,.T.);
#7298=ORIENTED_EDGE('',*,*,#7297,.T.);
#7299=EDGE_LOOP('',(#7285,#7291,#7292,#7298));
#7300=FACE_OUTER_BOUND('',#7299,.T.);
#7301=ADVANCED_FACE('',(#7300),#7284,.T.);
#7302=CARTESIAN_POINT('',(-17.019819684209,6.7128669410374,-19.257254021229));
#7303=DIRECTION('',(0.,1.,0.));
#7304=DIRECTION('',(1.,0.,0.));
#7305=AXIS2_PLACEMENT_3D('',#7302,#7304,#7303);
#7306=PLANE('',#7305);
#7307=ORIENTED_EDGE('',*,*,#7161,.F.);
#7308=ORIENTED_EDGE('',*,*,#7297,.F.);
#7309=ORIENTED_EDGE('',*,*,#4974,.F.);
#7310=CARTESIAN_POINT('',(-17.019819684209,3.5128669410374,-19.447254021229));
#7311=DIRECTION('',(0.,0.,-1.));
#7312=VECTOR('',#7311,2.06);
#7313=LINE('',#7310,#7312);
#7314=EDGE_CURVE('',#4963,#7156,#7313,.T.);
#7315=ORIENTED_EDGE('',*,*,#7314,.T.);
#7316=EDGE_LOOP('',(#7307,#7308,#7309,#7315));
#7317=FACE_OUTER_BOUND('',#7316,.T.);
#7318=ADVANCED_FACE('',(#7317),#7306,.T.);
#7319=CARTESIAN_POINT('',(-15.669819684209,3.5128669410374,-19.257254021229));
#7320=DIRECTION('',(-1.,6.5790994051861E-16,0.));
#7321=DIRECTION('',(6.5790994051861E-16,1.,-0.));
#7322=AXIS2_PLACEMENT_3D('',#7319,#7321,#7320);
#7323=PLANE('',#7322);
#7324=ORIENTED_EDGE('',*,*,#7169,.F.);
#7325=ORIENTED_EDGE('',*,*,#7314,.F.);
#7326=ORIENTED_EDGE('',*,*,#4968,.F.);
#7327=CARTESIAN_POINT('',(-14.319819684209,3.5128669410374,-19.447254021229));
#7328=DIRECTION('',(0.,0.,-1.));
#7329=VECTOR('',#7328,2.06);
#7330=LINE('',#7327,#7329);
#7331=EDGE_CURVE('',#4955,#7164,#7330,.T.);
#7332=ORIENTED_EDGE('',*,*,#7331,.T.);
#7333=EDGE_LOOP('',(#7324,#7325,#7326,#7332));
#7334=FACE_OUTER_BOUND('',#7333,.T.);
#7335=ADVANCED_FACE('',(#7334),#7323,.T.);
#7336=CARTESIAN_POINT('',(-14.319819684209,6.7128669410374,-19.257254021229));
#7337=DIRECTION('',(-5.5511151231258E-16,-1.,0.));
#7338=DIRECTION('',(-1.,5.5511151231258E-16,0.));
#7339=AXIS2_PLACEMENT_3D('',#7336,#7338,#7337);
#7340=PLANE('',#7339);
#7341=ORIENTED_EDGE('',*,*,#7175,.F.);
#7342=ORIENTED_EDGE('',*,*,#7331,.F.);
#7343=ORIENTED_EDGE('',*,*,#4960,.F.);
#7344=ORIENTED_EDGE('',*,*,#7290,.F.);
#7345=EDGE_LOOP('',(#7341,#7342,#7343,#7344));
#7346=FACE_OUTER_BOUND('',#7345,.T.);
#7347=ADVANCED_FACE('',(#7346),#7340,.T.);
#7348=CARTESIAN_POINT('',(11.830180315791,-18.637133058963,-21.447254021229));
#7349=DIRECTION('',(1.,0.,1.9378438247897E-15));
#7350=DIRECTION('',(1.9378438247897E-15,-1.9378438247897E-15,-1.));
#7351=AXIS2_PLACEMENT_3D('',#7348,#7350,#7349);
#7352=PLANE('',#7351);
#7353=ORIENTED_EDGE('',*,*,#7198,.F.);
#7354=EDGE_LOOP('',(#7353));
#7355=FACE_OUTER_BOUND('',#7354,.T.);
#7356=CARTESIAN_POINT('',(10.303479669646,-18.395466392316,-21.447254021229));
#7357=VERTEX_POINT('',#7356);
#7358=CARTESIAN_POINT('',(10.303479669657,-18.87879972562,-21.447254021229));
#7359=VERTEX_POINT('',#7358);
#7360=CARTESIAN_POINT('',(11.830180315791,-18.637133058963,-21.447254021229));
#7361=DIRECTION('',(-0.98770222716112,0.15634676351291,9.6534297878797E-14));
#7362=DIRECTION('',(9.7829699203693E-14,3.6673668495044E-25,1.));
#7363=AXIS2_PLACEMENT_3D('',#7360,#7362,#7361);
#7364=CIRCLE('',#7363,1.545709429585);
#7365=EDGE_CURVE('',#7357,#7359,#7364,.T.);
#7366=ORIENTED_EDGE('',*,*,#7365,.T.);
#7367=CARTESIAN_POINT('',(11.189061835223,-18.87879972563,-21.447254021228));
#7368=VERTEX_POINT('',#7367);
#7369=CARTESIAN_POINT('',(10.303479669657,-18.87879972562,-21.447254021229));
#7370=DIRECTION('',(1.,-1.1293010851716E-11,1.1272952217877E-12));
#7371=VECTOR('',#7370,0.885582165566);
#7372=LINE('',#7369,#7371);
#7373=EDGE_CURVE('',#7359,#7368,#7372,.T.);
#7374=ORIENTED_EDGE('',*,*,#7373,.T.);
#7375=CARTESIAN_POINT('',(11.588513649124,-19.278251539531,-21.447254021228));
#7376=VERTEX_POINT('',#7375);
#7377=CARTESIAN_POINT('',(11.189061835223,-19.278251539531,-21.42631963873));
#7378=DIRECTION('',(1.1546319456124E-13,0.99862953475457,-0.052335956242949));
#7379=DIRECTION('',(-0.052264427688715,-0.052264427688715,-0.99726468863424));
#7380=AXIS2_PLACEMENT_3D('',#7377,#7379,#7378);
#7381=CIRCLE('',#7380,0.39999999999921);
#7382=EDGE_CURVE('',#7368,#7376,#7381,.T.);
#7383=ORIENTED_EDGE('',*,*,#7382,.T.);
#7384=CARTESIAN_POINT('',(11.588513649126,-20.163833705105,-21.447254021229));
#7385=VERTEX_POINT('',#7384);
#7386=CARTESIAN_POINT('',(11.588513649124,-19.278251539531,-21.447254021228));
#7387=DIRECTION('',(2.2586021703229E-12,-1.,-1.1272952217775E-12));
#7388=VECTOR('',#7387,0.885582165574);
#7389=LINE('',#7386,#7388);
#7390=EDGE_CURVE('',#7376,#7385,#7389,.T.);
#7391=ORIENTED_EDGE('',*,*,#7390,.T.);
#7392=CARTESIAN_POINT('',(12.071846982457,-20.163833705105,-21.447254021229));
#7393=VERTEX_POINT('',#7392);
#7394=CARTESIAN_POINT('',(11.830180315797,-18.637133058966,-21.447254021229));
#7395=DIRECTION('',(-0.15634676352866,-0.98770222715863,3.4476534956762E-14));
#7396=DIRECTION('',(1.2825587897121E-25,3.6503619101879E-14,1.));
#7397=AXIS2_PLACEMENT_3D('',#7394,#7396,#7395);
#7398=CIRCLE('',#7397,1.5457094295828);
#7399=EDGE_CURVE('',#7385,#7393,#7398,.T.);
#7400=ORIENTED_EDGE('',*,*,#7399,.T.);
#7401=CARTESIAN_POINT('',(12.071846982458,-19.278251539531,-21.447254021228));
#7402=VERTEX_POINT('',#7401);
#7403=CARTESIAN_POINT('',(12.071846982457,-20.163833705105,-21.447254021229));
#7404=DIRECTION('',(1.1293010851614E-12,1.,1.1272952217775E-12));
#7405=VECTOR('',#7404,0.885582165574);
#7406=LINE('',#7403,#7405);
#7407=EDGE_CURVE('',#7393,#7402,#7406,.T.);
#7408=ORIENTED_EDGE('',*,*,#7407,.T.);
#7409=CARTESIAN_POINT('',(12.471298796359,-18.87879972563,-21.447254021228));
#7410=VERTEX_POINT('',#7409);
#7411=CARTESIAN_POINT('',(12.471298796359,-19.278251539531,-21.42631963873));
#7412=DIRECTION('',(-0.99862953475457,1.1546319456124E-13,-0.05233595624294));
#7413=DIRECTION('',(0.052264427688711,-0.05226442768872,-0.99726468863424));
#7414=AXIS2_PLACEMENT_3D('',#7411,#7413,#7412);
#7415=CIRCLE('',#7414,0.39999999999921);
#7416=EDGE_CURVE('',#7402,#7410,#7415,.T.);
#7417=ORIENTED_EDGE('',*,*,#7416,.T.);
#7418=CARTESIAN_POINT('',(13.356880961934,-18.878799725627,-21.447254021229));
#7419=VERTEX_POINT('',#7418);
#7420=CARTESIAN_POINT('',(12.471298796359,-18.87879972563,-21.447254021228));
#7421=DIRECTION('',(1.,3.3858973920966E-12,-1.1272952217762E-12));
#7422=VECTOR('',#7421,0.885582165575);
#7423=LINE('',#7420,#7422);
#7424=EDGE_CURVE('',#7410,#7419,#7423,.T.);
#7425=ORIENTED_EDGE('',*,*,#7424,.T.);
#7426=CARTESIAN_POINT('',(13.375889745376,-18.63713305895,-21.447254021229));
#7427=VERTEX_POINT('',#7426);
#7428=CARTESIAN_POINT('',(11.830180315797,-18.637133058966,-21.447254021229));
#7429=DIRECTION('',(0.98770222715959,-0.15634676352256,3.9533093417181E-13));
#7430=DIRECTION('',(-3.9678027607185E-13,3.1209560034533E-14,1.));
#7431=AXIS2_PLACEMENT_3D('',#7428,#7430,#7429);
#7432=CIRCLE('',#7431,1.5457094295791);
#7433=EDGE_CURVE('',#7419,#7427,#7432,.T.);
#7434=ORIENTED_EDGE('',*,*,#7433,.T.);
#7435=CARTESIAN_POINT('',(13.356880961934,-18.3954663923,-21.447254021229));
#7436=VERTEX_POINT('',#7435);
#7437=CARTESIAN_POINT('',(11.830180315797,-18.63713305896,-21.447254021229));
#7438=DIRECTION('',(1.,6.4609026509137E-12,1.379061398274E-14));
#7439=DIRECTION('',(-1.5987483654794E-14,-1.2575280604087E-15,1.));
#7440=AXIS2_PLACEMENT_3D('',#7437,#7439,#7438);
#7441=CIRCLE('',#7440,1.5457094295788);
#7442=EDGE_CURVE('',#7427,#7436,#7441,.T.);
#7443=ORIENTED_EDGE('',*,*,#7442,.T.);
#7444=CARTESIAN_POINT('',(12.471298796359,-18.395466392296,-21.447254021228));
#7445=VERTEX_POINT('',#7444);
#7446=CARTESIAN_POINT('',(13.356880961934,-18.3954663923,-21.447254021229));
#7447=DIRECTION('',(-1.,4.5172043406407E-12,1.1272952217762E-12));
#7448=VECTOR('',#7447,0.885582165575);
#7449=LINE('',#7446,#7448);
#7450=EDGE_CURVE('',#7436,#7445,#7449,.T.);
#7451=ORIENTED_EDGE('',*,*,#7450,.T.);
#7452=CARTESIAN_POINT('',(12.071846982458,-17.996014578395,-21.447254021228));
#7453=VERTEX_POINT('',#7452);
#7454=CARTESIAN_POINT('',(12.471298796359,-17.996014578395,-21.42631963873));
#7455=DIRECTION('',(-1.1990408665975E-13,-0.99862953475457,-0.052335956242939));
#7456=DIRECTION('',(0.052264427688706,0.052264427688697,-0.99726468863424));
#7457=AXIS2_PLACEMENT_3D('',#7454,#7456,#7455);
#7458=CIRCLE('',#7457,0.39999999999922);
#7459=EDGE_CURVE('',#7445,#7453,#7458,.T.);
#7460=ORIENTED_EDGE('',*,*,#7459,.T.);
#7461=CARTESIAN_POINT('',(12.071846982451,-17.11043241282,-21.447254021229));
#7462=VERTEX_POINT('',#7461);
#7463=CARTESIAN_POINT('',(12.071846982458,-17.996014578395,-21.447254021228));
#7464=DIRECTION('',(-7.9051075961212E-12,1.,-1.1272952217762E-12));
#7465=VECTOR('',#7464,0.885582165575);
#7466=LINE('',#7463,#7465);
#7467=EDGE_CURVE('',#7453,#7462,#7466,.T.);
#7468=ORIENTED_EDGE('',*,*,#7467,.T.);
#7469=CARTESIAN_POINT('',(11.588513649129,-17.110432412823,-21.447254021229));
#7470=VERTEX_POINT('',#7469);
#7471=CARTESIAN_POINT('',(11.830180315797,-18.63713305896,-21.447254021229));
#7472=DIRECTION('',(0.15634676351783,0.98770222716034,2.5282792301653E-14));
#7473=DIRECTION('',(1.2151573738856E-25,-2.6282605754326E-14,1.));
#7474=AXIS2_PLACEMENT_3D('',#7471,#7473,#7472);
#7475=CIRCLE('',#7474,1.5457094295811);
#7476=EDGE_CURVE('',#7462,#7470,#7475,.T.);
#7477=ORIENTED_EDGE('',*,*,#7476,.T.);
#7478=CARTESIAN_POINT('',(11.588513649124,-17.996014578395,-21.447254021228));
#7479=VERTEX_POINT('',#7478);
#7480=CARTESIAN_POINT('',(11.588513649129,-17.110432412823,-21.447254021229));
#7481=DIRECTION('',(-5.64650542582E-12,-1.,1.12729522178E-12));
#7482=VECTOR('',#7481,0.885582165572);
#7483=LINE('',#7480,#7482);
#7484=EDGE_CURVE('',#7470,#7479,#7483,.T.);
#7485=ORIENTED_EDGE('',*,*,#7484,.T.);
#7486=CARTESIAN_POINT('',(11.189061835223,-18.395466392296,-21.447254021228));
#7487=VERTEX_POINT('',#7486);
#7488=CARTESIAN_POINT('',(11.189061835223,-17.996014578395,-21.42631963873));
#7489=DIRECTION('',(0.99862953475457,-1.2434497875826E-13,-0.052335956242949));
#7490=DIRECTION('',(-0.052264427688713,0.052264427688713,-0.99726468863424));
#7491=AXIS2_PLACEMENT_3D('',#7488,#7490,#7489);
#7492=CIRCLE('',#7491,0.39999999999922);
#7493=EDGE_CURVE('',#7479,#7487,#7492,.T.);
#7494=ORIENTED_EDGE('',*,*,#7493,.T.);
#7495=CARTESIAN_POINT('',(11.189061835223,-18.395466392296,-21.447254021228));
#7496=DIRECTION('',(-1.,-2.2582009976385E-11,-1.1272952217737E-12));
#7497=VECTOR('',#7496,0.885582165577);
#7498=LINE('',#7495,#7497);
#7499=EDGE_CURVE('',#7487,#7357,#7498,.T.);
#7500=ORIENTED_EDGE('',*,*,#7499,.T.);
#7501=EDGE_LOOP('',(#7366,#7374,#7383,#7391,#7400,#7408,#7417,#7425,#7434,#7443,#7451,#7460,#7468,#7477,#7485,#7494,#7500));
#7502=FACE_BOUND('',#7501,.T.);
#7503=ADVANCED_FACE('',(#7355,#7502),#7352,.T.);
#7504=CARTESIAN_POINT('',(-16.169819684209,-18.637133058963,-21.447254021229));
#7505=DIRECTION('',(1.,0.,1.9378438247897E-15));
#7506=DIRECTION('',(1.9378438247897E-15,-1.9378438247897E-15,-1.));
#7507=AXIS2_PLACEMENT_3D('',#7504,#7506,#7505);
#7508=PLANE('',#7507);
#7509=ORIENTED_EDGE('',*,*,#7223,.F.);
#7510=EDGE_LOOP('',(#7509));
#7511=FACE_OUTER_BOUND('',#7510,.T.);
#7512=CARTESIAN_POINT('',(-17.696520330354,-18.395466392316,-21.447254021229));
#7513=VERTEX_POINT('',#7512);
#7514=CARTESIAN_POINT('',(-17.696520330343,-18.87879972562,-21.447254021229));
#7515=VERTEX_POINT('',#7514);
#7516=CARTESIAN_POINT('',(-16.169819684209,-18.637133058963,-21.447254021229));
#7517=DIRECTION('',(-0.98770222716112,0.15634676351291,-2.758122796537E-14));
#7518=DIRECTION('',(-2.774275052045E-14,-1.0399995543371E-25,1.));
#7519=AXIS2_PLACEMENT_3D('',#7516,#7518,#7517);
#7520=CIRCLE('',#7519,1.545709429585);
#7521=EDGE_CURVE('',#7513,#7515,#7520,.T.);
#7522=ORIENTED_EDGE('',*,*,#7521,.T.);
#7523=CARTESIAN_POINT('',(-16.810938164777,-18.87879972563,-21.447254021228));
#7524=VERTEX_POINT('',#7523);
#7525=CARTESIAN_POINT('',(-17.696520330343,-18.87879972562,-21.447254021229));
#7526=DIRECTION('',(1.,-1.1293010851716E-11,1.1272952217877E-12));
#7527=VECTOR('',#7526,0.885582165566);
#7528=LINE('',#7525,#7527);
#7529=EDGE_CURVE('',#7515,#7524,#7528,.T.);
#7530=ORIENTED_EDGE('',*,*,#7529,.T.);
#7531=CARTESIAN_POINT('',(-16.411486350876,-19.278251539531,-21.447254021228));
#7532=VERTEX_POINT('',#7531);
#7533=CARTESIAN_POINT('',(-16.810938164777,-19.278251539531,-21.42631963873));
#7534=DIRECTION('',(1.1546319456124E-13,0.99862953475457,-0.052335956242958));
#7535=DIRECTION('',(-0.052264427688718,-0.052264427688718,-0.99726468863424));
#7536=AXIS2_PLACEMENT_3D('',#7533,#7535,#7534);
#7537=CIRCLE('',#7536,0.39999999999922);
#7538=EDGE_CURVE('',#7524,#7532,#7537,.T.);
#7539=ORIENTED_EDGE('',*,*,#7538,.T.);
#7540=CARTESIAN_POINT('',(-16.411486350874,-20.163833705105,-21.447254021229));
#7541=VERTEX_POINT('',#7540);
#7542=CARTESIAN_POINT('',(-16.411486350876,-19.278251539531,-21.447254021228));
#7543=DIRECTION('',(2.2586021703229E-12,-1.,-1.1272952217775E-12));
#7544=VECTOR('',#7543,0.885582165574);
#7545=LINE('',#7542,#7544);
#7546=EDGE_CURVE('',#7532,#7541,#7545,.T.);
#7547=ORIENTED_EDGE('',*,*,#7546,.T.);
#7548=CARTESIAN_POINT('',(-15.928153017543,-20.163833705105,-21.447254021229));
#7549=VERTEX_POINT('',#7548);
#7550=CARTESIAN_POINT('',(-16.169819684203,-18.637133058966,-21.447254021229));
#7551=DIRECTION('',(-0.15634676352867,-0.98770222715863,8.044524823245E-14));
#7552=DIRECTION('',(2.872931688955E-25,8.1768106788204E-14,1.));
#7553=AXIS2_PLACEMENT_3D('',#7550,#7552,#7551);
#7554=CIRCLE('',#7553,1.5457094295827);
#7555=EDGE_CURVE('',#7541,#7549,#7554,.T.);
#7556=ORIENTED_EDGE('',*,*,#7555,.T.);
#7557=CARTESIAN_POINT('',(-15.928153017542,-19.278251539531,-21.447254021228));
#7558=VERTEX_POINT('',#7557);
#7559=CARTESIAN_POINT('',(-15.928153017543,-20.163833705105,-21.447254021229));
#7560=DIRECTION('',(1.1293010851614E-12,1.,1.1272952217775E-12));
#7561=VECTOR('',#7560,0.885582165574);
#7562=LINE('',#7559,#7561);
#7563=EDGE_CURVE('',#7549,#7558,#7562,.T.);
#7564=ORIENTED_EDGE('',*,*,#7563,.T.);
#7565=CARTESIAN_POINT('',(-15.528701203641,-18.87879972563,-21.447254021228));
#7566=VERTEX_POINT('',#7565);
#7567=CARTESIAN_POINT('',(-15.528701203641,-19.278251539531,-21.42631963873));
#7568=DIRECTION('',(-0.99862953475457,1.1546319456124E-13,-0.05233595624294));
#7569=DIRECTION('',(0.052264427688711,-0.05226442768872,-0.99726468863424));
#7570=AXIS2_PLACEMENT_3D('',#7567,#7569,#7568);
#7571=CIRCLE('',#7570,0.39999999999922);
#7572=EDGE_CURVE('',#7558,#7566,#7571,.T.);
#7573=ORIENTED_EDGE('',*,*,#7572,.T.);
#7574=CARTESIAN_POINT('',(-14.643119038066,-18.878799725627,-21.447254021229));
#7575=VERTEX_POINT('',#7574);
#7576=CARTESIAN_POINT('',(-15.528701203641,-18.87879972563,-21.447254021228));
#7577=DIRECTION('',(1.,3.3858973920966E-12,-1.1272952217762E-12));
#7578=VECTOR('',#7577,0.885582165575);
#7579=LINE('',#7576,#7578);
#7580=EDGE_CURVE('',#7566,#7575,#7579,.T.);
#7581=ORIENTED_EDGE('',*,*,#7580,.T.);
#7582=CARTESIAN_POINT('',(-14.624110254624,-18.63713305895,-21.447254021229));
#7583=VERTEX_POINT('',#7582);
#7584=CARTESIAN_POINT('',(-16.169819684202,-18.637133058966,-21.447254021229));
#7585=DIRECTION('',(0.98770222715958,-0.15634676352264,2.0685920974113E-14));
#7586=DIRECTION('',(-1.74408912559E-14,1.3718487927272E-15,1.));
#7587=AXIS2_PLACEMENT_3D('',#7584,#7586,#7585);
#7588=CIRCLE('',#7587,1.5457094295786);
#7589=EDGE_CURVE('',#7575,#7583,#7588,.T.);
#7590=ORIENTED_EDGE('',*,*,#7589,.T.);
#7591=CARTESIAN_POINT('',(-14.643119038066,-18.3954663923,-21.447254021229));
#7592=VERTEX_POINT('',#7591);
#7593=CARTESIAN_POINT('',(-16.169819684202,-18.63713305896,-21.447254021229));
#7594=DIRECTION('',(1.,6.4586042152546E-12,1.8847172443092E-13));
#7595=DIRECTION('',(-1.8894298864742E-13,-1.4861695259374E-14,1.));
#7596=AXIS2_PLACEMENT_3D('',#7593,#7595,#7594);
#7597=CIRCLE('',#7596,1.5457094295777);
#7598=EDGE_CURVE('',#7583,#7592,#7597,.T.);
#7599=ORIENTED_EDGE('',*,*,#7598,.T.);
#7600=CARTESIAN_POINT('',(-15.528701203641,-18.395466392296,-21.447254021228));
#7601=VERTEX_POINT('',#7600);
#7602=CARTESIAN_POINT('',(-14.643119038066,-18.3954663923,-21.447254021229));
#7603=DIRECTION('',(-1.,4.5172043406407E-12,1.1272952217762E-12));
#7604=VECTOR('',#7603,0.885582165575);
#7605=LINE('',#7602,#7604);
#7606=EDGE_CURVE('',#7592,#7601,#7605,.T.);
#7607=ORIENTED_EDGE('',*,*,#7606,.T.);
#7608=CARTESIAN_POINT('',(-15.928153017542,-17.996014578395,-21.447254021228));
#7609=VERTEX_POINT('',#7608);
#7610=CARTESIAN_POINT('',(-15.528701203641,-17.996014578395,-21.42631963873));
#7611=DIRECTION('',(-1.1546319456124E-13,-0.99862953475457,-0.052335956242939));
#7612=DIRECTION('',(0.052264427688706,0.052264427688697,-0.99726468863424));
#7613=AXIS2_PLACEMENT_3D('',#7610,#7612,#7611);
#7614=CIRCLE('',#7613,0.39999999999922);
#7615=EDGE_CURVE('',#7601,#7609,#7614,.T.);
#7616=ORIENTED_EDGE('',*,*,#7615,.T.);
#7617=CARTESIAN_POINT('',(-15.928153017549,-17.11043241282,-21.447254021229));
#7618=VERTEX_POINT('',#7617);
#7619=CARTESIAN_POINT('',(-15.928153017542,-17.996014578395,-21.447254021228));
#7620=DIRECTION('',(-7.9051075961212E-12,1.,-1.1272952217762E-12));
#7621=VECTOR('',#7620,0.885582165575);
#7622=LINE('',#7619,#7621);
#7623=EDGE_CURVE('',#7609,#7618,#7622,.T.);
#7624=ORIENTED_EDGE('',*,*,#7623,.T.);
#7625=CARTESIAN_POINT('',(-16.411486350871,-17.110432412823,-21.447254021229));
#7626=VERTEX_POINT('',#7625);
#7627=CARTESIAN_POINT('',(-16.169819684203,-18.63713305896,-21.447254021229));
#7628=DIRECTION('',(0.15634676351783,0.98770222716034,-3.6774970620585E-14));
#7629=DIRECTION('',(-1.7552273178347E-25,3.796376386736E-14,1.));
#7630=AXIS2_PLACEMENT_3D('',#7627,#7629,#7628);
#7631=CIRCLE('',#7630,1.5457094295811);
#7632=EDGE_CURVE('',#7618,#7626,#7631,.T.);
#7633=ORIENTED_EDGE('',*,*,#7632,.T.);
#7634=CARTESIAN_POINT('',(-16.411486350876,-17.996014578395,-21.447254021228));
#7635=VERTEX_POINT('',#7634);
#7636=CARTESIAN_POINT('',(-16.411486350871,-17.110432412823,-21.447254021229));
#7637=DIRECTION('',(-5.644499562436E-12,-1.,1.12729522178E-12));
#7638=VECTOR('',#7637,0.885582165572);
#7639=LINE('',#7636,#7638);
#7640=EDGE_CURVE('',#7626,#7635,#7639,.T.);
#7641=ORIENTED_EDGE('',*,*,#7640,.T.);
#7642=CARTESIAN_POINT('',(-16.810938164777,-18.395466392296,-21.447254021228));
#7643=VERTEX_POINT('',#7642);
#7644=CARTESIAN_POINT('',(-16.810938164777,-17.996014578395,-21.42631963873));
#7645=DIRECTION('',(0.99862953475457,-1.2434497875826E-13,-0.052335956242949));
#7646=DIRECTION('',(-0.052264427688715,0.052264427688715,-0.99726468863424));
#7647=AXIS2_PLACEMENT_3D('',#7644,#7646,#7645);
#7648=CIRCLE('',#7647,0.39999999999921);
#7649=EDGE_CURVE('',#7635,#7643,#7648,.T.);
#7650=ORIENTED_EDGE('',*,*,#7649,.T.);
#7651=CARTESIAN_POINT('',(-16.810938164777,-18.395466392296,-21.447254021228));
#7652=DIRECTION('',(-1.,-2.2582009976384E-11,-1.1272952217737E-12));
#7653=VECTOR('',#7652,0.885582165577);
#7654=LINE('',#7651,#7653);
#7655=EDGE_CURVE('',#7643,#7513,#7654,.T.);
#7656=ORIENTED_EDGE('',*,*,#7655,.T.);
#7657=EDGE_LOOP('',(#7522,#7530,#7539,#7547,#7556,#7564,#7573,#7581,#7590,#7599,#7607,#7616,#7624,#7633,#7641,#7650,#7656));
#7658=FACE_BOUND('',#7657,.T.);
#7659=ADVANCED_FACE('',(#7511,#7658),#7508,.T.);
#7660=CARTESIAN_POINT('',(-16.169819684209,20.362866941037,-21.447254021229));
#7661=DIRECTION('',(1.,0.,1.9378438247897E-15));
#7662=DIRECTION('',(1.9378438247897E-15,-1.9378438247897E-15,-1.));
#7663=AXIS2_PLACEMENT_3D('',#7660,#7662,#7661);
#7664=PLANE('',#7663);
#7665=ORIENTED_EDGE('',*,*,#7248,.F.);
#7666=EDGE_LOOP('',(#7665));
#7667=FACE_OUTER_BOUND('',#7666,.T.);
#7668=CARTESIAN_POINT('',(-17.696520330354,20.604533607684,-21.447254021229));
#7669=VERTEX_POINT('',#7668);
#7670=CARTESIAN_POINT('',(-17.696520330343,20.12120027438,-21.447254021229));
#7671=VERTEX_POINT('',#7670);
#7672=CARTESIAN_POINT('',(-16.169819684209,20.362866941037,-21.447254021229));
#7673=DIRECTION('',(-0.98770222716112,0.15634676351291,-2.758122796537E-14));
#7674=DIRECTION('',(-2.774275052045E-14,-1.0399995543371E-25,1.));
#7675=AXIS2_PLACEMENT_3D('',#7672,#7674,#7673);
#7676=CIRCLE('',#7675,1.545709429585);
#7677=EDGE_CURVE('',#7669,#7671,#7676,.T.);
#7678=ORIENTED_EDGE('',*,*,#7677,.T.);
#7679=CARTESIAN_POINT('',(-16.810938164777,20.12120027437,-21.447254021228));
#7680=VERTEX_POINT('',#7679);
#7681=CARTESIAN_POINT('',(-17.696520330343,20.12120027438,-21.447254021229));
#7682=DIRECTION('',(1.,-1.1293010851716E-11,1.1272952217877E-12));
#7683=VECTOR('',#7682,0.885582165566);
#7684=LINE('',#7681,#7683);
#7685=EDGE_CURVE('',#7671,#7680,#7684,.T.);
#7686=ORIENTED_EDGE('',*,*,#7685,.T.);
#7687=CARTESIAN_POINT('',(-16.411486350876,19.721748460469,-21.447254021228));
#7688=VERTEX_POINT('',#7687);
#7689=CARTESIAN_POINT('',(-16.810938164777,19.721748460469,-21.42631963873));
#7690=DIRECTION('',(1.3322676295528E-13,0.99862953475457,-0.052335956242966));
#7691=DIRECTION('',(-0.052264427688732,-0.052264427688732,-0.99726468863424));
#7692=AXIS2_PLACEMENT_3D('',#7689,#7691,#7690);
#7693=CIRCLE('',#7692,0.39999999999922);
#7694=EDGE_CURVE('',#7680,#7688,#7693,.T.);
#7695=ORIENTED_EDGE('',*,*,#7694,.T.);
#7696=CARTESIAN_POINT('',(-16.411486350874,18.836166294895,-21.447254021229));
#7697=VERTEX_POINT('',#7696);
#7698=CARTESIAN_POINT('',(-16.411486350876,19.721748460469,-21.447254021228));
#7699=DIRECTION('',(2.2586021703229E-12,-1.,-1.1272952217775E-12));
#7700=VECTOR('',#7699,0.885582165574);
#7701=LINE('',#7698,#7700);
#7702=EDGE_CURVE('',#7688,#7697,#7701,.T.);
#7703=ORIENTED_EDGE('',*,*,#7702,.T.);
#7704=CARTESIAN_POINT('',(-15.928153017543,18.836166294895,-21.447254021229));
#7705=VERTEX_POINT('',#7704);
#7706=CARTESIAN_POINT('',(-16.169819684203,20.362866941034,-21.447254021229));
#7707=DIRECTION('',(-0.15634676352866,-0.98770222715863,8.0445248232446E-14));
#7708=DIRECTION('',(2.8729316889551E-25,8.1768106788209E-14,1.));
#7709=AXIS2_PLACEMENT_3D('',#7706,#7708,#7707);
#7710=CIRCLE('',#7709,1.5457094295828);
#7711=EDGE_CURVE('',#7697,#7705,#7710,.T.);
#7712=ORIENTED_EDGE('',*,*,#7711,.T.);
#7713=CARTESIAN_POINT('',(-15.928153017542,19.721748460469,-21.447254021228));
#7714=VERTEX_POINT('',#7713);
#7715=CARTESIAN_POINT('',(-15.928153017543,18.836166294895,-21.447254021229));
#7716=DIRECTION('',(1.1293010851614E-12,1.,1.1272952217775E-12));
#7717=VECTOR('',#7716,0.885582165574);
#7718=LINE('',#7715,#7717);
#7719=EDGE_CURVE('',#7705,#7714,#7718,.T.);
#7720=ORIENTED_EDGE('',*,*,#7719,.T.);
#7721=CARTESIAN_POINT('',(-15.528701203641,20.12120027437,-21.447254021228));
#7722=VERTEX_POINT('',#7721);
#7723=CARTESIAN_POINT('',(-15.528701203641,19.721748460469,-21.42631963873));
#7724=DIRECTION('',(-0.99862953475457,1.2434497875826E-13,-0.052335956242949));
#7725=DIRECTION('',(0.052264427688715,-0.052264427688715,-0.99726468863424));
#7726=AXIS2_PLACEMENT_3D('',#7723,#7725,#7724);
#7727=CIRCLE('',#7726,0.39999999999922);
#7728=EDGE_CURVE('',#7714,#7722,#7727,.T.);
#7729=ORIENTED_EDGE('',*,*,#7728,.T.);
#7730=CARTESIAN_POINT('',(-14.643119038066,20.121200274373,-21.447254021229));
#7731=VERTEX_POINT('',#7730);
#7732=CARTESIAN_POINT('',(-15.528701203641,20.12120027437,-21.447254021228));
#7733=DIRECTION('',(1.,3.3858973920966E-12,-1.1272952217762E-12));
#7734=VECTOR('',#7733,0.885582165575);
#7735=LINE('',#7732,#7734);
#7736=EDGE_CURVE('',#7722,#7731,#7735,.T.);
#7737=ORIENTED_EDGE('',*,*,#7736,.T.);
#7738=CARTESIAN_POINT('',(-14.624110254624,20.36286694105,-21.447254021229));
#7739=VERTEX_POINT('',#7738);
#7740=CARTESIAN_POINT('',(-16.169819684202,20.362866941034,-21.447254021229));
#7741=DIRECTION('',(0.98770222715958,-0.15634676352264,2.0685920974113E-14));
#7742=DIRECTION('',(-1.7440891255899E-14,1.3718487927272E-15,1.));
#7743=AXIS2_PLACEMENT_3D('',#7740,#7742,#7741);
#7744=CIRCLE('',#7743,1.5457094295786);
#7745=EDGE_CURVE('',#7731,#7739,#7744,.T.);
#7746=ORIENTED_EDGE('',*,*,#7745,.T.);
#7747=CARTESIAN_POINT('',(-14.643119038066,20.6045336077,-21.447254021229));
#7748=VERTEX_POINT('',#7747);
#7749=CARTESIAN_POINT('',(-16.169819684202,20.36286694104,-21.447254021229));
#7750=DIRECTION('',(1.,6.4700963935724E-12,6.8953069913738E-14));
#7751=DIRECTION('',(-6.540334222412E-14,-5.1444329743995E-15,1.));
#7752=AXIS2_PLACEMENT_3D('',#7749,#7751,#7750);
#7753=CIRCLE('',#7752,1.545709429578);
#7754=EDGE_CURVE('',#7739,#7748,#7753,.T.);
#7755=ORIENTED_EDGE('',*,*,#7754,.T.);
#7756=CARTESIAN_POINT('',(-15.528701203641,20.604533607704,-21.447254021228));
#7757=VERTEX_POINT('',#7756);
#7758=CARTESIAN_POINT('',(-14.643119038066,20.6045336077,-21.447254021229));
#7759=DIRECTION('',(-1.,4.5172043406407E-12,1.1272952217762E-12));
#7760=VECTOR('',#7759,0.885582165575);
#7761=LINE('',#7758,#7760);
#7762=EDGE_CURVE('',#7748,#7757,#7761,.T.);
#7763=ORIENTED_EDGE('',*,*,#7762,.T.);
#7764=CARTESIAN_POINT('',(-15.928153017542,21.003985421605,-21.447254021228));
#7765=VERTEX_POINT('',#7764);
#7766=CARTESIAN_POINT('',(-15.528701203641,21.003985421605,-21.42631963873));
#7767=DIRECTION('',(-1.2434497875826E-13,-0.99862953475457,-0.05233595624294));
#7768=DIRECTION('',(0.052264427688706,0.052264427688697,-0.99726468863424));
#7769=AXIS2_PLACEMENT_3D('',#7766,#7768,#7767);
#7770=CIRCLE('',#7769,0.39999999999922);
#7771=EDGE_CURVE('',#7757,#7765,#7770,.T.);
#7772=ORIENTED_EDGE('',*,*,#7771,.T.);
#7773=CARTESIAN_POINT('',(-15.928153017549,21.88956758718,-21.447254021229));
#7774=VERTEX_POINT('',#7773);
#7775=CARTESIAN_POINT('',(-15.928153017542,21.003985421605,-21.447254021228));
#7776=DIRECTION('',(-7.9051075961212E-12,1.,-1.1272952217762E-12));
#7777=VECTOR('',#7776,0.885582165575);
#7778=LINE('',#7775,#7777);
#7779=EDGE_CURVE('',#7765,#7774,#7778,.T.);
#7780=ORIENTED_EDGE('',*,*,#7779,.T.);
#7781=CARTESIAN_POINT('',(-16.411486350871,21.889567587177,-21.447254021229));
#7782=VERTEX_POINT('',#7781);
#7783=CARTESIAN_POINT('',(-16.169819684203,20.36286694104,-21.447254021229));
#7784=DIRECTION('',(0.15634676351782,0.98770222716034,-6.6654634249809E-14));
#7785=DIRECTION('',(-3.1054021777077E-25,6.7166659149946E-14,1.));
#7786=AXIS2_PLACEMENT_3D('',#7783,#7785,#7784);
#7787=CIRCLE('',#7786,1.5457094295812);
#7788=EDGE_CURVE('',#7774,#7782,#7787,.T.);
#7789=ORIENTED_EDGE('',*,*,#7788,.T.);
#7790=CARTESIAN_POINT('',(-16.411486350876,21.003985421605,-21.447254021228));
#7791=VERTEX_POINT('',#7790);
#7792=CARTESIAN_POINT('',(-16.411486350871,21.889567587177,-21.447254021229));
#7793=DIRECTION('',(-5.644499562436E-12,-1.,1.12729522178E-12));
#7794=VECTOR('',#7793,0.885582165572);
#7795=LINE('',#7792,#7794);
#7796=EDGE_CURVE('',#7782,#7791,#7795,.T.);
#7797=ORIENTED_EDGE('',*,*,#7796,.T.);
#7798=CARTESIAN_POINT('',(-16.810938164777,20.604533607704,-21.447254021228));
#7799=VERTEX_POINT('',#7798);
#7800=CARTESIAN_POINT('',(-16.810938164777,21.003985421605,-21.42631963873));
#7801=DIRECTION('',(0.99862953475457,-1.0658141036422E-13,-0.052335956242949));
#7802=DIRECTION('',(-0.052264427688713,0.052264427688713,-0.99726468863424));
#7803=AXIS2_PLACEMENT_3D('',#7800,#7802,#7801);
#7804=CIRCLE('',#7803,0.39999999999921);
#7805=EDGE_CURVE('',#7791,#7799,#7804,.T.);
#7806=ORIENTED_EDGE('',*,*,#7805,.T.);
#7807=CARTESIAN_POINT('',(-16.810938164777,20.604533607704,-21.447254021228));
#7808=DIRECTION('',(-1.,-2.2582009976384E-11,-1.1272952217737E-12));
#7809=VECTOR('',#7808,0.885582165577);
#7810=LINE('',#7807,#7809);
#7811=EDGE_CURVE('',#7799,#7669,#7810,.T.);
#7812=ORIENTED_EDGE('',*,*,#7811,.T.);
#7813=EDGE_LOOP('',(#7678,#7686,#7695,#7703,#7712,#7720,#7729,#7737,#7746,#7755,#7763,#7772,#7780,#7789,#7797,#7806,#7812));
#7814=FACE_BOUND('',#7813,.T.);
#7815=ADVANCED_FACE('',(#7667,#7814),#7664,.T.);
#7816=CARTESIAN_POINT('',(11.830180315791,20.362866941037,-21.447254021229));
#7817=DIRECTION('',(1.,0.,1.9378438247897E-15));
#7818=DIRECTION('',(1.9378438247897E-15,-1.9378438247897E-15,-1.));
#7819=AXIS2_PLACEMENT_3D('',#7816,#7818,#7817);
#7820=PLANE('',#7819);
#7821=ORIENTED_EDGE('',*,*,#7273,.F.);
#7822=EDGE_LOOP('',(#7821));
#7823=FACE_OUTER_BOUND('',#7822,.T.);
#7824=CARTESIAN_POINT('',(10.303479669646,20.604533607684,-21.447254021229));
#7825=VERTEX_POINT('',#7824);
#7826=CARTESIAN_POINT('',(10.303479669657,20.12120027438,-21.447254021229));
#7827=VERTEX_POINT('',#7826);
#7828=CARTESIAN_POINT('',(11.830180315791,20.362866941037,-21.447254021229));
#7829=DIRECTION('',(-0.98770222716112,0.15634676351291,6.4356198585865E-14));
#7830=DIRECTION('',(6.7166659154774E-14,2.5203621810627E-25,1.));
#7831=AXIS2_PLACEMENT_3D('',#7828,#7830,#7829);
#7832=CIRCLE('',#7831,1.545709429585);
#7833=EDGE_CURVE('',#7825,#7827,#7832,.T.);
#7834=ORIENTED_EDGE('',*,*,#7833,.T.);
#7835=CARTESIAN_POINT('',(11.189061835223,20.12120027437,-21.447254021228));
#7836=VERTEX_POINT('',#7835);
#7837=CARTESIAN_POINT('',(10.303479669657,20.12120027438,-21.447254021229));
#7838=DIRECTION('',(1.,-1.1293010851716E-11,1.1272952217877E-12));
#7839=VECTOR('',#7838,0.885582165566);
#7840=LINE('',#7837,#7839);
#7841=EDGE_CURVE('',#7827,#7836,#7840,.T.);
#7842=ORIENTED_EDGE('',*,*,#7841,.T.);
#7843=CARTESIAN_POINT('',(11.588513649124,19.721748460469,-21.447254021228));
#7844=VERTEX_POINT('',#7843);
#7845=CARTESIAN_POINT('',(11.189061835223,19.721748460469,-21.42631963873));
#7846=DIRECTION('',(1.1546319456124E-13,0.99862953475457,-0.052335956242939));
#7847=DIRECTION('',(-0.05226442768871,-0.05226442768871,-0.99726468863424));
#7848=AXIS2_PLACEMENT_3D('',#7845,#7847,#7846);
#7849=CIRCLE('',#7848,0.39999999999922);
#7850=EDGE_CURVE('',#7836,#7844,#7849,.T.);
#7851=ORIENTED_EDGE('',*,*,#7850,.T.);
#7852=CARTESIAN_POINT('',(11.588513649126,18.836166294895,-21.447254021229));
#7853=VERTEX_POINT('',#7852);
#7854=CARTESIAN_POINT('',(11.588513649124,19.721748460469,-21.447254021228));
#7855=DIRECTION('',(2.2586021703229E-12,-1.,-1.1272952217775E-12));
#7856=VECTOR('',#7855,0.885582165574);
#7857=LINE('',#7854,#7856);
#7858=EDGE_CURVE('',#7844,#7853,#7857,.T.);
#7859=ORIENTED_EDGE('',*,*,#7858,.T.);
#7860=CARTESIAN_POINT('',(12.071846982457,18.836166294895,-21.447254021229));
#7861=VERTEX_POINT('',#7860);
#7862=CARTESIAN_POINT('',(11.830180315797,20.362866941034,-21.447254021229));
#7863=DIRECTION('',(-0.15634676352865,-0.98770222715863,1.4250301115461E-13));
#7864=DIRECTION('',(5.0789328072601E-25,1.4455433164345E-13,1.));
#7865=AXIS2_PLACEMENT_3D('',#7862,#7864,#7863);
#7866=CIRCLE('',#7865,1.5457094295828);
#7867=EDGE_CURVE('',#7853,#7861,#7866,.T.);
#7868=ORIENTED_EDGE('',*,*,#7867,.T.);
#7869=CARTESIAN_POINT('',(12.071846982458,19.721748460469,-21.447254021228));
#7870=VERTEX_POINT('',#7869);
#7871=CARTESIAN_POINT('',(12.071846982457,18.836166294895,-21.447254021229));
#7872=DIRECTION('',(1.1293010851614E-12,1.,1.1272952217775E-12));
#7873=VECTOR('',#7872,0.885582165574);
#7874=LINE('',#7871,#7873);
#7875=EDGE_CURVE('',#7861,#7870,#7874,.T.);
#7876=ORIENTED_EDGE('',*,*,#7875,.T.);
#7877=CARTESIAN_POINT('',(12.471298796359,20.12120027437,-21.447254021228));
#7878=VERTEX_POINT('',#7877);
#7879=CARTESIAN_POINT('',(12.471298796359,19.721748460469,-21.42631963873));
#7880=DIRECTION('',(-0.99862953475457,1.2434497875826E-13,-0.052335956242949));
#7881=DIRECTION('',(0.052264427688715,-0.052264427688715,-0.99726468863424));
#7882=AXIS2_PLACEMENT_3D('',#7879,#7881,#7880);
#7883=CIRCLE('',#7882,0.39999999999922);
#7884=EDGE_CURVE('',#7870,#7878,#7883,.T.);
#7885=ORIENTED_EDGE('',*,*,#7884,.T.);
#7886=CARTESIAN_POINT('',(13.356880961934,20.121200274373,-21.447254021229));
#7887=VERTEX_POINT('',#7886);
#7888=CARTESIAN_POINT('',(12.471298796359,20.12120027437,-21.447254021228));
#7889=DIRECTION('',(1.,3.3858973920966E-12,-1.1272952217762E-12));
#7890=VECTOR('',#7889,0.885582165575);
#7891=LINE('',#7888,#7890);
#7892=EDGE_CURVE('',#7878,#7887,#7891,.T.);
#7893=ORIENTED_EDGE('',*,*,#7892,.T.);
#7894=CARTESIAN_POINT('',(13.375889745376,20.36286694105,-21.447254021229));
#7895=VERTEX_POINT('',#7894);
#7896=CARTESIAN_POINT('',(11.830180315797,20.362866941034,-21.447254021229));
#7897=DIRECTION('',(0.98770222715959,-0.15634676352256,3.9533093417181E-13));
#7898=DIRECTION('',(-3.9678027607185E-13,3.1209560034534E-14,1.));
#7899=AXIS2_PLACEMENT_3D('',#7896,#7898,#7897);
#7900=CIRCLE('',#7899,1.5457094295791);
#7901=EDGE_CURVE('',#7887,#7895,#7900,.T.);
#7902=ORIENTED_EDGE('',*,*,#7901,.T.);
#7903=CARTESIAN_POINT('',(13.356880961934,20.6045336077,-21.447254021229));
#7904=VERTEX_POINT('',#7903);
#7905=CARTESIAN_POINT('',(11.830180315797,20.36286694104,-21.447254021229));
#7906=DIRECTION('',(1.,6.4792901362227E-12,8.0445248232633E-14));
#7907=DIRECTION('',(-7.7030603064023E-14,-6.0589988365156E-15,1.));
#7908=AXIS2_PLACEMENT_3D('',#7905,#7907,#7906);
#7909=CIRCLE('',#7908,1.5457094295792);
#7910=EDGE_CURVE('',#7895,#7904,#7909,.T.);
#7911=ORIENTED_EDGE('',*,*,#7910,.T.);
#7912=CARTESIAN_POINT('',(12.471298796359,20.604533607704,-21.447254021228));
#7913=VERTEX_POINT('',#7912);
#7914=CARTESIAN_POINT('',(13.356880961934,20.6045336077,-21.447254021229));
#7915=DIRECTION('',(-1.,4.5172043406407E-12,1.1272952217762E-12));
#7916=VECTOR('',#7915,0.885582165575);
#7917=LINE('',#7914,#7916);
#7918=EDGE_CURVE('',#7904,#7913,#7917,.T.);
#7919=ORIENTED_EDGE('',*,*,#7918,.T.);
#7920=CARTESIAN_POINT('',(12.071846982458,21.003985421605,-21.447254021228));
#7921=VERTEX_POINT('',#7920);
#7922=CARTESIAN_POINT('',(12.471298796359,21.003985421605,-21.42631963873));
#7923=DIRECTION('',(-1.1990408665975E-13,-0.99862953475457,-0.052335956242939));
#7924=DIRECTION('',(0.052264427688706,0.052264427688697,-0.99726468863424));
#7925=AXIS2_PLACEMENT_3D('',#7922,#7924,#7923);
#7926=CIRCLE('',#7925,0.39999999999922);
#7927=EDGE_CURVE('',#7913,#7921,#7926,.T.);
#7928=ORIENTED_EDGE('',*,*,#7927,.T.);
#7929=CARTESIAN_POINT('',(12.071846982451,21.88956758718,-21.447254021229));
#7930=VERTEX_POINT('',#7929);
#7931=CARTESIAN_POINT('',(12.071846982458,21.003985421605,-21.447254021228));
#7932=DIRECTION('',(-7.9051075961212E-12,1.,-1.1272952217762E-12));
#7933=VECTOR('',#7932,0.885582165575);
#7934=LINE('',#7931,#7933);
#7935=EDGE_CURVE('',#7921,#7930,#7934,.T.);
#7936=ORIENTED_EDGE('',*,*,#7935,.T.);
#7937=CARTESIAN_POINT('',(11.588513649129,21.889567587177,-21.447254021229));
#7938=VERTEX_POINT('',#7937);
#7939=CARTESIAN_POINT('',(11.830180315797,20.36286694104,-21.447254021229));
#7940=DIRECTION('',(0.15634676351783,0.98770222716034,9.1937426551464E-15));
#7941=DIRECTION('',(4.7256120095551E-26,-1.0221013348904E-14,1.));
#7942=AXIS2_PLACEMENT_3D('',#7939,#7941,#7940);
#7943=CIRCLE('',#7942,1.5457094295811);
#7944=EDGE_CURVE('',#7930,#7938,#7943,.T.);
#7945=ORIENTED_EDGE('',*,*,#7944,.T.);
#7946=CARTESIAN_POINT('',(11.588513649124,21.003985421605,-21.447254021228));
#7947=VERTEX_POINT('',#7946);
#7948=CARTESIAN_POINT('',(11.588513649129,21.889567587177,-21.447254021229));
#7949=DIRECTION('',(-5.64650542582E-12,-1.,1.12729522178E-12));
#7950=VECTOR('',#7949,0.885582165572);
#7951=LINE('',#7948,#7950);
#7952=EDGE_CURVE('',#7938,#7947,#7951,.T.);
#7953=ORIENTED_EDGE('',*,*,#7952,.T.);
#7954=CARTESIAN_POINT('',(11.189061835223,20.604533607704,-21.447254021228));
#7955=VERTEX_POINT('',#7954);
#7956=CARTESIAN_POINT('',(11.189061835223,21.003985421605,-21.42631963873));
#7957=DIRECTION('',(0.99862953475457,-1.2434497875826E-13,-0.052335956242948));
#7958=DIRECTION('',(-0.052264427688713,0.052264427688713,-0.99726468863424));
#7959=AXIS2_PLACEMENT_3D('',#7956,#7958,#7957);
#7960=CIRCLE('',#7959,0.39999999999922);
#7961=EDGE_CURVE('',#7947,#7955,#7960,.T.);
#7962=ORIENTED_EDGE('',*,*,#7961,.T.);
#7963=CARTESIAN_POINT('',(11.189061835223,20.604533607704,-21.447254021228));
#7964=DIRECTION('',(-1.,-2.2582009976385E-11,-1.1272952217737E-12));
#7965=VECTOR('',#7964,0.885582165577);
#7966=LINE('',#7963,#7965);
#7967=EDGE_CURVE('',#7955,#7825,#7966,.T.);
#7968=ORIENTED_EDGE('',*,*,#7967,.T.);
#7969=EDGE_LOOP('',(#7834,#7842,#7851,#7859,#7868,#7876,#7885,#7893,#7902,#7911,#7919,#7928,#7936,#7945,#7953,#7962,#7968));
#7970=FACE_BOUND('',#7969,.T.);
#7971=ADVANCED_FACE('',(#7823,#7970),#7820,.T.);
#7972=CARTESIAN_POINT('',(11.830180315791,-18.637133058963,-21.24725402123));
#7973=DIRECTION('',(-0.98526134223671,-0.17105580228078,4.222677600366E-15));
#7974=DIRECTION('',(-3.4513913974566E-22,2.4685967293217E-14,1.));
#7975=AXIS2_PLACEMENT_3D('',#7972,#7974,#7973);
#7976=TOROIDAL_SURFACE('',#7975,1.5457094295847,0.20000000000003);
#7977=CARTESIAN_POINT('',(10.460707794355,-18.874893559365,-21.372719928809));
#7978=VERTEX_POINT('',#7977);
#7979=CARTESIAN_POINT('',(10.460707794355,-18.874893559365,-21.372719928809));
#7980=CARTESIAN_POINT('',(10.422430166866,-18.87737473136,-21.420063510781));
#7981=CARTESIAN_POINT('',(10.364482633627,-18.878799725612,-21.447254021229));
#7982=CARTESIAN_POINT('',(10.303479669665,-18.878799725612,-21.447254021229));
#7983=B_SPLINE_CURVE_WITH_KNOTS('',3,(#7979,#7980,#7981,#7982),.UNSPECIFIED.,.F.,.U.,(4,4),(0.,1.),.UNSPECIFIED.);
#7984=EDGE_CURVE('',#7978,#7359,#7983,.T.);
#7985=ORIENTED_EDGE('',*,*,#7984,.T.);
#7986=ORIENTED_EDGE('',*,*,#7365,.F.);
#7987=CARTESIAN_POINT('',(10.460707794355,-18.399372558561,-21.372719928809));
#7988=VERTEX_POINT('',#7987);
#7989=CARTESIAN_POINT('',(10.303479669664,-18.395466392313,-21.447254021229));
#7990=CARTESIAN_POINT('',(10.364482633627,-18.395466392313,-21.447254021229));
#7991=CARTESIAN_POINT('',(10.422430166865,-18.396891386566,-21.420063510782));
#7992=CARTESIAN_POINT('',(10.460707794355,-18.399372558561,-21.372719928809));
#7993=B_SPLINE_CURVE_WITH_KNOTS('',3,(#7989,#7990,#7991,#7992),.UNSPECIFIED.,.F.,.U.,(4,4),(0.,1.),.UNSPECIFIED.);
#7994=EDGE_CURVE('',#7357,#7988,#7993,.T.);
#7995=ORIENTED_EDGE('',*,*,#7994,.T.);
#7996=CARTESIAN_POINT('',(11.830180315791,-18.637133058963,-21.372719928803));
#7997=DIRECTION('',(-0.98526134114128,0.17105580859034,-4.0895762583925E-14));
#7998=DIRECTION('',(-4.2000270325354E-14,7.4712024764282E-15,1.));
#7999=AXIS2_PLACEMENT_3D('',#7996,#7998,#7997);
#8000=CIRCLE('',#7999,1.3899586477733);
#8001=EDGE_CURVE('',#7988,#7978,#8000,.T.);
#8002=ORIENTED_EDGE('',*,*,#8001,.T.);
#8003=EDGE_LOOP('',(#7985,#7986,#7995,#8002));
#8004=FACE_OUTER_BOUND('',#8003,.T.);
#8005=ADVANCED_FACE('',(#8004),#7976,.T.);
#8006=CARTESIAN_POINT('',(10.985699151952,-18.839097233083,-20.689685334098));
#8007=DIRECTION('',(1.,0.,2.6037908407783E-15));
#8008=DIRECTION('',(1.3627188350876E-16,0.99862953475457,-0.052335956242948));
#8009=AXIS2_PLACEMENT_3D('',#8006,#8008,#8007);
#8010=PLANE('',#8009);
#8011=CARTESIAN_POINT('',(11.24331608327,-18.824545477727,-20.412021301109));
#8012=VERTEX_POINT('',#8011);
#8013=CARTESIAN_POINT('',(10.460707794351,-18.874893559365,-21.372719928815));
#8014=CARTESIAN_POINT('',(11.004434641494,-18.839648955291,-20.700212820965));
#8015=CARTESIAN_POINT('',(11.243316083424,-18.824545477717,-20.412021300922));
#8016=(BOUNDED_CURVE()B_SPLINE_CURVE(2,(#8013,#8014,#8015),.HYPERBOLIC_ARC.,.F.,.U.)B_SPLINE_CURVE_WITH_KNOTS((3,3),(0.76570789322793,0.99222112219834),.UNSPECIFIED.)CURVE()GEOMETRIC_REPRESENTATION_ITEM()RATIONAL_B_SPLINE_CURVE((1.0392865799709,1.6099876353248,2.1054379697445))REPRESENTATION_ITEM(''));
#8017=EDGE_CURVE('',#7978,#8012,#8016,.T.);
#8018=ORIENTED_EDGE('',*,*,#8017,.T.);
#8019=CARTESIAN_POINT('',(11.24331608327,-18.824545477727,-20.412021301109));
#8020=DIRECTION('',(-0.052264427827457,-0.052264427688738,-0.99726468862696));
#8021=VECTOR('',#8020,1.0380721707336);
#8022=LINE('',#8019,#8021);
#8023=EDGE_CURVE('',#8012,#7368,#8022,.T.);
#8024=ORIENTED_EDGE('',*,*,#8023,.T.);
#8025=ORIENTED_EDGE('',*,*,#7373,.F.);
#8026=ORIENTED_EDGE('',*,*,#7984,.F.);
#8027=EDGE_LOOP('',(#8018,#8024,#8025,#8026));
#8028=FACE_OUTER_BOUND('',#8027,.T.);
#8029=ADVANCED_FACE('',(#8028),#8010,.T.);
#8030=CARTESIAN_POINT('',(11.189061835223,-19.278251539531,-21.42631963873));
#8031=DIRECTION('',(-1.6544547953856E-08,0.99862953479989,-0.052335955378249));
#8032=DIRECTION('',(0.05226442768871,0.052264427688713,0.99726468863424));
#8033=AXIS2_PLACEMENT_3D('',#8030,#8032,#8031);
#8034=CYLINDRICAL_SURFACE('',#8033,0.39999999999999);
#8035=ORIENTED_EDGE('',*,*,#8023,.F.);
#8036=CARTESIAN_POINT('',(11.642767898288,-19.223997271535,-20.412021277042));
#8037=VERTEX_POINT('',#8036);
#8038=CARTESIAN_POINT('',(11.243316083273,-18.824545477727,-20.412021301106));
#8039=CARTESIAN_POINT('',(11.309601834877,-18.819706366118,-20.331107154577));
#8040=CARTESIAN_POINT('',(11.417806969618,-18.847650828942,-20.220684678093));
#8041=CARTESIAN_POINT('',(11.485216493239,-18.882332560677,-20.171047935682));
#8042=CARTESIAN_POINT('',(11.54561453193,-18.931048120746,-20.152470759896));
#8043=CARTESIAN_POINT('',(11.605578820593,-19.01281798589,-20.187178331848));
#8044=CARTESIAN_POINT('',(11.648989180732,-19.1446434293,-20.314561368361));
#8045=CARTESIAN_POINT('',(11.642767898288,-19.223997271532,-20.412021277039));
#8046=B_SPLINE_CURVE_WITH_KNOTS('',2,(#8038,#8039,#8040,#8041,#8042,#8043,#8044,#8045),.UNSPECIFIED.,.F.,.U.,(3,1,1,1,1,1,3),(0.,0.24726514607194,0.37220200284784,0.46008515374245,0.55756161113096,0.7034183465623,1.),.UNSPECIFIED.);
#8047=EDGE_CURVE('',#8012,#8037,#8046,.T.);
#8048=ORIENTED_EDGE('',*,*,#8047,.T.);
#8049=CARTESIAN_POINT('',(11.642767898288,-19.223997271535,-20.412021277042));
#8050=DIRECTION('',(-0.052264427639277,-0.052264445780595,-0.99726468768867));
#8051=VECTOR('',#8050,1.0380721958433);
#8052=LINE('',#8049,#8051);
#8053=EDGE_CURVE('',#8037,#7376,#8052,.T.);
#8054=ORIENTED_EDGE('',*,*,#8053,.T.);
#8055=ORIENTED_EDGE('',*,*,#7382,.F.);
#8056=EDGE_LOOP('',(#8035,#8048,#8054,#8055));
#8057=FACE_OUTER_BOUND('',#8056,.T.);
#8058=ADVANCED_FACE('',(#8057),#8034,.T.);
#8059=CARTESIAN_POINT('',(11.628216141671,-19.481614222819,-20.689685334098));
#8060=DIRECTION('',(0.,-1.,0.));
#8061=DIRECTION('',(0.99862953475457,0.,-0.052335956242941));
#8062=AXIS2_PLACEMENT_3D('',#8059,#8061,#8060);
#8063=PLANE('',#8062);
#8064=CARTESIAN_POINT('',(11.592419815389,-20.006605580399,-21.372719928809));
#8065=VERTEX_POINT('',#8064);
#8066=CARTESIAN_POINT('',(11.592419815389,-20.006605580399,-21.372719928809));
#8067=CARTESIAN_POINT('',(11.589938643394,-20.044883207896,-21.420063510791));
#8068=CARTESIAN_POINT('',(11.588513649126,-20.102830741133,-21.447254021229));
#8069=CARTESIAN_POINT('',(11.588513649126,-20.163833705103,-21.447254021229));
#8070=B_SPLINE_CURVE_WITH_KNOTS('',3,(#8066,#8067,#8068,#8069),.UNSPECIFIED.,.F.,.U.,(4,4),(0.,1.),.UNSPECIFIED.);
#8071=EDGE_CURVE('',#8065,#7385,#8070,.T.);
#8072=ORIENTED_EDGE('',*,*,#8071,.T.);
#8073=ORIENTED_EDGE('',*,*,#7390,.F.);
#8074=ORIENTED_EDGE('',*,*,#8053,.F.);
#8075=CARTESIAN_POINT('',(11.642767898358,-19.223997270421,-20.412021275699));
#8076=CARTESIAN_POINT('',(11.627664420765,-19.462878713173,-20.700212796121));
#8077=CARTESIAN_POINT('',(11.592419815389,-20.006605580403,-21.372719928815));
#8078=(BOUNDED_CURVE()B_SPLINE_CURVE(2,(#8075,#8076,#8077),.HYPERBOLIC_ARC.,.F.,.U.)B_SPLINE_CURVE_WITH_KNOTS((3,3),(0.0077788778016592,0.23429211973522),.UNSPECIFIED.)CURVE()GEOMETRIC_REPRESENTATION_ITEM()RATIONAL_B_SPLINE_CURVE((2.1054380264528,1.6099876679855,1.0392865799709))REPRESENTATION_ITEM(''));
#8079=EDGE_CURVE('',#8037,#8065,#8078,.T.);
#8080=ORIENTED_EDGE('',*,*,#8079,.T.);
#8081=EDGE_LOOP('',(#8072,#8073,#8074,#8080));
#8082=FACE_OUTER_BOUND('',#8081,.T.);
#8083=ADVANCED_FACE('',(#8082),#8063,.T.);
#8084=CARTESIAN_POINT('',(11.830180315791,-18.637133058958,-21.247254021229));
#8085=DIRECTION('',(0.17105580228016,-0.98526134223682,8.4453552008335E-15));
#8086=DIRECTION('',(-4.937193458638E-14,-6.9013480777893E-22,1.));
#8087=AXIS2_PLACEMENT_3D('',#8084,#8086,#8085);
#8088=TOROIDAL_SURFACE('',#8087,1.5457094295898,0.19999999999993);
#8089=CARTESIAN_POINT('',(12.067940816193,-20.006605580399,-21.372719928809));
#8090=VERTEX_POINT('',#8089);
#8091=CARTESIAN_POINT('',(12.067940816193,-20.006605580399,-21.372719928809));
#8092=CARTESIAN_POINT('',(12.070421988188,-20.044883207896,-21.420063510792));
#8093=CARTESIAN_POINT('',(12.071846982457,-20.102830741133,-21.447254021229));
#8094=CARTESIAN_POINT('',(12.071846982457,-20.163833705104,-21.447254021229));
#8095=B_SPLINE_CURVE_WITH_KNOTS('',3,(#8091,#8092,#8093,#8094),.UNSPECIFIED.,.F.,.U.,(4,4),(0.,1.),.UNSPECIFIED.);
#8096=EDGE_CURVE('',#8090,#7393,#8095,.T.);
#8097=ORIENTED_EDGE('',*,*,#8096,.T.);
#8098=ORIENTED_EDGE('',*,*,#7399,.F.);
#8099=ORIENTED_EDGE('',*,*,#8071,.F.);
#8100=CARTESIAN_POINT('',(11.830180315791,-18.637133058948,-21.372719928804));
#8101=DIRECTION('',(-0.17105580858853,-0.98526134114159,1.2268728775047E-13));
#8102=DIRECTION('',(-0.,1.2464596354756E-13,1.));
#8103=AXIS2_PLACEMENT_3D('',#8100,#8102,#8101);
#8104=CIRCLE('',#8103,1.389958647788);
#8105=EDGE_CURVE('',#8065,#8090,#8104,.T.);
#8106=ORIENTED_EDGE('',*,*,#8105,.T.);
#8107=EDGE_LOOP('',(#8097,#8098,#8099,#8106));
#8108=FACE_OUTER_BOUND('',#8107,.T.);
#8109=ADVANCED_FACE('',(#8108),#8088,.T.);
#8110=CARTESIAN_POINT('',(12.032144489911,-19.48161422282,-20.689685334098));
#8111=DIRECTION('',(0.,1.,-2.6037908408165E-15));
#8112=DIRECTION('',(-0.99862953475457,-1.3627188351076E-16,-0.052335956242948));
#8113=AXIS2_PLACEMENT_3D('',#8110,#8112,#8111);
#8114=PLANE('',#8113);
#8115=CARTESIAN_POINT('',(12.017592734555,-19.223997291484,-20.412021301109));
#8116=VERTEX_POINT('',#8115);
#8117=CARTESIAN_POINT('',(12.067940816193,-20.006605580403,-21.372719928815));
#8118=CARTESIAN_POINT('',(12.032696212119,-19.46287873326,-20.700212820965));
#8119=CARTESIAN_POINT('',(12.017592734545,-19.22399729133,-20.412021300922));
#8120=(BOUNDED_CURVE()B_SPLINE_CURVE(2,(#8117,#8118,#8119),.HYPERBOLIC_ARC.,.F.,.U.)B_SPLINE_CURVE_WITH_KNOTS((3,3),(0.76570789322793,0.99222112219834),.UNSPECIFIED.)CURVE()GEOMETRIC_REPRESENTATION_ITEM()RATIONAL_B_SPLINE_CURVE((1.0392865799709,1.6099876353248,2.1054379697445))REPRESENTATION_ITEM(''));
#8121=EDGE_CURVE('',#8090,#8116,#8120,.T.);
#8122=ORIENTED_EDGE('',*,*,#8121,.T.);
#8123=CARTESIAN_POINT('',(12.017592734555,-19.223997291484,-20.412021301109));
#8124=DIRECTION('',(0.052264427688738,-0.052264427827455,-0.99726468862696));
#8125=VECTOR('',#8124,1.0380721707336);
#8126=LINE('',#8123,#8125);
#8127=EDGE_CURVE('',#8116,#7402,#8126,.T.);
#8128=ORIENTED_EDGE('',*,*,#8127,.T.);
#8129=ORIENTED_EDGE('',*,*,#7407,.F.);
#8130=ORIENTED_EDGE('',*,*,#8096,.F.);
#8131=EDGE_LOOP('',(#8122,#8128,#8129,#8130));
#8132=FACE_OUTER_BOUND('',#8131,.T.);
#8133=ADVANCED_FACE('',(#8132),#8114,.T.);
#8134=CARTESIAN_POINT('',(12.471298796359,-19.278251539531,-21.42631963873));
#8135=DIRECTION('',(-0.99862953479989,-1.6544516867611E-08,-0.052335955378257));
#8136=DIRECTION('',(-0.052264427688716,0.052264427688719,0.99726468863424));
#8137=AXIS2_PLACEMENT_3D('',#8134,#8136,#8135);
#8138=CYLINDRICAL_SURFACE('',#8137,0.4);
#8139=ORIENTED_EDGE('',*,*,#8127,.F.);
#8140=CARTESIAN_POINT('',(12.417044528363,-18.824545476466,-20.412021277042));
#8141=VERTEX_POINT('',#8140);
#8142=CARTESIAN_POINT('',(12.017592734555,-19.223997291481,-20.412021301106));
#8143=CARTESIAN_POINT('',(12.012753622946,-19.157711539877,-20.331107154577));
#8144=CARTESIAN_POINT('',(12.04069808577,-19.049506405136,-20.220684678093));
#8145=CARTESIAN_POINT('',(12.075379817505,-18.982096881515,-20.171047935682));
#8146=CARTESIAN_POINT('',(12.124095377574,-18.921698842824,-20.152470759896));
#8147=CARTESIAN_POINT('',(12.205865242718,-18.861734554161,-20.187178331848));
#8148=CARTESIAN_POINT('',(12.337690686128,-18.818324194022,-20.314561368361));
#8149=CARTESIAN_POINT('',(12.41704452836,-18.824545476466,-20.412021277039));
#8150=B_SPLINE_CURVE_WITH_KNOTS('',2,(#8142,#8143,#8144,#8145,#8146,#8147,#8148,#8149),.UNSPECIFIED.,.F.,.U.,(3,1,1,1,1,1,3),(0.,0.24726514607194,0.37220200284784,0.46008515374245,0.55756161113096,0.7034183465623,1.),.UNSPECIFIED.);
#8151=EDGE_CURVE('',#8116,#8141,#8150,.T.);
#8152=ORIENTED_EDGE('',*,*,#8151,.T.);
#8153=CARTESIAN_POINT('',(12.417044528363,-18.824545476466,-20.412021277042));
#8154=DIRECTION('',(0.052264445780597,-0.052264427639277,-0.99726468768867));
#8155=VECTOR('',#8154,1.0380721958433);
#8156=LINE('',#8153,#8155);
#8157=EDGE_CURVE('',#8141,#7410,#8156,.T.);
#8158=ORIENTED_EDGE('',*,*,#8157,.T.);
#8159=ORIENTED_EDGE('',*,*,#7416,.F.);
#8160=EDGE_LOOP('',(#8139,#8152,#8158,#8159));
#8161=FACE_OUTER_BOUND('',#8160,.T.);
#8162=ADVANCED_FACE('',(#8161),#8138,.T.);
#8163=CARTESIAN_POINT('',(12.674661479649,-18.839097233083,-20.689685334098));
#8164=DIRECTION('',(1.,0.,2.6037908408165E-15));
#8165=DIRECTION('',(1.3627188351076E-16,0.99862953475457,-0.052335956242948));
#8166=AXIS2_PLACEMENT_3D('',#8163,#8165,#8164);
#8167=PLANE('',#8166);
#8168=CARTESIAN_POINT('',(13.199652837227,-18.874893559365,-21.372719928809));
#8169=VERTEX_POINT('',#8168);
#8170=CARTESIAN_POINT('',(13.199652837227,-18.874893559365,-21.372719928809));
#8171=CARTESIAN_POINT('',(13.237930464726,-18.87737473136,-21.420063510793));
#8172=CARTESIAN_POINT('',(13.295877997962,-18.878799725626,-21.447254021229));
#8173=CARTESIAN_POINT('',(13.356880961934,-18.878799725626,-21.447254021229));
#8174=B_SPLINE_CURVE_WITH_KNOTS('',3,(#8170,#8171,#8172,#8173),.UNSPECIFIED.,.F.,.U.,(4,4),(0.,1.),.UNSPECIFIED.);
#8175=EDGE_CURVE('',#8169,#7419,#8174,.T.);
#8176=ORIENTED_EDGE('',*,*,#8175,.T.);
#8177=ORIENTED_EDGE('',*,*,#7424,.F.);
#8178=ORIENTED_EDGE('',*,*,#8157,.F.);
#8179=CARTESIAN_POINT('',(12.417044527249,-18.824545476396,-20.412021275699));
#8180=CARTESIAN_POINT('',(12.655925970001,-18.839648953989,-20.700212796121));
#8181=CARTESIAN_POINT('',(13.199652837231,-18.874893559365,-21.372719928815));
#8182=(BOUNDED_CURVE()B_SPLINE_CURVE(2,(#8179,#8180,#8181),.HYPERBOLIC_ARC.,.F.,.U.)B_SPLINE_CURVE_WITH_KNOTS((3,3),(0.0077788778016591,0.23429211973522),.UNSPECIFIED.)CURVE()GEOMETRIC_REPRESENTATION_ITEM()RATIONAL_B_SPLINE_CURVE((2.1054380264528,1.6099876679855,1.0392865799709))REPRESENTATION_ITEM(''));
#8183=EDGE_CURVE('',#8141,#8169,#8182,.T.);
#8184=ORIENTED_EDGE('',*,*,#8183,.T.);
#8185=EDGE_LOOP('',(#8176,#8177,#8178,#8184));
#8186=FACE_OUTER_BOUND('',#8185,.T.);
#8187=ADVANCED_FACE('',(#8186),#8167,.T.);
#8188=CARTESIAN_POINT('',(11.830180315813,-18.637133058965,-21.247254021221));
#8189=DIRECTION('',(1.,-7.6638720751576E-09,-5.7183049358059E-12));
#8190=DIRECTION('',(5.7183049320246E-12,-4.9339688476574E-13,1.));
#8191=AXIS2_PLACEMENT_3D('',#8188,#8190,#8189);
#8192=TOROIDAL_SURFACE('',#8191,1.5457094295629,0.19999999999996);
#8193=ORIENTED_EDGE('',*,*,#7433,.F.);
#8194=ORIENTED_EDGE('',*,*,#8175,.F.);
#8195=CARTESIAN_POINT('',(13.22013896356,-18.637133058963,-21.372719928804));
#8196=VERTEX_POINT('',#8195);
#8197=CARTESIAN_POINT('',(11.830180315822,-18.637133058979,-21.372719928804));
#8198=DIRECTION('',(0.98526134114256,-0.17105580858294,1.5847108001674E-13));
#8199=DIRECTION('',(-1.6168254916977E-13,1.3931031953811E-14,1.));
#8200=AXIS2_PLACEMENT_3D('',#8197,#8199,#8198);
#8201=CIRCLE('',#8200,1.3899586477379);
#8202=EDGE_CURVE('',#8169,#8196,#8201,.T.);
#8203=ORIENTED_EDGE('',*,*,#8202,.T.);
#8204=CARTESIAN_POINT('',(13.375889745376,-18.637133058954,-21.247254021229));
#8205=DIRECTION('',(-0.77875390908084,-4.3876013933184E-12,-0.62732953787568));
#8206=DIRECTION('',(5.6521743428553E-12,-1.,-9.9608039404257E-15));
#8207=AXIS2_PLACEMENT_3D('',#8204,#8206,#8205);
#8208=CIRCLE('',#8207,0.20000000000001);
#8209=EDGE_CURVE('',#8196,#7427,#8208,.T.);
#8210=ORIENTED_EDGE('',*,*,#8209,.T.);
#8211=EDGE_LOOP('',(#8193,#8194,#8203,#8210));
#8212=FACE_OUTER_BOUND('',#8211,.T.);
#8213=ADVANCED_FACE('',(#8212),#8192,.T.);
#8214=CARTESIAN_POINT('',(11.830180315768,-18.637133058965,-21.247254021236));
#8215=DIRECTION('',(0.98526134114887,0.17105580854662,4.7658308809971E-12));
#8216=DIRECTION('',(-4.7699344318009E-12,-3.8700168144684E-13,1.));
#8217=AXIS2_PLACEMENT_3D('',#8214,#8216,#8215);
#8218=TOROIDAL_SURFACE('',#8217,1.5457094296077,0.19999999999998);
#8219=CARTESIAN_POINT('',(13.199652837227,-18.399372558561,-21.372719928809));
#8220=VERTEX_POINT('',#8219);
#8221=CARTESIAN_POINT('',(11.830180315791,-18.637133058963,-21.372719928803));
#8222=DIRECTION('',(1.,7.6679554844851E-15,5.1119703229901E-15));
#8223=DIRECTION('',(-4.0420637293263E-15,-3.4827579889112E-16,1.));
#8224=AXIS2_PLACEMENT_3D('',#8221,#8223,#8222);
#8225=CIRCLE('',#8224,1.3899586477734);
#8226=EDGE_CURVE('',#8196,#8220,#8225,.T.);
#8227=ORIENTED_EDGE('',*,*,#8226,.T.);
#8228=CARTESIAN_POINT('',(13.199652837227,-18.399372558561,-21.372719928809));
#8229=CARTESIAN_POINT('',(13.237930464726,-18.396891386566,-21.420063510793));
#8230=CARTESIAN_POINT('',(13.295877997962,-18.3954663923,-21.447254021229));
#8231=CARTESIAN_POINT('',(13.356880961934,-18.3954663923,-21.447254021229));
#8232=B_SPLINE_CURVE_WITH_KNOTS('',3,(#8228,#8229,#8230,#8231),.UNSPECIFIED.,.F.,.U.,(4,4),(0.,1.),.UNSPECIFIED.);
#8233=EDGE_CURVE('',#8220,#7436,#8232,.T.);
#8234=ORIENTED_EDGE('',*,*,#8233,.T.);
#8235=ORIENTED_EDGE('',*,*,#7442,.F.);
#8236=ORIENTED_EDGE('',*,*,#8209,.F.);
#8237=EDGE_LOOP('',(#8227,#8234,#8235,#8236));
#8238=FACE_OUTER_BOUND('',#8237,.T.);
#8239=ADVANCED_FACE('',(#8238),#8218,.T.);
#8240=CARTESIAN_POINT('',(12.674661479649,-18.435168884843,-20.689685334098));
#8241=DIRECTION('',(-1.,0.,-2.6037908408165E-15));
#8242=DIRECTION('',(1.3627188351075E-16,-0.99862953475457,-0.052335956242944));
#8243=AXIS2_PLACEMENT_3D('',#8240,#8242,#8241);
#8244=PLANE('',#8243);
#8245=CARTESIAN_POINT('',(12.417044548312,-18.449720640199,-20.412021301109));
#8246=VERTEX_POINT('',#8245);
#8247=CARTESIAN_POINT('',(13.199652837231,-18.399372558561,-21.372719928815));
#8248=CARTESIAN_POINT('',(12.655925990088,-18.434617162635,-20.700212820965));
#8249=CARTESIAN_POINT('',(12.417044548158,-18.449720640209,-20.412021300922));
#8250=(BOUNDED_CURVE()B_SPLINE_CURVE(2,(#8247,#8248,#8249),.HYPERBOLIC_ARC.,.F.,.U.)B_SPLINE_CURVE_WITH_KNOTS((3,3),(0.76570789322793,0.99222112219834),.UNSPECIFIED.)CURVE()GEOMETRIC_REPRESENTATION_ITEM()RATIONAL_B_SPLINE_CURVE((1.0392865799709,1.6099876353248,2.1054379697445))REPRESENTATION_ITEM(''));
#8251=EDGE_CURVE('',#8220,#8246,#8250,.T.);
#8252=ORIENTED_EDGE('',*,*,#8251,.T.);
#8253=CARTESIAN_POINT('',(12.417044548312,-18.449720640199,-20.412021301109));
#8254=DIRECTION('',(0.052264427827455,0.052264427688738,-0.99726468862696));
#8255=VECTOR('',#8254,1.0380721707336);
#8256=LINE('',#8253,#8255);
#8257=EDGE_CURVE('',#8246,#7445,#8256,.T.);
#8258=ORIENTED_EDGE('',*,*,#8257,.T.);
#8259=ORIENTED_EDGE('',*,*,#7450,.F.);
#8260=ORIENTED_EDGE('',*,*,#8233,.F.);
#8261=EDGE_LOOP('',(#8252,#8258,#8259,#8260));
#8262=FACE_OUTER_BOUND('',#8261,.T.);
#8263=ADVANCED_FACE('',(#8262),#8244,.T.);
#8264=CARTESIAN_POINT('',(12.471298796359,-17.996014578395,-21.42631963873));
#8265=DIRECTION('',(1.6544503544936E-08,-0.99862953479989,-0.052335955378241));
#8266=DIRECTION('',(-0.052264427688706,-0.052264427688697,0.99726468863424));
#8267=AXIS2_PLACEMENT_3D('',#8264,#8266,#8265);
#8268=CYLINDRICAL_SURFACE('',#8267,0.39999999999999);
#8269=ORIENTED_EDGE('',*,*,#8257,.F.);
#8270=CARTESIAN_POINT('',(12.017592733294,-18.050268846391,-20.412021277042));
#8271=VERTEX_POINT('',#8270);
#8272=CARTESIAN_POINT('',(12.417044548309,-18.449720640199,-20.412021301106));
#8273=CARTESIAN_POINT('',(12.350758796705,-18.454559751808,-20.331107154577));
#8274=CARTESIAN_POINT('',(12.242553661964,-18.426615288984,-20.220684678093));
#8275=CARTESIAN_POINT('',(12.175144138343,-18.391933557249,-20.171047935682));
#8276=CARTESIAN_POINT('',(12.114746099652,-18.34321799718,-20.152470759896));
#8277=CARTESIAN_POINT('',(12.054781810989,-18.261448132036,-20.187178331848));
#8278=CARTESIAN_POINT('',(12.01137145085,-18.129622688626,-20.314561368361));
#8279=CARTESIAN_POINT('',(12.017592733294,-18.050268846394,-20.412021277039));
#8280=B_SPLINE_CURVE_WITH_KNOTS('',2,(#8272,#8273,#8274,#8275,#8276,#8277,#8278,#8279),.UNSPECIFIED.,.F.,.U.,(3,1,1,1,1,1,3),(0.,0.24726514607194,0.37220200284784,0.46008515374245,0.55756161113096,0.7034183465623,1.),.UNSPECIFIED.);
#8281=EDGE_CURVE('',#8246,#8271,#8280,.T.);
#8282=ORIENTED_EDGE('',*,*,#8281,.T.);
#8283=CARTESIAN_POINT('',(12.017592733294,-18.050268846391,-20.412021277042));
#8284=DIRECTION('',(0.052264427639277,0.052264445780598,-0.99726468768867));
#8285=VECTOR('',#8284,1.0380721958433);
#8286=LINE('',#8283,#8285);
#8287=EDGE_CURVE('',#8271,#7453,#8286,.T.);
#8288=ORIENTED_EDGE('',*,*,#8287,.T.);
#8289=ORIENTED_EDGE('',*,*,#7459,.F.);
#8290=EDGE_LOOP('',(#8269,#8282,#8288,#8289));
#8291=FACE_OUTER_BOUND('',#8290,.T.);
#8292=ADVANCED_FACE('',(#8291),#8268,.T.);
#8293=CARTESIAN_POINT('',(12.032144489911,-17.792651895109,-20.689685334098));
#8294=DIRECTION('',(0.,1.,-2.6037908408012E-15));
#8295=DIRECTION('',(-0.99862953475457,-1.3627188350996E-16,-0.052335956242948));
#8296=AXIS2_PLACEMENT_3D('',#8293,#8295,#8294);
#8297=PLANE('',#8296);
#8298=CARTESIAN_POINT('',(12.067940816193,-17.267660537527,-21.372719928809));
#8299=VERTEX_POINT('',#8298);
#8300=CARTESIAN_POINT('',(12.067940816193,-17.267660537527,-21.372719928809));
#8301=CARTESIAN_POINT('',(12.070421988188,-17.229382910031,-21.42006351079));
#8302=CARTESIAN_POINT('',(12.071846982454,-17.171435376794,-21.447254021229));
#8303=CARTESIAN_POINT('',(12.071846982454,-17.110432412824,-21.447254021229));
#8304=B_SPLINE_CURVE_WITH_KNOTS('',3,(#8300,#8301,#8302,#8303),.UNSPECIFIED.,.F.,.U.,(4,4),(0.,1.),.UNSPECIFIED.);
#8305=EDGE_CURVE('',#8299,#7462,#8304,.T.);
#8306=ORIENTED_EDGE('',*,*,#8305,.T.);
#8307=ORIENTED_EDGE('',*,*,#7467,.F.);
#8308=ORIENTED_EDGE('',*,*,#8287,.F.);
#8309=CARTESIAN_POINT('',(12.017592733224,-18.050268847505,-20.412021275699));
#8310=CARTESIAN_POINT('',(12.032696210817,-17.811387404753,-20.700212796121));
#8311=CARTESIAN_POINT('',(12.067940816193,-17.267660537523,-21.372719928815));
#8312=(BOUNDED_CURVE()B_SPLINE_CURVE(2,(#8309,#8310,#8311),.HYPERBOLIC_ARC.,.F.,.U.)B_SPLINE_CURVE_WITH_KNOTS((3,3),(0.0077788778016592,0.23429211973522),.UNSPECIFIED.)CURVE()GEOMETRIC_REPRESENTATION_ITEM()RATIONAL_B_SPLINE_CURVE((2.1054380264528,1.6099876679854,1.0392865799709))REPRESENTATION_ITEM(''));
#8313=EDGE_CURVE('',#8271,#8299,#8312,.T.);
#8314=ORIENTED_EDGE('',*,*,#8313,.T.);
#8315=EDGE_LOOP('',(#8306,#8307,#8308,#8314));
#8316=FACE_OUTER_BOUND('',#8315,.T.);
#8317=ADVANCED_FACE('',(#8316),#8297,.T.);
#8318=CARTESIAN_POINT('',(11.830180315791,-18.637133058971,-21.247254021233));
#8319=DIRECTION('',(-0.17105580227986,0.98526134223687,2.1409962490665E-12));
#8320=DIRECTION('',(-3.7028955687575E-14,-2.1794524708684E-12,1.));
#8321=AXIS2_PLACEMENT_3D('',#8318,#8320,#8319);
#8322=TOROIDAL_SURFACE('',#8321,1.545709429593,0.20000000000004);
#8323=CARTESIAN_POINT('',(11.592419815389,-17.267660537527,-21.372719928809));
#8324=VERTEX_POINT('',#8323);
#8325=CARTESIAN_POINT('',(11.592419815389,-17.267660537527,-21.372719928809));
#8326=CARTESIAN_POINT('',(11.589938643394,-17.229382910031,-21.42006351079));
#8327=CARTESIAN_POINT('',(11.588513649129,-17.171435376794,-21.447254021229));
#8328=CARTESIAN_POINT('',(11.588513649129,-17.110432412825,-21.447254021229));
#8329=B_SPLINE_CURVE_WITH_KNOTS('',3,(#8325,#8326,#8327,#8328),.UNSPECIFIED.,.F.,.U.,(4,4),(0.,1.),.UNSPECIFIED.);
#8330=EDGE_CURVE('',#8324,#7470,#8329,.T.);
#8331=ORIENTED_EDGE('',*,*,#8330,.T.);
#8332=ORIENTED_EDGE('',*,*,#7476,.F.);
#8333=ORIENTED_EDGE('',*,*,#8305,.F.);
#8334=CARTESIAN_POINT('',(11.830180315791,-18.637133058963,-21.372719928804));
#8335=DIRECTION('',(0.17105580859035,0.98526134114127,1.0223940645981E-14));
#8336=DIRECTION('',(0.,-9.4839320089506E-15,1.));
#8337=AXIS2_PLACEMENT_3D('',#8334,#8336,#8335);
#8338=CIRCLE('',#8337,1.3899586477732);
#8339=EDGE_CURVE('',#8299,#8324,#8338,.T.);
#8340=ORIENTED_EDGE('',*,*,#8339,.T.);
#8341=EDGE_LOOP('',(#8331,#8332,#8333,#8340));
#8342=FACE_OUTER_BOUND('',#8341,.T.);
#8343=ADVANCED_FACE('',(#8342),#8322,.T.);
#8344=CARTESIAN_POINT('',(11.628216141671,-17.79265189511,-20.689685334098));
#8345=DIRECTION('',(0.,-1.,2.6037908408088E-15));
#8346=DIRECTION('',(0.99862953475457,-1.3627188351034E-16,-0.052335956242941));
#8347=AXIS2_PLACEMENT_3D('',#8344,#8346,#8345);
#8348=PLANE('',#8347);
#8349=CARTESIAN_POINT('',(11.642767897027,-18.050268826442,-20.412021301109));
#8350=VERTEX_POINT('',#8349);
#8351=CARTESIAN_POINT('',(11.592419815389,-17.267660537523,-21.372719928815));
#8352=CARTESIAN_POINT('',(11.627664419463,-17.811387384666,-20.700212820965));
#8353=CARTESIAN_POINT('',(11.642767897037,-18.050268826596,-20.412021300922));
#8354=(BOUNDED_CURVE()B_SPLINE_CURVE(2,(#8351,#8352,#8353),.HYPERBOLIC_ARC.,.F.,.U.)B_SPLINE_CURVE_WITH_KNOTS((3,3),(0.76570789322793,0.99222112219834),.UNSPECIFIED.)CURVE()GEOMETRIC_REPRESENTATION_ITEM()RATIONAL_B_SPLINE_CURVE((1.0392865799709,1.6099876353248,2.1054379697445))REPRESENTATION_ITEM(''));
#8355=EDGE_CURVE('',#8324,#8350,#8354,.T.);
#8356=ORIENTED_EDGE('',*,*,#8355,.T.);
#8357=CARTESIAN_POINT('',(11.642767897027,-18.050268826442,-20.412021301109));
#8358=DIRECTION('',(-0.052264427688738,0.052264427827459,-0.99726468862696));
#8359=VECTOR('',#8358,1.0380721707336);
#8360=LINE('',#8357,#8359);
#8361=EDGE_CURVE('',#8350,#7479,#8360,.T.);
#8362=ORIENTED_EDGE('',*,*,#8361,.T.);
#8363=ORIENTED_EDGE('',*,*,#7484,.F.);
#8364=ORIENTED_EDGE('',*,*,#8330,.F.);
#8365=EDGE_LOOP('',(#8356,#8362,#8363,#8364));
#8366=FACE_OUTER_BOUND('',#8365,.T.);
#8367=ADVANCED_FACE('',(#8366),#8348,.T.);
#8368=CARTESIAN_POINT('',(11.189061835223,-17.996014578395,-21.42631963873));
#8369=DIRECTION('',(0.99862953479989,1.6544499104044E-08,-0.052335955378233));
#8370=DIRECTION('',(0.052264427688699,-0.052264427688707,0.99726468863424));
#8371=AXIS2_PLACEMENT_3D('',#8368,#8370,#8369);
#8372=CYLINDRICAL_SURFACE('',#8371,0.39999999999999);
#8373=ORIENTED_EDGE('',*,*,#8361,.F.);
#8374=CARTESIAN_POINT('',(11.243316103219,-18.44972064146,-20.412021277042));
#8375=VERTEX_POINT('',#8374);
#8376=CARTESIAN_POINT('',(11.642767897027,-18.050268826445,-20.412021301106));
#8377=CARTESIAN_POINT('',(11.647607008636,-18.116554578049,-20.331107154577));
#8378=CARTESIAN_POINT('',(11.619662545812,-18.22475971279,-20.220684678093));
#8379=CARTESIAN_POINT('',(11.584980814077,-18.292169236411,-20.171047935682));
#8380=CARTESIAN_POINT('',(11.536265254008,-18.352567275102,-20.152470759896));
#8381=CARTESIAN_POINT('',(11.454495388864,-18.412531563765,-20.187178331848));
#8382=CARTESIAN_POINT('',(11.322669945454,-18.455941923904,-20.314561368361));
#8383=CARTESIAN_POINT('',(11.243316103222,-18.44972064146,-20.412021277039));
#8384=B_SPLINE_CURVE_WITH_KNOTS('',2,(#8376,#8377,#8378,#8379,#8380,#8381,#8382,#8383),.UNSPECIFIED.,.F.,.U.,(3,1,1,1,1,1,3),(0.,0.24726514607194,0.37220200284784,0.46008515374245,0.55756161113096,0.7034183465623,1.),.UNSPECIFIED.);
#8385=EDGE_CURVE('',#8350,#8375,#8384,.T.);
#8386=ORIENTED_EDGE('',*,*,#8385,.T.);
#8387=CARTESIAN_POINT('',(11.243316103219,-18.44972064146,-20.412021277042));
#8388=DIRECTION('',(-0.052264445780597,0.052264427639277,-0.99726468768867));
#8389=VECTOR('',#8388,1.0380721958433);
#8390=LINE('',#8387,#8389);
#8391=EDGE_CURVE('',#8375,#7487,#8390,.T.);
#8392=ORIENTED_EDGE('',*,*,#8391,.T.);
#8393=ORIENTED_EDGE('',*,*,#7493,.F.);
#8394=EDGE_LOOP('',(#8373,#8386,#8392,#8393));
#8395=FACE_OUTER_BOUND('',#8394,.T.);
#8396=ADVANCED_FACE('',(#8395),#8372,.T.);
#8397=CARTESIAN_POINT('',(10.98569915195,-18.435168884843,-20.689685334098));
#8398=DIRECTION('',(-1.,0.,-2.603790840744E-15));
#8399=DIRECTION('',(1.3627188350695E-16,-0.99862953475457,-0.052335956242944));
#8400=AXIS2_PLACEMENT_3D('',#8397,#8399,#8398);
#8401=PLANE('',#8400);
#8402=ORIENTED_EDGE('',*,*,#7994,.F.);
#8403=ORIENTED_EDGE('',*,*,#7499,.F.);
#8404=ORIENTED_EDGE('',*,*,#8391,.F.);
#8405=CARTESIAN_POINT('',(11.243316104333,-18.44972064153,-20.412021275699));
#8406=CARTESIAN_POINT('',(11.004434661581,-18.434617163937,-20.700212796121));
#8407=CARTESIAN_POINT('',(10.460707794351,-18.399372558561,-21.372719928815));
#8408=(BOUNDED_CURVE()B_SPLINE_CURVE(2,(#8405,#8406,#8407),.HYPERBOLIC_ARC.,.F.,.U.)B_SPLINE_CURVE_WITH_KNOTS((3,3),(0.0077788778016592,0.23429211973522),.UNSPECIFIED.)CURVE()GEOMETRIC_REPRESENTATION_ITEM()RATIONAL_B_SPLINE_CURVE((2.1054380264528,1.6099876679854,1.0392865799709))REPRESENTATION_ITEM(''));
#8409=EDGE_CURVE('',#8375,#7988,#8408,.T.);
#8410=ORIENTED_EDGE('',*,*,#8409,.T.);
#8411=EDGE_LOOP('',(#8402,#8403,#8404,#8410));
#8412=FACE_OUTER_BOUND('',#8411,.T.);
#8413=ADVANCED_FACE('',(#8412),#8401,.T.);
#8414=CARTESIAN_POINT('',(-16.169819684204,-18.637133058963,-21.247254021231));
#8415=DIRECTION('',(-0.98526134223683,-0.1710558022801,9.4592365167191E-13));
#8416=DIRECTION('',(9.6864554306675E-13,-4.9371936696555E-14,1.));
#8417=AXIS2_PLACEMENT_3D('',#8414,#8416,#8415);
#8418=TOROIDAL_SURFACE('',#8417,1.5457094295902,0.20000000000002);
#8419=CARTESIAN_POINT('',(-17.539292205645,-18.874893559365,-21.372719928809));
#8420=VERTEX_POINT('',#8419);
#8421=CARTESIAN_POINT('',(-17.539292205645,-18.874893559365,-21.372719928809));
#8422=CARTESIAN_POINT('',(-17.577569833134,-18.87737473136,-21.420063510781));
#8423=CARTESIAN_POINT('',(-17.635517366373,-18.878799725612,-21.447254021229));
#8424=CARTESIAN_POINT('',(-17.696520330335,-18.878799725612,-21.447254021229));
#8425=B_SPLINE_CURVE_WITH_KNOTS('',3,(#8421,#8422,#8423,#8424),.UNSPECIFIED.,.F.,.U.,(4,4),(0.,1.),.UNSPECIFIED.);
#8426=EDGE_CURVE('',#8420,#7515,#8425,.T.);
#8427=ORIENTED_EDGE('',*,*,#8426,.T.);
#8428=ORIENTED_EDGE('',*,*,#7521,.F.);
#8429=CARTESIAN_POINT('',(-17.539292205645,-18.399372558561,-21.372719928809));
#8430=VERTEX_POINT('',#8429);
#8431=CARTESIAN_POINT('',(-17.696520330336,-18.395466392313,-21.447254021229));
#8432=CARTESIAN_POINT('',(-17.635517366373,-18.395466392313,-21.447254021229));
#8433=CARTESIAN_POINT('',(-17.577569833135,-18.396891386566,-21.420063510782));
#8434=CARTESIAN_POINT('',(-17.539292205645,-18.399372558561,-21.372719928809));
#8435=B_SPLINE_CURVE_WITH_KNOTS('',3,(#8431,#8432,#8433,#8434),.UNSPECIFIED.,.F.,.U.,(4,4),(0.,1.),.UNSPECIFIED.);
#8436=EDGE_CURVE('',#7513,#8430,#8435,.T.);
#8437=ORIENTED_EDGE('',*,*,#8436,.T.);
#8438=CARTESIAN_POINT('',(-16.169819684209,-18.637133058963,-21.372719928803));
#8439=DIRECTION('',(-0.98526134114128,0.17105580859034,-1.2779925807476E-13));
#8440=DIRECTION('',(-1.2871050583576E-13,7.4712024764283E-15,1.));
#8441=AXIS2_PLACEMENT_3D('',#8438,#8440,#8439);
#8442=CIRCLE('',#8441,1.3899586477733);
#8443=EDGE_CURVE('',#8430,#8420,#8442,.T.);
#8444=ORIENTED_EDGE('',*,*,#8443,.T.);
#8445=EDGE_LOOP('',(#8427,#8428,#8437,#8444));
#8446=FACE_OUTER_BOUND('',#8445,.T.);
#8447=ADVANCED_FACE('',(#8446),#8418,.T.);
#8448=CARTESIAN_POINT('',(-17.014300848048,-18.839097233083,-20.689685334098));
#8449=DIRECTION('',(1.,0.,2.6037908407783E-15));
#8450=DIRECTION('',(1.3627188350876E-16,0.99862953475457,-0.052335956242948));
#8451=AXIS2_PLACEMENT_3D('',#8448,#8450,#8449);
#8452=PLANE('',#8451);
#8453=CARTESIAN_POINT('',(-16.75668391673,-18.824545477727,-20.412021301109));
#8454=VERTEX_POINT('',#8453);
#8455=CARTESIAN_POINT('',(-17.539292205649,-18.874893559365,-21.372719928815));
#8456=CARTESIAN_POINT('',(-16.995565358506,-18.839648955291,-20.700212820965));
#8457=CARTESIAN_POINT('',(-16.756683916576,-18.824545477717,-20.412021300922));
#8458=(BOUNDED_CURVE()B_SPLINE_CURVE(2,(#8455,#8456,#8457),.HYPERBOLIC_ARC.,.F.,.U.)B_SPLINE_CURVE_WITH_KNOTS((3,3),(0.76570789322793,0.99222112219834),.UNSPECIFIED.)CURVE()GEOMETRIC_REPRESENTATION_ITEM()RATIONAL_B_SPLINE_CURVE((1.0392865799709,1.6099876353248,2.1054379697445))REPRESENTATION_ITEM(''));
#8459=EDGE_CURVE('',#8420,#8454,#8458,.T.);
#8460=ORIENTED_EDGE('',*,*,#8459,.T.);
#8461=CARTESIAN_POINT('',(-16.75668391673,-18.824545477727,-20.412021301109));
#8462=DIRECTION('',(-0.052264427827455,-0.052264427688738,-0.99726468862696));
#8463=VECTOR('',#8462,1.0380721707336);
#8464=LINE('',#8461,#8463);
#8465=EDGE_CURVE('',#8454,#7524,#8464,.T.);
#8466=ORIENTED_EDGE('',*,*,#8465,.T.);
#8467=ORIENTED_EDGE('',*,*,#7529,.F.);
#8468=ORIENTED_EDGE('',*,*,#8426,.F.);
#8469=EDGE_LOOP('',(#8460,#8466,#8467,#8468));
#8470=FACE_OUTER_BOUND('',#8469,.T.);
#8471=ADVANCED_FACE('',(#8470),#8452,.T.);
#8472=CARTESIAN_POINT('',(-16.810938164777,-19.278251539531,-21.42631963873));
#8473=DIRECTION('',(-1.6544410286199E-08,0.99862953479989,-0.052335955378261));
#8474=DIRECTION('',(0.052264427688698,0.052264427688701,0.99726468863424));
#8475=AXIS2_PLACEMENT_3D('',#8472,#8474,#8473);
#8476=CYLINDRICAL_SURFACE('',#8475,0.40000000000004);
#8477=ORIENTED_EDGE('',*,*,#8465,.F.);
#8478=CARTESIAN_POINT('',(-16.357232101712,-19.223997271535,-20.412021277042));
#8479=VERTEX_POINT('',#8478);
#8480=CARTESIAN_POINT('',(-16.756683916727,-18.824545477727,-20.412021301106));
#8481=CARTESIAN_POINT('',(-16.690398165123,-18.819706366118,-20.331107154577));
#8482=CARTESIAN_POINT('',(-16.582193030382,-18.847650828942,-20.220684678093));
#8483=CARTESIAN_POINT('',(-16.514783506761,-18.882332560677,-20.171047935682));
#8484=CARTESIAN_POINT('',(-16.45438546807,-18.931048120746,-20.152470759896));
#8485=CARTESIAN_POINT('',(-16.394421179407,-19.01281798589,-20.187178331848));
#8486=CARTESIAN_POINT('',(-16.351010819268,-19.1446434293,-20.314561368361));
#8487=CARTESIAN_POINT('',(-16.357232101712,-19.223997271532,-20.412021277039));
#8488=B_SPLINE_CURVE_WITH_KNOTS('',2,(#8480,#8481,#8482,#8483,#8484,#8485,#8486,#8487),.UNSPECIFIED.,.F.,.U.,(3,1,1,1,1,1,3),(0.,0.24726514607194,0.37220200284784,0.46008515374245,0.55756161113096,0.7034183465623,1.),.UNSPECIFIED.);
#8489=EDGE_CURVE('',#8454,#8479,#8488,.T.);
#8490=ORIENTED_EDGE('',*,*,#8489,.T.);
#8491=CARTESIAN_POINT('',(-16.357232101712,-19.223997271535,-20.412021277042));
#8492=DIRECTION('',(-0.052264427639277,-0.052264445780595,-0.99726468768867));
#8493=VECTOR('',#8492,1.0380721958433);
#8494=LINE('',#8491,#8493);
#8495=EDGE_CURVE('',#8479,#7532,#8494,.T.);
#8496=ORIENTED_EDGE('',*,*,#8495,.T.);
#8497=ORIENTED_EDGE('',*,*,#7538,.F.);
#8498=EDGE_LOOP('',(#8477,#8490,#8496,#8497));
#8499=FACE_OUTER_BOUND('',#8498,.T.);
#8500=ADVANCED_FACE('',(#8499),#8476,.T.);
#8501=CARTESIAN_POINT('',(-16.371783858329,-19.481614222819,-20.689685334098));
#8502=DIRECTION('',(0.,-1.,2.6037908408127E-15));
#8503=DIRECTION('',(0.99862953475457,-1.3627188351055E-16,-0.052335956242944));
#8504=AXIS2_PLACEMENT_3D('',#8501,#8503,#8502);
#8505=PLANE('',#8504);
#8506=CARTESIAN_POINT('',(-16.407580184611,-20.006605580399,-21.372719928809));
#8507=VERTEX_POINT('',#8506);
#8508=CARTESIAN_POINT('',(-16.407580184611,-20.006605580399,-21.372719928809));
#8509=CARTESIAN_POINT('',(-16.410061356606,-20.044883207896,-21.420063510791));
#8510=CARTESIAN_POINT('',(-16.411486350874,-20.102830741133,-21.447254021229));
#8511=CARTESIAN_POINT('',(-16.411486350874,-20.163833705103,-21.447254021229));
#8512=B_SPLINE_CURVE_WITH_KNOTS('',3,(#8508,#8509,#8510,#8511),.UNSPECIFIED.,.F.,.U.,(4,4),(0.,1.),.UNSPECIFIED.);
#8513=EDGE_CURVE('',#8507,#7541,#8512,.T.);
#8514=ORIENTED_EDGE('',*,*,#8513,.T.);
#8515=ORIENTED_EDGE('',*,*,#7546,.F.);
#8516=ORIENTED_EDGE('',*,*,#8495,.F.);
#8517=CARTESIAN_POINT('',(-16.357232101642,-19.223997270421,-20.412021275699));
#8518=CARTESIAN_POINT('',(-16.372335579235,-19.462878713173,-20.700212796121));
#8519=CARTESIAN_POINT('',(-16.407580184611,-20.006605580403,-21.372719928815));
#8520=(BOUNDED_CURVE()B_SPLINE_CURVE(2,(#8517,#8518,#8519),.HYPERBOLIC_ARC.,.F.,.U.)B_SPLINE_CURVE_WITH_KNOTS((3,3),(0.0077788778016592,0.23429211973522),.UNSPECIFIED.)CURVE()GEOMETRIC_REPRESENTATION_ITEM()RATIONAL_B_SPLINE_CURVE((2.1054380264528,1.6099876679855,1.0392865799709))REPRESENTATION_ITEM(''));
#8521=EDGE_CURVE('',#8479,#8507,#8520,.T.);
#8522=ORIENTED_EDGE('',*,*,#8521,.T.);
#8523=EDGE_LOOP('',(#8514,#8515,#8516,#8522));
#8524=FACE_OUTER_BOUND('',#8523,.T.);
#8525=ADVANCED_FACE('',(#8524),#8505,.T.);
#8526=CARTESIAN_POINT('',(-16.169819684209,-18.637133058965,-21.247254021228));
#8527=DIRECTION('',(0.17105580228092,-0.98526134223668,-4.6873914823307E-13));
#8528=DIRECTION('',(-4.9371935641463E-14,-4.8432277187604E-13,1.));
#8529=AXIS2_PLACEMENT_3D('',#8526,#8528,#8527);
#8530=TOROIDAL_SURFACE('',#8529,1.5457094295836,0.19999999999994);
#8531=CARTESIAN_POINT('',(-15.932059183807,-20.006605580399,-21.372719928809));
#8532=VERTEX_POINT('',#8531);
#8533=CARTESIAN_POINT('',(-15.932059183807,-20.006605580399,-21.372719928809));
#8534=CARTESIAN_POINT('',(-15.929578011812,-20.044883207896,-21.420063510792));
#8535=CARTESIAN_POINT('',(-15.928153017543,-20.102830741133,-21.447254021229));
#8536=CARTESIAN_POINT('',(-15.928153017543,-20.163833705104,-21.447254021229));
#8537=B_SPLINE_CURVE_WITH_KNOTS('',3,(#8533,#8534,#8535,#8536),.UNSPECIFIED.,.F.,.U.,(4,4),(0.,1.),.UNSPECIFIED.);
#8538=EDGE_CURVE('',#8532,#7549,#8537,.T.);
#8539=ORIENTED_EDGE('',*,*,#8538,.T.);
#8540=ORIENTED_EDGE('',*,*,#7555,.F.);
#8541=ORIENTED_EDGE('',*,*,#8513,.F.);
#8542=CARTESIAN_POINT('',(-16.169819684209,-18.637133058948,-21.372719928804));
#8543=DIRECTION('',(-0.17105580858853,-0.98526134114159,1.2268728775047E-13));
#8544=DIRECTION('',(-0.,1.2464596354756E-13,1.));
#8545=AXIS2_PLACEMENT_3D('',#8542,#8544,#8543);
#8546=CIRCLE('',#8545,1.389958647788);
#8547=EDGE_CURVE('',#8507,#8532,#8546,.T.);
#8548=ORIENTED_EDGE('',*,*,#8547,.T.);
#8549=EDGE_LOOP('',(#8539,#8540,#8541,#8548));
#8550=FACE_OUTER_BOUND('',#8549,.T.);
#8551=ADVANCED_FACE('',(#8550),#8530,.T.);
#8552=CARTESIAN_POINT('',(-15.967855510089,-19.48161422282,-20.689685334098));
#8553=DIRECTION('',(0.,1.,-2.6037908408165E-15));
#8554=DIRECTION('',(-0.99862953475457,-1.3627188351076E-16,-0.052335956242947));
#8555=AXIS2_PLACEMENT_3D('',#8552,#8554,#8553);
#8556=PLANE('',#8555);
#8557=CARTESIAN_POINT('',(-15.982407265445,-19.223997291484,-20.412021301109));
#8558=VERTEX_POINT('',#8557);
#8559=CARTESIAN_POINT('',(-15.932059183807,-20.006605580403,-21.372719928815));
#8560=CARTESIAN_POINT('',(-15.967303787881,-19.46287873326,-20.700212820965));
#8561=CARTESIAN_POINT('',(-15.982407265455,-19.22399729133,-20.412021300922));
#8562=(BOUNDED_CURVE()B_SPLINE_CURVE(2,(#8559,#8560,#8561),.HYPERBOLIC_ARC.,.F.,.U.)B_SPLINE_CURVE_WITH_KNOTS((3,3),(0.76570789322793,0.99222112219834),.UNSPECIFIED.)CURVE()GEOMETRIC_REPRESENTATION_ITEM()RATIONAL_B_SPLINE_CURVE((1.0392865799709,1.6099876353248,2.1054379697445))REPRESENTATION_ITEM(''));
#8563=EDGE_CURVE('',#8532,#8558,#8562,.T.);
#8564=ORIENTED_EDGE('',*,*,#8563,.T.);
#8565=CARTESIAN_POINT('',(-15.982407265445,-19.223997291484,-20.412021301109));
#8566=DIRECTION('',(0.052264427688738,-0.052264427827455,-0.99726468862696));
#8567=VECTOR('',#8566,1.0380721707336);
#8568=LINE('',#8565,#8567);
#8569=EDGE_CURVE('',#8558,#7558,#8568,.T.);
#8570=ORIENTED_EDGE('',*,*,#8569,.T.);
#8571=ORIENTED_EDGE('',*,*,#7563,.F.);
#8572=ORIENTED_EDGE('',*,*,#8538,.F.);
#8573=EDGE_LOOP('',(#8564,#8570,#8571,#8572));
#8574=FACE_OUTER_BOUND('',#8573,.T.);
#8575=ADVANCED_FACE('',(#8574),#8556,.T.);
#8576=CARTESIAN_POINT('',(-15.528701203641,-19.278251539531,-21.42631963873));
#8577=DIRECTION('',(-0.99862953479989,-1.6544516867611E-08,-0.052335955378257));
#8578=DIRECTION('',(-0.052264427688715,0.052264427688713,0.99726468863424));
#8579=AXIS2_PLACEMENT_3D('',#8576,#8578,#8577);
#8580=CYLINDRICAL_SURFACE('',#8579,0.4);
#8581=ORIENTED_EDGE('',*,*,#8569,.F.);
#8582=CARTESIAN_POINT('',(-15.582955471637,-18.824545476466,-20.412021277042));
#8583=VERTEX_POINT('',#8582);
#8584=CARTESIAN_POINT('',(-15.982407265445,-19.223997291481,-20.412021301106));
#8585=CARTESIAN_POINT('',(-15.987246377054,-19.157711539877,-20.331107154577));
#8586=CARTESIAN_POINT('',(-15.95930191423,-19.049506405136,-20.220684678093));
#8587=CARTESIAN_POINT('',(-15.924620182495,-18.982096881515,-20.171047935682));
#8588=CARTESIAN_POINT('',(-15.875904622426,-18.921698842824,-20.152470759896));
#8589=CARTESIAN_POINT('',(-15.794134757282,-18.861734554161,-20.187178331848));
#8590=CARTESIAN_POINT('',(-15.662309313872,-18.818324194022,-20.314561368361));
#8591=CARTESIAN_POINT('',(-15.58295547164,-18.824545476466,-20.412021277039));
#8592=B_SPLINE_CURVE_WITH_KNOTS('',2,(#8584,#8585,#8586,#8587,#8588,#8589,#8590,#8591),.UNSPECIFIED.,.F.,.U.,(3,1,1,1,1,1,3),(0.,0.24726514607194,0.37220200284784,0.46008515374245,0.55756161113096,0.7034183465623,1.),.UNSPECIFIED.);
#8593=EDGE_CURVE('',#8558,#8583,#8592,.T.);
#8594=ORIENTED_EDGE('',*,*,#8593,.T.);
#8595=CARTESIAN_POINT('',(-15.582955471637,-18.824545476466,-20.412021277042));
#8596=DIRECTION('',(0.052264445780597,-0.052264427639277,-0.99726468768867));
#8597=VECTOR('',#8596,1.0380721958433);
#8598=LINE('',#8595,#8597);
#8599=EDGE_CURVE('',#8583,#7566,#8598,.T.);
#8600=ORIENTED_EDGE('',*,*,#8599,.T.);
#8601=ORIENTED_EDGE('',*,*,#7572,.F.);
#8602=EDGE_LOOP('',(#8581,#8594,#8600,#8601));
#8603=FACE_OUTER_BOUND('',#8602,.T.);
#8604=ADVANCED_FACE('',(#8603),#8580,.T.);
#8605=CARTESIAN_POINT('',(-15.325338520351,-18.839097233083,-20.689685334098));
#8606=DIRECTION('',(1.,0.,2.6037908408165E-15));
#8607=DIRECTION('',(1.3627188351076E-16,0.99862953475457,-0.052335956242948));
#8608=AXIS2_PLACEMENT_3D('',#8605,#8607,#8606);
#8609=PLANE('',#8608);
#8610=CARTESIAN_POINT('',(-14.800347162773,-18.874893559365,-21.372719928809));
#8611=VERTEX_POINT('',#8610);
#8612=CARTESIAN_POINT('',(-14.800347162773,-18.874893559365,-21.372719928809));
#8613=CARTESIAN_POINT('',(-14.762069535274,-18.87737473136,-21.420063510793));
#8614=CARTESIAN_POINT('',(-14.704122002038,-18.878799725626,-21.447254021229));
#8615=CARTESIAN_POINT('',(-14.643119038066,-18.878799725626,-21.447254021229));
#8616=B_SPLINE_CURVE_WITH_KNOTS('',3,(#8612,#8613,#8614,#8615),.UNSPECIFIED.,.F.,.U.,(4,4),(0.,1.),.UNSPECIFIED.);
#8617=EDGE_CURVE('',#8611,#7575,#8616,.T.);
#8618=ORIENTED_EDGE('',*,*,#8617,.T.);
#8619=ORIENTED_EDGE('',*,*,#7580,.F.);
#8620=ORIENTED_EDGE('',*,*,#8599,.F.);
#8621=CARTESIAN_POINT('',(-15.582955472751,-18.824545476396,-20.412021275699));
#8622=CARTESIAN_POINT('',(-15.344074029999,-18.839648953989,-20.700212796121));
#8623=CARTESIAN_POINT('',(-14.800347162769,-18.874893559365,-21.372719928815));
#8624=(BOUNDED_CURVE()B_SPLINE_CURVE(2,(#8621,#8622,#8623),.HYPERBOLIC_ARC.,.F.,.U.)B_SPLINE_CURVE_WITH_KNOTS((3,3),(0.0077788778016591,0.23429211973522),.UNSPECIFIED.)CURVE()GEOMETRIC_REPRESENTATION_ITEM()RATIONAL_B_SPLINE_CURVE((2.1054380264528,1.6099876679855,1.0392865799709))REPRESENTATION_ITEM(''));
#8625=EDGE_CURVE('',#8583,#8611,#8624,.T.);
#8626=ORIENTED_EDGE('',*,*,#8625,.T.);
#8627=EDGE_LOOP('',(#8618,#8619,#8620,#8626));
#8628=FACE_OUTER_BOUND('',#8627,.T.);
#8629=ADVANCED_FACE('',(#8628),#8609,.T.);
#8630=CARTESIAN_POINT('',(-16.169819684203,-18.637133058964,-21.247254021226));
#8631=DIRECTION('',(1.,-7.6647518531162E-09,-1.8952959808599E-12));
#8632=DIRECTION('',(1.8952959792293E-12,-2.1273135832386E-13,1.));
#8633=AXIS2_PLACEMENT_3D('',#8630,#8632,#8631);
#8634=TOROIDAL_SURFACE('',#8633,1.5457094295798,0.19999999999985);
#8635=ORIENTED_EDGE('',*,*,#7589,.F.);
#8636=ORIENTED_EDGE('',*,*,#8617,.F.);
#8637=CARTESIAN_POINT('',(-14.77986103644,-18.637133058963,-21.372719928804));
#8638=VERTEX_POINT('',#8637);
#8639=CARTESIAN_POINT('',(-16.169819684178,-18.637133058979,-21.372719928804));
#8640=DIRECTION('',(0.98526134114256,-0.17105580858294,4.6007732908088E-14));
#8641=DIRECTION('',(-4.5810055598098E-14,3.9471257202463E-15,1.));
#8642=AXIS2_PLACEMENT_3D('',#8639,#8641,#8640);
#8643=CIRCLE('',#8642,1.3899586477378);
#8644=EDGE_CURVE('',#8611,#8638,#8643,.T.);
#8645=ORIENTED_EDGE('',*,*,#8644,.T.);
#8646=CARTESIAN_POINT('',(-14.624110254624,-18.637133058954,-21.247254021229));
#8647=DIRECTION('',(-0.77875390908083,-4.3876013933185E-12,-0.62732953787569));
#8648=DIRECTION('',(5.6521743428553E-12,-1.,-9.9608039404835E-15));
#8649=AXIS2_PLACEMENT_3D('',#8646,#8648,#8647);
#8650=CIRCLE('',#8649,0.20000000000001);
#8651=EDGE_CURVE('',#8638,#7583,#8650,.T.);
#8652=ORIENTED_EDGE('',*,*,#8651,.T.);
#8653=EDGE_LOOP('',(#8635,#8636,#8645,#8652));
#8654=FACE_OUTER_BOUND('',#8653,.T.);
#8655=ADVANCED_FACE('',(#8654),#8634,.T.);
#8656=CARTESIAN_POINT('',(-16.169819684211,-18.637133058963,-21.247254021235));
#8657=DIRECTION('',(0.98526134114864,0.17105580854794,3.8093242905177E-12));
#8658=DIRECTION('',(-3.800826475217E-12,-3.7716871832579E-13,1.));
#8659=AXIS2_PLACEMENT_3D('',#8656,#8658,#8657);
#8660=TOROIDAL_SURFACE('',#8659,1.5457094295872,0.20000000000002);
#8661=CARTESIAN_POINT('',(-14.800347162773,-18.399372558561,-21.372719928809));
#8662=VERTEX_POINT('',#8661);
#8663=CARTESIAN_POINT('',(-16.169819684209,-18.637133058963,-21.372719928803));
#8664=DIRECTION('',(1.,7.6679554844852E-15,6.1343643875881E-14));
#8665=DIRECTION('',(-6.0630955939894E-14,-5.2241369833668E-15,1.));
#8666=AXIS2_PLACEMENT_3D('',#8663,#8665,#8664);
#8667=CIRCLE('',#8666,1.3899586477734);
#8668=EDGE_CURVE('',#8638,#8662,#8667,.T.);
#8669=ORIENTED_EDGE('',*,*,#8668,.T.);
#8670=CARTESIAN_POINT('',(-14.800347162773,-18.399372558561,-21.372719928809));
#8671=CARTESIAN_POINT('',(-14.762069535274,-18.396891386566,-21.420063510793));
#8672=CARTESIAN_POINT('',(-14.704122002038,-18.3954663923,-21.447254021229));
#8673=CARTESIAN_POINT('',(-14.643119038066,-18.3954663923,-21.447254021229));
#8674=B_SPLINE_CURVE_WITH_KNOTS('',3,(#8670,#8671,#8672,#8673),.UNSPECIFIED.,.F.,.U.,(4,4),(0.,1.),.UNSPECIFIED.);
#8675=EDGE_CURVE('',#8662,#7592,#8674,.T.);
#8676=ORIENTED_EDGE('',*,*,#8675,.T.);
#8677=ORIENTED_EDGE('',*,*,#7598,.F.);
#8678=ORIENTED_EDGE('',*,*,#8651,.F.);
#8679=EDGE_LOOP('',(#8669,#8676,#8677,#8678));
#8680=FACE_OUTER_BOUND('',#8679,.T.);
#8681=ADVANCED_FACE('',(#8680),#8660,.T.);
#8682=CARTESIAN_POINT('',(-15.325338520351,-18.435168884843,-20.689685334098));
#8683=DIRECTION('',(-1.,0.,-2.6037908408165E-15));
#8684=DIRECTION('',(1.3627188351075E-16,-0.99862953475457,-0.052335956242944));
#8685=AXIS2_PLACEMENT_3D('',#8682,#8684,#8683);
#8686=PLANE('',#8685);
#8687=CARTESIAN_POINT('',(-15.582955451688,-18.449720640199,-20.412021301109));
#8688=VERTEX_POINT('',#8687);
#8689=CARTESIAN_POINT('',(-14.800347162769,-18.399372558561,-21.372719928815));
#8690=CARTESIAN_POINT('',(-15.344074009912,-18.434617162635,-20.700212820965));
#8691=CARTESIAN_POINT('',(-15.582955451842,-18.449720640209,-20.412021300922));
#8692=(BOUNDED_CURVE()B_SPLINE_CURVE(2,(#8689,#8690,#8691),.HYPERBOLIC_ARC.,.F.,.U.)B_SPLINE_CURVE_WITH_KNOTS((3,3),(0.76570789322793,0.99222112219834),.UNSPECIFIED.)CURVE()GEOMETRIC_REPRESENTATION_ITEM()RATIONAL_B_SPLINE_CURVE((1.0392865799709,1.6099876353248,2.1054379697445))REPRESENTATION_ITEM(''));
#8693=EDGE_CURVE('',#8662,#8688,#8692,.T.);
#8694=ORIENTED_EDGE('',*,*,#8693,.T.);
#8695=CARTESIAN_POINT('',(-15.582955451688,-18.449720640199,-20.412021301109));
#8696=DIRECTION('',(0.052264427827455,0.052264427688738,-0.99726468862696));
#8697=VECTOR('',#8696,1.0380721707336);
#8698=LINE('',#8695,#8697);
#8699=EDGE_CURVE('',#8688,#7601,#8698,.T.);
#8700=ORIENTED_EDGE('',*,*,#8699,.T.);
#8701=ORIENTED_EDGE('',*,*,#7606,.F.);
#8702=ORIENTED_EDGE('',*,*,#8675,.F.);
#8703=EDGE_LOOP('',(#8694,#8700,#8701,#8702));
#8704=FACE_OUTER_BOUND('',#8703,.T.);
#8705=ADVANCED_FACE('',(#8704),#8686,.T.);
#8706=CARTESIAN_POINT('',(-15.528701203641,-17.996014578395,-21.42631963873));
#8707=DIRECTION('',(1.6544503544936E-08,-0.99862953479989,-0.052335955378234));
#8708=DIRECTION('',(-0.052264427688705,-0.052264427688699,0.99726468863424));
#8709=AXIS2_PLACEMENT_3D('',#8706,#8708,#8707);
#8710=CYLINDRICAL_SURFACE('',#8709,0.39999999999998);
#8711=ORIENTED_EDGE('',*,*,#8699,.F.);
#8712=CARTESIAN_POINT('',(-15.982407266706,-18.050268846391,-20.412021277042));
#8713=VERTEX_POINT('',#8712);
#8714=CARTESIAN_POINT('',(-15.582955451691,-18.449720640199,-20.412021301106));
#8715=CARTESIAN_POINT('',(-15.649241203295,-18.454559751808,-20.331107154577));
#8716=CARTESIAN_POINT('',(-15.757446338036,-18.426615288984,-20.220684678093));
#8717=CARTESIAN_POINT('',(-15.824855861657,-18.391933557249,-20.171047935682));
#8718=CARTESIAN_POINT('',(-15.885253900348,-18.34321799718,-20.152470759896));
#8719=CARTESIAN_POINT('',(-15.945218189011,-18.261448132036,-20.187178331848));
#8720=CARTESIAN_POINT('',(-15.98862854915,-18.129622688626,-20.314561368361));
#8721=CARTESIAN_POINT('',(-15.982407266706,-18.050268846394,-20.412021277039));
#8722=B_SPLINE_CURVE_WITH_KNOTS('',2,(#8714,#8715,#8716,#8717,#8718,#8719,#8720,#8721),.UNSPECIFIED.,.F.,.U.,(3,1,1,1,1,1,3),(0.,0.24726514607194,0.37220200284784,0.46008515374245,0.55756161113096,0.7034183465623,1.),.UNSPECIFIED.);
#8723=EDGE_CURVE('',#8688,#8713,#8722,.T.);
#8724=ORIENTED_EDGE('',*,*,#8723,.T.);
#8725=CARTESIAN_POINT('',(-15.982407266706,-18.050268846391,-20.412021277042));
#8726=DIRECTION('',(0.052264427639277,0.052264445780598,-0.99726468768867));
#8727=VECTOR('',#8726,1.0380721958433);
#8728=LINE('',#8725,#8727);
#8729=EDGE_CURVE('',#8713,#7609,#8728,.T.);
#8730=ORIENTED_EDGE('',*,*,#8729,.T.);
#8731=ORIENTED_EDGE('',*,*,#7615,.F.);
#8732=EDGE_LOOP('',(#8711,#8724,#8730,#8731));
#8733=FACE_OUTER_BOUND('',#8732,.T.);
#8734=ADVANCED_FACE('',(#8733),#8710,.T.);
#8735=CARTESIAN_POINT('',(-15.967855510089,-17.792651895109,-20.689685334098));
#8736=DIRECTION('',(0.,1.,-2.6037908408012E-15));
#8737=DIRECTION('',(-0.99862953475457,-1.3627188350996E-16,-0.052335956242947));
#8738=AXIS2_PLACEMENT_3D('',#8735,#8737,#8736);
#8739=PLANE('',#8738);
#8740=CARTESIAN_POINT('',(-15.932059183807,-17.267660537527,-21.372719928809));
#8741=VERTEX_POINT('',#8740);
#8742=CARTESIAN_POINT('',(-15.932059183807,-17.267660537527,-21.372719928809));
#8743=CARTESIAN_POINT('',(-15.929578011812,-17.229382910031,-21.42006351079));
#8744=CARTESIAN_POINT('',(-15.928153017546,-17.171435376794,-21.447254021229));
#8745=CARTESIAN_POINT('',(-15.928153017546,-17.110432412824,-21.447254021229));
#8746=B_SPLINE_CURVE_WITH_KNOTS('',3,(#8742,#8743,#8744,#8745),.UNSPECIFIED.,.F.,.U.,(4,4),(0.,1.),.UNSPECIFIED.);
#8747=EDGE_CURVE('',#8741,#7618,#8746,.T.);
#8748=ORIENTED_EDGE('',*,*,#8747,.T.);
#8749=ORIENTED_EDGE('',*,*,#7623,.F.);
#8750=ORIENTED_EDGE('',*,*,#8729,.F.);
#8751=CARTESIAN_POINT('',(-15.982407266776,-18.050268847505,-20.412021275699));
#8752=CARTESIAN_POINT('',(-15.967303789183,-17.811387404753,-20.700212796121));
#8753=CARTESIAN_POINT('',(-15.932059183807,-17.267660537523,-21.372719928815));
#8754=(BOUNDED_CURVE()B_SPLINE_CURVE(2,(#8751,#8752,#8753),.HYPERBOLIC_ARC.,.F.,.U.)B_SPLINE_CURVE_WITH_KNOTS((3,3),(0.0077788778016592,0.23429211973522),.UNSPECIFIED.)CURVE()GEOMETRIC_REPRESENTATION_ITEM()RATIONAL_B_SPLINE_CURVE((2.1054380264528,1.6099876679854,1.0392865799709))REPRESENTATION_ITEM(''));
#8755=EDGE_CURVE('',#8713,#8741,#8754,.T.);
#8756=ORIENTED_EDGE('',*,*,#8755,.T.);
#8757=EDGE_LOOP('',(#8748,#8749,#8750,#8756));
#8758=FACE_OUTER_BOUND('',#8757,.T.);
#8759=ADVANCED_FACE('',(#8758),#8739,.T.);
#8760=CARTESIAN_POINT('',(-16.169819684209,-18.63713305897,-21.247254021233));
#8761=DIRECTION('',(-0.17105580227996,0.98526134223685,1.9087380137467E-12));
#8762=DIRECTION('',(-4.2203399996269E-21,-1.9372910847544E-12,1.));
#8763=AXIS2_PLACEMENT_3D('',#8760,#8762,#8761);
#8764=TOROIDAL_SURFACE('',#8763,1.5457094295913,0.20000000000001);
#8765=CARTESIAN_POINT('',(-16.407580184611,-17.267660537527,-21.372719928809));
#8766=VERTEX_POINT('',#8765);
#8767=CARTESIAN_POINT('',(-16.407580184611,-17.267660537527,-21.372719928809));
#8768=CARTESIAN_POINT('',(-16.410061356606,-17.229382910031,-21.42006351079));
#8769=CARTESIAN_POINT('',(-16.411486350871,-17.171435376794,-21.447254021229));
#8770=CARTESIAN_POINT('',(-16.411486350871,-17.110432412825,-21.447254021229));
#8771=B_SPLINE_CURVE_WITH_KNOTS('',3,(#8767,#8768,#8769,#8770),.UNSPECIFIED.,.F.,.U.,(4,4),(0.,1.),.UNSPECIFIED.);
#8772=EDGE_CURVE('',#8766,#7626,#8771,.T.);
#8773=ORIENTED_EDGE('',*,*,#8772,.T.);
#8774=ORIENTED_EDGE('',*,*,#7632,.F.);
#8775=ORIENTED_EDGE('',*,*,#8747,.F.);
#8776=CARTESIAN_POINT('',(-16.169819684209,-18.637133058963,-21.372719928804));
#8777=DIRECTION('',(0.17105580859035,0.98526134114127,1.0223940645981E-14));
#8778=DIRECTION('',(0.,-9.4839320089506E-15,1.));
#8779=AXIS2_PLACEMENT_3D('',#8776,#8778,#8777);
#8780=CIRCLE('',#8779,1.3899586477732);
#8781=EDGE_CURVE('',#8741,#8766,#8780,.T.);
#8782=ORIENTED_EDGE('',*,*,#8781,.T.);
#8783=EDGE_LOOP('',(#8773,#8774,#8775,#8782));
#8784=FACE_OUTER_BOUND('',#8783,.T.);
#8785=ADVANCED_FACE('',(#8784),#8764,.T.);
#8786=CARTESIAN_POINT('',(-16.371783858329,-17.79265189511,-20.689685334098));
#8787=DIRECTION('',(0.,-1.,2.6037908408088E-15));
#8788=DIRECTION('',(0.99862953475457,-1.3627188351035E-16,-0.052335956242944));
#8789=AXIS2_PLACEMENT_3D('',#8786,#8788,#8787);
#8790=PLANE('',#8789);
#8791=CARTESIAN_POINT('',(-16.357232102973,-18.050268826442,-20.412021301109));
#8792=VERTEX_POINT('',#8791);
#8793=CARTESIAN_POINT('',(-16.407580184611,-17.267660537523,-21.372719928815));
#8794=CARTESIAN_POINT('',(-16.372335580537,-17.811387384666,-20.700212820965));
#8795=CARTESIAN_POINT('',(-16.357232102963,-18.050268826596,-20.412021300922));
#8796=(BOUNDED_CURVE()B_SPLINE_CURVE(2,(#8793,#8794,#8795),.HYPERBOLIC_ARC.,.F.,.U.)B_SPLINE_CURVE_WITH_KNOTS((3,3),(0.76570789322793,0.99222112219834),.UNSPECIFIED.)CURVE()GEOMETRIC_REPRESENTATION_ITEM()RATIONAL_B_SPLINE_CURVE((1.0392865799709,1.6099876353248,2.1054379697445))REPRESENTATION_ITEM(''));
#8797=EDGE_CURVE('',#8766,#8792,#8796,.T.);
#8798=ORIENTED_EDGE('',*,*,#8797,.T.);
#8799=CARTESIAN_POINT('',(-16.357232102973,-18.050268826442,-20.412021301109));
#8800=DIRECTION('',(-0.052264427688738,0.052264427827459,-0.99726468862696));
#8801=VECTOR('',#8800,1.0380721707336);
#8802=LINE('',#8799,#8801);
#8803=EDGE_CURVE('',#8792,#7635,#8802,.T.);
#8804=ORIENTED_EDGE('',*,*,#8803,.T.);
#8805=ORIENTED_EDGE('',*,*,#7640,.F.);
#8806=ORIENTED_EDGE('',*,*,#8772,.F.);
#8807=EDGE_LOOP('',(#8798,#8804,#8805,#8806));
#8808=FACE_OUTER_BOUND('',#8807,.T.);
#8809=ADVANCED_FACE('',(#8808),#8790,.T.);
#8810=CARTESIAN_POINT('',(-16.810938164777,-17.996014578395,-21.42631963873));
#8811=DIRECTION('',(0.99862953479989,1.6544490222259E-08,-0.052335955378249));
#8812=DIRECTION('',(0.052264427688703,-0.052264427688708,0.99726468863424));
#8813=AXIS2_PLACEMENT_3D('',#8810,#8812,#8811);
#8814=CYLINDRICAL_SURFACE('',#8813,0.39999999999999);
#8815=ORIENTED_EDGE('',*,*,#8803,.F.);
#8816=CARTESIAN_POINT('',(-16.756683896781,-18.44972064146,-20.412021277042));
#8817=VERTEX_POINT('',#8816);
#8818=CARTESIAN_POINT('',(-16.357232102973,-18.050268826445,-20.412021301106));
#8819=CARTESIAN_POINT('',(-16.352392991364,-18.116554578049,-20.331107154577));
#8820=CARTESIAN_POINT('',(-16.380337454188,-18.22475971279,-20.220684678093));
#8821=CARTESIAN_POINT('',(-16.415019185923,-18.292169236411,-20.171047935682));
#8822=CARTESIAN_POINT('',(-16.463734745992,-18.352567275102,-20.152470759896));
#8823=CARTESIAN_POINT('',(-16.545504611136,-18.412531563765,-20.187178331848));
#8824=CARTESIAN_POINT('',(-16.677330054546,-18.455941923904,-20.314561368361));
#8825=CARTESIAN_POINT('',(-16.756683896778,-18.44972064146,-20.412021277039));
#8826=B_SPLINE_CURVE_WITH_KNOTS('',2,(#8818,#8819,#8820,#8821,#8822,#8823,#8824,#8825),.UNSPECIFIED.,.F.,.U.,(3,1,1,1,1,1,3),(0.,0.24726514607194,0.37220200284784,0.46008515374245,0.55756161113096,0.7034183465623,1.),.UNSPECIFIED.);
#8827=EDGE_CURVE('',#8792,#8817,#8826,.T.);
#8828=ORIENTED_EDGE('',*,*,#8827,.T.);
#8829=CARTESIAN_POINT('',(-16.756683896781,-18.44972064146,-20.412021277042));
#8830=DIRECTION('',(-0.052264445780598,0.052264427639277,-0.99726468768867));
#8831=VECTOR('',#8830,1.0380721958433);
#8832=LINE('',#8829,#8831);
#8833=EDGE_CURVE('',#8817,#7643,#8832,.T.);
#8834=ORIENTED_EDGE('',*,*,#8833,.T.);
#8835=ORIENTED_EDGE('',*,*,#7649,.F.);
#8836=EDGE_LOOP('',(#8815,#8828,#8834,#8835));
#8837=FACE_OUTER_BOUND('',#8836,.T.);
#8838=ADVANCED_FACE('',(#8837),#8814,.T.);
#8839=CARTESIAN_POINT('',(-17.01430084805,-18.435168884843,-20.689685334098));
#8840=DIRECTION('',(-1.,0.,-2.603790840744E-15));
#8841=DIRECTION('',(1.3627188350695E-16,-0.99862953475457,-0.052335956242944));
#8842=AXIS2_PLACEMENT_3D('',#8839,#8841,#8840);
#8843=PLANE('',#8842);
#8844=ORIENTED_EDGE('',*,*,#8436,.F.);
#8845=ORIENTED_EDGE('',*,*,#7655,.F.);
#8846=ORIENTED_EDGE('',*,*,#8833,.F.);
#8847=CARTESIAN_POINT('',(-16.756683895667,-18.44972064153,-20.412021275699));
#8848=CARTESIAN_POINT('',(-16.995565338419,-18.434617163937,-20.700212796121));
#8849=CARTESIAN_POINT('',(-17.539292205649,-18.399372558561,-21.372719928815));
#8850=(BOUNDED_CURVE()B_SPLINE_CURVE(2,(#8847,#8848,#8849),.HYPERBOLIC_ARC.,.F.,.U.)B_SPLINE_CURVE_WITH_KNOTS((3,3),(0.0077788778016592,0.23429211973522),.UNSPECIFIED.)CURVE()GEOMETRIC_REPRESENTATION_ITEM()RATIONAL_B_SPLINE_CURVE((2.1054380264528,1.6099876679854,1.0392865799709))REPRESENTATION_ITEM(''));
#8851=EDGE_CURVE('',#8817,#8430,#8850,.T.);
#8852=ORIENTED_EDGE('',*,*,#8851,.T.);
#8853=EDGE_LOOP('',(#8844,#8845,#8846,#8852));
#8854=FACE_OUTER_BOUND('',#8853,.T.);
#8855=ADVANCED_FACE('',(#8854),#8843,.T.);
#8856=CARTESIAN_POINT('',(-16.16981968421,20.362866941037,-21.247254021229));
#8857=DIRECTION('',(-0.9852613422367,-0.17105580228083,-2.4070359051725E-13));
#8858=DIRECTION('',(-2.4216138542048E-13,-1.2342983119051E-14,1.));
#8859=AXIS2_PLACEMENT_3D('',#8856,#8858,#8857);
#8860=TOROIDAL_SURFACE('',#8859,1.5457094295834,0.19999999999996);
#8861=CARTESIAN_POINT('',(-17.539292205645,20.125106440635,-21.372719928809));
#8862=VERTEX_POINT('',#8861);
#8863=CARTESIAN_POINT('',(-17.539292205645,20.125106440635,-21.372719928809));
#8864=CARTESIAN_POINT('',(-17.577569833134,20.12262526864,-21.420063510781));
#8865=CARTESIAN_POINT('',(-17.635517366373,20.121200274388,-21.447254021229));
#8866=CARTESIAN_POINT('',(-17.696520330335,20.121200274388,-21.447254021229));
#8867=B_SPLINE_CURVE_WITH_KNOTS('',3,(#8863,#8864,#8865,#8866),.UNSPECIFIED.,.F.,.U.,(4,4),(0.,1.),.UNSPECIFIED.);
#8868=EDGE_CURVE('',#8862,#7671,#8867,.T.);
#8869=ORIENTED_EDGE('',*,*,#8868,.T.);
#8870=ORIENTED_EDGE('',*,*,#7677,.F.);
#8871=CARTESIAN_POINT('',(-17.539292205645,20.600627441439,-21.372719928809));
#8872=VERTEX_POINT('',#8871);
#8873=CARTESIAN_POINT('',(-17.696520330336,20.604533607687,-21.447254021229));
#8874=CARTESIAN_POINT('',(-17.635517366373,20.604533607687,-21.447254021229));
#8875=CARTESIAN_POINT('',(-17.577569833135,20.603108613434,-21.420063510782));
#8876=CARTESIAN_POINT('',(-17.539292205645,20.600627441439,-21.372719928809));
#8877=B_SPLINE_CURVE_WITH_KNOTS('',3,(#8873,#8874,#8875,#8876),.UNSPECIFIED.,.F.,.U.,(4,4),(0.,1.),.UNSPECIFIED.);
#8878=EDGE_CURVE('',#7669,#8872,#8877,.T.);
#8879=ORIENTED_EDGE('',*,*,#8878,.T.);
#8880=CARTESIAN_POINT('',(-16.169819684209,20.362866941037,-21.372719928803));
#8881=DIRECTION('',(-0.98526134114127,0.17105580859035,-1.2779925807476E-13));
#8882=DIRECTION('',(-1.2871050583576E-13,7.4712024764283E-15,1.));
#8883=AXIS2_PLACEMENT_3D('',#8880,#8882,#8881);
#8884=CIRCLE('',#8883,1.3899586477733);
#8885=EDGE_CURVE('',#8872,#8862,#8884,.T.);
#8886=ORIENTED_EDGE('',*,*,#8885,.T.);
#8887=EDGE_LOOP('',(#8869,#8870,#8879,#8886));
#8888=FACE_OUTER_BOUND('',#8887,.T.);
#8889=ADVANCED_FACE('',(#8888),#8860,.T.);
#8890=CARTESIAN_POINT('',(-17.014300848048,20.160902766917,-20.689685334098));
#8891=DIRECTION('',(1.,0.,2.6037908407783E-15));
#8892=DIRECTION('',(1.3627188350876E-16,0.99862953475457,-0.052335956242948));
#8893=AXIS2_PLACEMENT_3D('',#8890,#8892,#8891);
#8894=PLANE('',#8893);
#8895=CARTESIAN_POINT('',(-16.75668391673,20.175454522273,-20.412021301109));
#8896=VERTEX_POINT('',#8895);
#8897=CARTESIAN_POINT('',(-17.539292205649,20.125106440635,-21.372719928815));
#8898=CARTESIAN_POINT('',(-16.995565358506,20.160351044709,-20.700212820965));
#8899=CARTESIAN_POINT('',(-16.756683916576,20.175454522283,-20.412021300922));
#8900=(BOUNDED_CURVE()B_SPLINE_CURVE(2,(#8897,#8898,#8899),.HYPERBOLIC_ARC.,.F.,.U.)B_SPLINE_CURVE_WITH_KNOTS((3,3),(0.76570789322793,0.99222112219834),.UNSPECIFIED.)CURVE()GEOMETRIC_REPRESENTATION_ITEM()RATIONAL_B_SPLINE_CURVE((1.0392865799709,1.6099876353248,2.1054379697445))REPRESENTATION_ITEM(''));
#8901=EDGE_CURVE('',#8862,#8896,#8900,.T.);
#8902=ORIENTED_EDGE('',*,*,#8901,.T.);
#8903=CARTESIAN_POINT('',(-16.75668391673,20.175454522273,-20.412021301109));
#8904=DIRECTION('',(-0.052264427827455,-0.052264427688738,-0.99726468862696));
#8905=VECTOR('',#8904,1.0380721707336);
#8906=LINE('',#8903,#8905);
#8907=EDGE_CURVE('',#8896,#7680,#8906,.T.);
#8908=ORIENTED_EDGE('',*,*,#8907,.T.);
#8909=ORIENTED_EDGE('',*,*,#7685,.F.);
#8910=ORIENTED_EDGE('',*,*,#8868,.F.);
#8911=EDGE_LOOP('',(#8902,#8908,#8909,#8910));
#8912=FACE_OUTER_BOUND('',#8911,.T.);
#8913=ADVANCED_FACE('',(#8912),#8894,.T.);
#8914=CARTESIAN_POINT('',(-16.810938164777,19.721748460469,-21.42631963873));
#8915=DIRECTION('',(-1.6544454695121E-08,0.99862953479989,-0.052335955378264));
#8916=DIRECTION('',(0.052264427688697,0.052264427688707,0.99726468863424));
#8917=AXIS2_PLACEMENT_3D('',#8914,#8916,#8915);
#8918=CYLINDRICAL_SURFACE('',#8917,0.40000000000002);
#8919=ORIENTED_EDGE('',*,*,#8907,.F.);
#8920=CARTESIAN_POINT('',(-16.357232101712,19.776002728465,-20.412021277042));
#8921=VERTEX_POINT('',#8920);
#8922=CARTESIAN_POINT('',(-16.756683916727,20.175454522273,-20.412021301106));
#8923=CARTESIAN_POINT('',(-16.690398165123,20.180293633882,-20.331107154577));
#8924=CARTESIAN_POINT('',(-16.582193030382,20.152349171058,-20.220684678093));
#8925=CARTESIAN_POINT('',(-16.514783506761,20.117667439323,-20.171047935682));
#8926=CARTESIAN_POINT('',(-16.45438546807,20.068951879254,-20.152470759896));
#8927=CARTESIAN_POINT('',(-16.394421179407,19.98718201411,-20.187178331848));
#8928=CARTESIAN_POINT('',(-16.351010819268,19.8553565707,-20.314561368361));
#8929=CARTESIAN_POINT('',(-16.357232101712,19.776002728468,-20.412021277039));
#8930=B_SPLINE_CURVE_WITH_KNOTS('',2,(#8922,#8923,#8924,#8925,#8926,#8927,#8928,#8929),.UNSPECIFIED.,.F.,.U.,(3,1,1,1,1,1,3),(0.,0.24726514607194,0.37220200284784,0.46008515374245,0.55756161113096,0.7034183465623,1.),.UNSPECIFIED.);
#8931=EDGE_CURVE('',#8896,#8921,#8930,.T.);
#8932=ORIENTED_EDGE('',*,*,#8931,.T.);
#8933=CARTESIAN_POINT('',(-16.357232101712,19.776002728465,-20.412021277042));
#8934=DIRECTION('',(-0.052264427639277,-0.052264445780595,-0.99726468768867));
#8935=VECTOR('',#8934,1.0380721958433);
#8936=LINE('',#8933,#8935);
#8937=EDGE_CURVE('',#8921,#7688,#8936,.T.);
#8938=ORIENTED_EDGE('',*,*,#8937,.T.);
#8939=ORIENTED_EDGE('',*,*,#7694,.F.);
#8940=EDGE_LOOP('',(#8919,#8932,#8938,#8939));
#8941=FACE_OUTER_BOUND('',#8940,.T.);
#8942=ADVANCED_FACE('',(#8941),#8918,.T.);
#8943=CARTESIAN_POINT('',(-16.371783858329,19.518385777181,-20.689685334098));
#8944=DIRECTION('',(0.,-1.,2.6037908408127E-15));
#8945=DIRECTION('',(0.99862953475457,-1.3627188351055E-16,-0.052335956242944));
#8946=AXIS2_PLACEMENT_3D('',#8943,#8945,#8944);
#8947=PLANE('',#8946);
#8948=CARTESIAN_POINT('',(-16.407580184611,18.993394419601,-21.372719928809));
#8949=VERTEX_POINT('',#8948);
#8950=CARTESIAN_POINT('',(-16.407580184611,18.993394419601,-21.372719928809));
#8951=CARTESIAN_POINT('',(-16.410061356606,18.955116792104,-21.420063510791));
#8952=CARTESIAN_POINT('',(-16.411486350874,18.897169258867,-21.447254021229));
#8953=CARTESIAN_POINT('',(-16.411486350874,18.836166294897,-21.447254021229));
#8954=B_SPLINE_CURVE_WITH_KNOTS('',3,(#8950,#8951,#8952,#8953),.UNSPECIFIED.,.F.,.U.,(4,4),(0.,1.),.UNSPECIFIED.);
#8955=EDGE_CURVE('',#8949,#7697,#8954,.T.);
#8956=ORIENTED_EDGE('',*,*,#8955,.T.);
#8957=ORIENTED_EDGE('',*,*,#7702,.F.);
#8958=ORIENTED_EDGE('',*,*,#8937,.F.);
#8959=CARTESIAN_POINT('',(-16.357232101642,19.776002729579,-20.412021275699));
#8960=CARTESIAN_POINT('',(-16.372335579235,19.537121286827,-20.700212796121));
#8961=CARTESIAN_POINT('',(-16.407580184611,18.993394419597,-21.372719928815));
#8962=(BOUNDED_CURVE()B_SPLINE_CURVE(2,(#8959,#8960,#8961),.HYPERBOLIC_ARC.,.F.,.U.)B_SPLINE_CURVE_WITH_KNOTS((3,3),(0.0077788778016592,0.23429211973522),.UNSPECIFIED.)CURVE()GEOMETRIC_REPRESENTATION_ITEM()RATIONAL_B_SPLINE_CURVE((2.1054380264528,1.6099876679855,1.0392865799709))REPRESENTATION_ITEM(''));
#8963=EDGE_CURVE('',#8921,#8949,#8962,.T.);
#8964=ORIENTED_EDGE('',*,*,#8963,.T.);
#8965=EDGE_LOOP('',(#8956,#8957,#8958,#8964));
#8966=FACE_OUTER_BOUND('',#8965,.T.);
#8967=ADVANCED_FACE('',(#8966),#8947,.T.);
#8968=CARTESIAN_POINT('',(-16.169819684209,20.36286694104,-21.24725402123));
#8969=DIRECTION('',(0.17105580228042,-0.98526134223677,4.8140718103533E-13));
#8970=DIRECTION('',(-2.4685966238128E-14,4.8432277084178E-13,1.));
#8971=AXIS2_PLACEMENT_3D('',#8968,#8970,#8969);
#8972=TOROIDAL_SURFACE('',#8971,1.5457094295878,0.19999999999999);
#8973=CARTESIAN_POINT('',(-15.932059183807,18.993394419601,-21.372719928809));
#8974=VERTEX_POINT('',#8973);
#8975=CARTESIAN_POINT('',(-15.932059183807,18.993394419601,-21.372719928809));
#8976=CARTESIAN_POINT('',(-15.929578011812,18.955116792104,-21.420063510792));
#8977=CARTESIAN_POINT('',(-15.928153017543,18.897169258867,-21.447254021229));
#8978=CARTESIAN_POINT('',(-15.928153017543,18.836166294896,-21.447254021229));
#8979=B_SPLINE_CURVE_WITH_KNOTS('',3,(#8975,#8976,#8977,#8978),.UNSPECIFIED.,.F.,.U.,(4,4),(0.,1.),.UNSPECIFIED.);
#8980=EDGE_CURVE('',#8974,#7705,#8979,.T.);
#8981=ORIENTED_EDGE('',*,*,#8980,.T.);
#8982=ORIENTED_EDGE('',*,*,#7711,.F.);
#8983=ORIENTED_EDGE('',*,*,#8955,.F.);
#8984=CARTESIAN_POINT('',(-16.169819684209,20.362866941052,-21.372719928804));
#8985=DIRECTION('',(-0.17105580858853,-0.98526134114159,7.6679554844043E-15));
#8986=DIRECTION('',(-0.,9.4839320090532E-15,1.));
#8987=AXIS2_PLACEMENT_3D('',#8984,#8986,#8985);
#8988=CIRCLE('',#8987,1.3899586477881);
#8989=EDGE_CURVE('',#8949,#8974,#8988,.T.);
#8990=ORIENTED_EDGE('',*,*,#8989,.T.);
#8991=EDGE_LOOP('',(#8981,#8982,#8983,#8990));
#8992=FACE_OUTER_BOUND('',#8991,.T.);
#8993=ADVANCED_FACE('',(#8992),#8972,.T.);
#8994=CARTESIAN_POINT('',(-15.967855510089,19.51838577718,-20.689685334098));
#8995=DIRECTION('',(0.,1.,-2.6037908408165E-15));
#8996=DIRECTION('',(-0.99862953475457,-1.3627188351076E-16,-0.052335956242947));
#8997=AXIS2_PLACEMENT_3D('',#8994,#8996,#8995);
#8998=PLANE('',#8997);
#8999=CARTESIAN_POINT('',(-15.982407265445,19.776002708516,-20.412021301109));
#9000=VERTEX_POINT('',#8999);
#9001=CARTESIAN_POINT('',(-15.932059183807,18.993394419597,-21.372719928815));
#9002=CARTESIAN_POINT('',(-15.967303787881,19.53712126674,-20.700212820965));
#9003=CARTESIAN_POINT('',(-15.982407265455,19.77600270867,-20.412021300922));
#9004=(BOUNDED_CURVE()B_SPLINE_CURVE(2,(#9001,#9002,#9003),.HYPERBOLIC_ARC.,.F.,.U.)B_SPLINE_CURVE_WITH_KNOTS((3,3),(0.76570789322793,0.99222112219834),.UNSPECIFIED.)CURVE()GEOMETRIC_REPRESENTATION_ITEM()RATIONAL_B_SPLINE_CURVE((1.0392865799709,1.6099876353248,2.1054379697445))REPRESENTATION_ITEM(''));
#9005=EDGE_CURVE('',#8974,#9000,#9004,.T.);
#9006=ORIENTED_EDGE('',*,*,#9005,.T.);
#9007=CARTESIAN_POINT('',(-15.982407265445,19.776002708516,-20.412021301109));
#9008=DIRECTION('',(0.052264427688738,-0.052264427827455,-0.99726468862696));
#9009=VECTOR('',#9008,1.0380721707336);
#9010=LINE('',#9007,#9009);
#9011=EDGE_CURVE('',#9000,#7714,#9010,.T.);
#9012=ORIENTED_EDGE('',*,*,#9011,.T.);
#9013=ORIENTED_EDGE('',*,*,#7719,.F.);
#9014=ORIENTED_EDGE('',*,*,#8980,.F.);
#9015=EDGE_LOOP('',(#9006,#9012,#9013,#9014));
#9016=FACE_OUTER_BOUND('',#9015,.T.);
#9017=ADVANCED_FACE('',(#9016),#8998,.T.);
#9018=CARTESIAN_POINT('',(-15.528701203641,19.721748460469,-21.42631963873));
#9019=DIRECTION('',(-0.99862953479989,-1.6544507985824E-08,-0.052335955378257));
#9020=DIRECTION('',(-0.052264427688711,0.052264427688714,0.99726468863424));
#9021=AXIS2_PLACEMENT_3D('',#9018,#9020,#9019);
#9022=CYLINDRICAL_SURFACE('',#9021,0.40000000000007);
#9023=ORIENTED_EDGE('',*,*,#9011,.F.);
#9024=CARTESIAN_POINT('',(-15.582955471637,20.175454523534,-20.412021277042));
#9025=VERTEX_POINT('',#9024);
#9026=CARTESIAN_POINT('',(-15.982407265445,19.776002708519,-20.412021301106));
#9027=CARTESIAN_POINT('',(-15.987246377054,19.842288460123,-20.331107154577));
#9028=CARTESIAN_POINT('',(-15.95930191423,19.950493594864,-20.220684678093));
#9029=CARTESIAN_POINT('',(-15.924620182495,20.017903118485,-20.171047935682));
#9030=CARTESIAN_POINT('',(-15.875904622426,20.078301157176,-20.152470759896));
#9031=CARTESIAN_POINT('',(-15.794134757282,20.138265445839,-20.187178331848));
#9032=CARTESIAN_POINT('',(-15.662309313872,20.181675805978,-20.314561368361));
#9033=CARTESIAN_POINT('',(-15.58295547164,20.175454523534,-20.412021277039));
#9034=B_SPLINE_CURVE_WITH_KNOTS('',2,(#9026,#9027,#9028,#9029,#9030,#9031,#9032,#9033),.UNSPECIFIED.,.F.,.U.,(3,1,1,1,1,1,3),(0.,0.24726514607194,0.37220200284784,0.46008515374245,0.55756161113096,0.7034183465623,1.),.UNSPECIFIED.);
#9035=EDGE_CURVE('',#9000,#9025,#9034,.T.);
#9036=ORIENTED_EDGE('',*,*,#9035,.T.);
#9037=CARTESIAN_POINT('',(-15.582955471637,20.175454523534,-20.412021277042));
#9038=DIRECTION('',(0.052264445780597,-0.052264427639277,-0.99726468768867));
#9039=VECTOR('',#9038,1.0380721958433);
#9040=LINE('',#9037,#9039);
#9041=EDGE_CURVE('',#9025,#7722,#9040,.T.);
#9042=ORIENTED_EDGE('',*,*,#9041,.T.);
#9043=ORIENTED_EDGE('',*,*,#7728,.F.);
#9044=EDGE_LOOP('',(#9023,#9036,#9042,#9043));
#9045=FACE_OUTER_BOUND('',#9044,.T.);
#9046=ADVANCED_FACE('',(#9045),#9022,.T.);
#9047=CARTESIAN_POINT('',(-15.325338520351,20.160902766917,-20.689685334098));
#9048=DIRECTION('',(1.,0.,2.6037908408165E-15));
#9049=DIRECTION('',(1.3627188351076E-16,0.99862953475457,-0.052335956242948));
#9050=AXIS2_PLACEMENT_3D('',#9047,#9049,#9048);
#9051=PLANE('',#9050);
#9052=CARTESIAN_POINT('',(-14.800347162773,20.125106440635,-21.372719928809));
#9053=VERTEX_POINT('',#9052);
#9054=CARTESIAN_POINT('',(-14.800347162773,20.125106440635,-21.372719928809));
#9055=CARTESIAN_POINT('',(-14.762069535274,20.12262526864,-21.420063510793));
#9056=CARTESIAN_POINT('',(-14.704122002038,20.121200274374,-21.447254021229));
#9057=CARTESIAN_POINT('',(-14.643119038066,20.121200274374,-21.447254021229));
#9058=B_SPLINE_CURVE_WITH_KNOTS('',3,(#9054,#9055,#9056,#9057),.UNSPECIFIED.,.F.,.U.,(4,4),(0.,1.),.UNSPECIFIED.);
#9059=EDGE_CURVE('',#9053,#7731,#9058,.T.);
#9060=ORIENTED_EDGE('',*,*,#9059,.T.);
#9061=ORIENTED_EDGE('',*,*,#7736,.F.);
#9062=ORIENTED_EDGE('',*,*,#9041,.F.);
#9063=CARTESIAN_POINT('',(-15.582955472751,20.175454523604,-20.412021275699));
#9064=CARTESIAN_POINT('',(-15.344074029999,20.160351046011,-20.700212796121));
#9065=CARTESIAN_POINT('',(-14.800347162769,20.125106440635,-21.372719928815));
#9066=(BOUNDED_CURVE()B_SPLINE_CURVE(2,(#9063,#9064,#9065),.HYPERBOLIC_ARC.,.F.,.U.)B_SPLINE_CURVE_WITH_KNOTS((3,3),(0.0077788778016591,0.23429211973522),.UNSPECIFIED.)CURVE()GEOMETRIC_REPRESENTATION_ITEM()RATIONAL_B_SPLINE_CURVE((2.1054380264528,1.6099876679855,1.0392865799709))REPRESENTATION_ITEM(''));
#9067=EDGE_CURVE('',#9025,#9053,#9066,.T.);
#9068=ORIENTED_EDGE('',*,*,#9067,.T.);
#9069=EDGE_LOOP('',(#9060,#9061,#9062,#9068));
#9070=FACE_OUTER_BOUND('',#9069,.T.);
#9071=ADVANCED_FACE('',(#9070),#9051,.T.);
#9072=CARTESIAN_POINT('',(-16.16981968421,20.362866941037,-21.247254021228));
#9073=DIRECTION('',(1.,-7.6657140344048E-09,-9.4764799043274E-13));
#9074=DIRECTION('',(9.4764798961738E-13,-1.0636567916259E-13,1.));
#9075=AXIS2_PLACEMENT_3D('',#9072,#9074,#9073);
#9076=TOROIDAL_SURFACE('',#9075,1.5457094295862,0.19999999999999);
#9077=ORIENTED_EDGE('',*,*,#7745,.F.);
#9078=ORIENTED_EDGE('',*,*,#9059,.F.);
#9079=CARTESIAN_POINT('',(-14.77986103644,20.362866941037,-21.372719928804));
#9080=VERTEX_POINT('',#9079);
#9081=CARTESIAN_POINT('',(-16.169819684178,20.362866941021,-21.372719928804));
#9082=DIRECTION('',(0.98526134114256,-0.17105580858294,-1.2779925807802E-14));
#9083=DIRECTION('',(1.2126191187732E-14,-1.0448273965358E-15,1.));
#9084=AXIS2_PLACEMENT_3D('',#9081,#9083,#9082);
#9085=CIRCLE('',#9084,1.3899586477378);
#9086=EDGE_CURVE('',#9053,#9080,#9085,.T.);
#9087=ORIENTED_EDGE('',*,*,#9086,.T.);
#9088=CARTESIAN_POINT('',(-14.624110254624,20.362866941046,-21.247254021229));
#9089=DIRECTION('',(-0.77875390908083,-4.3343106881365E-12,-0.62732953787569));
#9090=DIRECTION('',(5.6203767457439E-12,-1.,-7.640691536218E-14));
#9091=AXIS2_PLACEMENT_3D('',#9088,#9090,#9089);
#9092=CIRCLE('',#9091,0.20000000000001);
#9093=EDGE_CURVE('',#9080,#7739,#9092,.T.);
#9094=ORIENTED_EDGE('',*,*,#9093,.T.);
#9095=EDGE_LOOP('',(#9077,#9078,#9087,#9094));
#9096=FACE_OUTER_BOUND('',#9095,.T.);
#9097=ADVANCED_FACE('',(#9096),#9076,.T.);
#9098=CARTESIAN_POINT('',(-16.169819684196,20.362866941039,-21.247254021223));
#9099=DIRECTION('',(0.98526134114858,0.17105580854828,-3.8093242905156E-12));
#9100=DIRECTION('',(3.8008264752152E-12,3.7716871832392E-13,1.));
#9101=AXIS2_PLACEMENT_3D('',#9098,#9100,#9099);
#9102=TOROIDAL_SURFACE('',#9101,1.5457094295725,0.2);
#9103=CARTESIAN_POINT('',(-14.800347162773,20.600627441439,-21.372719928809));
#9104=VERTEX_POINT('',#9103);
#9105=CARTESIAN_POINT('',(-16.169819684209,20.362866941037,-21.372719928803));
#9106=DIRECTION('',(1.,1.022394064598E-14,6.1343643875881E-14));
#9107=DIRECTION('',(-6.0630955939894E-14,-5.2241369833668E-15,1.));
#9108=AXIS2_PLACEMENT_3D('',#9105,#9107,#9106);
#9109=CIRCLE('',#9108,1.3899586477734);
#9110=EDGE_CURVE('',#9080,#9104,#9109,.T.);
#9111=ORIENTED_EDGE('',*,*,#9110,.T.);
#9112=CARTESIAN_POINT('',(-14.800347162773,20.600627441439,-21.372719928809));
#9113=CARTESIAN_POINT('',(-14.762069535274,20.603108613434,-21.420063510793));
#9114=CARTESIAN_POINT('',(-14.704122002038,20.6045336077,-21.447254021229));
#9115=CARTESIAN_POINT('',(-14.643119038066,20.6045336077,-21.447254021229));
#9116=B_SPLINE_CURVE_WITH_KNOTS('',3,(#9112,#9113,#9114,#9115),.UNSPECIFIED.,.F.,.U.,(4,4),(0.,1.),.UNSPECIFIED.);
#9117=EDGE_CURVE('',#9104,#7748,#9116,.T.);
#9118=ORIENTED_EDGE('',*,*,#9117,.T.);
#9119=ORIENTED_EDGE('',*,*,#7754,.F.);
#9120=ORIENTED_EDGE('',*,*,#9093,.F.);
#9121=EDGE_LOOP('',(#9111,#9118,#9119,#9120));
#9122=FACE_OUTER_BOUND('',#9121,.T.);
#9123=ADVANCED_FACE('',(#9122),#9102,.T.);
#9124=CARTESIAN_POINT('',(-15.325338520351,20.564831115157,-20.689685334098));
#9125=DIRECTION('',(-1.,0.,-2.6037908408165E-15));
#9126=DIRECTION('',(1.3627188351075E-16,-0.99862953475457,-0.052335956242944));
#9127=AXIS2_PLACEMENT_3D('',#9124,#9126,#9125);
#9128=PLANE('',#9127);
#9129=CARTESIAN_POINT('',(-15.582955451688,20.550279359801,-20.412021301109));
#9130=VERTEX_POINT('',#9129);
#9131=CARTESIAN_POINT('',(-14.800347162769,20.600627441439,-21.372719928815));
#9132=CARTESIAN_POINT('',(-15.344074009912,20.565382837365,-20.700212820965));
#9133=CARTESIAN_POINT('',(-15.582955451842,20.550279359791,-20.412021300922));
#9134=(BOUNDED_CURVE()B_SPLINE_CURVE(2,(#9131,#9132,#9133),.HYPERBOLIC_ARC.,.F.,.U.)B_SPLINE_CURVE_WITH_KNOTS((3,3),(0.76570789322793,0.99222112219834),.UNSPECIFIED.)CURVE()GEOMETRIC_REPRESENTATION_ITEM()RATIONAL_B_SPLINE_CURVE((1.0392865799709,1.6099876353248,2.1054379697445))REPRESENTATION_ITEM(''));
#9135=EDGE_CURVE('',#9104,#9130,#9134,.T.);
#9136=ORIENTED_EDGE('',*,*,#9135,.T.);
#9137=CARTESIAN_POINT('',(-15.582955451688,20.550279359801,-20.412021301109));
#9138=DIRECTION('',(0.052264427827455,0.052264427688738,-0.99726468862696));
#9139=VECTOR('',#9138,1.0380721707336);
#9140=LINE('',#9137,#9139);
#9141=EDGE_CURVE('',#9130,#7757,#9140,.T.);
#9142=ORIENTED_EDGE('',*,*,#9141,.T.);
#9143=ORIENTED_EDGE('',*,*,#7762,.F.);
#9144=ORIENTED_EDGE('',*,*,#9117,.F.);
#9145=EDGE_LOOP('',(#9136,#9142,#9143,#9144));
#9146=FACE_OUTER_BOUND('',#9145,.T.);
#9147=ADVANCED_FACE('',(#9146),#9128,.T.);
#9148=CARTESIAN_POINT('',(-15.528701203641,21.003985421605,-21.42631963873));
#9149=DIRECTION('',(1.6544454695124E-08,-0.99862953479989,-0.052335955378254));
#9150=DIRECTION('',(-0.052264427688701,-0.052264427688702,0.99726468863424));
#9151=AXIS2_PLACEMENT_3D('',#9148,#9150,#9149);
#9152=CYLINDRICAL_SURFACE('',#9151,0.39999999999996);
#9153=ORIENTED_EDGE('',*,*,#9141,.F.);
#9154=CARTESIAN_POINT('',(-15.982407266706,20.949731153609,-20.412021277042));
#9155=VERTEX_POINT('',#9154);
#9156=CARTESIAN_POINT('',(-15.582955451691,20.550279359801,-20.412021301106));
#9157=CARTESIAN_POINT('',(-15.649241203295,20.545440248192,-20.331107154577));
#9158=CARTESIAN_POINT('',(-15.757446338036,20.573384711016,-20.220684678093));
#9159=CARTESIAN_POINT('',(-15.824855861657,20.608066442751,-20.171047935682));
#9160=CARTESIAN_POINT('',(-15.885253900348,20.65678200282,-20.152470759896));
#9161=CARTESIAN_POINT('',(-15.945218189011,20.738551867964,-20.187178331848));
#9162=CARTESIAN_POINT('',(-15.98862854915,20.870377311374,-20.314561368361));
#9163=CARTESIAN_POINT('',(-15.982407266706,20.949731153606,-20.412021277039));
#9164=B_SPLINE_CURVE_WITH_KNOTS('',2,(#9156,#9157,#9158,#9159,#9160,#9161,#9162,#9163),.UNSPECIFIED.,.F.,.U.,(3,1,1,1,1,1,3),(0.,0.24726514607194,0.37220200284784,0.46008515374245,0.55756161113096,0.7034183465623,1.),.UNSPECIFIED.);
#9165=EDGE_CURVE('',#9130,#9155,#9164,.T.);
#9166=ORIENTED_EDGE('',*,*,#9165,.T.);
#9167=CARTESIAN_POINT('',(-15.982407266706,20.949731153609,-20.412021277042));
#9168=DIRECTION('',(0.052264427639277,0.052264445780598,-0.99726468768867));
#9169=VECTOR('',#9168,1.0380721958433);
#9170=LINE('',#9167,#9169);
#9171=EDGE_CURVE('',#9155,#7765,#9170,.T.);
#9172=ORIENTED_EDGE('',*,*,#9171,.T.);
#9173=ORIENTED_EDGE('',*,*,#7771,.F.);
#9174=EDGE_LOOP('',(#9153,#9166,#9172,#9173));
#9175=FACE_OUTER_BOUND('',#9174,.T.);
#9176=ADVANCED_FACE('',(#9175),#9152,.T.);
#9177=CARTESIAN_POINT('',(-15.967855510089,21.207348104891,-20.689685334098));
#9178=DIRECTION('',(0.,1.,-2.6037908408012E-15));
#9179=DIRECTION('',(-0.99862953475457,-1.3627188350996E-16,-0.052335956242947));
#9180=AXIS2_PLACEMENT_3D('',#9177,#9179,#9178);
#9181=PLANE('',#9180);
#9182=CARTESIAN_POINT('',(-15.932059183807,21.732339462473,-21.372719928809));
#9183=VERTEX_POINT('',#9182);
#9184=CARTESIAN_POINT('',(-15.932059183807,21.732339462473,-21.372719928809));
#9185=CARTESIAN_POINT('',(-15.929578011812,21.770617089969,-21.42006351079));
#9186=CARTESIAN_POINT('',(-15.928153017546,21.828564623206,-21.447254021229));
#9187=CARTESIAN_POINT('',(-15.928153017546,21.889567587176,-21.447254021229));
#9188=B_SPLINE_CURVE_WITH_KNOTS('',3,(#9184,#9185,#9186,#9187),.UNSPECIFIED.,.F.,.U.,(4,4),(0.,1.),.UNSPECIFIED.);
#9189=EDGE_CURVE('',#9183,#7774,#9188,.T.);
#9190=ORIENTED_EDGE('',*,*,#9189,.T.);
#9191=ORIENTED_EDGE('',*,*,#7779,.F.);
#9192=ORIENTED_EDGE('',*,*,#9171,.F.);
#9193=CARTESIAN_POINT('',(-15.982407266776,20.949731152495,-20.412021275699));
#9194=CARTESIAN_POINT('',(-15.967303789183,21.188612595247,-20.700212796121));
#9195=CARTESIAN_POINT('',(-15.932059183807,21.732339462477,-21.372719928815));
#9196=(BOUNDED_CURVE()B_SPLINE_CURVE(2,(#9193,#9194,#9195),.HYPERBOLIC_ARC.,.F.,.U.)B_SPLINE_CURVE_WITH_KNOTS((3,3),(0.0077788778016592,0.23429211973522),.UNSPECIFIED.)CURVE()GEOMETRIC_REPRESENTATION_ITEM()RATIONAL_B_SPLINE_CURVE((2.1054380264528,1.6099876679854,1.0392865799709))REPRESENTATION_ITEM(''));
#9197=EDGE_CURVE('',#9155,#9183,#9196,.T.);
#9198=ORIENTED_EDGE('',*,*,#9197,.T.);
#9199=EDGE_LOOP('',(#9190,#9191,#9192,#9198));
#9200=FACE_OUTER_BOUND('',#9199,.T.);
#9201=ADVANCED_FACE('',(#9200),#9181,.T.);
#9202=CARTESIAN_POINT('',(-16.169819684209,20.362866941036,-21.247254021231));
#9203=DIRECTION('',(-0.1710558022806,0.98526134223674,1.431553510305E-12));
#9204=DIRECTION('',(-3.1652908676363E-21,-1.4529683135609E-12,1.));
#9205=AXIS2_PLACEMENT_3D('',#9202,#9204,#9203);
#9206=TOROIDAL_SURFACE('',#9205,1.5457094295864,0.20000000000002);
#9207=CARTESIAN_POINT('',(-16.407580184611,21.732339462473,-21.372719928809));
#9208=VERTEX_POINT('',#9207);
#9209=CARTESIAN_POINT('',(-16.407580184611,21.732339462473,-21.372719928809));
#9210=CARTESIAN_POINT('',(-16.410061356606,21.770617089969,-21.42006351079));
#9211=CARTESIAN_POINT('',(-16.411486350871,21.828564623206,-21.447254021229));
#9212=CARTESIAN_POINT('',(-16.411486350871,21.889567587175,-21.447254021229));
#9213=B_SPLINE_CURVE_WITH_KNOTS('',3,(#9209,#9210,#9211,#9212),.UNSPECIFIED.,.F.,.U.,(4,4),(0.,1.),.UNSPECIFIED.);
#9214=EDGE_CURVE('',#9208,#7782,#9213,.T.);
#9215=ORIENTED_EDGE('',*,*,#9214,.T.);
#9216=ORIENTED_EDGE('',*,*,#7788,.F.);
#9217=ORIENTED_EDGE('',*,*,#9189,.F.);
#9218=CARTESIAN_POINT('',(-16.169819684209,20.362866941037,-21.372719928804));
#9219=DIRECTION('',(0.17105580859036,0.98526134114127,1.0735137678281E-13));
#9220=DIRECTION('',(0.,-1.08387794388E-13,1.));
#9221=AXIS2_PLACEMENT_3D('',#9218,#9220,#9219);
#9222=CIRCLE('',#9221,1.3899586477732);
#9223=EDGE_CURVE('',#9183,#9208,#9222,.T.);
#9224=ORIENTED_EDGE('',*,*,#9223,.T.);
#9225=EDGE_LOOP('',(#9215,#9216,#9217,#9224));
#9226=FACE_OUTER_BOUND('',#9225,.T.);
#9227=ADVANCED_FACE('',(#9226),#9206,.T.);
#9228=CARTESIAN_POINT('',(-16.371783858329,21.20734810489,-20.689685334098));
#9229=DIRECTION('',(0.,-1.,2.6037908408088E-15));
#9230=DIRECTION('',(0.99862953475457,-1.3627188351035E-16,-0.052335956242944));
#9231=AXIS2_PLACEMENT_3D('',#9228,#9230,#9229);
#9232=PLANE('',#9231);
#9233=CARTESIAN_POINT('',(-16.357232102973,20.949731173558,-20.412021301109));
#9234=VERTEX_POINT('',#9233);
#9235=CARTESIAN_POINT('',(-16.407580184611,21.732339462477,-21.372719928815));
#9236=CARTESIAN_POINT('',(-16.372335580537,21.188612615334,-20.700212820965));
#9237=CARTESIAN_POINT('',(-16.357232102963,20.949731173404,-20.412021300922));
#9238=(BOUNDED_CURVE()B_SPLINE_CURVE(2,(#9235,#9236,#9237),.HYPERBOLIC_ARC.,.F.,.U.)B_SPLINE_CURVE_WITH_KNOTS((3,3),(0.76570789322793,0.99222112219834),.UNSPECIFIED.)CURVE()GEOMETRIC_REPRESENTATION_ITEM()RATIONAL_B_SPLINE_CURVE((1.0392865799709,1.6099876353248,2.1054379697445))REPRESENTATION_ITEM(''));
#9239=EDGE_CURVE('',#9208,#9234,#9238,.T.);
#9240=ORIENTED_EDGE('',*,*,#9239,.T.);
#9241=CARTESIAN_POINT('',(-16.357232102973,20.949731173558,-20.412021301109));
#9242=DIRECTION('',(-0.052264427688738,0.052264427827459,-0.99726468862696));
#9243=VECTOR('',#9242,1.0380721707336);
#9244=LINE('',#9241,#9243);
#9245=EDGE_CURVE('',#9234,#7791,#9244,.T.);
#9246=ORIENTED_EDGE('',*,*,#9245,.T.);
#9247=ORIENTED_EDGE('',*,*,#7796,.F.);
#9248=ORIENTED_EDGE('',*,*,#9214,.F.);
#9249=EDGE_LOOP('',(#9240,#9246,#9247,#9248));
#9250=FACE_OUTER_BOUND('',#9249,.T.);
#9251=ADVANCED_FACE('',(#9250),#9232,.T.);
#9252=CARTESIAN_POINT('',(-16.810938164777,21.003985421605,-21.42631963873));
#9253=DIRECTION('',(0.99862953479989,1.6544472458692E-08,-0.052335955378261));
#9254=DIRECTION('',(0.052264427688697,-0.052264427688705,0.99726468863424));
#9255=AXIS2_PLACEMENT_3D('',#9252,#9254,#9253);
#9256=CYLINDRICAL_SURFACE('',#9255,0.39999999999998);
#9257=ORIENTED_EDGE('',*,*,#9245,.F.);
#9258=CARTESIAN_POINT('',(-16.756683896781,20.55027935854,-20.412021277042));
#9259=VERTEX_POINT('',#9258);
#9260=CARTESIAN_POINT('',(-16.357232102973,20.949731173555,-20.412021301106));
#9261=CARTESIAN_POINT('',(-16.352392991364,20.883445421951,-20.331107154577));
#9262=CARTESIAN_POINT('',(-16.380337454188,20.77524028721,-20.220684678093));
#9263=CARTESIAN_POINT('',(-16.415019185923,20.707830763589,-20.171047935682));
#9264=CARTESIAN_POINT('',(-16.463734745992,20.647432724898,-20.152470759896));
#9265=CARTESIAN_POINT('',(-16.545504611136,20.587468436235,-20.187178331848));
#9266=CARTESIAN_POINT('',(-16.677330054546,20.544058076096,-20.314561368361));
#9267=CARTESIAN_POINT('',(-16.756683896778,20.55027935854,-20.412021277039));
#9268=B_SPLINE_CURVE_WITH_KNOTS('',2,(#9260,#9261,#9262,#9263,#9264,#9265,#9266,#9267),.UNSPECIFIED.,.F.,.U.,(3,1,1,1,1,1,3),(0.,0.24726514607194,0.37220200284784,0.46008515374245,0.55756161113096,0.7034183465623,1.),.UNSPECIFIED.);
#9269=EDGE_CURVE('',#9234,#9259,#9268,.T.);
#9270=ORIENTED_EDGE('',*,*,#9269,.T.);
#9271=CARTESIAN_POINT('',(-16.756683896781,20.55027935854,-20.412021277042));
#9272=DIRECTION('',(-0.052264445780598,0.052264427639277,-0.99726468768867));
#9273=VECTOR('',#9272,1.0380721958433);
#9274=LINE('',#9271,#9273);
#9275=EDGE_CURVE('',#9259,#7799,#9274,.T.);
#9276=ORIENTED_EDGE('',*,*,#9275,.T.);
#9277=ORIENTED_EDGE('',*,*,#7805,.F.);
#9278=EDGE_LOOP('',(#9257,#9270,#9276,#9277));
#9279=FACE_OUTER_BOUND('',#9278,.T.);
#9280=ADVANCED_FACE('',(#9279),#9256,.T.);
#9281=CARTESIAN_POINT('',(-17.01430084805,20.564831115157,-20.689685334098));
#9282=DIRECTION('',(-1.,0.,-2.603790840744E-15));
#9283=DIRECTION('',(1.3627188350695E-16,-0.99862953475457,-0.052335956242944));
#9284=AXIS2_PLACEMENT_3D('',#9281,#9283,#9282);
#9285=PLANE('',#9284);
#9286=ORIENTED_EDGE('',*,*,#8878,.F.);
#9287=ORIENTED_EDGE('',*,*,#7811,.F.);
#9288=ORIENTED_EDGE('',*,*,#9275,.F.);
#9289=CARTESIAN_POINT('',(-16.756683895667,20.55027935847,-20.412021275699));
#9290=CARTESIAN_POINT('',(-16.995565338419,20.565382836063,-20.700212796121));
#9291=CARTESIAN_POINT('',(-17.539292205649,20.600627441439,-21.372719928815));
#9292=(BOUNDED_CURVE()B_SPLINE_CURVE(2,(#9289,#9290,#9291),.HYPERBOLIC_ARC.,.F.,.U.)B_SPLINE_CURVE_WITH_KNOTS((3,3),(0.0077788778016592,0.23429211973522),.UNSPECIFIED.)CURVE()GEOMETRIC_REPRESENTATION_ITEM()RATIONAL_B_SPLINE_CURVE((2.1054380264528,1.6099876679854,1.0392865799709))REPRESENTATION_ITEM(''));
#9293=EDGE_CURVE('',#9259,#8872,#9292,.T.);
#9294=ORIENTED_EDGE('',*,*,#9293,.T.);
#9295=EDGE_LOOP('',(#9286,#9287,#9288,#9294));
#9296=FACE_OUTER_BOUND('',#9295,.T.);
#9297=ADVANCED_FACE('',(#9296),#9285,.T.);
#9298=CARTESIAN_POINT('',(11.830180315789,20.362866941037,-21.247254021228));
#9299=DIRECTION('',(-0.98526134223668,-0.17105580228095,-4.8140718103413E-13));
#9300=DIRECTION('',(-4.843227708406E-13,-2.4685966238103E-14,1.));
#9301=AXIS2_PLACEMENT_3D('',#9298,#9300,#9299);
#9302=TOROIDAL_SURFACE('',#9301,1.5457094295821,0.20000000000008);
#9303=CARTESIAN_POINT('',(10.460707794355,20.125106440635,-21.372719928809));
#9304=VERTEX_POINT('',#9303);
#9305=CARTESIAN_POINT('',(10.460707794355,20.125106440635,-21.372719928809));
#9306=CARTESIAN_POINT('',(10.422430166866,20.12262526864,-21.420063510781));
#9307=CARTESIAN_POINT('',(10.364482633627,20.121200274388,-21.447254021229));
#9308=CARTESIAN_POINT('',(10.303479669665,20.121200274388,-21.447254021229));
#9309=B_SPLINE_CURVE_WITH_KNOTS('',3,(#9305,#9306,#9307,#9308),.UNSPECIFIED.,.F.,.U.,(4,4),(0.,1.),.UNSPECIFIED.);
#9310=EDGE_CURVE('',#9304,#7827,#9309,.T.);
#9311=ORIENTED_EDGE('',*,*,#9310,.T.);
#9312=ORIENTED_EDGE('',*,*,#7833,.F.);
#9313=CARTESIAN_POINT('',(10.460707794355,20.600627441439,-21.372719928809));
#9314=VERTEX_POINT('',#9313);
#9315=CARTESIAN_POINT('',(10.303479669664,20.604533607687,-21.447254021229));
#9316=CARTESIAN_POINT('',(10.364482633627,20.604533607687,-21.447254021229));
#9317=CARTESIAN_POINT('',(10.422430166865,20.603108613434,-21.420063510782));
#9318=CARTESIAN_POINT('',(10.460707794355,20.600627441439,-21.372719928809));
#9319=B_SPLINE_CURVE_WITH_KNOTS('',3,(#9315,#9316,#9317,#9318),.UNSPECIFIED.,.F.,.U.,(4,4),(0.,1.),.UNSPECIFIED.);
#9320=EDGE_CURVE('',#7825,#9314,#9319,.T.);
#9321=ORIENTED_EDGE('',*,*,#9320,.T.);
#9322=CARTESIAN_POINT('',(11.830180315791,20.362866941037,-21.372719928803));
#9323=DIRECTION('',(-0.98526134114128,0.17105580859034,-4.0895762583925E-14));
#9324=DIRECTION('',(-4.2000270325353E-14,7.4712024764282E-15,1.));
#9325=AXIS2_PLACEMENT_3D('',#9322,#9324,#9323);
#9326=CIRCLE('',#9325,1.3899586477733);
#9327=EDGE_CURVE('',#9314,#9304,#9326,.T.);
#9328=ORIENTED_EDGE('',*,*,#9327,.T.);
#9329=EDGE_LOOP('',(#9311,#9312,#9321,#9328));
#9330=FACE_OUTER_BOUND('',#9329,.T.);
#9331=ADVANCED_FACE('',(#9330),#9302,.T.);
#9332=CARTESIAN_POINT('',(10.985699151952,20.160902766917,-20.689685334098));
#9333=DIRECTION('',(1.,0.,2.6037908407783E-15));
#9334=DIRECTION('',(1.3627188350876E-16,0.99862953475457,-0.052335956242948));
#9335=AXIS2_PLACEMENT_3D('',#9332,#9334,#9333);
#9336=PLANE('',#9335);
#9337=CARTESIAN_POINT('',(11.24331608327,20.175454522273,-20.412021301109));
#9338=VERTEX_POINT('',#9337);
#9339=CARTESIAN_POINT('',(10.460707794351,20.125106440635,-21.372719928815));
#9340=CARTESIAN_POINT('',(11.004434641494,20.160351044709,-20.700212820965));
#9341=CARTESIAN_POINT('',(11.243316083424,20.175454522283,-20.412021300922));
#9342=(BOUNDED_CURVE()B_SPLINE_CURVE(2,(#9339,#9340,#9341),.HYPERBOLIC_ARC.,.F.,.U.)B_SPLINE_CURVE_WITH_KNOTS((3,3),(0.76570789322793,0.99222112219834),.UNSPECIFIED.)CURVE()GEOMETRIC_REPRESENTATION_ITEM()RATIONAL_B_SPLINE_CURVE((1.0392865799709,1.6099876353248,2.1054379697445))REPRESENTATION_ITEM(''));
#9343=EDGE_CURVE('',#9304,#9338,#9342,.T.);
#9344=ORIENTED_EDGE('',*,*,#9343,.T.);
#9345=CARTESIAN_POINT('',(11.24331608327,20.175454522273,-20.412021301109));
#9346=DIRECTION('',(-0.052264427827457,-0.052264427688738,-0.99726468862696));
#9347=VECTOR('',#9346,1.0380721707336);
#9348=LINE('',#9345,#9347);
#9349=EDGE_CURVE('',#9338,#7836,#9348,.T.);
#9350=ORIENTED_EDGE('',*,*,#9349,.T.);
#9351=ORIENTED_EDGE('',*,*,#7841,.F.);
#9352=ORIENTED_EDGE('',*,*,#9310,.F.);
#9353=EDGE_LOOP('',(#9344,#9350,#9351,#9352));
#9354=FACE_OUTER_BOUND('',#9353,.T.);
#9355=ADVANCED_FACE('',(#9354),#9336,.T.);
#9356=CARTESIAN_POINT('',(11.189061835223,19.721748460469,-21.42631963873));
#9357=DIRECTION('',(-1.6544441372445E-08,0.99862953479989,-0.052335955378256));
#9358=DIRECTION('',(0.052264427688697,0.052264427688701,0.99726468863424));
#9359=AXIS2_PLACEMENT_3D('',#9356,#9358,#9357);
#9360=CYLINDRICAL_SURFACE('',#9359,0.40000000000001);
#9361=ORIENTED_EDGE('',*,*,#9349,.F.);
#9362=CARTESIAN_POINT('',(11.642767898288,19.776002728465,-20.412021277042));
#9363=VERTEX_POINT('',#9362);
#9364=CARTESIAN_POINT('',(11.243316083273,20.175454522273,-20.412021301106));
#9365=CARTESIAN_POINT('',(11.309601834877,20.180293633882,-20.331107154577));
#9366=CARTESIAN_POINT('',(11.417806969618,20.152349171058,-20.220684678093));
#9367=CARTESIAN_POINT('',(11.485216493239,20.117667439323,-20.171047935682));
#9368=CARTESIAN_POINT('',(11.54561453193,20.068951879254,-20.152470759896));
#9369=CARTESIAN_POINT('',(11.605578820593,19.98718201411,-20.187178331848));
#9370=CARTESIAN_POINT('',(11.648989180732,19.8553565707,-20.314561368361));
#9371=CARTESIAN_POINT('',(11.642767898288,19.776002728468,-20.412021277039));
#9372=B_SPLINE_CURVE_WITH_KNOTS('',2,(#9364,#9365,#9366,#9367,#9368,#9369,#9370,#9371),.UNSPECIFIED.,.F.,.U.,(3,1,1,1,1,1,3),(0.,0.24726514607194,0.37220200284784,0.46008515374245,0.55756161113096,0.7034183465623,1.),.UNSPECIFIED.);
#9373=EDGE_CURVE('',#9338,#9363,#9372,.T.);
#9374=ORIENTED_EDGE('',*,*,#9373,.T.);
#9375=CARTESIAN_POINT('',(11.642767898288,19.776002728465,-20.412021277042));
#9376=DIRECTION('',(-0.052264427639277,-0.052264445780595,-0.99726468768867));
#9377=VECTOR('',#9376,1.0380721958433);
#9378=LINE('',#9375,#9377);
#9379=EDGE_CURVE('',#9363,#7844,#9378,.T.);
#9380=ORIENTED_EDGE('',*,*,#9379,.T.);
#9381=ORIENTED_EDGE('',*,*,#7850,.F.);
#9382=EDGE_LOOP('',(#9361,#9374,#9380,#9381));
#9383=FACE_OUTER_BOUND('',#9382,.T.);
#9384=ADVANCED_FACE('',(#9383),#9360,.T.);
#9385=CARTESIAN_POINT('',(11.628216141671,19.518385777181,-20.689685334098));
#9386=DIRECTION('',(0.,-1.,0.));
#9387=DIRECTION('',(0.99862953475457,0.,-0.052335956242941));
#9388=AXIS2_PLACEMENT_3D('',#9385,#9387,#9386);
#9389=PLANE('',#9388);
#9390=CARTESIAN_POINT('',(11.592419815389,18.993394419601,-21.372719928809));
#9391=VERTEX_POINT('',#9390);
#9392=CARTESIAN_POINT('',(11.592419815389,18.993394419601,-21.372719928809));
#9393=CARTESIAN_POINT('',(11.589938643394,18.955116792104,-21.420063510791));
#9394=CARTESIAN_POINT('',(11.588513649126,18.897169258867,-21.447254021229));
#9395=CARTESIAN_POINT('',(11.588513649126,18.836166294897,-21.447254021229));
#9396=B_SPLINE_CURVE_WITH_KNOTS('',3,(#9392,#9393,#9394,#9395),.UNSPECIFIED.,.F.,.U.,(4,4),(0.,1.),.UNSPECIFIED.);
#9397=EDGE_CURVE('',#9391,#7853,#9396,.T.);
#9398=ORIENTED_EDGE('',*,*,#9397,.T.);
#9399=ORIENTED_EDGE('',*,*,#7858,.F.);
#9400=ORIENTED_EDGE('',*,*,#9379,.F.);
#9401=CARTESIAN_POINT('',(11.642767898358,19.776002729579,-20.412021275699));
#9402=CARTESIAN_POINT('',(11.627664420765,19.537121286827,-20.700212796121));
#9403=CARTESIAN_POINT('',(11.592419815389,18.993394419597,-21.372719928815));
#9404=(BOUNDED_CURVE()B_SPLINE_CURVE(2,(#9401,#9402,#9403),.HYPERBOLIC_ARC.,.F.,.U.)B_SPLINE_CURVE_WITH_KNOTS((3,3),(0.0077788778016592,0.23429211973522),.UNSPECIFIED.)CURVE()GEOMETRIC_REPRESENTATION_ITEM()RATIONAL_B_SPLINE_CURVE((2.1054380264528,1.6099876679855,1.0392865799709))REPRESENTATION_ITEM(''));
#9405=EDGE_CURVE('',#9363,#9391,#9404,.T.);
#9406=ORIENTED_EDGE('',*,*,#9405,.T.);
#9407=EDGE_LOOP('',(#9398,#9399,#9400,#9406));
#9408=FACE_OUTER_BOUND('',#9407,.T.);
#9409=ADVANCED_FACE('',(#9408),#9389,.T.);
#9410=CARTESIAN_POINT('',(11.830180315791,20.362866941038,-21.247254021228));
#9411=DIRECTION('',(0.17105580228065,-0.98526134223673,-2.322582353169E-13));
#9412=DIRECTION('',(-3.7028951467323E-14,-2.4216138611113E-13,1.));
#9413=AXIS2_PLACEMENT_3D('',#9410,#9412,#9411);
#9414=TOROIDAL_SURFACE('',#9413,1.5457094295853,0.20000000000002);
#9415=CARTESIAN_POINT('',(12.067940816193,18.993394419601,-21.372719928809));
#9416=VERTEX_POINT('',#9415);
#9417=CARTESIAN_POINT('',(12.067940816193,18.993394419601,-21.372719928809));
#9418=CARTESIAN_POINT('',(12.070421988188,18.955116792104,-21.420063510792));
#9419=CARTESIAN_POINT('',(12.071846982457,18.897169258867,-21.447254021229));
#9420=CARTESIAN_POINT('',(12.071846982457,18.836166294896,-21.447254021229));
#9421=B_SPLINE_CURVE_WITH_KNOTS('',3,(#9417,#9418,#9419,#9420),.UNSPECIFIED.,.F.,.U.,(4,4),(0.,1.),.UNSPECIFIED.);
#9422=EDGE_CURVE('',#9416,#7861,#9421,.T.);
#9423=ORIENTED_EDGE('',*,*,#9422,.T.);
#9424=ORIENTED_EDGE('',*,*,#7867,.F.);
#9425=ORIENTED_EDGE('',*,*,#9397,.F.);
#9426=CARTESIAN_POINT('',(11.830180315791,20.362866941052,-21.372719928804));
#9427=DIRECTION('',(-0.17105580858853,-0.98526134114159,7.6679554844043E-15));
#9428=DIRECTION('',(-0.,9.4839320090532E-15,1.));
#9429=AXIS2_PLACEMENT_3D('',#9426,#9428,#9427);
#9430=CIRCLE('',#9429,1.3899586477881);
#9431=EDGE_CURVE('',#9391,#9416,#9430,.T.);
#9432=ORIENTED_EDGE('',*,*,#9431,.T.);
#9433=EDGE_LOOP('',(#9423,#9424,#9425,#9432));
#9434=FACE_OUTER_BOUND('',#9433,.T.);
#9435=ADVANCED_FACE('',(#9434),#9414,.T.);
#9436=CARTESIAN_POINT('',(12.032144489911,19.51838577718,-20.689685334098));
#9437=DIRECTION('',(0.,1.,-2.6037908408165E-15));
#9438=DIRECTION('',(-0.99862953475457,-1.3627188351076E-16,-0.052335956242948));
#9439=AXIS2_PLACEMENT_3D('',#9436,#9438,#9437);
#9440=PLANE('',#9439);
#9441=CARTESIAN_POINT('',(12.017592734555,19.776002708516,-20.412021301109));
#9442=VERTEX_POINT('',#9441);
#9443=CARTESIAN_POINT('',(12.067940816193,18.993394419597,-21.372719928815));
#9444=CARTESIAN_POINT('',(12.032696212119,19.53712126674,-20.700212820965));
#9445=CARTESIAN_POINT('',(12.017592734545,19.77600270867,-20.412021300922));
#9446=(BOUNDED_CURVE()B_SPLINE_CURVE(2,(#9443,#9444,#9445),.HYPERBOLIC_ARC.,.F.,.U.)B_SPLINE_CURVE_WITH_KNOTS((3,3),(0.76570789322793,0.99222112219834),.UNSPECIFIED.)CURVE()GEOMETRIC_REPRESENTATION_ITEM()RATIONAL_B_SPLINE_CURVE((1.0392865799709,1.6099876353248,2.1054379697445))REPRESENTATION_ITEM(''));
#9447=EDGE_CURVE('',#9416,#9442,#9446,.T.);
#9448=ORIENTED_EDGE('',*,*,#9447,.T.);
#9449=CARTESIAN_POINT('',(12.017592734555,19.776002708516,-20.412021301109));
#9450=DIRECTION('',(0.052264427688738,-0.052264427827455,-0.99726468862696));
#9451=VECTOR('',#9450,1.0380721707336);
#9452=LINE('',#9449,#9451);
#9453=EDGE_CURVE('',#9442,#7870,#9452,.T.);
#9454=ORIENTED_EDGE('',*,*,#9453,.T.);
#9455=ORIENTED_EDGE('',*,*,#7875,.F.);
#9456=ORIENTED_EDGE('',*,*,#9422,.F.);
#9457=EDGE_LOOP('',(#9448,#9454,#9455,#9456));
#9458=FACE_OUTER_BOUND('',#9457,.T.);
#9459=ADVANCED_FACE('',(#9458),#9440,.T.);
#9460=CARTESIAN_POINT('',(12.471298796359,19.721748460469,-21.42631963873));
#9461=DIRECTION('',(-0.99862953479989,-1.654447245869E-08,-0.052335955378257));
#9462=DIRECTION('',(-0.052264427688708,0.052264427688707,0.99726468863424));
#9463=AXIS2_PLACEMENT_3D('',#9460,#9462,#9461);
#9464=CYLINDRICAL_SURFACE('',#9463,0.40000000000001);
#9465=ORIENTED_EDGE('',*,*,#9453,.F.);
#9466=CARTESIAN_POINT('',(12.417044528363,20.175454523534,-20.412021277042));
#9467=VERTEX_POINT('',#9466);
#9468=CARTESIAN_POINT('',(12.017592734555,19.776002708519,-20.412021301106));
#9469=CARTESIAN_POINT('',(12.012753622946,19.842288460123,-20.331107154577));
#9470=CARTESIAN_POINT('',(12.04069808577,19.950493594864,-20.220684678093));
#9471=CARTESIAN_POINT('',(12.075379817505,20.017903118485,-20.171047935682));
#9472=CARTESIAN_POINT('',(12.124095377574,20.078301157176,-20.152470759896));
#9473=CARTESIAN_POINT('',(12.205865242718,20.138265445839,-20.187178331848));
#9474=CARTESIAN_POINT('',(12.337690686128,20.181675805978,-20.314561368361));
#9475=CARTESIAN_POINT('',(12.41704452836,20.175454523534,-20.412021277039));
#9476=B_SPLINE_CURVE_WITH_KNOTS('',2,(#9468,#9469,#9470,#9471,#9472,#9473,#9474,#9475),.UNSPECIFIED.,.F.,.U.,(3,1,1,1,1,1,3),(0.,0.24726514607194,0.37220200284784,0.46008515374245,0.55756161113096,0.7034183465623,1.),.UNSPECIFIED.);
#9477=EDGE_CURVE('',#9442,#9467,#9476,.T.);
#9478=ORIENTED_EDGE('',*,*,#9477,.T.);
#9479=CARTESIAN_POINT('',(12.417044528363,20.175454523534,-20.412021277042));
#9480=DIRECTION('',(0.052264445780597,-0.052264427639277,-0.99726468768867));
#9481=VECTOR('',#9480,1.0380721958433);
#9482=LINE('',#9479,#9481);
#9483=EDGE_CURVE('',#9467,#7878,#9482,.T.);
#9484=ORIENTED_EDGE('',*,*,#9483,.T.);
#9485=ORIENTED_EDGE('',*,*,#7884,.F.);
#9486=EDGE_LOOP('',(#9465,#9478,#9484,#9485));
#9487=FACE_OUTER_BOUND('',#9486,.T.);
#9488=ADVANCED_FACE('',(#9487),#9464,.T.);
#9489=CARTESIAN_POINT('',(12.674661479649,20.160902766917,-20.689685334098));
#9490=DIRECTION('',(1.,0.,2.6037908408165E-15));
#9491=DIRECTION('',(1.3627188351076E-16,0.99862953475457,-0.052335956242948));
#9492=AXIS2_PLACEMENT_3D('',#9489,#9491,#9490);
#9493=PLANE('',#9492);
#9494=CARTESIAN_POINT('',(13.199652837227,20.125106440635,-21.372719928809));
#9495=VERTEX_POINT('',#9494);
#9496=CARTESIAN_POINT('',(13.199652837227,20.125106440635,-21.372719928809));
#9497=CARTESIAN_POINT('',(13.237930464726,20.12262526864,-21.420063510793));
#9498=CARTESIAN_POINT('',(13.295877997962,20.121200274374,-21.447254021229));
#9499=CARTESIAN_POINT('',(13.356880961934,20.121200274374,-21.447254021229));
#9500=B_SPLINE_CURVE_WITH_KNOTS('',3,(#9496,#9497,#9498,#9499),.UNSPECIFIED.,.F.,.U.,(4,4),(0.,1.),.UNSPECIFIED.);
#9501=EDGE_CURVE('',#9495,#7887,#9500,.T.);
#9502=ORIENTED_EDGE('',*,*,#9501,.T.);
#9503=ORIENTED_EDGE('',*,*,#7892,.F.);
#9504=ORIENTED_EDGE('',*,*,#9483,.F.);
#9505=CARTESIAN_POINT('',(12.417044527249,20.175454523604,-20.412021275699));
#9506=CARTESIAN_POINT('',(12.655925970001,20.160351046011,-20.700212796121));
#9507=CARTESIAN_POINT('',(13.199652837231,20.125106440635,-21.372719928815));
#9508=(BOUNDED_CURVE()B_SPLINE_CURVE(2,(#9505,#9506,#9507),.HYPERBOLIC_ARC.,.F.,.U.)B_SPLINE_CURVE_WITH_KNOTS((3,3),(0.0077788778016591,0.23429211973522),.UNSPECIFIED.)CURVE()GEOMETRIC_REPRESENTATION_ITEM()RATIONAL_B_SPLINE_CURVE((2.1054380264528,1.6099876679855,1.0392865799709))REPRESENTATION_ITEM(''));
#9509=EDGE_CURVE('',#9467,#9495,#9508,.T.);
#9510=ORIENTED_EDGE('',*,*,#9509,.T.);
#9511=EDGE_LOOP('',(#9502,#9503,#9504,#9510));
#9512=FACE_OUTER_BOUND('',#9511,.T.);
#9513=ADVANCED_FACE('',(#9512),#9493,.T.);
#9514=CARTESIAN_POINT('',(11.830180315804,20.362866941035,-21.247254021222));
#9515=DIRECTION('',(1.,-7.6640255331291E-09,-4.7382399521297E-12));
#9516=DIRECTION('',(4.7382399480537E-12,-5.3182839580674E-13,1.));
#9517=AXIS2_PLACEMENT_3D('',#9514,#9516,#9515);
#9518=TOROIDAL_SURFACE('',#9517,1.5457094295715,0.19999999999998);
#9519=ORIENTED_EDGE('',*,*,#7901,.F.);
#9520=ORIENTED_EDGE('',*,*,#9501,.F.);
#9521=CARTESIAN_POINT('',(13.22013896356,20.362866941037,-21.372719928804));
#9522=VERTEX_POINT('',#9521);
#9523=CARTESIAN_POINT('',(11.830180315822,20.362866941021,-21.372719928804));
#9524=DIRECTION('',(0.98526134114256,-0.17105580858294,1.5847108001674E-13));
#9525=DIRECTION('',(-1.6168254916977E-13,1.3931031953811E-14,1.));
#9526=AXIS2_PLACEMENT_3D('',#9523,#9525,#9524);
#9527=CIRCLE('',#9526,1.3899586477379);
#9528=EDGE_CURVE('',#9495,#9522,#9527,.T.);
#9529=ORIENTED_EDGE('',*,*,#9528,.T.);
#9530=CARTESIAN_POINT('',(13.375889745376,20.362866941046,-21.247254021229));
#9531=DIRECTION('',(-0.77875390908084,-4.3343106881364E-12,-0.62732953787568));
#9532=DIRECTION('',(5.6203767457439E-12,-1.,-7.6406915362123E-14));
#9533=AXIS2_PLACEMENT_3D('',#9530,#9532,#9531);
#9534=CIRCLE('',#9533,0.20000000000001);
#9535=EDGE_CURVE('',#9522,#7895,#9534,.T.);
#9536=ORIENTED_EDGE('',*,*,#9535,.T.);
#9537=EDGE_LOOP('',(#9519,#9520,#9529,#9536));
#9538=FACE_OUTER_BOUND('',#9537,.T.);
#9539=ADVANCED_FACE('',(#9538),#9518,.T.);
#9540=CARTESIAN_POINT('',(11.830180315776,20.362866941036,-21.247254021237));
#9541=DIRECTION('',(0.98526134114878,0.17105580854709,4.7634448708166E-12));
#9542=DIRECTION('',(-4.7591336673748E-12,-4.3526409085444E-13,1.));
#9543=AXIS2_PLACEMENT_3D('',#9540,#9542,#9541);
#9544=TOROIDAL_SURFACE('',#9543,1.5457094295993,0.2);
#9545=CARTESIAN_POINT('',(13.199652837227,20.600627441439,-21.372719928809));
#9546=VERTEX_POINT('',#9545);
#9547=CARTESIAN_POINT('',(11.830180315791,20.362866941037,-21.372719928803));
#9548=DIRECTION('',(1.,1.022394064598E-14,6.1343643875881E-14));
#9549=DIRECTION('',(-6.0630955939894E-14,-5.2241369833668E-15,1.));
#9550=AXIS2_PLACEMENT_3D('',#9547,#9549,#9548);
#9551=CIRCLE('',#9550,1.3899586477734);
#9552=EDGE_CURVE('',#9522,#9546,#9551,.T.);
#9553=ORIENTED_EDGE('',*,*,#9552,.T.);
#9554=CARTESIAN_POINT('',(13.199652837227,20.600627441439,-21.372719928809));
#9555=CARTESIAN_POINT('',(13.237930464726,20.603108613434,-21.420063510793));
#9556=CARTESIAN_POINT('',(13.295877997962,20.6045336077,-21.447254021229));
#9557=CARTESIAN_POINT('',(13.356880961934,20.6045336077,-21.447254021229));
#9558=B_SPLINE_CURVE_WITH_KNOTS('',3,(#9554,#9555,#9556,#9557),.UNSPECIFIED.,.F.,.U.,(4,4),(0.,1.),.UNSPECIFIED.);
#9559=EDGE_CURVE('',#9546,#7904,#9558,.T.);
#9560=ORIENTED_EDGE('',*,*,#9559,.T.);
#9561=ORIENTED_EDGE('',*,*,#7910,.F.);
#9562=ORIENTED_EDGE('',*,*,#9535,.F.);
#9563=EDGE_LOOP('',(#9553,#9560,#9561,#9562));
#9564=FACE_OUTER_BOUND('',#9563,.T.);
#9565=ADVANCED_FACE('',(#9564),#9544,.T.);
#9566=CARTESIAN_POINT('',(12.674661479649,20.564831115157,-20.689685334098));
#9567=DIRECTION('',(-1.,0.,-2.6037908408165E-15));
#9568=DIRECTION('',(1.3627188351075E-16,-0.99862953475457,-0.052335956242944));
#9569=AXIS2_PLACEMENT_3D('',#9566,#9568,#9567);
#9570=PLANE('',#9569);
#9571=CARTESIAN_POINT('',(12.417044548312,20.550279359801,-20.412021301109));
#9572=VERTEX_POINT('',#9571);
#9573=CARTESIAN_POINT('',(13.199652837231,20.600627441439,-21.372719928815));
#9574=CARTESIAN_POINT('',(12.655925990088,20.565382837365,-20.700212820965));
#9575=CARTESIAN_POINT('',(12.417044548158,20.550279359791,-20.412021300922));
#9576=(BOUNDED_CURVE()B_SPLINE_CURVE(2,(#9573,#9574,#9575),.HYPERBOLIC_ARC.,.F.,.U.)B_SPLINE_CURVE_WITH_KNOTS((3,3),(0.76570789322793,0.99222112219834),.UNSPECIFIED.)CURVE()GEOMETRIC_REPRESENTATION_ITEM()RATIONAL_B_SPLINE_CURVE((1.0392865799709,1.6099876353248,2.1054379697445))REPRESENTATION_ITEM(''));
#9577=EDGE_CURVE('',#9546,#9572,#9576,.T.);
#9578=ORIENTED_EDGE('',*,*,#9577,.T.);
#9579=CARTESIAN_POINT('',(12.417044548312,20.550279359801,-20.412021301109));
#9580=DIRECTION('',(0.052264427827455,0.052264427688738,-0.99726468862696));
#9581=VECTOR('',#9580,1.0380721707336);
#9582=LINE('',#9579,#9581);
#9583=EDGE_CURVE('',#9572,#7913,#9582,.T.);
#9584=ORIENTED_EDGE('',*,*,#9583,.T.);
#9585=ORIENTED_EDGE('',*,*,#7918,.F.);
#9586=ORIENTED_EDGE('',*,*,#9559,.F.);
#9587=EDGE_LOOP('',(#9578,#9584,#9585,#9586));
#9588=FACE_OUTER_BOUND('',#9587,.T.);
#9589=ADVANCED_FACE('',(#9588),#9570,.T.);
#9590=CARTESIAN_POINT('',(12.471298796359,21.003985421605,-21.42631963873));
#9591=DIRECTION('',(1.6544521308504E-08,-0.99862953479989,-0.052335955378251));
#9592=DIRECTION('',(-0.052264427688709,-0.052264427688701,0.99726468863424));
#9593=AXIS2_PLACEMENT_3D('',#9590,#9592,#9591);
#9594=CYLINDRICAL_SURFACE('',#9593,0.39999999999997);
#9595=ORIENTED_EDGE('',*,*,#9583,.F.);
#9596=CARTESIAN_POINT('',(12.017592733294,20.949731153609,-20.412021277042));
#9597=VERTEX_POINT('',#9596);
#9598=CARTESIAN_POINT('',(12.417044548309,20.550279359801,-20.412021301106));
#9599=CARTESIAN_POINT('',(12.350758796705,20.545440248192,-20.331107154577));
#9600=CARTESIAN_POINT('',(12.242553661964,20.573384711016,-20.220684678093));
#9601=CARTESIAN_POINT('',(12.175144138343,20.608066442751,-20.171047935682));
#9602=CARTESIAN_POINT('',(12.114746099652,20.65678200282,-20.152470759896));
#9603=CARTESIAN_POINT('',(12.054781810989,20.738551867964,-20.187178331848));
#9604=CARTESIAN_POINT('',(12.01137145085,20.870377311374,-20.314561368361));
#9605=CARTESIAN_POINT('',(12.017592733294,20.949731153606,-20.412021277039));
#9606=B_SPLINE_CURVE_WITH_KNOTS('',2,(#9598,#9599,#9600,#9601,#9602,#9603,#9604,#9605),.UNSPECIFIED.,.F.,.U.,(3,1,1,1,1,1,3),(0.,0.24726514607194,0.37220200284784,0.46008515374245,0.55756161113096,0.7034183465623,1.),.UNSPECIFIED.);
#9607=EDGE_CURVE('',#9572,#9597,#9606,.T.);
#9608=ORIENTED_EDGE('',*,*,#9607,.T.);
#9609=CARTESIAN_POINT('',(12.017592733294,20.949731153609,-20.412021277042));
#9610=DIRECTION('',(0.052264427639277,0.052264445780598,-0.99726468768867));
#9611=VECTOR('',#9610,1.0380721958433);
#9612=LINE('',#9609,#9611);
#9613=EDGE_CURVE('',#9597,#7921,#9612,.T.);
#9614=ORIENTED_EDGE('',*,*,#9613,.T.);
#9615=ORIENTED_EDGE('',*,*,#7927,.F.);
#9616=EDGE_LOOP('',(#9595,#9608,#9614,#9615));
#9617=FACE_OUTER_BOUND('',#9616,.T.);
#9618=ADVANCED_FACE('',(#9617),#9594,.T.);
#9619=CARTESIAN_POINT('',(12.032144489911,21.207348104891,-20.689685334098));
#9620=DIRECTION('',(0.,1.,-2.6037908408012E-15));
#9621=DIRECTION('',(-0.99862953475457,-1.3627188350996E-16,-0.052335956242948));
#9622=AXIS2_PLACEMENT_3D('',#9619,#9621,#9620);
#9623=PLANE('',#9622);
#9624=CARTESIAN_POINT('',(12.067940816193,21.732339462473,-21.372719928809));
#9625=VERTEX_POINT('',#9624);
#9626=CARTESIAN_POINT('',(12.067940816193,21.732339462473,-21.372719928809));
#9627=CARTESIAN_POINT('',(12.070421988188,21.770617089969,-21.42006351079));
#9628=CARTESIAN_POINT('',(12.071846982454,21.828564623206,-21.447254021229));
#9629=CARTESIAN_POINT('',(12.071846982454,21.889567587176,-21.447254021229));
#9630=B_SPLINE_CURVE_WITH_KNOTS('',3,(#9626,#9627,#9628,#9629),.UNSPECIFIED.,.F.,.U.,(4,4),(0.,1.),.UNSPECIFIED.);
#9631=EDGE_CURVE('',#9625,#7930,#9630,.T.);
#9632=ORIENTED_EDGE('',*,*,#9631,.T.);
#9633=ORIENTED_EDGE('',*,*,#7935,.F.);
#9634=ORIENTED_EDGE('',*,*,#9613,.F.);
#9635=CARTESIAN_POINT('',(12.017592733224,20.949731152495,-20.412021275699));
#9636=CARTESIAN_POINT('',(12.032696210817,21.188612595247,-20.700212796121));
#9637=CARTESIAN_POINT('',(12.067940816193,21.732339462477,-21.372719928815));
#9638=(BOUNDED_CURVE()B_SPLINE_CURVE(2,(#9635,#9636,#9637),.HYPERBOLIC_ARC.,.F.,.U.)B_SPLINE_CURVE_WITH_KNOTS((3,3),(0.0077788778016592,0.23429211973522),.UNSPECIFIED.)CURVE()GEOMETRIC_REPRESENTATION_ITEM()RATIONAL_B_SPLINE_CURVE((2.1054380264528,1.6099876679854,1.0392865799709))REPRESENTATION_ITEM(''));
#9639=EDGE_CURVE('',#9597,#9625,#9638,.T.);
#9640=ORIENTED_EDGE('',*,*,#9639,.T.);
#9641=EDGE_LOOP('',(#9632,#9633,#9634,#9640));
#9642=FACE_OUTER_BOUND('',#9641,.T.);
#9643=ADVANCED_FACE('',(#9642),#9623,.T.);
#9644=CARTESIAN_POINT('',(11.830180315791,20.362866941035,-21.247254021231));
#9645=DIRECTION('',(-0.17105580228037,0.98526134223678,1.195072597388E-12));
#9646=DIRECTION('',(1.2342981008752E-14,-1.2108069277952E-12,1.));
#9647=AXIS2_PLACEMENT_3D('',#9644,#9646,#9645);
#9648=TOROIDAL_SURFACE('',#9647,1.5457094295875,0.20000000000007);
#9649=CARTESIAN_POINT('',(11.592419815389,21.732339462473,-21.372719928809));
#9650=VERTEX_POINT('',#9649);
#9651=CARTESIAN_POINT('',(11.592419815389,21.732339462473,-21.372719928809));
#9652=CARTESIAN_POINT('',(11.589938643394,21.770617089969,-21.42006351079));
#9653=CARTESIAN_POINT('',(11.588513649129,21.828564623206,-21.447254021229));
#9654=CARTESIAN_POINT('',(11.588513649129,21.889567587175,-21.447254021229));
#9655=B_SPLINE_CURVE_WITH_KNOTS('',3,(#9651,#9652,#9653,#9654),.UNSPECIFIED.,.F.,.U.,(4,4),(0.,1.),.UNSPECIFIED.);
#9656=EDGE_CURVE('',#9650,#7938,#9655,.T.);
#9657=ORIENTED_EDGE('',*,*,#9656,.T.);
#9658=ORIENTED_EDGE('',*,*,#7944,.F.);
#9659=ORIENTED_EDGE('',*,*,#9631,.F.);
#9660=CARTESIAN_POINT('',(11.830180315791,20.362866941037,-21.372719928804));
#9661=DIRECTION('',(0.17105580859036,0.98526134114127,1.0735137678281E-13));
#9662=DIRECTION('',(0.,-1.08387794388E-13,1.));
#9663=AXIS2_PLACEMENT_3D('',#9660,#9662,#9661);
#9664=CIRCLE('',#9663,1.3899586477732);
#9665=EDGE_CURVE('',#9625,#9650,#9664,.T.);
#9666=ORIENTED_EDGE('',*,*,#9665,.T.);
#9667=EDGE_LOOP('',(#9657,#9658,#9659,#9666));
#9668=FACE_OUTER_BOUND('',#9667,.T.);
#9669=ADVANCED_FACE('',(#9668),#9648,.T.);
#9670=CARTESIAN_POINT('',(11.628216141671,21.20734810489,-20.689685334098));
#9671=DIRECTION('',(0.,-1.,2.6037908408088E-15));
#9672=DIRECTION('',(0.99862953475457,-1.3627188351034E-16,-0.052335956242941));
#9673=AXIS2_PLACEMENT_3D('',#9670,#9672,#9671);
#9674=PLANE('',#9673);
#9675=CARTESIAN_POINT('',(11.642767897027,20.949731173558,-20.412021301109));
#9676=VERTEX_POINT('',#9675);
#9677=CARTESIAN_POINT('',(11.592419815389,21.732339462477,-21.372719928815));
#9678=CARTESIAN_POINT('',(11.627664419463,21.188612615334,-20.700212820965));
#9679=CARTESIAN_POINT('',(11.642767897037,20.949731173404,-20.412021300922));
#9680=(BOUNDED_CURVE()B_SPLINE_CURVE(2,(#9677,#9678,#9679),.HYPERBOLIC_ARC.,.F.,.U.)B_SPLINE_CURVE_WITH_KNOTS((3,3),(0.76570789322793,0.99222112219834),.UNSPECIFIED.)CURVE()GEOMETRIC_REPRESENTATION_ITEM()RATIONAL_B_SPLINE_CURVE((1.0392865799709,1.6099876353248,2.1054379697445))REPRESENTATION_ITEM(''));
#9681=EDGE_CURVE('',#9650,#9676,#9680,.T.);
#9682=ORIENTED_EDGE('',*,*,#9681,.T.);
#9683=CARTESIAN_POINT('',(11.642767897027,20.949731173558,-20.412021301109));
#9684=DIRECTION('',(-0.052264427688738,0.052264427827459,-0.99726468862696));
#9685=VECTOR('',#9684,1.0380721707336);
#9686=LINE('',#9683,#9685);
#9687=EDGE_CURVE('',#9676,#7947,#9686,.T.);
#9688=ORIENTED_EDGE('',*,*,#9687,.T.);
#9689=ORIENTED_EDGE('',*,*,#7952,.F.);
#9690=ORIENTED_EDGE('',*,*,#9656,.F.);
#9691=EDGE_LOOP('',(#9682,#9688,#9689,#9690));
#9692=FACE_OUTER_BOUND('',#9691,.T.);
#9693=ADVANCED_FACE('',(#9692),#9674,.T.);
#9694=CARTESIAN_POINT('',(11.189061835223,21.003985421605,-21.42631963873));
#9695=DIRECTION('',(0.99862953479989,1.6544543512964E-08,-0.05233595537824));
#9696=DIRECTION('',(0.05226442768871,-0.052264427688706,0.99726468863424));
#9697=AXIS2_PLACEMENT_3D('',#9694,#9696,#9695);
#9698=CYLINDRICAL_SURFACE('',#9697,0.4);
#9699=ORIENTED_EDGE('',*,*,#9687,.F.);
#9700=CARTESIAN_POINT('',(11.243316103219,20.55027935854,-20.412021277042));
#9701=VERTEX_POINT('',#9700);
#9702=CARTESIAN_POINT('',(11.642767897027,20.949731173555,-20.412021301106));
#9703=CARTESIAN_POINT('',(11.647607008636,20.883445421951,-20.331107154577));
#9704=CARTESIAN_POINT('',(11.619662545812,20.77524028721,-20.220684678093));
#9705=CARTESIAN_POINT('',(11.584980814077,20.707830763589,-20.171047935682));
#9706=CARTESIAN_POINT('',(11.536265254008,20.647432724898,-20.152470759896));
#9707=CARTESIAN_POINT('',(11.454495388864,20.587468436235,-20.187178331848));
#9708=CARTESIAN_POINT('',(11.322669945454,20.544058076096,-20.314561368361));
#9709=CARTESIAN_POINT('',(11.243316103222,20.55027935854,-20.412021277039));
#9710=B_SPLINE_CURVE_WITH_KNOTS('',2,(#9702,#9703,#9704,#9705,#9706,#9707,#9708,#9709),.UNSPECIFIED.,.F.,.U.,(3,1,1,1,1,1,3),(0.,0.24726514607194,0.37220200284784,0.46008515374245,0.55756161113096,0.7034183465623,1.),.UNSPECIFIED.);
#9711=EDGE_CURVE('',#9676,#9701,#9710,.T.);
#9712=ORIENTED_EDGE('',*,*,#9711,.T.);
#9713=CARTESIAN_POINT('',(11.243316103219,20.55027935854,-20.412021277042));
#9714=DIRECTION('',(-0.052264445780597,0.052264427639277,-0.99726468768867));
#9715=VECTOR('',#9714,1.0380721958433);
#9716=LINE('',#9713,#9715);
#9717=EDGE_CURVE('',#9701,#7955,#9716,.T.);
#9718=ORIENTED_EDGE('',*,*,#9717,.T.);
#9719=ORIENTED_EDGE('',*,*,#7961,.F.);
#9720=EDGE_LOOP('',(#9699,#9712,#9718,#9719));
#9721=FACE_OUTER_BOUND('',#9720,.T.);
#9722=ADVANCED_FACE('',(#9721),#9698,.T.);
#9723=CARTESIAN_POINT('',(10.98569915195,20.564831115157,-20.689685334098));
#9724=DIRECTION('',(-1.,0.,-2.603790840744E-15));
#9725=DIRECTION('',(1.3627188350695E-16,-0.99862953475457,-0.052335956242944));
#9726=AXIS2_PLACEMENT_3D('',#9723,#9725,#9724);
#9727=PLANE('',#9726);
#9728=ORIENTED_EDGE('',*,*,#9320,.F.);
#9729=ORIENTED_EDGE('',*,*,#7967,.F.);
#9730=ORIENTED_EDGE('',*,*,#9717,.F.);
#9731=CARTESIAN_POINT('',(11.243316104333,20.55027935847,-20.412021275699));
#9732=CARTESIAN_POINT('',(11.004434661581,20.565382836063,-20.700212796121));
#9733=CARTESIAN_POINT('',(10.460707794351,20.600627441439,-21.372719928815));
#9734=(BOUNDED_CURVE()B_SPLINE_CURVE(2,(#9731,#9732,#9733),.HYPERBOLIC_ARC.,.F.,.U.)B_SPLINE_CURVE_WITH_KNOTS((3,3),(0.0077788778016592,0.23429211973522),.UNSPECIFIED.)CURVE()GEOMETRIC_REPRESENTATION_ITEM()RATIONAL_B_SPLINE_CURVE((2.1054380264528,1.6099876679854,1.0392865799709))REPRESENTATION_ITEM(''));
#9735=EDGE_CURVE('',#9701,#9314,#9734,.T.);
#9736=ORIENTED_EDGE('',*,*,#9735,.T.);
#9737=EDGE_LOOP('',(#9728,#9729,#9730,#9736));
#9738=FACE_OUTER_BOUND('',#9737,.T.);
#9739=ADVANCED_FACE('',(#9738),#9727,.T.);
#9740=CARTESIAN_POINT('',(-15.669819684209,7.4628669410374,-19.447254021229));
#9741=DIRECTION('',(1.4210854715202E-14,-1.,1.4210854715202E-14));
#9742=DIRECTION('',(0.,-5.5860277968561E-16,-1.));
#9743=AXIS2_PLACEMENT_3D('',#9740,#9742,#9741);
#9744=CYLINDRICAL_SURFACE('',#9743,0.25);
#9745=CARTESIAN_POINT('',(-15.669819684209,7.2128669410374,-21.037254021229));
#9746=VERTEX_POINT('',#9745);
#9747=CARTESIAN_POINT('',(-15.669819684209,7.4628669410374,-21.037254021229));
#9748=DIRECTION('',(2.5121479338942E-15,-1.,-1.8373117694828E-14));
#9749=DIRECTION('',(-1.0048591735576E-14,-1.8373117694828E-14,1.));
#9750=AXIS2_PLACEMENT_3D('',#9747,#9749,#9748);
#9751=CIRCLE('',#9750,0.25);
#9752=EDGE_CURVE('',#9746,#9746,#9751,.T.);
#9753=ORIENTED_EDGE('',*,*,#9752,.T.);
#9754=CARTESIAN_POINT('',(-15.669819684209,7.2128669410374,-21.037254021229));
#9755=DIRECTION('',(0.,0.,1.));
#9756=VECTOR('',#9755,1.59);
#9757=LINE('',#9754,#9756);
#9758=EDGE_CURVE('',#9746,#5012,#9757,.T.);
#9759=ORIENTED_EDGE('',*,*,#9758,.T.);
#9760=ORIENTED_EDGE('',*,*,#5018,.F.);
#9761=ORIENTED_EDGE('',*,*,#9758,.F.);
#9762=EDGE_LOOP('',(#9753,#9759,#9760,#9761));
#9763=FACE_OUTER_BOUND('',#9762,.T.);
#9764=ADVANCED_FACE('',(#9763),#9744,.T.);
#9765=CARTESIAN_POINT('',(-15.669819684209,4.4628669410374,-19.447254021229));
#9766=DIRECTION('',(0.,-1.,1.4210854715202E-14));
#9767=DIRECTION('',(0.,0.,-1.));
#9768=AXIS2_PLACEMENT_3D('',#9765,#9767,#9766);
#9769=CYLINDRICAL_SURFACE('',#9768,0.25);
#9770=CARTESIAN_POINT('',(-15.669819684209,4.2128669410374,-21.037254021229));
#9771=VERTEX_POINT('',#9770);
#9772=CARTESIAN_POINT('',(-15.669819684209,4.4628669410374,-21.037254021229));
#9773=DIRECTION('',(-1.2560739669474E-15,-1.,-2.0097183471152E-14));
#9774=DIRECTION('',(2.0097183471152E-14,-2.0097183471152E-14,1.));
#9775=AXIS2_PLACEMENT_3D('',#9772,#9774,#9773);
#9776=CIRCLE('',#9775,0.25);
#9777=EDGE_CURVE('',#9771,#9771,#9776,.T.);
#9778=ORIENTED_EDGE('',*,*,#9777,.T.);
#9779=CARTESIAN_POINT('',(-15.669819684209,4.2128669410374,-21.037254021229));
#9780=DIRECTION('',(0.,0.,1.));
#9781=VECTOR('',#9780,1.59);
#9782=LINE('',#9779,#9781);
#9783=EDGE_CURVE('',#9771,#5001,#9782,.T.);
#9784=ORIENTED_EDGE('',*,*,#9783,.T.);
#9785=ORIENTED_EDGE('',*,*,#5007,.F.);
#9786=ORIENTED_EDGE('',*,*,#9783,.F.);
#9787=EDGE_LOOP('',(#9778,#9784,#9785,#9786));
#9788=FACE_OUTER_BOUND('',#9787,.T.);
#9789=ADVANCED_FACE('',(#9788),#9769,.T.);
#9790=CARTESIAN_POINT('',(-15.669819684209,5.9628669410374,-19.447254021229));
#9791=DIRECTION('',(7.105427357601E-15,-1.,1.4210854715202E-14));
#9792=DIRECTION('',(0.,0.,-1.));
#9793=AXIS2_PLACEMENT_3D('',#9790,#9792,#9791);
#9794=CYLINDRICAL_SURFACE('',#9793,0.25);
#9795=CARTESIAN_POINT('',(-15.669819684209,5.7128669410374,-21.037254021229));
#9796=VERTEX_POINT('',#9795);
#9797=CARTESIAN_POINT('',(-15.669819684209,5.9628669410374,-21.037254021229));
#9798=DIRECTION('',(2.5121479338938E-15,-1.,-1.5072887603364E-14));
#9799=DIRECTION('',(1.5072887603364E-14,-1.5072887603364E-14,1.));
#9800=AXIS2_PLACEMENT_3D('',#9797,#9799,#9798);
#9801=CIRCLE('',#9800,0.25);
#9802=EDGE_CURVE('',#9796,#9796,#9801,.T.);
#9803=ORIENTED_EDGE('',*,*,#9802,.T.);
#9804=CARTESIAN_POINT('',(-15.669819684209,5.7128669410374,-21.037254021229));
#9805=DIRECTION('',(0.,0.,1.));
#9806=VECTOR('',#9805,1.59);
#9807=LINE('',#9804,#9806);
#9808=EDGE_CURVE('',#9796,#4990,#9807,.T.);
#9809=ORIENTED_EDGE('',*,*,#9808,.T.);
#9810=ORIENTED_EDGE('',*,*,#4996,.F.);
#9811=ORIENTED_EDGE('',*,*,#9808,.F.);
#9812=EDGE_LOOP('',(#9803,#9809,#9810,#9811));
#9813=FACE_OUTER_BOUND('',#9812,.T.);
#9814=ADVANCED_FACE('',(#9813),#9794,.T.);
#9815=CARTESIAN_POINT('',(-15.669819684209,8.9628669410374,-19.447254021229));
#9816=DIRECTION('',(2.1316282072802E-14,-1.,1.4210854715202E-14));
#9817=DIRECTION('',(0.,0.,-1.));
#9818=AXIS2_PLACEMENT_3D('',#9815,#9817,#9816);
#9819=CYLINDRICAL_SURFACE('',#9818,0.25);
#9820=CARTESIAN_POINT('',(-15.669819684209,8.7128669410374,-21.037254021229));
#9821=VERTEX_POINT('',#9820);
#9822=CARTESIAN_POINT('',(-15.669819684209,8.9628669410374,-21.037254021229));
#9823=DIRECTION('',(5.0242958677881E-15,-1.,8.6203288816235E-16));
#9824=DIRECTION('',(-1.5072887603364E-14,8.6203288816227E-16,1.));
#9825=AXIS2_PLACEMENT_3D('',#9822,#9824,#9823);
#9826=CIRCLE('',#9825,0.25);
#9827=EDGE_CURVE('',#9821,#9821,#9826,.T.);
#9828=ORIENTED_EDGE('',*,*,#9827,.T.);
#9829=CARTESIAN_POINT('',(-15.669819684209,8.7128669410374,-21.037254021229));
#9830=DIRECTION('',(0.,0.,1.));
#9831=VECTOR('',#9830,1.59);
#9832=LINE('',#9829,#9831);
#9833=EDGE_CURVE('',#9821,#4979,#9832,.T.);
#9834=ORIENTED_EDGE('',*,*,#9833,.T.);
#9835=ORIENTED_EDGE('',*,*,#4985,.F.);
#9836=ORIENTED_EDGE('',*,*,#9833,.F.);
#9837=EDGE_LOOP('',(#9828,#9834,#9835,#9836));
#9838=FACE_OUTER_BOUND('',#9837,.T.);
#9839=ADVANCED_FACE('',(#9838),#9819,.T.);
#9840=CARTESIAN_POINT('',(11.830180315791,-18.637133058963,-19.647254021229));
#9841=DIRECTION('',(1.,-5.4489525752244E-16,1.5363019066258E-15));
#9842=DIRECTION('',(1.5363019066258E-15,-1.3168302056793E-15,-1.));
#9843=AXIS2_PLACEMENT_3D('',#9840,#9842,#9841);
#9844=CONICAL_SURFACE('',#9843,0.,0.67811930774905);
#9845=CARTESIAN_POINT('',(11.830180315791,-18.637133058963,-19.647254021228));
#9846=VERTEX_POINT('',#9845);
#9847=CARTESIAN_POINT('',(11.830180315791,-18.637133058963,-19.647254021228));
#9848=DIRECTION('',(0.62732953787249,0.,-0.77875390908341));
#9849=VECTOR('',#9848,2.2156754366818);
#9850=LINE('',#9847,#9849);
#9851=EDGE_CURVE('',#9846,#8196,#9850,.T.);
#9852=ORIENTED_EDGE('',*,*,#9851,.T.);
#9853=ORIENTED_EDGE('',*,*,#8202,.F.);
#9854=ORIENTED_EDGE('',*,*,#8183,.F.);
#9855=ORIENTED_EDGE('',*,*,#8151,.F.);
#9856=ORIENTED_EDGE('',*,*,#8121,.F.);
#9857=ORIENTED_EDGE('',*,*,#8105,.F.);
#9858=ORIENTED_EDGE('',*,*,#8079,.F.);
#9859=ORIENTED_EDGE('',*,*,#8047,.F.);
#9860=ORIENTED_EDGE('',*,*,#8017,.F.);
#9861=ORIENTED_EDGE('',*,*,#8001,.F.);
#9862=ORIENTED_EDGE('',*,*,#8409,.F.);
#9863=ORIENTED_EDGE('',*,*,#8385,.F.);
#9864=ORIENTED_EDGE('',*,*,#8355,.F.);
#9865=ORIENTED_EDGE('',*,*,#8339,.F.);
#9866=ORIENTED_EDGE('',*,*,#8313,.F.);
#9867=ORIENTED_EDGE('',*,*,#8281,.F.);
#9868=ORIENTED_EDGE('',*,*,#8251,.F.);
#9869=ORIENTED_EDGE('',*,*,#8226,.F.);
#9870=ORIENTED_EDGE('',*,*,#9851,.F.);
#9871=EDGE_LOOP('',(#9852,#9853,#9854,#9855,#9856,#9857,#9858,#9859,#9860,#9861,#9862,#9863,#9864,#9865,#9866,#9867,#9868,#9869,#9870));
#9872=FACE_OUTER_BOUND('',#9871,.T.);
#9873=ADVANCED_FACE('',(#9872),#9844,.F.);
#9874=CARTESIAN_POINT('',(-16.169819684209,-18.637133058963,-19.647254021229));
#9875=DIRECTION('',(1.,-1.6346857725673E-15,1.3168302056793E-15));
#9876=DIRECTION('',(1.3168302056793E-15,-4.3894340189308E-16,-1.));
#9877=AXIS2_PLACEMENT_3D('',#9874,#9876,#9875);
#9878=CONICAL_SURFACE('',#9877,0.,0.67811930774905);
#9879=CARTESIAN_POINT('',(-16.169819684209,-18.637133058963,-19.647254021228));
#9880=VERTEX_POINT('',#9879);
#9881=CARTESIAN_POINT('',(-16.169819684209,-18.637133058963,-19.647254021228));
#9882=DIRECTION('',(0.62732953787249,0.,-0.77875390908341));
#9883=VECTOR('',#9882,2.2156754366818);
#9884=LINE('',#9881,#9883);
#9885=EDGE_CURVE('',#9880,#8638,#9884,.T.);
#9886=ORIENTED_EDGE('',*,*,#9885,.T.);
#9887=ORIENTED_EDGE('',*,*,#8644,.F.);
#9888=ORIENTED_EDGE('',*,*,#8625,.F.);
#9889=ORIENTED_EDGE('',*,*,#8593,.F.);
#9890=ORIENTED_EDGE('',*,*,#8563,.F.);
#9891=ORIENTED_EDGE('',*,*,#8547,.F.);
#9892=ORIENTED_EDGE('',*,*,#8521,.F.);
#9893=ORIENTED_EDGE('',*,*,#8489,.F.);
#9894=ORIENTED_EDGE('',*,*,#8459,.F.);
#9895=ORIENTED_EDGE('',*,*,#8443,.F.);
#9896=ORIENTED_EDGE('',*,*,#8851,.F.);
#9897=ORIENTED_EDGE('',*,*,#8827,.F.);
#9898=ORIENTED_EDGE('',*,*,#8797,.F.);
#9899=ORIENTED_EDGE('',*,*,#8781,.F.);
#9900=ORIENTED_EDGE('',*,*,#8755,.F.);
#9901=ORIENTED_EDGE('',*,*,#8723,.F.);
#9902=ORIENTED_EDGE('',*,*,#8693,.F.);
#9903=ORIENTED_EDGE('',*,*,#8668,.F.);
#9904=ORIENTED_EDGE('',*,*,#9885,.F.);
#9905=EDGE_LOOP('',(#9886,#9887,#9888,#9889,#9890,#9891,#9892,#9893,#9894,#9895,#9896,#9897,#9898,#9899,#9900,#9901,#9902,#9903,#9904));
#9906=FACE_OUTER_BOUND('',#9905,.T.);
#9907=ADVANCED_FACE('',(#9906),#9878,.F.);
#9908=CARTESIAN_POINT('',(-16.169819684209,20.362866941037,-19.647254021229));
#9909=DIRECTION('',(1.,-1.6346857725673E-15,1.3168302056793E-15));
#9910=DIRECTION('',(1.3168302056793E-15,-4.3894340189308E-16,-1.));
#9911=AXIS2_PLACEMENT_3D('',#9908,#9910,#9909);
#9912=CONICAL_SURFACE('',#9911,0.,0.67811930774905);
#9913=CARTESIAN_POINT('',(-16.169819684209,20.362866941037,-19.647254021228));
#9914=VERTEX_POINT('',#9913);
#9915=CARTESIAN_POINT('',(-16.169819684209,20.362866941037,-19.647254021228));
#9916=DIRECTION('',(0.62732953787249,0.,-0.77875390908341));
#9917=VECTOR('',#9916,2.2156754366818);
#9918=LINE('',#9915,#9917);
#9919=EDGE_CURVE('',#9914,#9080,#9918,.T.);
#9920=ORIENTED_EDGE('',*,*,#9919,.T.);
#9921=ORIENTED_EDGE('',*,*,#9086,.F.);
#9922=ORIENTED_EDGE('',*,*,#9067,.F.);
#9923=ORIENTED_EDGE('',*,*,#9035,.F.);
#9924=ORIENTED_EDGE('',*,*,#9005,.F.);
#9925=ORIENTED_EDGE('',*,*,#8989,.F.);
#9926=ORIENTED_EDGE('',*,*,#8963,.F.);
#9927=ORIENTED_EDGE('',*,*,#8931,.F.);
#9928=ORIENTED_EDGE('',*,*,#8901,.F.);
#9929=ORIENTED_EDGE('',*,*,#8885,.F.);
#9930=ORIENTED_EDGE('',*,*,#9293,.F.);
#9931=ORIENTED_EDGE('',*,*,#9269,.F.);
#9932=ORIENTED_EDGE('',*,*,#9239,.F.);
#9933=ORIENTED_EDGE('',*,*,#9223,.F.);
#9934=ORIENTED_EDGE('',*,*,#9197,.F.);
#9935=ORIENTED_EDGE('',*,*,#9165,.F.);
#9936=ORIENTED_EDGE('',*,*,#9135,.F.);
#9937=ORIENTED_EDGE('',*,*,#9110,.F.);
#9938=ORIENTED_EDGE('',*,*,#9919,.F.);
#9939=EDGE_LOOP('',(#9920,#9921,#9922,#9923,#9924,#9925,#9926,#9927,#9928,#9929,#9930,#9931,#9932,#9933,#9934,#9935,#9936,#9937,#9938));
#9940=FACE_OUTER_BOUND('',#9939,.T.);
#9941=ADVANCED_FACE('',(#9940),#9912,.F.);
#9942=CARTESIAN_POINT('',(11.830180315791,20.362866941037,-19.647254021229));
#9943=DIRECTION('',(1.,-5.4489525752244E-16,1.5363019066258E-15));
#9944=DIRECTION('',(1.5363019066258E-15,-1.3168302056793E-15,-1.));
#9945=AXIS2_PLACEMENT_3D('',#9942,#9944,#9943);
#9946=CONICAL_SURFACE('',#9945,0.,0.67811930774905);
#9947=CARTESIAN_POINT('',(11.830180315791,20.362866941037,-19.647254021228));
#9948=VERTEX_POINT('',#9947);
#9949=CARTESIAN_POINT('',(11.830180315791,20.362866941037,-19.647254021228));
#9950=DIRECTION('',(0.62732953787249,0.,-0.77875390908341));
#9951=VECTOR('',#9950,2.2156754366818);
#9952=LINE('',#9949,#9951);
#9953=EDGE_CURVE('',#9948,#9522,#9952,.T.);
#9954=ORIENTED_EDGE('',*,*,#9953,.T.);
#9955=ORIENTED_EDGE('',*,*,#9528,.F.);
#9956=ORIENTED_EDGE('',*,*,#9509,.F.);
#9957=ORIENTED_EDGE('',*,*,#9477,.F.);
#9958=ORIENTED_EDGE('',*,*,#9447,.F.);
#9959=ORIENTED_EDGE('',*,*,#9431,.F.);
#9960=ORIENTED_EDGE('',*,*,#9405,.F.);
#9961=ORIENTED_EDGE('',*,*,#9373,.F.);
#9962=ORIENTED_EDGE('',*,*,#9343,.F.);
#9963=ORIENTED_EDGE('',*,*,#9327,.F.);
#9964=ORIENTED_EDGE('',*,*,#9735,.F.);
#9965=ORIENTED_EDGE('',*,*,#9711,.F.);
#9966=ORIENTED_EDGE('',*,*,#9681,.F.);
#9967=ORIENTED_EDGE('',*,*,#9665,.F.);
#9968=ORIENTED_EDGE('',*,*,#9639,.F.);
#9969=ORIENTED_EDGE('',*,*,#9607,.F.);
#9970=ORIENTED_EDGE('',*,*,#9577,.F.);
#9971=ORIENTED_EDGE('',*,*,#9552,.F.);
#9972=ORIENTED_EDGE('',*,*,#9953,.F.);
#9973=EDGE_LOOP('',(#9954,#9955,#9956,#9957,#9958,#9959,#9960,#9961,#9962,#9963,#9964,#9965,#9966,#9967,#9968,#9969,#9970,#9971,#9972));
#9974=FACE_OUTER_BOUND('',#9973,.T.);
#9975=ADVANCED_FACE('',(#9974),#9946,.F.);
#9976=CARTESIAN_POINT('',(-15.669819684209,7.5298542391452,-21.037254021229));
#9977=DIRECTION('',(0.,-1.,0.));
#9978=DIRECTION('',(-0.,-0.,-1.));
#9979=AXIS2_PLACEMENT_3D('',#9976,#9978,#9977);
#9980=PLANE('',#9979);
#9981=ORIENTED_EDGE('',*,*,#9752,.F.);
#9982=EDGE_LOOP('',(#9981));
#9983=FACE_OUTER_BOUND('',#9982,.T.);
#9984=ADVANCED_FACE('',(#9983),#9980,.T.);
#9985=CARTESIAN_POINT('',(-15.669819684209,4.5298542391452,-21.037254021229));
#9986=DIRECTION('',(-2.8019369388046E-15,-1.,0.));
#9987=DIRECTION('',(-0.,0.,-1.));
#9988=AXIS2_PLACEMENT_3D('',#9985,#9987,#9986);
#9989=PLANE('',#9988);
#9990=ORIENTED_EDGE('',*,*,#9777,.F.);
#9991=EDGE_LOOP('',(#9990));
#9992=FACE_OUTER_BOUND('',#9991,.T.);
#9993=ADVANCED_FACE('',(#9992),#9989,.T.);
#9994=CARTESIAN_POINT('',(-15.669819684209,6.0298542391452,-21.037254021229));
#9995=DIRECTION('',(-2.8019369388046E-15,-1.,0.));
#9996=DIRECTION('',(-0.,0.,-1.));
#9997=AXIS2_PLACEMENT_3D('',#9994,#9996,#9995);
#9998=PLANE('',#9997);
#9999=ORIENTED_EDGE('',*,*,#9802,.F.);
#10000=EDGE_LOOP('',(#9999));
#10001=FACE_OUTER_BOUND('',#10000,.T.);
#10002=ADVANCED_FACE('',(#10001),#9998,.T.);
#10003=CARTESIAN_POINT('',(-15.669819684209,9.0298542391452,-21.037254021229));
#10004=DIRECTION('',(0.,-1.,0.));
#10005=DIRECTION('',(-0.,-0.,-1.));
#10006=AXIS2_PLACEMENT_3D('',#10003,#10005,#10004);
#10007=PLANE('',#10006);
#10008=ORIENTED_EDGE('',*,*,#9827,.F.);
#10009=EDGE_LOOP('',(#10008));
#10010=FACE_OUTER_BOUND('',#10009,.T.);
#10011=ADVANCED_FACE('',(#10010),#10007,.T.);
#10012=CLOSED_SHELL('',(#62,#149,#191,#233,#275,#317,#337,#370,#395,#421,#447,#472,#497,#522,#547,#580,#600,#627,#644,#666,#683,#705,#722,#744,#756,#781,#806,#834,#851,#1023,#1065,#1096,#1129,#1151,#1191,#1224,#1255,#1279,#1321,#1352,#1385,#1407,#1447,#1480,#1511,#1535,#1547,#1559,#1571,#1583,#1672,#1767,#1807,#1840,#1871,#1895,#1935,#1968,#1999,#2023,#2063,#2096,#2127,#2151,#2191,#2224,#2255,#2279,#2451,#2493,#2524,#2557,#2579,#2619,#2652,#2683,#2707,#2749,#2780,#2813,#2835,#2866,#2891,#2915,#2933,#2945,#2957,#2969,#3011,#3042,#3067,#3091,#3116,#3140,#3165,#3189,#3207,#3224,#3241,#3258,#3280,#3297,#3314,#3326,#3348,#3365,#3382,#3394,#3416,#3433,#3450,#3462,#3484,#3501,#3518,#3530,#3552,#3569,#3586,#3598,#3620,#3637,#3654,#3666,#3688,#3705,#3722,#3734,#3756,#3773,#3790,#3802,#3833,#3858,#3882,#3900,#3931,#3956,#3980,#3998,#4029,#4054,#4078,#4096,#4127,#4152,#4176,#4194,#4216,#4233,#4250,#4262,#4284,#4301,#4318,#4330,#4352,#4369,#4386,#4398,#4420,#4437,#4454,#4466,#4499,#4532,#4549,#4574,#4599,#4616,#4628,#4640,#4649,#4661,#4673,#4682,#4715,#4748,#4781,#4814,#4834,#4854,#4874,#4894,#4938,#5022,#5132,#5163,#5187,#5211,#5254,#5267,#5287,#5312,#5332,#5357,#5377,#5419,#5451,#5475,#5500,#5524,#5549,#5573,#5598,#5615,#5647,#5671,#5696,#5720,#5745,#5769,#5794,#5811,#5843,#5867,#5892,#5916,#5941,#5965,#5990,#6007,#6137,#6154,#6171,#6188,#6205,#6237,#6261,#6286,#6310,#6335,#6359,#6384,#6401,#6433,#6457,#6482,#6506,#6531,#6555,#6580,#6597,#6619,#6636,#6653,#6670,#6687,#6704,#6721,#6733,#6758,#6783,#6808,#6833,#6859,#6885,#6911,#6937,#6968,#6992,#7016,#7033,#7058,#7083,#7108,#7133,#7179,#7204,#7229,#7254,#7279,#7301,#7318,#7335,#7347,#7503,#7659,#7815,#7971,#8005,#8029,#8058,#8083,#8109,#8133,#8162,#8187,#8213,#8239,#8263,#8292,#8317,#8343,#8367,#8396,#8413,#8447,#8471,#8500,#8525,#8551,#8575,#8604,#8629,#8655,#8681,#8705,#8734,#8759,#8785,#8809,#8838,#8855,#8889,#8913,#8942,#8967,#8993,#9017,#9046,#9071,#9097,#9123,#9147,#9176,#9201,#9227,#9251,#9280,#9297,#9331,#9355,#9384,#9409,#9435,#9459,#9488,#9513,#9539,#9565,#9589,#9618,#9643,#9669,#9693,#9722,#9739,#9764,#9789,#9814,#9839,#9873,#9907,#9941,#9975,#9984,#9993,#10002,#10011));
#10013=COLOUR_RGB('',0.352941,0.352941,0.352941);
#10014=FILL_AREA_STYLE_COLOUR('',#10013);
#10015=FILL_AREA_STYLE('',(#10014));
#10016=SURFACE_STYLE_FILL_AREA(#10015);
#10017=SURFACE_SIDE_STYLE('',(#10016));
#10018=SURFACE_STYLE_USAGE(.BOTH.,#10017);
#10019=PRESENTATION_STYLE_ASSIGNMENT((#10018));
#10020=OVER_RIDING_STYLED_ITEM('',(#10019),#62,#10012);
#10021=OVER_RIDING_STYLED_ITEM('',(#10019),#149,#10012);
#10022=OVER_RIDING_STYLED_ITEM('',(#10019),#191,#10012);
#10023=OVER_RIDING_STYLED_ITEM('',(#10019),#233,#10012);
#10024=OVER_RIDING_STYLED_ITEM('',(#10019),#275,#10012);
#10025=OVER_RIDING_STYLED_ITEM('',(#10019),#317,#10012);
#10026=OVER_RIDING_STYLED_ITEM('',(#10019),#337,#10012);
#10027=OVER_RIDING_STYLED_ITEM('',(#10019),#370,#10012);
#10028=OVER_RIDING_STYLED_ITEM('',(#10019),#395,#10012);
#10029=OVER_RIDING_STYLED_ITEM('',(#10019),#421,#10012);
#10030=OVER_RIDING_STYLED_ITEM('',(#10019),#447,#10012);
#10031=OVER_RIDING_STYLED_ITEM('',(#10019),#472,#10012);
#10032=OVER_RIDING_STYLED_ITEM('',(#10019),#497,#10012);
#10033=OVER_RIDING_STYLED_ITEM('',(#10019),#522,#10012);
#10034=OVER_RIDING_STYLED_ITEM('',(#10019),#547,#10012);
#10035=OVER_RIDING_STYLED_ITEM('',(#10019),#580,#10012);
#10036=OVER_RIDING_STYLED_ITEM('',(#10019),#600,#10012);
#10037=OVER_RIDING_STYLED_ITEM('',(#10019),#627,#10012);
#10038=OVER_RIDING_STYLED_ITEM('',(#10019),#644,#10012);
#10039=OVER_RIDING_STYLED_ITEM('',(#10019),#666,#10012);
#10040=OVER_RIDING_STYLED_ITEM('',(#10019),#683,#10012);
#10041=OVER_RIDING_STYLED_ITEM('',(#10019),#705,#10012);
#10042=OVER_RIDING_STYLED_ITEM('',(#10019),#722,#10012);
#10043=OVER_RIDING_STYLED_ITEM('',(#10019),#744,#10012);
#10044=OVER_RIDING_STYLED_ITEM('',(#10019),#756,#10012);
#10045=OVER_RIDING_STYLED_ITEM('',(#10019),#781,#10012);
#10046=OVER_RIDING_STYLED_ITEM('',(#10019),#806,#10012);
#10047=OVER_RIDING_STYLED_ITEM('',(#10019),#834,#10012);
#10048=OVER_RIDING_STYLED_ITEM('',(#10019),#851,#10012);
#10049=OVER_RIDING_STYLED_ITEM('',(#10019),#1023,#10012);
#10050=OVER_RIDING_STYLED_ITEM('',(#10019),#1065,#10012);
#10051=OVER_RIDING_STYLED_ITEM('',(#10019),#1096,#10012);
#10052=OVER_RIDING_STYLED_ITEM('',(#10019),#1129,#10012);
#10053=OVER_RIDING_STYLED_ITEM('',(#10019),#1151,#10012);
#10054=OVER_RIDING_STYLED_ITEM('',(#10019),#1191,#10012);
#10055=OVER_RIDING_STYLED_ITEM('',(#10019),#1224,#10012);
#10056=OVER_RIDING_STYLED_ITEM('',(#10019),#1255,#10012);
#10057=OVER_RIDING_STYLED_ITEM('',(#10019),#1279,#10012);
#10058=OVER_RIDING_STYLED_ITEM('',(#10019),#1321,#10012);
#10059=OVER_RIDING_STYLED_ITEM('',(#10019),#1352,#10012);
#10060=OVER_RIDING_STYLED_ITEM('',(#10019),#1385,#10012);
#10061=OVER_RIDING_STYLED_ITEM('',(#10019),#1407,#10012);
#10062=OVER_RIDING_STYLED_ITEM('',(#10019),#1447,#10012);
#10063=OVER_RIDING_STYLED_ITEM('',(#10019),#1480,#10012);
#10064=OVER_RIDING_STYLED_ITEM('',(#10019),#1511,#10012);
#10065=OVER_RIDING_STYLED_ITEM('',(#10019),#1535,#10012);
#10066=OVER_RIDING_STYLED_ITEM('',(#10019),#1547,#10012);
#10067=OVER_RIDING_STYLED_ITEM('',(#10019),#1559,#10012);
#10068=OVER_RIDING_STYLED_ITEM('',(#10019),#1571,#10012);
#10069=OVER_RIDING_STYLED_ITEM('',(#10019),#1583,#10012);
#10070=OVER_RIDING_STYLED_ITEM('',(#10019),#1672,#10012);
#10071=OVER_RIDING_STYLED_ITEM('',(#10019),#1767,#10012);
#10072=OVER_RIDING_STYLED_ITEM('',(#10019),#1807,#10012);
#10073=OVER_RIDING_STYLED_ITEM('',(#10019),#1840,#10012);
#10074=OVER_RIDING_STYLED_ITEM('',(#10019),#1871,#10012);
#10075=OVER_RIDING_STYLED_ITEM('',(#10019),#1895,#10012);
#10076=OVER_RIDING_STYLED_ITEM('',(#10019),#1935,#10012);
#10077=OVER_RIDING_STYLED_ITEM('',(#10019),#1968,#10012);
#10078=OVER_RIDING_STYLED_ITEM('',(#10019),#1999,#10012);
#10079=OVER_RIDING_STYLED_ITEM('',(#10019),#2023,#10012);
#10080=OVER_RIDING_STYLED_ITEM('',(#10019),#2063,#10012);
#10081=OVER_RIDING_STYLED_ITEM('',(#10019),#2096,#10012);
#10082=OVER_RIDING_STYLED_ITEM('',(#10019),#2127,#10012);
#10083=OVER_RIDING_STYLED_ITEM('',(#10019),#2151,#10012);
#10084=OVER_RIDING_STYLED_ITEM('',(#10019),#2191,#10012);
#10085=OVER_RIDING_STYLED_ITEM('',(#10019),#2224,#10012);
#10086=OVER_RIDING_STYLED_ITEM('',(#10019),#2255,#10012);
#10087=OVER_RIDING_STYLED_ITEM('',(#10019),#2279,#10012);
#10088=OVER_RIDING_STYLED_ITEM('',(#10019),#2451,#10012);
#10089=OVER_RIDING_STYLED_ITEM('',(#10019),#2493,#10012);
#10090=OVER_RIDING_STYLED_ITEM('',(#10019),#2524,#10012);
#10091=OVER_RIDING_STYLED_ITEM('',(#10019),#2557,#10012);
#10092=OVER_RIDING_STYLED_ITEM('',(#10019),#2579,#10012);
#10093=OVER_RIDING_STYLED_ITEM('',(#10019),#2619,#10012);
#10094=OVER_RIDING_STYLED_ITEM('',(#10019),#2652,#10012);
#10095=OVER_RIDING_STYLED_ITEM('',(#10019),#2683,#10012);
#10096=OVER_RIDING_STYLED_ITEM('',(#10019),#2707,#10012);
#10097=OVER_RIDING_STYLED_ITEM('',(#10019),#2749,#10012);
#10098=OVER_RIDING_STYLED_ITEM('',(#10019),#2780,#10012);
#10099=OVER_RIDING_STYLED_ITEM('',(#10019),#2813,#10012);
#10100=OVER_RIDING_STYLED_ITEM('',(#10019),#2835,#10012);
#10101=OVER_RIDING_STYLED_ITEM('',(#10019),#2866,#10012);
#10102=OVER_RIDING_STYLED_ITEM('',(#10019),#2891,#10012);
#10103=OVER_RIDING_STYLED_ITEM('',(#10019),#2915,#10012);
#10104=OVER_RIDING_STYLED_ITEM('',(#10019),#2933,#10012);
#10105=OVER_RIDING_STYLED_ITEM('',(#10019),#2945,#10012);
#10106=OVER_RIDING_STYLED_ITEM('',(#10019),#2957,#10012);
#10107=OVER_RIDING_STYLED_ITEM('',(#10019),#2969,#10012);
#10108=OVER_RIDING_STYLED_ITEM('',(#10019),#3011,#10012);
#10109=OVER_RIDING_STYLED_ITEM('',(#10019),#3042,#10012);
#10110=OVER_RIDING_STYLED_ITEM('',(#10019),#3067,#10012);
#10111=OVER_RIDING_STYLED_ITEM('',(#10019),#3091,#10012);
#10112=OVER_RIDING_STYLED_ITEM('',(#10019),#3116,#10012);
#10113=OVER_RIDING_STYLED_ITEM('',(#10019),#3140,#10012);
#10114=OVER_RIDING_STYLED_ITEM('',(#10019),#3165,#10012);
#10115=OVER_RIDING_STYLED_ITEM('',(#10019),#3189,#10012);
#10116=OVER_RIDING_STYLED_ITEM('',(#10019),#3207,#10012);
#10117=OVER_RIDING_STYLED_ITEM('',(#10019),#3224,#10012);
#10118=OVER_RIDING_STYLED_ITEM('',(#10019),#3241,#10012);
#10119=OVER_RIDING_STYLED_ITEM('',(#10019),#3258,#10012);
#10120=OVER_RIDING_STYLED_ITEM('',(#10019),#3280,#10012);
#10121=OVER_RIDING_STYLED_ITEM('',(#10019),#3297,#10012);
#10122=OVER_RIDING_STYLED_ITEM('',(#10019),#3314,#10012);
#10123=OVER_RIDING_STYLED_ITEM('',(#10019),#3326,#10012);
#10124=OVER_RIDING_STYLED_ITEM('',(#10019),#3348,#10012);
#10125=OVER_RIDING_STYLED_ITEM('',(#10019),#3365,#10012);
#10126=OVER_RIDING_STYLED_ITEM('',(#10019),#3382,#10012);
#10127=OVER_RIDING_STYLED_ITEM('',(#10019),#3394,#10012);
#10128=OVER_RIDING_STYLED_ITEM('',(#10019),#3416,#10012);
#10129=OVER_RIDING_STYLED_ITEM('',(#10019),#3433,#10012);
#10130=OVER_RIDING_STYLED_ITEM('',(#10019),#3450,#10012);
#10131=OVER_RIDING_STYLED_ITEM('',(#10019),#3462,#10012);
#10132=OVER_RIDING_STYLED_ITEM('',(#10019),#3484,#10012);
#10133=OVER_RIDING_STYLED_ITEM('',(#10019),#3501,#10012);
#10134=OVER_RIDING_STYLED_ITEM('',(#10019),#3518,#10012);
#10135=OVER_RIDING_STYLED_ITEM('',(#10019),#3530,#10012);
#10136=OVER_RIDING_STYLED_ITEM('',(#10019),#3552,#10012);
#10137=OVER_RIDING_STYLED_ITEM('',(#10019),#3569,#10012);
#10138=OVER_RIDING_STYLED_ITEM('',(#10019),#3586,#10012);
#10139=OVER_RIDING_STYLED_ITEM('',(#10019),#3598,#10012);
#10140=OVER_RIDING_STYLED_ITEM('',(#10019),#3620,#10012);
#10141=OVER_RIDING_STYLED_ITEM('',(#10019),#3637,#10012);
#10142=OVER_RIDING_STYLED_ITEM('',(#10019),#3654,#10012);
#10143=OVER_RIDING_STYLED_ITEM('',(#10019),#3666,#10012);
#10144=OVER_RIDING_STYLED_ITEM('',(#10019),#3688,#10012);
#10145=OVER_RIDING_STYLED_ITEM('',(#10019),#3705,#10012);
#10146=OVER_RIDING_STYLED_ITEM('',(#10019),#3722,#10012);
#10147=OVER_RIDING_STYLED_ITEM('',(#10019),#3734,#10012);
#10148=OVER_RIDING_STYLED_ITEM('',(#10019),#3756,#10012);
#10149=OVER_RIDING_STYLED_ITEM('',(#10019),#3773,#10012);
#10150=OVER_RIDING_STYLED_ITEM('',(#10019),#3790,#10012);
#10151=OVER_RIDING_STYLED_ITEM('',(#10019),#3802,#10012);
#10152=OVER_RIDING_STYLED_ITEM('',(#10019),#3833,#10012);
#10153=OVER_RIDING_STYLED_ITEM('',(#10019),#3858,#10012);
#10154=OVER_RIDING_STYLED_ITEM('',(#10019),#3882,#10012);
#10155=OVER_RIDING_STYLED_ITEM('',(#10019),#3900,#10012);
#10156=OVER_RIDING_STYLED_ITEM('',(#10019),#3931,#10012);
#10157=OVER_RIDING_STYLED_ITEM('',(#10019),#3956,#10012);
#10158=OVER_RIDING_STYLED_ITEM('',(#10019),#3980,#10012);
#10159=OVER_RIDING_STYLED_ITEM('',(#10019),#3998,#10012);
#10160=OVER_RIDING_STYLED_ITEM('',(#10019),#4029,#10012);
#10161=OVER_RIDING_STYLED_ITEM('',(#10019),#4054,#10012);
#10162=OVER_RIDING_STYLED_ITEM('',(#10019),#4078,#10012);
#10163=OVER_RIDING_STYLED_ITEM('',(#10019),#4096,#10012);
#10164=OVER_RIDING_STYLED_ITEM('',(#10019),#4127,#10012);
#10165=OVER_RIDING_STYLED_ITEM('',(#10019),#4152,#10012);
#10166=OVER_RIDING_STYLED_ITEM('',(#10019),#4176,#10012);
#10167=OVER_RIDING_STYLED_ITEM('',(#10019),#4194,#10012);
#10168=OVER_RIDING_STYLED_ITEM('',(#10019),#4216,#10012);
#10169=OVER_RIDING_STYLED_ITEM('',(#10019),#4233,#10012);
#10170=OVER_RIDING_STYLED_ITEM('',(#10019),#4250,#10012);
#10171=OVER_RIDING_STYLED_ITEM('',(#10019),#4262,#10012);
#10172=OVER_RIDING_STYLED_ITEM('',(#10019),#4284,#10012);
#10173=OVER_RIDING_STYLED_ITEM('',(#10019),#4301,#10012);
#10174=OVER_RIDING_STYLED_ITEM('',(#10019),#4318,#10012);
#10175=OVER_RIDING_STYLED_ITEM('',(#10019),#4330,#10012);
#10176=OVER_RIDING_STYLED_ITEM('',(#10019),#4352,#10012);
#10177=OVER_RIDING_STYLED_ITEM('',(#10019),#4369,#10012);
#10178=OVER_RIDING_STYLED_ITEM('',(#10019),#4386,#10012);
#10179=OVER_RIDING_STYLED_ITEM('',(#10019),#4398,#10012);
#10180=OVER_RIDING_STYLED_ITEM('',(#10019),#4420,#10012);
#10181=OVER_RIDING_STYLED_ITEM('',(#10019),#4437,#10012);
#10182=OVER_RIDING_STYLED_ITEM('',(#10019),#4454,#10012);
#10183=OVER_RIDING_STYLED_ITEM('',(#10019),#4466,#10012);
#10184=OVER_RIDING_STYLED_ITEM('',(#10019),#4499,#10012);
#10185=OVER_RIDING_STYLED_ITEM('',(#10019),#4532,#10012);
#10186=OVER_RIDING_STYLED_ITEM('',(#10019),#4549,#10012);
#10187=OVER_RIDING_STYLED_ITEM('',(#10019),#4574,#10012);
#10188=OVER_RIDING_STYLED_ITEM('',(#10019),#4599,#10012);
#10189=OVER_RIDING_STYLED_ITEM('',(#10019),#4616,#10012);
#10190=OVER_RIDING_STYLED_ITEM('',(#10019),#4628,#10012);
#10191=OVER_RIDING_STYLED_ITEM('',(#10019),#4640,#10012);
#10192=OVER_RIDING_STYLED_ITEM('',(#10019),#4649,#10012);
#10193=OVER_RIDING_STYLED_ITEM('',(#10019),#4661,#10012);
#10194=OVER_RIDING_STYLED_ITEM('',(#10019),#4673,#10012);
#10195=OVER_RIDING_STYLED_ITEM('',(#10019),#4682,#10012);
#10196=OVER_RIDING_STYLED_ITEM('',(#10019),#4715,#10012);
#10197=OVER_RIDING_STYLED_ITEM('',(#10019),#4748,#10012);
#10198=OVER_RIDING_STYLED_ITEM('',(#10019),#4781,#10012);
#10199=OVER_RIDING_STYLED_ITEM('',(#10019),#4814,#10012);
#10200=OVER_RIDING_STYLED_ITEM('',(#10019),#4834,#10012);
#10201=OVER_RIDING_STYLED_ITEM('',(#10019),#4854,#10012);
#10202=OVER_RIDING_STYLED_ITEM('',(#10019),#4874,#10012);
#10203=OVER_RIDING_STYLED_ITEM('',(#10019),#4894,#10012);
#10204=OVER_RIDING_STYLED_ITEM('',(#10019),#4938,#10012);
#10205=OVER_RIDING_STYLED_ITEM('',(#10019),#5022,#10012);
#10206=OVER_RIDING_STYLED_ITEM('',(#10019),#5132,#10012);
#10207=COLOUR_RGB('',0.745098,0.901961,0.960784);
#10208=FILL_AREA_STYLE_COLOUR('',#10207);
#10209=FILL_AREA_STYLE('',(#10208));
#10210=SURFACE_STYLE_FILL_AREA(#10209);
#10211=SURFACE_SIDE_STYLE('',(#10210));
#10212=SURFACE_STYLE_USAGE(.BOTH.,#10211);
#10213=PRESENTATION_STYLE_ASSIGNMENT((#10212));
#10214=OVER_RIDING_STYLED_ITEM('',(#10213),#5163,#10012);
#10215=OVER_RIDING_STYLED_ITEM('',(#10213),#5187,#10012);
#10216=OVER_RIDING_STYLED_ITEM('',(#10213),#5211,#10012);
#10217=OVER_RIDING_STYLED_ITEM('',(#10213),#5254,#10012);
#10218=OVER_RIDING_STYLED_ITEM('',(#10213),#5267,#10012);
#10219=OVER_RIDING_STYLED_ITEM('',(#10213),#5287,#10012);
#10220=OVER_RIDING_STYLED_ITEM('',(#10213),#5312,#10012);
#10221=OVER_RIDING_STYLED_ITEM('',(#10213),#5332,#10012);
#10222=OVER_RIDING_STYLED_ITEM('',(#10213),#5357,#10012);
#10223=COLOUR_RGB('',0.27451,0.27451,0.274510);
#10224=FILL_AREA_STYLE_COLOUR('',#10223);
#10225=FILL_AREA_STYLE('',(#10224));
#10226=SURFACE_STYLE_FILL_AREA(#10225);
#10227=SURFACE_SIDE_STYLE('',(#10226));
#10228=SURFACE_STYLE_USAGE(.BOTH.,#10227);
#10229=PRESENTATION_STYLE_ASSIGNMENT((#10228));
#10230=OVER_RIDING_STYLED_ITEM('',(#10229),#5377,#10012);
#10231=COLOUR_RGB('',0.376471,0.376471,0.376471);
#10232=FILL_AREA_STYLE_COLOUR('',#10231);
#10233=FILL_AREA_STYLE('',(#10232));
#10234=SURFACE_STYLE_FILL_AREA(#10233);
#10235=SURFACE_SIDE_STYLE('',(#10234));
#10236=SURFACE_STYLE_USAGE(.BOTH.,#10235);
#10237=PRESENTATION_STYLE_ASSIGNMENT((#10236));
#10238=OVER_RIDING_STYLED_ITEM('',(#10237),#5419,#10012);
#10239=OVER_RIDING_STYLED_ITEM('',(#10019),#5451,#10012);
#10240=OVER_RIDING_STYLED_ITEM('',(#10019),#5475,#10012);
#10241=OVER_RIDING_STYLED_ITEM('',(#10019),#5500,#10012);
#10242=OVER_RIDING_STYLED_ITEM('',(#10019),#5524,#10012);
#10243=OVER_RIDING_STYLED_ITEM('',(#10019),#5549,#10012);
#10244=OVER_RIDING_STYLED_ITEM('',(#10019),#5573,#10012);
#10245=OVER_RIDING_STYLED_ITEM('',(#10019),#5598,#10012);
#10246=OVER_RIDING_STYLED_ITEM('',(#10019),#5615,#10012);
#10247=OVER_RIDING_STYLED_ITEM('',(#10019),#5647,#10012);
#10248=OVER_RIDING_STYLED_ITEM('',(#10019),#5671,#10012);
#10249=OVER_RIDING_STYLED_ITEM('',(#10019),#5696,#10012);
#10250=OVER_RIDING_STYLED_ITEM('',(#10019),#5720,#10012);
#10251=OVER_RIDING_STYLED_ITEM('',(#10019),#5745,#10012);
#10252=OVER_RIDING_STYLED_ITEM('',(#10019),#5769,#10012);
#10253=OVER_RIDING_STYLED_ITEM('',(#10019),#5794,#10012);
#10254=OVER_RIDING_STYLED_ITEM('',(#10019),#5811,#10012);
#10255=OVER_RIDING_STYLED_ITEM('',(#10019),#5843,#10012);
#10256=OVER_RIDING_STYLED_ITEM('',(#10019),#5867,#10012);
#10257=OVER_RIDING_STYLED_ITEM('',(#10019),#5892,#10012);
#10258=OVER_RIDING_STYLED_ITEM('',(#10019),#5916,#10012);
#10259=OVER_RIDING_STYLED_ITEM('',(#10019),#5941,#10012);
#10260=OVER_RIDING_STYLED_ITEM('',(#10019),#5965,#10012);
#10261=OVER_RIDING_STYLED_ITEM('',(#10019),#5990,#10012);
#10262=OVER_RIDING_STYLED_ITEM('',(#10019),#6007,#10012);
#10263=OVER_RIDING_STYLED_ITEM('',(#10019),#6137,#10012);
#10264=OVER_RIDING_STYLED_ITEM('',(#10019),#6154,#10012);
#10265=OVER_RIDING_STYLED_ITEM('',(#10019),#6171,#10012);
#10266=OVER_RIDING_STYLED_ITEM('',(#10019),#6188,#10012);
#10267=OVER_RIDING_STYLED_ITEM('',(#10019),#6205,#10012);
#10268=OVER_RIDING_STYLED_ITEM('',(#10019),#6237,#10012);
#10269=OVER_RIDING_STYLED_ITEM('',(#10019),#6261,#10012);
#10270=OVER_RIDING_STYLED_ITEM('',(#10019),#6286,#10012);
#10271=OVER_RIDING_STYLED_ITEM('',(#10019),#6310,#10012);
#10272=OVER_RIDING_STYLED_ITEM('',(#10019),#6335,#10012);
#10273=OVER_RIDING_STYLED_ITEM('',(#10019),#6359,#10012);
#10274=OVER_RIDING_STYLED_ITEM('',(#10019),#6384,#10012);
#10275=OVER_RIDING_STYLED_ITEM('',(#10019),#6401,#10012);
#10276=OVER_RIDING_STYLED_ITEM('',(#10019),#6433,#10012);
#10277=OVER_RIDING_STYLED_ITEM('',(#10019),#6457,#10012);
#10278=OVER_RIDING_STYLED_ITEM('',(#10019),#6482,#10012);
#10279=OVER_RIDING_STYLED_ITEM('',(#10019),#6506,#10012);
#10280=OVER_RIDING_STYLED_ITEM('',(#10019),#6531,#10012);
#10281=OVER_RIDING_STYLED_ITEM('',(#10019),#6555,#10012);
#10282=OVER_RIDING_STYLED_ITEM('',(#10019),#6580,#10012);
#10283=OVER_RIDING_STYLED_ITEM('',(#10019),#6597,#10012);
#10284=OVER_RIDING_STYLED_ITEM('',(#10019),#6619,#10012);
#10285=OVER_RIDING_STYLED_ITEM('',(#10019),#6636,#10012);
#10286=OVER_RIDING_STYLED_ITEM('',(#10019),#6653,#10012);
#10287=OVER_RIDING_STYLED_ITEM('',(#10019),#6670,#10012);
#10288=OVER_RIDING_STYLED_ITEM('',(#10019),#6687,#10012);
#10289=OVER_RIDING_STYLED_ITEM('',(#10019),#6704,#10012);
#10290=OVER_RIDING_STYLED_ITEM('',(#10019),#6721,#10012);
#10291=OVER_RIDING_STYLED_ITEM('',(#10019),#6733,#10012);
#10292=COLOUR_RGB('',0.572549,0.564706,0.545098);
#10293=FILL_AREA_STYLE_COLOUR('',#10292);
#10294=FILL_AREA_STYLE('',(#10293));
#10295=SURFACE_STYLE_FILL_AREA(#10294);
#10296=SURFACE_SIDE_STYLE('',(#10295));
#10297=SURFACE_STYLE_USAGE(.BOTH.,#10296);
#10298=PRESENTATION_STYLE_ASSIGNMENT((#10297));
#10299=OVER_RIDING_STYLED_ITEM('',(#10298),#6758,#10012);
#10300=OVER_RIDING_STYLED_ITEM('',(#10298),#6783,#10012);
#10301=OVER_RIDING_STYLED_ITEM('',(#10298),#6808,#10012);
#10302=OVER_RIDING_STYLED_ITEM('',(#10298),#6833,#10012);
#10303=OVER_RIDING_STYLED_ITEM('',(#10298),#6859,#10012);
#10304=OVER_RIDING_STYLED_ITEM('',(#10298),#6885,#10012);
#10305=OVER_RIDING_STYLED_ITEM('',(#10298),#6911,#10012);
#10306=OVER_RIDING_STYLED_ITEM('',(#10298),#6937,#10012);
#10307=OVER_RIDING_STYLED_ITEM('',(#10213),#6968,#10012);
#10308=OVER_RIDING_STYLED_ITEM('',(#10213),#6992,#10012);
#10309=OVER_RIDING_STYLED_ITEM('',(#10213),#7016,#10012);
#10310=OVER_RIDING_STYLED_ITEM('',(#10213),#7033,#10012);
#10311=OVER_RIDING_STYLED_ITEM('',(#10298),#7058,#10012);
#10312=OVER_RIDING_STYLED_ITEM('',(#10298),#7083,#10012);
#10313=OVER_RIDING_STYLED_ITEM('',(#10298),#7108,#10012);
#10314=OVER_RIDING_STYLED_ITEM('',(#10298),#7133,#10012);
#10315=OVER_RIDING_STYLED_ITEM('',(#10213),#7179,#10012);
#10316=OVER_RIDING_STYLED_ITEM('',(#10298),#7204,#10012);
#10317=OVER_RIDING_STYLED_ITEM('',(#10298),#7229,#10012);
#10318=OVER_RIDING_STYLED_ITEM('',(#10298),#7254,#10012);
#10319=OVER_RIDING_STYLED_ITEM('',(#10298),#7279,#10012);
#10320=OVER_RIDING_STYLED_ITEM('',(#10213),#7301,#10012);
#10321=OVER_RIDING_STYLED_ITEM('',(#10213),#7318,#10012);
#10322=OVER_RIDING_STYLED_ITEM('',(#10213),#7335,#10012);
#10323=OVER_RIDING_STYLED_ITEM('',(#10213),#7347,#10012);
#10324=OVER_RIDING_STYLED_ITEM('',(#10298),#7503,#10012);
#10325=OVER_RIDING_STYLED_ITEM('',(#10298),#7659,#10012);
#10326=OVER_RIDING_STYLED_ITEM('',(#10298),#7815,#10012);
#10327=OVER_RIDING_STYLED_ITEM('',(#10298),#7971,#10012);
#10328=OVER_RIDING_STYLED_ITEM('',(#10298),#8005,#10012);
#10329=OVER_RIDING_STYLED_ITEM('',(#10298),#8029,#10012);
#10330=OVER_RIDING_STYLED_ITEM('',(#10298),#8058,#10012);
#10331=OVER_RIDING_STYLED_ITEM('',(#10298),#8083,#10012);
#10332=OVER_RIDING_STYLED_ITEM('',(#10298),#8109,#10012);
#10333=OVER_RIDING_STYLED_ITEM('',(#10298),#8133,#10012);
#10334=OVER_RIDING_STYLED_ITEM('',(#10298),#8162,#10012);
#10335=OVER_RIDING_STYLED_ITEM('',(#10298),#8187,#10012);
#10336=OVER_RIDING_STYLED_ITEM('',(#10298),#8213,#10012);
#10337=OVER_RIDING_STYLED_ITEM('',(#10298),#8239,#10012);
#10338=OVER_RIDING_STYLED_ITEM('',(#10298),#8263,#10012);
#10339=OVER_RIDING_STYLED_ITEM('',(#10298),#8292,#10012);
#10340=OVER_RIDING_STYLED_ITEM('',(#10298),#8317,#10012);
#10341=OVER_RIDING_STYLED_ITEM('',(#10298),#8343,#10012);
#10342=OVER_RIDING_STYLED_ITEM('',(#10298),#8367,#10012);
#10343=OVER_RIDING_STYLED_ITEM('',(#10298),#8396,#10012);
#10344=OVER_RIDING_STYLED_ITEM('',(#10298),#8413,#10012);
#10345=OVER_RIDING_STYLED_ITEM('',(#10298),#8447,#10012);
#10346=OVER_RIDING_STYLED_ITEM('',(#10298),#8471,#10012);
#10347=OVER_RIDING_STYLED_ITEM('',(#10298),#8500,#10012);
#10348=OVER_RIDING_STYLED_ITEM('',(#10298),#8525,#10012);
#10349=OVER_RIDING_STYLED_ITEM('',(#10298),#8551,#10012);
#10350=OVER_RIDING_STYLED_ITEM('',(#10298),#8575,#10012);
#10351=OVER_RIDING_STYLED_ITEM('',(#10298),#8604,#10012);
#10352=OVER_RIDING_STYLED_ITEM('',(#10298),#8629,#10012);
#10353=OVER_RIDING_STYLED_ITEM('',(#10298),#8655,#10012);
#10354=OVER_RIDING_STYLED_ITEM('',(#10298),#8681,#10012);
#10355=OVER_RIDING_STYLED_ITEM('',(#10298),#8705,#10012);
#10356=OVER_RIDING_STYLED_ITEM('',(#10298),#8734,#10012);
#10357=OVER_RIDING_STYLED_ITEM('',(#10298),#8759,#10012);
#10358=OVER_RIDING_STYLED_ITEM('',(#10298),#8785,#10012);
#10359=OVER_RIDING_STYLED_ITEM('',(#10298),#8809,#10012);
#10360=OVER_RIDING_STYLED_ITEM('',(#10298),#8838,#10012);
#10361=OVER_RIDING_STYLED_ITEM('',(#10298),#8855,#10012);
#10362=OVER_RIDING_STYLED_ITEM('',(#10298),#8889,#10012);
#10363=OVER_RIDING_STYLED_ITEM('',(#10298),#8913,#10012);
#10364=OVER_RIDING_STYLED_ITEM('',(#10298),#8942,#10012);
#10365=OVER_RIDING_STYLED_ITEM('',(#10298),#8967,#10012);
#10366=OVER_RIDING_STYLED_ITEM('',(#10298),#8993,#10012);
#10367=OVER_RIDING_STYLED_ITEM('',(#10298),#9017,#10012);
#10368=OVER_RIDING_STYLED_ITEM('',(#10298),#9046,#10012);
#10369=OVER_RIDING_STYLED_ITEM('',(#10298),#9071,#10012);
#10370=OVER_RIDING_STYLED_ITEM('',(#10298),#9097,#10012);
#10371=OVER_RIDING_STYLED_ITEM('',(#10298),#9123,#10012);
#10372=OVER_RIDING_STYLED_ITEM('',(#10298),#9147,#10012);
#10373=OVER_RIDING_STYLED_ITEM('',(#10298),#9176,#10012);
#10374=OVER_RIDING_STYLED_ITEM('',(#10298),#9201,#10012);
#10375=OVER_RIDING_STYLED_ITEM('',(#10298),#9227,#10012);
#10376=OVER_RIDING_STYLED_ITEM('',(#10298),#9251,#10012);
#10377=OVER_RIDING_STYLED_ITEM('',(#10298),#9280,#10012);
#10378=OVER_RIDING_STYLED_ITEM('',(#10298),#9297,#10012);
#10379=OVER_RIDING_STYLED_ITEM('',(#10298),#9331,#10012);
#10380=OVER_RIDING_STYLED_ITEM('',(#10298),#9355,#10012);
#10381=OVER_RIDING_STYLED_ITEM('',(#10298),#9384,#10012);
#10382=OVER_RIDING_STYLED_ITEM('',(#10298),#9409,#10012);
#10383=OVER_RIDING_STYLED_ITEM('',(#10298),#9435,#10012);
#10384=OVER_RIDING_STYLED_ITEM('',(#10298),#9459,#10012);
#10385=OVER_RIDING_STYLED_ITEM('',(#10298),#9488,#10012);
#10386=OVER_RIDING_STYLED_ITEM('',(#10298),#9513,#10012);
#10387=OVER_RIDING_STYLED_ITEM('',(#10298),#9539,#10012);
#10388=OVER_RIDING_STYLED_ITEM('',(#10298),#9565,#10012);
#10389=OVER_RIDING_STYLED_ITEM('',(#10298),#9589,#10012);
#10390=OVER_RIDING_STYLED_ITEM('',(#10298),#9618,#10012);
#10391=OVER_RIDING_STYLED_ITEM('',(#10298),#9643,#10012);
#10392=OVER_RIDING_STYLED_ITEM('',(#10298),#9669,#10012);
#10393=OVER_RIDING_STYLED_ITEM('',(#10298),#9693,#10012);
#10394=OVER_RIDING_STYLED_ITEM('',(#10298),#9722,#10012);
#10395=OVER_RIDING_STYLED_ITEM('',(#10298),#9739,#10012);
#10396=OVER_RIDING_STYLED_ITEM('',(#10213),#9764,#10012);
#10397=OVER_RIDING_STYLED_ITEM('',(#10213),#9789,#10012);
#10398=OVER_RIDING_STYLED_ITEM('',(#10213),#9814,#10012);
#10399=OVER_RIDING_STYLED_ITEM('',(#10213),#9839,#10012);
#10400=OVER_RIDING_STYLED_ITEM('',(#10298),#9873,#10012);
#10401=OVER_RIDING_STYLED_ITEM('',(#10298),#9907,#10012);
#10402=OVER_RIDING_STYLED_ITEM('',(#10298),#9941,#10012);
#10403=OVER_RIDING_STYLED_ITEM('',(#10298),#9975,#10012);
#10404=OVER_RIDING_STYLED_ITEM('',(#10213),#9984,#10012);
#10405=OVER_RIDING_STYLED_ITEM('',(#10213),#9993,#10012);
#10406=OVER_RIDING_STYLED_ITEM('',(#10213),#10002,#10012);
#10407=OVER_RIDING_STYLED_ITEM('',(#10213),#10011,#10012);
#10408=CARTESIAN_POINT('',(-16.04849934065,14.691546597478,-9.7665655260068));
#10409=DIRECTION('',(1.,4.0577481445621E-16,-3.6040043345783E-31));
#10410=DIRECTION('',(-0.,-6.7532269815413E-16,-1.));
#10411=AXIS2_PLACEMENT_3D('',#10408,#10410,#10409);
#10412=CONICAL_SURFACE('',#10411,0.,1.0297442586767);
#10413=CARTESIAN_POINT('',(-15.24849934065,14.691546597478,-10.247254021229));
#10414=VERTEX_POINT('',#10413);
#10415=CARTESIAN_POINT('',(-16.04849934065,14.691546597478,-9.7665655260068));
#10416=VERTEX_POINT('',#10415);
#10417=CARTESIAN_POINT('',(-15.24849934065,14.691546597478,-10.247254021229));
#10418=DIRECTION('',(-0.85716730070204,0.,0.51503807491017));
#10419=VECTOR('',#10418,0.93330671777234);
#10420=LINE('',#10417,#10419);
#10421=EDGE_CURVE('',#10414,#10416,#10420,.T.);
#10422=ORIENTED_EDGE('',*,*,#10421,.T.);
#10423=ORIENTED_EDGE('',*,*,#10421,.F.);
#10424=CARTESIAN_POINT('',(-16.04849934065,14.691546597478,-10.247254021229));
#10425=DIRECTION('',(1.,9.8607613152626E-30,3.1401849173675E-15));
#10426=DIRECTION('',(3.1401849173675E-15,-3.1401849173675E-15,-1.));
#10427=AXIS2_PLACEMENT_3D('',#10424,#10426,#10425);
#10428=CIRCLE('',#10427,0.8);
#10429=EDGE_CURVE('',#10414,#10414,#10428,.T.);
#10430=ORIENTED_EDGE('',*,*,#10429,.T.);
#10431=EDGE_LOOP('',(#10422,#10423,#10430));
#10432=FACE_OUTER_BOUND('',#10431,.T.);
#10433=ADVANCED_FACE('',(#10432),#10412,.F.);
#10434=CARTESIAN_POINT('',(-16.04849934065,14.691546597478,-12.007254021229));
#10435=DIRECTION('',(1.,0.,2.2204460492503E-15));
#10436=DIRECTION('',(0.,-1.0092936587501E-15,1.));
#10437=AXIS2_PLACEMENT_3D('',#10434,#10436,#10435);
#10438=CYLINDRICAL_SURFACE('',#10437,0.8);
#10439=CARTESIAN_POINT('',(-15.24849934065,14.691546597478,-12.007254021229));
#10440=VERTEX_POINT('',#10439);
#10441=CARTESIAN_POINT('',(-15.24849934065,14.691546597478,-10.247254021229));
#10442=DIRECTION('',(0.,0.,-1.));
#10443=VECTOR('',#10442,1.76);
#10444=LINE('',#10441,#10443);
#10445=EDGE_CURVE('',#10414,#10440,#10444,.T.);
#10446=ORIENTED_EDGE('',*,*,#10445,.T.);
#10447=CARTESIAN_POINT('',(-16.04849934065,14.691546597478,-12.007254021229));
#10448=DIRECTION('',(1.,-4.3013836005692E-29,-7.8273526901087E-15));
#10449=DIRECTION('',(-7.8273526901087E-15,-5.4953236053932E-15,-1.));
#10450=AXIS2_PLACEMENT_3D('',#10447,#10449,#10448);
#10451=CIRCLE('',#10450,0.8);
#10452=EDGE_CURVE('',#10440,#10440,#10451,.T.);
#10453=ORIENTED_EDGE('',*,*,#10452,.T.);
#10454=ORIENTED_EDGE('',*,*,#10445,.F.);
#10455=ORIENTED_EDGE('',*,*,#10429,.F.);
#10456=EDGE_LOOP('',(#10446,#10453,#10454,#10455));
#10457=FACE_OUTER_BOUND('',#10456,.T.);
#10458=ADVANCED_FACE('',(#10457),#10438,.F.);
#10459=CARTESIAN_POINT('',(-16.04849934065,14.691546597478,-12.007254021229));
#10460=DIRECTION('',(1.,0.,0.));
#10461=DIRECTION('',(0.,0.,1.));
#10462=AXIS2_PLACEMENT_3D('',#10459,#10461,#10460);
#10463=PLANE('',#10462);
#10464=ORIENTED_EDGE('',*,*,#10452,.F.);
#10465=EDGE_LOOP('',(#10464));
#10466=FACE_OUTER_BOUND('',#10465,.T.);
#10467=ADVANCED_FACE('',(#10466),#10463,.T.);
#10468=CLOSED_SHELL('',(#10433,#10458,#10467));
#10469=OVER_RIDING_STYLED_ITEM('',(#10019),#10433,#10468);
#10470=OVER_RIDING_STYLED_ITEM('',(#10019),#10458,#10468);
#10471=OVER_RIDING_STYLED_ITEM('',(#10298),#10467,#10468);
#10472 = ORIENTED_CLOSED_SHELL('', * , #10468, .T.);#10473=CARTESIAN_POINT('',(11.708859972232,14.691546597478,-9.7665655260068));
#10474=DIRECTION('',(1.,-2.8404237011935E-15,-6.7532269815413E-16));
#10475=DIRECTION('',(-6.7532269815413E-16,1.3506453963083E-15,-1.));
#10476=AXIS2_PLACEMENT_3D('',#10473,#10475,#10474);
#10477=CONICAL_SURFACE('',#10476,0.,1.0297442586767);
#10478=CARTESIAN_POINT('',(12.508859972232,14.691546597478,-10.247254021229));
#10479=VERTEX_POINT('',#10478);
#10480=CARTESIAN_POINT('',(11.708859972232,14.691546597478,-9.7665655260068));
#10481=VERTEX_POINT('',#10480);
#10482=CARTESIAN_POINT('',(12.508859972232,14.691546597478,-10.247254021229));
#10483=DIRECTION('',(-0.85716730070204,0.,0.51503807491017));
#10484=VECTOR('',#10483,0.93330671777234);
#10485=LINE('',#10482,#10484);
#10486=EDGE_CURVE('',#10479,#10481,#10485,.T.);
#10487=ORIENTED_EDGE('',*,*,#10486,.T.);
#10488=ORIENTED_EDGE('',*,*,#10486,.F.);
#10489=CARTESIAN_POINT('',(11.708859972232,14.691546597478,-10.247254021229));
#10490=DIRECTION('',(1.,1.5700924586838E-15,3.1401849173675E-15));
#10491=DIRECTION('',(3.1401849173675E-15,-3.1401849173675E-15,-1.));
#10492=AXIS2_PLACEMENT_3D('',#10489,#10491,#10490);
#10493=CIRCLE('',#10492,0.8);
#10494=EDGE_CURVE('',#10479,#10479,#10493,.T.);
#10495=ORIENTED_EDGE('',*,*,#10494,.T.);
#10496=EDGE_LOOP('',(#10487,#10488,#10495));
#10497=FACE_OUTER_BOUND('',#10496,.T.);
#10498=ADVANCED_FACE('',(#10497),#10477,.F.);
#10499=CARTESIAN_POINT('',(11.708859972232,14.691546597478,-12.007254021229));
#10500=DIRECTION('',(1.,0.,0.));
#10501=DIRECTION('',(0.,0.,1.));
#10502=AXIS2_PLACEMENT_3D('',#10499,#10501,#10500);
#10503=CYLINDRICAL_SURFACE('',#10502,0.80000000000001);
#10504=CARTESIAN_POINT('',(12.508859972232,14.691546597478,-12.007254021229));
#10505=VERTEX_POINT('',#10504);
#10506=CARTESIAN_POINT('',(12.508859972232,14.691546597478,-10.247254021229));
#10507=DIRECTION('',(0.,0.,-1.));
#10508=VECTOR('',#10507,1.76);
#10509=LINE('',#10506,#10508);
#10510=EDGE_CURVE('',#10479,#10505,#10509,.T.);
#10511=ORIENTED_EDGE('',*,*,#10510,.T.);
#10512=CARTESIAN_POINT('',(11.708859972232,14.691546597478,-12.007254021229));
#10513=DIRECTION('',(1.,7.8504622934188E-16,2.085753410475E-15));
#10514=DIRECTION('',(2.085753410475E-15,2.3551386880257E-15,-1.));
#10515=AXIS2_PLACEMENT_3D('',#10512,#10514,#10513);
#10516=CIRCLE('',#10515,0.8);
#10517=EDGE_CURVE('',#10505,#10505,#10516,.T.);
#10518=ORIENTED_EDGE('',*,*,#10517,.T.);
#10519=ORIENTED_EDGE('',*,*,#10510,.F.);
#10520=ORIENTED_EDGE('',*,*,#10494,.F.);
#10521=EDGE_LOOP('',(#10511,#10518,#10519,#10520));
#10522=FACE_OUTER_BOUND('',#10521,.T.);
#10523=ADVANCED_FACE('',(#10522),#10503,.F.);
#10524=CARTESIAN_POINT('',(11.708859972231,14.691546597478,-12.007254021229));
#10525=DIRECTION('',(1.,0.,0.));
#10526=DIRECTION('',(0.,0.,1.));
#10527=AXIS2_PLACEMENT_3D('',#10524,#10526,#10525);
#10528=PLANE('',#10527);
#10529=ORIENTED_EDGE('',*,*,#10517,.F.);
#10530=EDGE_LOOP('',(#10529));
#10531=FACE_OUTER_BOUND('',#10530,.T.);
#10532=ADVANCED_FACE('',(#10531),#10528,.T.);
#10533=CLOSED_SHELL('',(#10498,#10523,#10532));
#10534=OVER_RIDING_STYLED_ITEM('',(#10019),#10498,#10533);
#10535=OVER_RIDING_STYLED_ITEM('',(#10019),#10523,#10533);
#10536=OVER_RIDING_STYLED_ITEM('',(#10298),#10532,#10533);
#10537 = ORIENTED_CLOSED_SHELL('', * , #10533, .T.);#10538=CARTESIAN_POINT('',(11.708859972231,-13.065812715404,-9.7665655260068));
#10539=DIRECTION('',(1.,-4.8692977734745E-15,-3.2883473104987E-30));
#10540=DIRECTION('',(-0.,6.7532269815413E-16,-1.));
#10541=AXIS2_PLACEMENT_3D('',#10538,#10540,#10539);
#10542=CONICAL_SURFACE('',#10541,0.,1.0297442586767);
#10543=CARTESIAN_POINT('',(12.508859972231,-13.065812715404,-10.247254021229));
#10544=VERTEX_POINT('',#10543);
#10545=CARTESIAN_POINT('',(11.708859972231,-13.065812715404,-9.7665655260068));
#10546=VERTEX_POINT('',#10545);
#10547=CARTESIAN_POINT('',(12.508859972231,-13.065812715404,-10.247254021229));
#10548=DIRECTION('',(-0.85716730070204,0.,0.51503807491017));
#10549=VECTOR('',#10548,0.93330671777234);
#10550=LINE('',#10547,#10549);
#10551=EDGE_CURVE('',#10544,#10546,#10550,.T.);
#10552=ORIENTED_EDGE('',*,*,#10551,.T.);
#10553=ORIENTED_EDGE('',*,*,#10551,.F.);
#10554=CARTESIAN_POINT('',(11.708859972231,-13.065812715404,-10.247254021229));
#10555=DIRECTION('',(1.,-7.8504622934189E-16,1.5700924586838E-15));
#10556=DIRECTION('',(1.5700924586838E-15,-1.5700924586838E-15,-1.));
#10557=AXIS2_PLACEMENT_3D('',#10554,#10556,#10555);
#10558=CIRCLE('',#10557,0.8);
#10559=EDGE_CURVE('',#10544,#10544,#10558,.T.);
#10560=ORIENTED_EDGE('',*,*,#10559,.T.);
#10561=EDGE_LOOP('',(#10552,#10553,#10560));
#10562=FACE_OUTER_BOUND('',#10561,.T.);
#10563=ADVANCED_FACE('',(#10562),#10542,.F.);
#10564=CARTESIAN_POINT('',(11.708859972231,-13.065812715404,-12.007254021229));
#10565=DIRECTION('',(1.,0.,2.2204460492503E-15));
#10566=DIRECTION('',(0.,0.,1.));
#10567=AXIS2_PLACEMENT_3D('',#10564,#10566,#10565);
#10568=CYLINDRICAL_SURFACE('',#10567,0.8);
#10569=CARTESIAN_POINT('',(12.508859972231,-13.065812715404,-12.007254021229));
#10570=VERTEX_POINT('',#10569);
#10571=CARTESIAN_POINT('',(12.508859972231,-13.065812715404,-10.247254021229));
#10572=DIRECTION('',(0.,0.,-1.));
#10573=VECTOR('',#10572,1.76);
#10574=LINE('',#10571,#10573);
#10575=EDGE_CURVE('',#10544,#10570,#10574,.T.);
#10576=ORIENTED_EDGE('',*,*,#10575,.T.);
#10577=CARTESIAN_POINT('',(11.708859972231,-13.065812715404,-12.007254021229));
#10578=DIRECTION('',(1.,1.5700924586837E-15,-7.0423064607668E-15));
#10579=DIRECTION('',(-7.0423064607668E-15,-6.2803698347351E-15,-1.));
#10580=AXIS2_PLACEMENT_3D('',#10577,#10579,#10578);
#10581=CIRCLE('',#10580,0.8);
#10582=EDGE_CURVE('',#10570,#10570,#10581,.T.);
#10583=ORIENTED_EDGE('',*,*,#10582,.T.);
#10584=ORIENTED_EDGE('',*,*,#10575,.F.);
#10585=ORIENTED_EDGE('',*,*,#10559,.F.);
#10586=EDGE_LOOP('',(#10576,#10583,#10584,#10585));
#10587=FACE_OUTER_BOUND('',#10586,.T.);
#10588=ADVANCED_FACE('',(#10587),#10568,.F.);
#10589=CARTESIAN_POINT('',(11.708859972231,-13.065812715403,-12.007254021229));
#10590=DIRECTION('',(1.,0.,0.));
#10591=DIRECTION('',(0.,0.,1.));
#10592=AXIS2_PLACEMENT_3D('',#10589,#10591,#10590);
#10593=PLANE('',#10592);
#10594=ORIENTED_EDGE('',*,*,#10582,.F.);
#10595=EDGE_LOOP('',(#10594));
#10596=FACE_OUTER_BOUND('',#10595,.T.);
#10597=ADVANCED_FACE('',(#10596),#10593,.T.);
#10598=CLOSED_SHELL('',(#10563,#10588,#10597));
#10599=OVER_RIDING_STYLED_ITEM('',(#10019),#10563,#10598);
#10600=OVER_RIDING_STYLED_ITEM('',(#10019),#10588,#10598);
#10601=OVER_RIDING_STYLED_ITEM('',(#10298),#10597,#10598);
#10602 = ORIENTED_CLOSED_SHELL('', * , #10598, .T.);#10603=CARTESIAN_POINT('',(11.830180315791,20.362866941037,-13.696178247445));
#10604=DIRECTION('',(1.,2.077567050016E-15,-1.2966195804561E-15));
#10605=DIRECTION('',(-1.2966195804561E-15,8.6441305363739E-16,-1.));
#10606=AXIS2_PLACEMENT_3D('',#10603,#10605,#10604);
#10607=CONICAL_SURFACE('',#10606,0.,1.0297442586767);
#10608=CARTESIAN_POINT('',(13.080180315791,20.362866941037,-14.447254021229));
#10609=VERTEX_POINT('',#10608);
#10610=CARTESIAN_POINT('',(11.830180315791,20.362866941037,-13.696178247445));
#10611=VERTEX_POINT('',#10610);
#10612=CARTESIAN_POINT('',(13.080180315791,20.362866941037,-14.447254021229));
#10613=DIRECTION('',(-0.85716730070225,0.,0.51503807490983));
#10614=VECTOR('',#10613,1.4582917465189);
#10615=LINE('',#10612,#10614);
#10616=EDGE_CURVE('',#10609,#10611,#10615,.T.);
#10617=ORIENTED_EDGE('',*,*,#10616,.T.);
#10618=ORIENTED_EDGE('',*,*,#10616,.F.);
#10619=CARTESIAN_POINT('',(11.830180315791,20.362866941037,-14.447254021229));
#10620=DIRECTION('',(1.,5.0242958677881E-16,1.1772657511901E-15));
#10621=DIRECTION('',(1.1772657511901E-15,-4.0194366942305E-15,-1.));
#10622=AXIS2_PLACEMENT_3D('',#10619,#10621,#10620);
#10623=CIRCLE('',#10622,1.25);
#10624=EDGE_CURVE('',#10609,#10609,#10623,.T.);
#10625=ORIENTED_EDGE('',*,*,#10624,.T.);
#10626=EDGE_LOOP('',(#10617,#10618,#10625));
#10627=FACE_OUTER_BOUND('',#10626,.T.);
#10628=ADVANCED_FACE('',(#10627),#10607,.F.);
#10629=CARTESIAN_POINT('',(11.830180315791,20.362866941037,-15.447254021229));
#10630=DIRECTION('',(1.,2.8421709430404E-15,2.8421709430404E-15));
#10631=DIRECTION('',(1.7763568394002E-15,0.,1.));
#10632=AXIS2_PLACEMENT_3D('',#10629,#10631,#10630);
#10633=CYLINDRICAL_SURFACE('',#10632,1.25);
#10634=CARTESIAN_POINT('',(13.080180315791,20.362866941037,-15.447254021229));
#10635=VERTEX_POINT('',#10634);
#10636=CARTESIAN_POINT('',(13.080180315791,20.362866941037,-14.447254021229));
#10637=DIRECTION('',(0.,0.,-1.));
#10638=VECTOR('',#10637,1.);
#10639=LINE('',#10636,#10638);
#10640=EDGE_CURVE('',#10609,#10635,#10639,.T.);
#10641=ORIENTED_EDGE('',*,*,#10640,.T.);
#10642=CARTESIAN_POINT('',(11.830180315791,20.362866941037,-15.447254021229));
#10643=DIRECTION('',(1.,5.0242958677881E-16,-1.8373117694828E-15));
#10644=DIRECTION('',(-1.8373117694828E-15,-1.0048591735576E-15,-1.));
#10645=AXIS2_PLACEMENT_3D('',#10642,#10644,#10643);
#10646=CIRCLE('',#10645,1.25);
#10647=EDGE_CURVE('',#10635,#10635,#10646,.T.);
#10648=ORIENTED_EDGE('',*,*,#10647,.T.);
#10649=ORIENTED_EDGE('',*,*,#10640,.F.);
#10650=ORIENTED_EDGE('',*,*,#10624,.F.);
#10651=EDGE_LOOP('',(#10641,#10648,#10649,#10650));
#10652=FACE_OUTER_BOUND('',#10651,.T.);
#10653=ADVANCED_FACE('',(#10652),#10633,.F.);
#10654=CARTESIAN_POINT('',(11.830180315791,20.362866941037,-15.447254021229));
#10655=DIRECTION('',(1.,0.,2.1316282072803E-15));
#10656=DIRECTION('',(-2.1316282072803E-15,2.1316282072803E-15,1.));
#10657=AXIS2_PLACEMENT_3D('',#10654,#10656,#10655);
#10658=PLANE('',#10657);
#10659=ORIENTED_EDGE('',*,*,#10647,.F.);
#10660=EDGE_LOOP('',(#10659));
#10661=FACE_OUTER_BOUND('',#10660,.T.);
#10662=ADVANCED_FACE('',(#10661),#10658,.T.);
#10663=CLOSED_SHELL('',(#10628,#10653,#10662));
#10664=OVER_RIDING_STYLED_ITEM('',(#10019),#10628,#10663);
#10665=OVER_RIDING_STYLED_ITEM('',(#10019),#10653,#10663);
#10666=OVER_RIDING_STYLED_ITEM('',(#10298),#10662,#10663);
#10667 = ORIENTED_CLOSED_SHELL('', * , #10663, .T.);#10668=CARTESIAN_POINT('',(-16.169819684209,20.362866941037,-13.696178247445));
#10669=DIRECTION('',(1.,2.077567050016E-15,-8.6441305363739E-16));
#10670=DIRECTION('',(-8.6441305363739E-16,8.6441305363739E-16,-1.));
#10671=AXIS2_PLACEMENT_3D('',#10668,#10670,#10669);
#10672=CONICAL_SURFACE('',#10671,0.,1.0297442586767);
#10673=CARTESIAN_POINT('',(-14.919819684209,20.362866941037,-14.447254021229));
#10674=VERTEX_POINT('',#10673);
#10675=CARTESIAN_POINT('',(-16.169819684209,20.362866941037,-13.696178247445));
#10676=VERTEX_POINT('',#10675);
#10677=CARTESIAN_POINT('',(-14.919819684209,20.362866941037,-14.447254021229));
#10678=DIRECTION('',(-0.85716730070225,0.,0.51503807490983));
#10679=VECTOR('',#10678,1.4582917465189);
#10680=LINE('',#10677,#10679);
#10681=EDGE_CURVE('',#10674,#10676,#10680,.T.);
#10682=ORIENTED_EDGE('',*,*,#10681,.T.);
#10683=ORIENTED_EDGE('',*,*,#10681,.F.);
#10684=CARTESIAN_POINT('',(-16.169819684209,20.362866941037,-14.447254021229));
#10685=DIRECTION('',(1.,1.0048591735576E-15,1.1772657511901E-15));
#10686=DIRECTION('',(1.1772657511901E-15,-4.0194366942305E-15,-1.));
#10687=AXIS2_PLACEMENT_3D('',#10684,#10686,#10685);
#10688=CIRCLE('',#10687,1.25);
#10689=EDGE_CURVE('',#10674,#10674,#10688,.T.);
#10690=ORIENTED_EDGE('',*,*,#10689,.T.);
#10691=EDGE_LOOP('',(#10682,#10683,#10690));
#10692=FACE_OUTER_BOUND('',#10691,.T.);
#10693=ADVANCED_FACE('',(#10692),#10672,.F.);
#10694=CARTESIAN_POINT('',(-16.169819684209,20.362866941037,-15.447254021229));
#10695=DIRECTION('',(1.,0.,1.4210854715202E-15));
#10696=DIRECTION('',(0.,0.,1.));
#10697=AXIS2_PLACEMENT_3D('',#10694,#10696,#10695);
#10698=CYLINDRICAL_SURFACE('',#10697,1.25);
#10699=CARTESIAN_POINT('',(-14.919819684209,20.362866941037,-15.447254021229));
#10700=VERTEX_POINT('',#10699);
#10701=CARTESIAN_POINT('',(-14.919819684209,20.362866941037,-14.447254021229));
#10702=DIRECTION('',(0.,0.,-1.));
#10703=VECTOR('',#10702,1.);
#10704=LINE('',#10701,#10703);
#10705=EDGE_CURVE('',#10674,#10700,#10704,.T.);
#10706=ORIENTED_EDGE('',*,*,#10705,.T.);
#10707=CARTESIAN_POINT('',(-16.169819684209,20.362866941037,-15.447254021229));
#10708=DIRECTION('',(1.,1.0048591735576E-15,-1.8373117694828E-15));
#10709=DIRECTION('',(-1.8373117694828E-15,-1.0048591735576E-15,-1.));
#10710=AXIS2_PLACEMENT_3D('',#10707,#10709,#10708);
#10711=CIRCLE('',#10710,1.25);
#10712=EDGE_CURVE('',#10700,#10700,#10711,.T.);
#10713=ORIENTED_EDGE('',*,*,#10712,.T.);
#10714=ORIENTED_EDGE('',*,*,#10705,.F.);
#10715=ORIENTED_EDGE('',*,*,#10689,.F.);
#10716=EDGE_LOOP('',(#10706,#10713,#10714,#10715));
#10717=FACE_OUTER_BOUND('',#10716,.T.);
#10718=ADVANCED_FACE('',(#10717),#10698,.F.);
#10719=CARTESIAN_POINT('',(-16.169819684209,20.362866941037,-15.447254021229));
#10720=DIRECTION('',(1.,0.,2.1316282072803E-15));
#10721=DIRECTION('',(-2.1316282072803E-15,2.1316282072803E-15,1.));
#10722=AXIS2_PLACEMENT_3D('',#10719,#10721,#10720);
#10723=PLANE('',#10722);
#10724=ORIENTED_EDGE('',*,*,#10712,.F.);
#10725=EDGE_LOOP('',(#10724));
#10726=FACE_OUTER_BOUND('',#10725,.T.);
#10727=ADVANCED_FACE('',(#10726),#10723,.T.);
#10728=CLOSED_SHELL('',(#10693,#10718,#10727));
#10729=OVER_RIDING_STYLED_ITEM('',(#10019),#10693,#10728);
#10730=OVER_RIDING_STYLED_ITEM('',(#10019),#10718,#10728);
#10731=OVER_RIDING_STYLED_ITEM('',(#10298),#10727,#10728);
#10732 = ORIENTED_CLOSED_SHELL('', * , #10728, .T.);#10733=CARTESIAN_POINT('',(11.830180315791,-18.637133058963,-13.696178247445));
#10734=DIRECTION('',(1.,2.077567050016E-15,-4.3220652681869E-16));
#10735=DIRECTION('',(-4.3220652681869E-16,8.6441305363739E-16,-1.));
#10736=AXIS2_PLACEMENT_3D('',#10733,#10735,#10734);
#10737=CONICAL_SURFACE('',#10736,0.,1.0297442586767);
#10738=CARTESIAN_POINT('',(13.080180315791,-18.637133058963,-14.447254021229));
#10739=VERTEX_POINT('',#10738);
#10740=CARTESIAN_POINT('',(11.830180315791,-18.637133058963,-13.696178247445));
#10741=VERTEX_POINT('',#10740);
#10742=CARTESIAN_POINT('',(13.080180315791,-18.637133058963,-14.447254021229));
#10743=DIRECTION('',(-0.85716730070225,0.,0.51503807490983));
#10744=VECTOR('',#10743,1.4582917465189);
#10745=LINE('',#10742,#10744);
#10746=EDGE_CURVE('',#10739,#10741,#10745,.T.);
#10747=ORIENTED_EDGE('',*,*,#10746,.T.);
#10748=ORIENTED_EDGE('',*,*,#10746,.F.);
#10749=CARTESIAN_POINT('',(11.830180315791,-18.637133058963,-14.447254021229));
#10750=DIRECTION('',(1.,5.0242958677881E-16,1.1772657511901E-15));
#10751=DIRECTION('',(1.1772657511901E-15,-4.0194366942305E-15,-1.));
#10752=AXIS2_PLACEMENT_3D('',#10749,#10751,#10750);
#10753=CIRCLE('',#10752,1.25);
#10754=EDGE_CURVE('',#10739,#10739,#10753,.T.);
#10755=ORIENTED_EDGE('',*,*,#10754,.T.);
#10756=EDGE_LOOP('',(#10747,#10748,#10755));
#10757=FACE_OUTER_BOUND('',#10756,.T.);
#10758=ADVANCED_FACE('',(#10757),#10737,.F.);
#10759=CARTESIAN_POINT('',(11.830180315791,-18.637133058963,-15.447254021229));
#10760=DIRECTION('',(1.,5.6843418860808E-15,1.4210854715202E-15));
#10761=DIRECTION('',(0.,0.,1.));
#10762=AXIS2_PLACEMENT_3D('',#10759,#10761,#10760);
#10763=CYLINDRICAL_SURFACE('',#10762,1.25);
#10764=CARTESIAN_POINT('',(13.080180315791,-18.637133058963,-15.447254021229));
#10765=VERTEX_POINT('',#10764);
#10766=CARTESIAN_POINT('',(13.080180315791,-18.637133058963,-14.447254021229));
#10767=DIRECTION('',(0.,0.,-1.));
#10768=VECTOR('',#10767,1.);
#10769=LINE('',#10766,#10768);
#10770=EDGE_CURVE('',#10739,#10765,#10769,.T.);
#10771=ORIENTED_EDGE('',*,*,#10770,.T.);
#10772=CARTESIAN_POINT('',(11.830180315791,-18.637133058963,-15.447254021229));
#10773=DIRECTION('',(1.,-1.0048591735576E-15,1.6649051918503E-15));
#10774=DIRECTION('',(1.6649051918503E-15,4.0194366942305E-15,-1.));
#10775=AXIS2_PLACEMENT_3D('',#10772,#10774,#10773);
#10776=CIRCLE('',#10775,1.25);
#10777=EDGE_CURVE('',#10765,#10765,#10776,.T.);
#10778=ORIENTED_EDGE('',*,*,#10777,.T.);
#10779=ORIENTED_EDGE('',*,*,#10770,.F.);
#10780=ORIENTED_EDGE('',*,*,#10754,.F.);
#10781=EDGE_LOOP('',(#10771,#10778,#10779,#10780));
#10782=FACE_OUTER_BOUND('',#10781,.T.);
#10783=ADVANCED_FACE('',(#10782),#10763,.F.);
#10784=CARTESIAN_POINT('',(11.830180315791,-18.637133058963,-15.447254021229));
#10785=DIRECTION('',(1.,0.,2.1316282072803E-15));
#10786=DIRECTION('',(-2.1316282072803E-15,2.1316282072803E-15,1.));
#10787=AXIS2_PLACEMENT_3D('',#10784,#10786,#10785);
#10788=PLANE('',#10787);
#10789=ORIENTED_EDGE('',*,*,#10777,.F.);
#10790=EDGE_LOOP('',(#10789));
#10791=FACE_OUTER_BOUND('',#10790,.T.);
#10792=ADVANCED_FACE('',(#10791),#10788,.T.);
#10793=CLOSED_SHELL('',(#10758,#10783,#10792));
#10794=OVER_RIDING_STYLED_ITEM('',(#10019),#10758,#10793);
#10795=OVER_RIDING_STYLED_ITEM('',(#10019),#10783,#10793);
#10796=OVER_RIDING_STYLED_ITEM('',(#10298),#10792,#10793);
#10797 = ORIENTED_CLOSED_SHELL('', * , #10793, .T.);#10798=CARTESIAN_POINT('',(-16.169819684209,-18.637133058963,-13.696178247445));
#10799=DIRECTION('',(1.,2.077567050016E-15,1.8452502193043E-30));
#10800=DIRECTION('',(-0.,8.6441305363739E-16,-1.));
#10801=AXIS2_PLACEMENT_3D('',#10798,#10800,#10799);
#10802=CONICAL_SURFACE('',#10801,0.,1.0297442586767);
#10803=CARTESIAN_POINT('',(-14.919819684209,-18.637133058963,-14.447254021229));
#10804=VERTEX_POINT('',#10803);
#10805=CARTESIAN_POINT('',(-16.169819684209,-18.637133058963,-13.696178247445));
#10806=VERTEX_POINT('',#10805);
#10807=CARTESIAN_POINT('',(-14.919819684209,-18.637133058963,-14.447254021229));
#10808=DIRECTION('',(-0.85716730070225,0.,0.51503807490983));
#10809=VECTOR('',#10808,1.4582917465189);
#10810=LINE('',#10807,#10809);
#10811=EDGE_CURVE('',#10804,#10806,#10810,.T.);
#10812=ORIENTED_EDGE('',*,*,#10811,.T.);
#10813=ORIENTED_EDGE('',*,*,#10811,.F.);
#10814=CARTESIAN_POINT('',(-16.169819684209,-18.637133058963,-14.447254021229));
#10815=DIRECTION('',(1.,1.0048591735576E-15,1.1772657511901E-15));
#10816=DIRECTION('',(1.1772657511901E-15,-4.0194366942305E-15,-1.));
#10817=AXIS2_PLACEMENT_3D('',#10814,#10816,#10815);
#10818=CIRCLE('',#10817,1.25);
#10819=EDGE_CURVE('',#10804,#10804,#10818,.T.);
#10820=ORIENTED_EDGE('',*,*,#10819,.T.);
#10821=EDGE_LOOP('',(#10812,#10813,#10820));
#10822=FACE_OUTER_BOUND('',#10821,.T.);
#10823=ADVANCED_FACE('',(#10822),#10802,.F.);
#10824=CARTESIAN_POINT('',(-16.169819684209,-18.637133058963,-15.447254021229));
#10825=DIRECTION('',(1.,0.,1.4210854715202E-15));
#10826=DIRECTION('',(0.,-3.5527136788005E-15,1.));
#10827=AXIS2_PLACEMENT_3D('',#10824,#10826,#10825);
#10828=CYLINDRICAL_SURFACE('',#10827,1.25);
#10829=CARTESIAN_POINT('',(-14.919819684209,-18.637133058963,-15.447254021229));
#10830=VERTEX_POINT('',#10829);
#10831=CARTESIAN_POINT('',(-14.919819684209,-18.637133058963,-14.447254021229));
#10832=DIRECTION('',(0.,0.,-1.));
#10833=VECTOR('',#10832,1.);
#10834=LINE('',#10831,#10833);
#10835=EDGE_CURVE('',#10804,#10830,#10834,.T.);
#10836=ORIENTED_EDGE('',*,*,#10835,.T.);
#10837=CARTESIAN_POINT('',(-16.169819684209,-18.637133058963,-15.447254021229));
#10838=DIRECTION('',(1.,1.0048591735576E-15,-1.8373117694828E-15));
#10839=DIRECTION('',(-1.8373117694828E-15,-1.0048591735576E-15,-1.));
#10840=AXIS2_PLACEMENT_3D('',#10837,#10839,#10838);
#10841=CIRCLE('',#10840,1.25);
#10842=EDGE_CURVE('',#10830,#10830,#10841,.T.);
#10843=ORIENTED_EDGE('',*,*,#10842,.T.);
#10844=ORIENTED_EDGE('',*,*,#10835,.F.);
#10845=ORIENTED_EDGE('',*,*,#10819,.F.);
#10846=EDGE_LOOP('',(#10836,#10843,#10844,#10845));
#10847=FACE_OUTER_BOUND('',#10846,.T.);
#10848=ADVANCED_FACE('',(#10847),#10828,.F.);
#10849=CARTESIAN_POINT('',(-16.169819684209,-18.637133058963,-15.447254021229));
#10850=DIRECTION('',(1.,0.,2.1316282072803E-15));
#10851=DIRECTION('',(-2.1316282072803E-15,2.1316282072803E-15,1.));
#10852=AXIS2_PLACEMENT_3D('',#10849,#10851,#10850);
#10853=PLANE('',#10852);
#10854=ORIENTED_EDGE('',*,*,#10842,.F.);
#10855=EDGE_LOOP('',(#10854));
#10856=FACE_OUTER_BOUND('',#10855,.T.);
#10857=ADVANCED_FACE('',(#10856),#10853,.T.);
#10858=CLOSED_SHELL('',(#10823,#10848,#10857));
#10859=OVER_RIDING_STYLED_ITEM('',(#10019),#10823,#10858);
#10860=OVER_RIDING_STYLED_ITEM('',(#10019),#10848,#10858);
#10861=OVER_RIDING_STYLED_ITEM('',(#10298),#10857,#10858);
#10862 = ORIENTED_CLOSED_SHELL('', * , #10858, .T.);#10863=CARTESIAN_POINT('',(12.830180315791,-14.137133058963,-15.247254021229));
#10864=DIRECTION('',(1.,-1.0142997552975E-12,8.8817841970013E-16));
#10865=DIRECTION('',(4.4408920954536E-16,0.,-1.));
#10866=AXIS2_PLACEMENT_3D('',#10863,#10865,#10864);
#10867=CYLINDRICAL_SURFACE('',#10866,2.);
#10868=CARTESIAN_POINT('',(12.830180315791,-16.137133058963,-19.247254026717));
#10869=VERTEX_POINT('',#10868);
#10870=CARTESIAN_POINT('',(12.830180315791,-16.137133058963,-15.247254021229));
#10871=VERTEX_POINT('',#10870);
#10872=CARTESIAN_POINT('',(12.830180315791,-16.137133058963,-19.247254026717));
#10873=DIRECTION('',(0.,0.,1.));
#10874=VECTOR('',#10873,4.000000005488);
#10875=LINE('',#10872,#10874);
#10876=EDGE_CURVE('',#10869,#10871,#10875,.T.);
#10877=ORIENTED_EDGE('',*,*,#10876,.T.);
#10878=CARTESIAN_POINT('',(14.830180315791,-14.137133058963,-15.247254021229));
#10879=VERTEX_POINT('',#10878);
#10880=CARTESIAN_POINT('',(12.830180315791,-14.137133058963,-15.247254021229));
#10881=DIRECTION('',(8.8817841970013E-16,-1.,-1.7763568394003E-15));
#10882=DIRECTION('',(2.1442523866471E-15,-2.1442523866471E-15,1.));
#10883=AXIS2_PLACEMENT_3D('',#10880,#10882,#10881);
#10884=CIRCLE('',#10883,2.);
#10885=EDGE_CURVE('',#10871,#10879,#10884,.T.);
#10886=ORIENTED_EDGE('',*,*,#10885,.T.);
#10887=CARTESIAN_POINT('',(14.830180315791,-14.137133058963,-19.247254026717));
#10888=VERTEX_POINT('',#10887);
#10889=CARTESIAN_POINT('',(14.830180315791,-14.137133058963,-15.247254021229));
#10890=DIRECTION('',(0.,0.,-1.));
#10891=VECTOR('',#10890,4.000000005488);
#10892=LINE('',#10889,#10891);
#10893=EDGE_CURVE('',#10879,#10888,#10892,.T.);
#10894=ORIENTED_EDGE('',*,*,#10893,.T.);
#10895=CARTESIAN_POINT('',(12.830180315791,-14.137133058963,-19.247254039953));
#10896=DIRECTION('',(1.,-8.8817841970012E-16,6.6197589632111E-09));
#10897=DIRECTION('',(6.6197580215238E-09,-6.6202660595799E-09,-1.));
#10898=AXIS2_PLACEMENT_3D('',#10895,#10897,#10896);
#10899=CIRCLE('',#10898,2.);
#10900=EDGE_CURVE('',#10888,#10869,#10899,.T.);
#10901=ORIENTED_EDGE('',*,*,#10900,.T.);
#10902=EDGE_LOOP('',(#10877,#10886,#10894,#10901));
#10903=FACE_OUTER_BOUND('',#10902,.T.);
#10904=ADVANCED_FACE('',(#10903),#10867,.F.);
#10905=CARTESIAN_POINT('',(12.080180315791,-16.137133058963,-17.347254021229));
#10906=DIRECTION('',(1.,0.,0.));
#10907=DIRECTION('',(-0.,1.,0.));
#10908=AXIS2_PLACEMENT_3D('',#10905,#10907,#10906);
#10909=PLANE('',#10908);
#10910=ORIENTED_EDGE('',*,*,#10876,.F.);
#10911=CARTESIAN_POINT('',(11.330180315791,-16.137133058963,-19.247254027739));
#10912=VERTEX_POINT('',#10911);
#10913=CARTESIAN_POINT('',(12.830180315791,-16.137133058963,-19.247254026717));
#10914=DIRECTION('',(-1.,0.,-6.8133469236879E-10));
#10915=VECTOR('',#10914,1.5);
#10916=LINE('',#10913,#10915);
#10917=EDGE_CURVE('',#10869,#10912,#10916,.T.);
#10918=ORIENTED_EDGE('',*,*,#10917,.T.);
#10919=CARTESIAN_POINT('',(11.330180315791,-16.137133058963,-15.247254021229));
#10920=VERTEX_POINT('',#10919);
#10921=CARTESIAN_POINT('',(11.330180315791,-16.137133058963,-19.247254027739));
#10922=DIRECTION('',(0.,0.,1.));
#10923=VECTOR('',#10922,4.00000000651);
#10924=LINE('',#10921,#10923);
#10925=EDGE_CURVE('',#10912,#10920,#10924,.T.);
#10926=ORIENTED_EDGE('',*,*,#10925,.T.);
#10927=CARTESIAN_POINT('',(11.330180315791,-16.137133058963,-15.247254021229));
#10928=DIRECTION('',(1.,0.,0.));
#10929=VECTOR('',#10928,1.5);
#10930=LINE('',#10927,#10929);
#10931=EDGE_CURVE('',#10920,#10871,#10930,.T.);
#10932=ORIENTED_EDGE('',*,*,#10931,.T.);
#10933=EDGE_LOOP('',(#10910,#10918,#10926,#10932));
#10934=FACE_OUTER_BOUND('',#10933,.T.);
#10935=ADVANCED_FACE('',(#10934),#10909,.T.);
#10936=CARTESIAN_POINT('',(12.080180315791,-13.387133058963,-15.247254021229));
#10937=DIRECTION('',(-9.1606806351467E-16,-1.,0.));
#10938=DIRECTION('',(-0.,0.,-1.));
#10939=AXIS2_PLACEMENT_3D('',#10936,#10938,#10937);
#10940=PLANE('',#10939);
#10941=ORIENTED_EDGE('',*,*,#10885,.F.);
#10942=ORIENTED_EDGE('',*,*,#10931,.F.);
#10943=CARTESIAN_POINT('',(9.5301803158107,-17.26535327021,-15.247254021229));
#10944=VERTEX_POINT('',#10943);
#10945=CARTESIAN_POINT('',(11.330180315791,-18.137133058963,-15.247254021229));
#10946=DIRECTION('',(8.8817841969932E-16,1.,3.5527136787973E-15));
#10947=DIRECTION('',(2.3170521321238E-15,-3.6967019347762E-15,1.));
#10948=AXIS2_PLACEMENT_3D('',#10945,#10947,#10946);
#10949=CIRCLE('',#10948,2.0000000000018);
#10950=EDGE_CURVE('',#10920,#10944,#10949,.T.);
#10951=ORIENTED_EDGE('',*,*,#10950,.T.);
#10952=CARTESIAN_POINT('',(9.5301803157907,-12.637133058963,-15.247254021229));
#10953=VERTEX_POINT('',#10952);
#10954=CARTESIAN_POINT('',(9.5301803158107,-17.26535327021,-15.247254021229));
#10955=DIRECTION('',(-4.3213159145292E-12,1.,0.));
#10956=VECTOR('',#10955,4.628220211247);
#10957=LINE('',#10954,#10956);
#10958=EDGE_CURVE('',#10944,#10953,#10957,.T.);
#10959=ORIENTED_EDGE('',*,*,#10958,.T.);
#10960=CARTESIAN_POINT('',(11.33001113964,-10.837132987412,-15.247254021229));
#10961=VERTEX_POINT('',#10960);
#10962=CARTESIAN_POINT('',(11.330180315791,-12.637133058963,-15.247254021229));
#10963=DIRECTION('',(-1.,0.,0.));
#10964=DIRECTION('',(-5.9572123695986E-16,5.9566524968994E-16,-1.));
#10965=AXIS2_PLACEMENT_3D('',#10962,#10964,#10963);
#10966=CIRCLE('',#10965,1.8000000000003);
#10967=EDGE_CURVE('',#10953,#10961,#10966,.T.);
#10968=ORIENTED_EDGE('',*,*,#10967,.T.);
#10969=CARTESIAN_POINT('',(12.830008252417,-10.837132984948,-15.247254021229));
#10970=VERTEX_POINT('',#10969);
#10971=CARTESIAN_POINT('',(11.33001113964,-10.837132987412,-15.247254021229));
#10972=DIRECTION('',(1.,1.6426702012659E-09,0.));
#10973=VECTOR('',#10972,1.499997112777);
#10974=LINE('',#10971,#10973);
#10975=EDGE_CURVE('',#10961,#10970,#10974,.T.);
#10976=ORIENTED_EDGE('',*,*,#10975,.T.);
#10977=CARTESIAN_POINT('',(14.830180315791,-9.5560278075336,-15.247254021229));
#10978=VERTEX_POINT('',#10977);
#10979=CARTESIAN_POINT('',(12.830180315791,-8.637133058963,-15.247254021229));
#10980=DIRECTION('',(-7.8210626938463E-05,-0.99999999694155,1.6148699033906E-15));
#10981=DIRECTION('',(-2.6370846034744E-15,1.341790752534E-15,1.));
#10982=AXIS2_PLACEMENT_3D('',#10979,#10981,#10980);
#10983=CIRCLE('',#10982,2.1999999327136);
#10984=EDGE_CURVE('',#10970,#10978,#10983,.T.);
#10985=ORIENTED_EDGE('',*,*,#10984,.T.);
#10986=CARTESIAN_POINT('',(14.830180315791,-9.5560278075336,-15.247254021229));
#10987=DIRECTION('',(0.,-1.,0.));
#10988=VECTOR('',#10987,4.5811052514294);
#10989=LINE('',#10986,#10988);
#10990=EDGE_CURVE('',#10978,#10879,#10989,.T.);
#10991=ORIENTED_EDGE('',*,*,#10990,.T.);
#10992=EDGE_LOOP('',(#10941,#10942,#10951,#10959,#10968,#10976,#10985,#10991));
#10993=FACE_OUTER_BOUND('',#10992,.T.);
#10994=CARTESIAN_POINT('',(12.708859972231,-13.065812715404,-15.247254021229));
#10995=VERTEX_POINT('',#10994);
#10996=CARTESIAN_POINT('',(11.708859972231,-13.065812715404,-15.247254021229));
#10997=DIRECTION('',(1.,-1.256073966947E-15,-0.));
#10998=DIRECTION('',(0.,-0.,1.));
#10999=AXIS2_PLACEMENT_3D('',#10996,#10998,#10997);
#11000=CIRCLE('',#10999,1.);
#11001=EDGE_CURVE('',#10995,#10995,#11000,.T.);
#11002=ORIENTED_EDGE('',*,*,#11001,.T.);
#11003=EDGE_LOOP('',(#11002));
#11004=FACE_BOUND('',#11003,.T.);
#11005=ADVANCED_FACE('',(#10993,#11004),#10940,.T.);
#11006=CARTESIAN_POINT('',(14.830180315791,0.86286694103743,-17.097254031789));
#11007=DIRECTION('',(-1.1842378929335E-16,-1.,0.));
#11008=DIRECTION('',(-1.,1.1842378929335E-16,0.));
#11009=AXIS2_PLACEMENT_3D('',#11006,#11008,#11007);
#11010=PLANE('',#11009);
#11011=ORIENTED_EDGE('',*,*,#10990,.F.);
#11012=CARTESIAN_POINT('',(14.830180315791,-8.6371330589626,-15.047254041382));
#11013=VERTEX_POINT('',#11012);
#11014=CARTESIAN_POINT('',(14.829727211005,-9.5556531603186,-15.247182088698));
#11015=CARTESIAN_POINT('',(14.829727389292,-9.2638761571716,-15.125387682646));
#11016=CARTESIAN_POINT('',(14.830180315791,-8.9478394568343,-15.047254036858));
#11017=CARTESIAN_POINT('',(14.830180315791,-8.6371330589626,-15.047254036858));
#11018=B_SPLINE_CURVE_WITH_KNOTS('',3,(#11014,#11015,#11016,#11017),.UNSPECIFIED.,.F.,.U.,(4,4),(0.00019681609605815,1.),.UNSPECIFIED.);
#11019=EDGE_CURVE('',#10978,#11013,#11018,.T.);
#11020=ORIENTED_EDGE('',*,*,#11019,.T.);
#11021=CARTESIAN_POINT('',(14.830180315791,-8.6371330589626,-19.247254023973));
#11022=VERTEX_POINT('',#11021);
#11023=CARTESIAN_POINT('',(14.830180315791,-8.6371330589626,-15.047254041382));
#11024=DIRECTION('',(0.,0.,-1.));
#11025=VECTOR('',#11024,4.199999982591);
#11026=LINE('',#11023,#11025);
#11027=EDGE_CURVE('',#11013,#11022,#11026,.T.);
#11028=ORIENTED_EDGE('',*,*,#11027,.T.);
#11029=CARTESIAN_POINT('',(14.830180315791,-8.6371330589626,-19.247254023973));
#11030=DIRECTION('',(0.,-1.,-4.989088738098E-10));
#11031=VECTOR('',#11030,5.5000000000004);
#11032=LINE('',#11029,#11031);
#11033=EDGE_CURVE('',#11022,#10888,#11032,.T.);
#11034=ORIENTED_EDGE('',*,*,#11033,.T.);
#11035=ORIENTED_EDGE('',*,*,#10893,.F.);
#11036=EDGE_LOOP('',(#11011,#11020,#11028,#11034,#11035));
#11037=FACE_OUTER_BOUND('',#11036,.T.);
#11038=ADVANCED_FACE('',(#11037),#11010,.T.);
#11039=CARTESIAN_POINT('',(12.830180315791,-14.137133058963,-17.247254021229));
#11040=DIRECTION('',(-0.70709796830442,0.70711559395884,-1.2707627384209E-14));
#11041=DIRECTION('',(1.6656503110724E-14,-1.3149870876888E-15,-1.));
#11042=AXIS2_PLACEMENT_3D('',#11039,#11041,#11040);
#11043=CONICAL_SURFACE('',#11042,0.,0.78539816339743);
#11044=CARTESIAN_POINT('',(15.030180315791,-14.137133058963,-19.447254021229));
#11045=VERTEX_POINT('',#11044);
#11046=CARTESIAN_POINT('',(12.830095759472,-16.337133023214,-19.447254021229));
#11047=VERTEX_POINT('',#11046);
#11048=CARTESIAN_POINT('',(12.830180315791,-14.137133058963,-19.447254021229));
#11049=DIRECTION('',(1.,0.,-3.2297397580967E-15));
#11050=DIRECTION('',(-3.3123625211549E-15,1.2790697756379E-14,-1.));
#11051=AXIS2_PLACEMENT_3D('',#11048,#11050,#11049);
#11052=CIRCLE('',#11051,2.199999965876);
#11053=EDGE_CURVE('',#11045,#11047,#11052,.T.);
#11054=ORIENTED_EDGE('',*,*,#11053,.T.);
#11055=CARTESIAN_POINT('',(12.830095759472,-16.337133023214,-19.447254021229));
#11056=DIRECTION('',(0.00029895175024903,0.70710669609432,0.70710680308312));
#11057=VECTOR('',#11056,0.28284269595479);
#11058=LINE('',#11055,#11057);
#11059=EDGE_CURVE('',#11047,#10869,#11058,.T.);
#11060=ORIENTED_EDGE('',*,*,#11059,.T.);
#11061=ORIENTED_EDGE('',*,*,#10900,.F.);
#11062=CARTESIAN_POINT('',(14.830180315791,-14.137133058963,-19.247254026717));
#11063=DIRECTION('',(0.70710679088805,0.,-0.70710677148505));
#11064=VECTOR('',#11063,0.28284270859402);
#11065=LINE('',#11062,#11064);
#11066=EDGE_CURVE('',#10888,#11045,#11065,.T.);
#11067=ORIENTED_EDGE('',*,*,#11066,.T.);
#11068=EDGE_LOOP('',(#11054,#11060,#11061,#11067));
#11069=FACE_OUTER_BOUND('',#11068,.T.);
#11070=ADVANCED_FACE('',(#11069),#11043,.F.);
#11071=CARTESIAN_POINT('',(12.080096295705,-16.236498851051,-19.347254021229));
#11072=DIRECTION('',(0.00059790346281448,0.70710652840396,0.70710678118651));
#11073=DIRECTION('',(0.00059790346274733,0.70710652840389,-0.70710678118658));
#11074=AXIS2_PLACEMENT_3D('',#11071,#11073,#11072);
#11075=PLANE('',#11074);
#11076=CARTESIAN_POINT('',(11.330011648364,-16.336498815225,-19.447254021229));
#11077=VERTEX_POINT('',#11076);
#11078=CARTESIAN_POINT('',(12.830095759472,-16.337133023214,-19.447254021229));
#11079=DIRECTION('',(-0.99999991062786,0.00042278158112938,0.));
#11080=VECTOR('',#11079,1.5000842451737);
#11081=LINE('',#11078,#11080);
#11082=EDGE_CURVE('',#11047,#11077,#11081,.T.);
#11083=ORIENTED_EDGE('',*,*,#11082,.T.);
#11084=CARTESIAN_POINT('',(11.330011648364,-16.336498815225,-19.447254021229));
#11085=DIRECTION('',(0.00059727560412361,0.70598280076996,0.70822872596278));
#11086=VECTOR('',#11085,0.28239463630639);
#11087=LINE('',#11084,#11086);
#11088=EDGE_CURVE('',#11077,#10912,#11087,.T.);
#11089=ORIENTED_EDGE('',*,*,#11088,.T.);
#11090=ORIENTED_EDGE('',*,*,#10917,.F.);
#11091=ORIENTED_EDGE('',*,*,#11059,.F.);
#11092=EDGE_LOOP('',(#11083,#11089,#11090,#11091));
#11093=FACE_OUTER_BOUND('',#11092,.T.);
#11094=ADVANCED_FACE('',(#11093),#11075,.T.);
#11095=CARTESIAN_POINT('',(11.330180315791,-18.137133058963,-15.047253624128));
#11096=DIRECTION('',(-5.3491557849838E-09,1.,0.));
#11097=DIRECTION('',(-2.1147103198766E-15,8.4588412795066E-16,-1.));
#11098=AXIS2_PLACEMENT_3D('',#11095,#11097,#11096);
#11099=CYLINDRICAL_SURFACE('',#11098,2.);
#11100=ORIENTED_EDGE('',*,*,#10950,.F.);
#11101=ORIENTED_EDGE('',*,*,#10925,.F.);
#11102=CARTESIAN_POINT('',(9.3301803157907,-18.137133058963,-19.247254027739));
#11103=VERTEX_POINT('',#11102);
#11104=CARTESIAN_POINT('',(11.330180315791,-16.137133058963,-19.247254027739));
#11105=CARTESIAN_POINT('',(9.3303906512967,-16.137133058963,-19.247254021229));
#11106=CARTESIAN_POINT('',(9.3301803157907,-18.137133058963,-19.247254027739));
#11107=(BOUNDED_CURVE()B_SPLINE_CURVE(2,(#11104,#11105,#11106),.UNSPECIFIED.,.F.,.U.)B_SPLINE_CURVE_WITH_KNOTS((3,3),(0.,1.),.UNSPECIFIED.)CURVE()GEOMETRIC_REPRESENTATION_ITEM()RATIONAL_B_SPLINE_CURVE((1.,0.70714396457972,1.))REPRESENTATION_ITEM(''));
#11108=EDGE_CURVE('',#10912,#11103,#11107,.T.);
#11109=ORIENTED_EDGE('',*,*,#11108,.T.);
#11110=CARTESIAN_POINT('',(9.3301803157907,-18.137133058952,-15.047254024235));
#11111=VERTEX_POINT('',#11110);
#11112=CARTESIAN_POINT('',(9.3301803157907,-18.137133058963,-19.247254027739));
#11113=DIRECTION('',(0.,2.6188575096166E-12,1.));
#11114=VECTOR('',#11113,4.200000003504);
#11115=LINE('',#11112,#11114);
#11116=EDGE_CURVE('',#11103,#11111,#11115,.T.);
#11117=ORIENTED_EDGE('',*,*,#11116,.T.);
#11118=CARTESIAN_POINT('',(9.3301803157907,-18.137133058963,-15.047254024235));
#11119=CARTESIAN_POINT('',(9.3301803157907,-17.820812557167,-15.047254024235));
#11120=CARTESIAN_POINT('',(9.4049106681937,-17.524002723437,-15.121984376957));
#11121=CARTESIAN_POINT('',(9.5301803158097,-17.26535327021,-15.247254021229));
#11122=B_SPLINE_CURVE_WITH_KNOTS('',3,(#11118,#11119,#11120,#11121),.UNSPECIFIED.,.F.,.U.,(4,4),(0.,1.),.UNSPECIFIED.);
#11123=EDGE_CURVE('',#11111,#10944,#11122,.T.);
#11124=ORIENTED_EDGE('',*,*,#11123,.T.);
#11125=EDGE_LOOP('',(#11100,#11101,#11109,#11117,#11124));
#11126=FACE_OUTER_BOUND('',#11125,.T.);
#11127=ADVANCED_FACE('',(#11126),#11099,.T.);
#11128=CARTESIAN_POINT('',(9.4301803157907,-15.784316837542,-15.147254023898));
#11129=DIRECTION('',(-0.70710679062334,0.,0.70710677174975));
#11130=DIRECTION('',(-0.70710677174975,9.5786510504765E-15,-0.70710679062334));
#11131=AXIS2_PLACEMENT_3D('',#11128,#11130,#11129);
#11132=PLANE('',#11131);
#11133=ORIENTED_EDGE('',*,*,#10958,.F.);
#11134=ORIENTED_EDGE('',*,*,#11123,.F.);
#11135=CARTESIAN_POINT('',(9.3301803157907,-12.637133058963,-15.047254026567));
#11136=VERTEX_POINT('',#11135);
#11137=CARTESIAN_POINT('',(9.3301803157907,-18.137133058952,-15.047254024235));
#11138=DIRECTION('',(0.,1.,-4.2399990589318E-10));
#11139=VECTOR('',#11138,5.499999999989);
#11140=LINE('',#11137,#11139);
#11141=EDGE_CURVE('',#11111,#11136,#11140,.T.);
#11142=ORIENTED_EDGE('',*,*,#11141,.T.);
#11143=CARTESIAN_POINT('',(9.3301803157907,-12.637133058963,-15.047254026567));
#11144=DIRECTION('',(0.70710679062288,0.,-0.70710677175021));
#11145=VECTOR('',#11144,0.28284270870008);
#11146=LINE('',#11143,#11145);
#11147=EDGE_CURVE('',#11136,#10953,#11146,.T.);
#11148=ORIENTED_EDGE('',*,*,#11147,.T.);
#11149=EDGE_LOOP('',(#11133,#11134,#11142,#11148));
#11150=FACE_OUTER_BOUND('',#11149,.T.);
#11151=ADVANCED_FACE('',(#11150),#11132,.T.);
#11152=CARTESIAN_POINT('',(11.330180315791,-12.637133058963,-17.047253484593));
#11153=DIRECTION('',(0.70711763743129,-0.70709592477513,-8.5335339468393E-16));
#11154=DIRECTION('',(4.8273106005061E-16,-7.2409659007591E-16,1.));
#11155=AXIS2_PLACEMENT_3D('',#11152,#11154,#11153);
#11156=CONICAL_SURFACE('',#11155,0.,0.7853982975564);
#11157=ORIENTED_EDGE('',*,*,#10967,.F.);
#11158=ORIENTED_EDGE('',*,*,#11147,.F.);
#11159=CARTESIAN_POINT('',(11.330180315791,-10.637133058963,-15.047254036858));
#11160=VERTEX_POINT('',#11159);
#11161=CARTESIAN_POINT('',(9.3301803157907,-12.637133058963,-15.047254026567));
#11162=CARTESIAN_POINT('',(9.3303682804507,-10.637133058963,-15.047254021229));
#11163=CARTESIAN_POINT('',(11.330180315791,-10.637133058963,-15.047254026567));
#11164=(BOUNDED_CURVE()B_SPLINE_CURVE(2,(#11161,#11162,#11163),.UNSPECIFIED.,.F.,.U.)B_SPLINE_CURVE_WITH_KNOTS((3,3),(0.,1.),.UNSPECIFIED.)CURVE()GEOMETRIC_REPRESENTATION_ITEM()RATIONAL_B_SPLINE_CURVE((1.,0.70714000973871,1.))REPRESENTATION_ITEM(''));
#11165=EDGE_CURVE('',#11136,#11160,#11164,.T.);
#11166=ORIENTED_EDGE('',*,*,#11165,.T.);
#11167=CARTESIAN_POINT('',(11.330180315791,-10.637133058963,-15.047254036858));
#11168=DIRECTION('',(-0.00059812804130887,-0.7071065558432,-0.70710675355734));
#11169=VECTOR('',#11168,0.28284270142356);
#11170=LINE('',#11167,#11169);
#11171=EDGE_CURVE('',#11160,#10961,#11170,.T.);
#11172=ORIENTED_EDGE('',*,*,#11171,.T.);
#11173=EDGE_LOOP('',(#11157,#11158,#11166,#11172));
#11174=FACE_OUTER_BOUND('',#11173,.T.);
#11175=ADVANCED_FACE('',(#11174),#11156,.T.);
#11176=CARTESIAN_POINT('',(12.080094839213,-10.736487784541,-15.147254021229));
#11177=DIRECTION('',(0.00060833589408989,0.70710651950569,0.70710678118654));
#11178=DIRECTION('',(0.00060833589411804,0.70710651950567,-0.70710678118656));
#11179=AXIS2_PLACEMENT_3D('',#11176,#11178,#11177);
#11180=PLANE('',#11179);
#11181=ORIENTED_EDGE('',*,*,#10975,.F.);
#11182=ORIENTED_EDGE('',*,*,#11171,.F.);
#11183=CARTESIAN_POINT('',(12.830180315791,-10.637133058963,-15.047254052488));
#11184=VERTEX_POINT('',#11183);
#11185=CARTESIAN_POINT('',(11.330180315791,-10.637133058963,-15.047254036858));
#11186=DIRECTION('',(1.,0.,-1.0420000270036E-08));
#11187=VECTOR('',#11186,1.5);
#11188=LINE('',#11185,#11187);
#11189=EDGE_CURVE('',#11160,#11184,#11188,.T.);
#11190=ORIENTED_EDGE('',*,*,#11189,.T.);
#11191=CARTESIAN_POINT('',(12.830180315791,-10.637133058963,-15.047254052488));
#11192=DIRECTION('',(-0.00060833594028801,-0.70710657476345,-0.70710672592876));
#11193=VECTOR('',#11192,0.28284269037083);
#11194=LINE('',#11191,#11193);
#11195=EDGE_CURVE('',#11184,#10970,#11194,.T.);
#11196=ORIENTED_EDGE('',*,*,#11195,.T.);
#11197=EDGE_LOOP('',(#11181,#11182,#11190,#11196));
#11198=FACE_OUTER_BOUND('',#11197,.T.);
#11199=ADVANCED_FACE('',(#11198),#11180,.T.);
#11200=CARTESIAN_POINT('',(12.830180315791,-8.6371330589626,-13.047254021229));
#11201=DIRECTION('',(-0.78073690590494,0.62485989130202,-3.8876209671782E-16));
#11202=DIRECTION('',(-2.2619508651686E-16,-9.0478034606742E-16,-1.));
#11203=AXIS2_PLACEMENT_3D('',#11200,#11202,#11201);
#11204=CONICAL_SURFACE('',#11203,0.,0.78539816339745);
#11205=CARTESIAN_POINT('',(12.830180315791,-8.6371330589626,-15.047254127942));
#11206=DIRECTION('',(-1.7763568393999E-15,-1.,3.7730372604009E-08));
#11207=DIRECTION('',(-3.7727419737753E-08,3.773037204282E-08,1.));
#11208=AXIS2_PLACEMENT_3D('',#11205,#11207,#11206);
#11209=CIRCLE('',#11208,2.0000000000004);
#11210=EDGE_CURVE('',#11184,#11013,#11209,.T.);
#11211=ORIENTED_EDGE('',*,*,#11210,.T.);
#11212=ORIENTED_EDGE('',*,*,#11019,.F.);
#11213=ORIENTED_EDGE('',*,*,#10984,.F.);
#11214=ORIENTED_EDGE('',*,*,#11195,.F.);
#11215=EDGE_LOOP('',(#11211,#11212,#11213,#11214));
#11216=FACE_OUTER_BOUND('',#11215,.T.);
#11217=ADVANCED_FACE('',(#11216),#11204,.F.);
#11218=CARTESIAN_POINT('',(11.708859972231,-13.065812715403,-15.247254021229));
#11219=DIRECTION('',(1.,0.,0.));
#11220=DIRECTION('',(0.,1.8503717077086E-15,-1.));
#11221=AXIS2_PLACEMENT_3D('',#11218,#11220,#11219);
#11222=CYLINDRICAL_SURFACE('',#11221,1.);
#11223=CARTESIAN_POINT('',(12.708859972231,-13.065812715403,-16.207254021229));
#11224=VERTEX_POINT('',#11223);
#11225=CARTESIAN_POINT('',(11.708859972231,-13.065812715403,-16.207254021229));
#11226=DIRECTION('',(1.,6.280369834735E-16,2.512147933894E-15));
#11227=DIRECTION('',(-2.512147933894E-15,-2.512147933894E-15,1.));
#11228=AXIS2_PLACEMENT_3D('',#11225,#11227,#11226);
#11229=CIRCLE('',#11228,1.);
#11230=EDGE_CURVE('',#11224,#11224,#11229,.T.);
#11231=ORIENTED_EDGE('',*,*,#11230,.T.);
#11232=CARTESIAN_POINT('',(12.708859972231,-13.065812715403,-16.207254021229));
#11233=DIRECTION('',(0.,-1.0417592714399E-12,1.));
#11234=VECTOR('',#11233,0.96);
#11235=LINE('',#11232,#11234);
#11236=EDGE_CURVE('',#11224,#10995,#11235,.T.);
#11237=ORIENTED_EDGE('',*,*,#11236,.T.);
#11238=ORIENTED_EDGE('',*,*,#11001,.F.);
#11239=ORIENTED_EDGE('',*,*,#11236,.F.);
#11240=EDGE_LOOP('',(#11231,#11237,#11238,#11239));
#11241=FACE_OUTER_BOUND('',#11240,.T.);
#11242=ADVANCED_FACE('',(#11241),#11222,.T.);
#11243=CARTESIAN_POINT('',(12.830180315791,-8.6371330589626,-15.047254037041));
#11244=DIRECTION('',(-1.2633487767033E-07,-0.99999999999999,-8.8817841970013E-16));
#11245=DIRECTION('',(0.,8.0743492990171E-16,-1.));
#11246=AXIS2_PLACEMENT_3D('',#11243,#11245,#11244);
#11247=CYLINDRICAL_SURFACE('',#11246,2.);
#11248=CARTESIAN_POINT('',(12.830180315791,-10.637133058963,-19.447254021229));
#11249=VERTEX_POINT('',#11248);
#11250=CARTESIAN_POINT('',(14.830180315791,-8.6371330589626,-19.447254021229));
#11251=VERTEX_POINT('',#11250);
#11252=CARTESIAN_POINT('',(12.830180315791,-8.6371330589626,-19.447254021229));
#11253=DIRECTION('',(-1.7763568394003E-15,-1.,0.));
#11254=DIRECTION('',(1.6081892899854E-15,-1.6081892899854E-15,1.));
#11255=AXIS2_PLACEMENT_3D('',#11252,#11254,#11253);
#11256=CIRCLE('',#11255,2.);
#11257=EDGE_CURVE('',#11249,#11251,#11256,.T.);
#11258=ORIENTED_EDGE('',*,*,#11257,.T.);
#11259=CARTESIAN_POINT('',(14.830180315791,-8.6371330589626,-19.447254021229));
#11260=DIRECTION('',(0.,0.,1.));
#11261=VECTOR('',#11260,0.199999997256);
#11262=LINE('',#11259,#11261);
#11263=EDGE_CURVE('',#11251,#11022,#11262,.T.);
#11264=ORIENTED_EDGE('',*,*,#11263,.T.);
#11265=ORIENTED_EDGE('',*,*,#11027,.F.);
#11266=ORIENTED_EDGE('',*,*,#11210,.F.);
#11267=CARTESIAN_POINT('',(12.830180330735,-10.637133058963,-15.347254021229));
#11268=VERTEX_POINT('',#11267);
#11269=CARTESIAN_POINT('',(12.830180315791,-10.637133058963,-15.047254052488));
#11270=DIRECTION('',(4.9813337908339E-08,0.,-1.));
#11271=VECTOR('',#11270,0.299999968741);
#11272=LINE('',#11269,#11271);
#11273=EDGE_CURVE('',#11184,#11268,#11272,.T.);
#11274=ORIENTED_EDGE('',*,*,#11273,.T.);
#11275=CARTESIAN_POINT('',(13.830180315791,-10.369183866541,-15.347254021229));
#11276=VERTEX_POINT('',#11275);
#11277=CARTESIAN_POINT('',(12.830180315791,-8.6371330589626,-15.347254021229));
#11278=DIRECTION('',(7.4719972431273E-09,-1.,2.8421709430287E-14));
#11279=DIRECTION('',(-9.2470468317129E-15,2.7880994103316E-14,1.));
#11280=AXIS2_PLACEMENT_3D('',#11277,#11279,#11278);
#11281=CIRCLE('',#11280,2.0000000000082);
#11282=EDGE_CURVE('',#11268,#11276,#11281,.T.);
#11283=ORIENTED_EDGE('',*,*,#11282,.T.);
#11284=CARTESIAN_POINT('',(13.830180315791,-10.369183866532,-17.007254021229));
#11285=VERTEX_POINT('',#11284);
#11286=CARTESIAN_POINT('',(13.830180315791,-10.369183866541,-15.347254021229));
#11287=DIRECTION('',(0.,5.422168738097E-12,-1.));
#11288=VECTOR('',#11287,1.66);
#11289=LINE('',#11286,#11288);
#11290=EDGE_CURVE('',#11276,#11285,#11289,.T.);
#11291=ORIENTED_EDGE('',*,*,#11290,.T.);
#11292=CARTESIAN_POINT('',(12.830180330735,-10.637133058963,-17.007254021229));
#11293=VERTEX_POINT('',#11292);
#11294=CARTESIAN_POINT('',(12.830180315791,-8.6371330589626,-17.007254021229));
#11295=DIRECTION('',(0.49999999999989,-0.8660254037845,1.9539925233399E-14));
#11296=DIRECTION('',(8.5853404452991E-15,-1.8782018309289E-14,-1.));
#11297=AXIS2_PLACEMENT_3D('',#11294,#11296,#11295);
#11298=CIRCLE('',#11297,2.0000000000004);
#11299=EDGE_CURVE('',#11285,#11293,#11298,.T.);
#11300=ORIENTED_EDGE('',*,*,#11299,.T.);
#11301=CARTESIAN_POINT('',(12.830180330735,-10.637133058963,-17.007254021229));
#11302=DIRECTION('',(-6.1245900882732E-09,0.,-1.));
#11303=VECTOR('',#11302,2.44);
#11304=LINE('',#11301,#11303);
#11305=EDGE_CURVE('',#11293,#11249,#11304,.T.);
#11306=ORIENTED_EDGE('',*,*,#11305,.T.);
#11307=EDGE_LOOP('',(#11258,#11264,#11265,#11266,#11274,#11283,#11291,#11300,#11306));
#11308=FACE_OUTER_BOUND('',#11307,.T.);
#11309=ADVANCED_FACE('',(#11308),#11247,.T.);
#11310=CARTESIAN_POINT('',(14.930180315791,0.86286694103744,-19.347254021229));
#11311=DIRECTION('',(-0.70710678118653,-2.5121479338873E-14,0.70710678118656));
#11312=DIRECTION('',(-0.70710678118656,9.2111571440178E-15,-0.70710678118654));
#11313=AXIS2_PLACEMENT_3D('',#11310,#11312,#11311);
#11314=PLANE('',#11313);
#11315=CARTESIAN_POINT('',(15.030180280011,15.862951534524,-19.447254021229));
#11316=VERTEX_POINT('',#11315);
#11317=CARTESIAN_POINT('',(15.030180280011,15.862951534524,-19.447254021229));
#11318=DIRECTION('',(1.192663283873E-09,-1.,0.));
#11319=VECTOR('',#11318,30.000084593487);
#11320=LINE('',#11317,#11319);
#11321=EDGE_CURVE('',#11316,#11045,#11320,.T.);
#11322=ORIENTED_EDGE('',*,*,#11321,.T.);
#11323=ORIENTED_EDGE('',*,*,#11066,.F.);
#11324=ORIENTED_EDGE('',*,*,#11033,.F.);
#11325=CARTESIAN_POINT('',(14.830180315791,10.362866941037,-19.247254023974));
#11326=VERTEX_POINT('',#11325);
#11327=CARTESIAN_POINT('',(14.830180315791,-8.6371330589626,-19.247254023973));
#11328=DIRECTION('',(0.,1.,-5.2729750390619E-14));
#11329=VECTOR('',#11328,19.);
#11330=LINE('',#11327,#11329);
#11331=EDGE_CURVE('',#11022,#11326,#11330,.T.);
#11332=ORIENTED_EDGE('',*,*,#11331,.T.);
#11333=CARTESIAN_POINT('',(14.830180315791,15.862866941037,-19.247254026721));
#11334=VERTEX_POINT('',#11333);
#11335=CARTESIAN_POINT('',(14.830180315791,10.362866941037,-19.247254023974));
#11336=DIRECTION('',(0.,1.,-4.9945405387255E-10));
#11337=VECTOR('',#11336,5.5);
#11338=LINE('',#11335,#11337);
#11339=EDGE_CURVE('',#11326,#11334,#11338,.T.);
#11340=ORIENTED_EDGE('',*,*,#11339,.T.);
#11341=CARTESIAN_POINT('',(14.830180315791,15.862866941037,-19.247254026721));
#11342=DIRECTION('',(0.7071066960188,0.00029908315899617,-0.70710680310306));
#11343=VECTOR('',#11342,0.28284269594115);
#11344=LINE('',#11341,#11343);
#11345=EDGE_CURVE('',#11334,#11316,#11344,.T.);
#11346=ORIENTED_EDGE('',*,*,#11345,.T.);
#11347=EDGE_LOOP('',(#11322,#11323,#11324,#11332,#11340,#11346));
#11348=FACE_OUTER_BOUND('',#11347,.T.);
#11349=ADVANCED_FACE('',(#11348),#11314,.T.);
#11350=CARTESIAN_POINT('',(-2.1698196842093,0.86286694103743,-19.447254021229));
#11351=DIRECTION('',(0.,1.,-2.1283503357683E-15));
#11352=DIRECTION('',(-2.0655227449829E-15,2.1283503357683E-15,1.));
#11353=AXIS2_PLACEMENT_3D('',#11350,#11352,#11351);
#11354=PLANE('',#11353);
#11355=CARTESIAN_POINT('',(-13.869844787653,20.362695567986,-19.447254021229));
#11356=VERTEX_POINT('',#11355);
#11357=CARTESIAN_POINT('',(-13.869819730753,19.862695572861,-19.447254021229));
#11358=VERTEX_POINT('',#11357);
#11359=CARTESIAN_POINT('',(-13.869844787653,20.362695567986,-19.447254021229));
#11360=DIRECTION('',(5.01138004261E-05,-0.9999999987443,0.));
#11361=VECTOR('',#11360,0.49999999575285);
#11362=LINE('',#11359,#11361);
#11363=EDGE_CURVE('',#11356,#11358,#11362,.T.);
#11364=ORIENTED_EDGE('',*,*,#11363,.T.);
#11365=CARTESIAN_POINT('',(-15.669991052507,18.062232672385,-19.447254021229));
#11366=VERTEX_POINT('',#11365);
#11367=CARTESIAN_POINT('',(-15.669819684209,19.862866941037,-19.447254021229));
#11368=DIRECTION('',(0.99999999546805,-9.5204544251457E-05,-1.9737298636473E-15));
#11369=DIRECTION('',(-3.9817722444442E-15,7.9303659460249E-15,-1.));
#11370=AXIS2_PLACEMENT_3D('',#11367,#11369,#11368);
#11371=CIRCLE('',#11370,1.7999999616135);
#11372=EDGE_CURVE('',#11358,#11366,#11371,.T.);
#11373=ORIENTED_EDGE('',*,*,#11372,.T.);
#11374=CARTESIAN_POINT('',(-17.169989980032,18.062866880379,-19.447254021229));
#11375=VERTEX_POINT('',#11374);
#11376=CARTESIAN_POINT('',(-15.669991052507,18.062232672385,-19.447254021229));
#11377=DIRECTION('',(-0.99999991061771,0.00042280559384131,0.));
#11378=VECTOR('',#11377,1.4999990615984);
#11379=LINE('',#11376,#11378);
#11380=EDGE_CURVE('',#11366,#11375,#11379,.T.);
#11381=ORIENTED_EDGE('',*,*,#11380,.T.);
#11382=CARTESIAN_POINT('',(-19.369819622167,15.862696645199,-19.447254021229));
#11383=VERTEX_POINT('',#11382);
#11384=CARTESIAN_POINT('',(-17.169819684209,15.862866941037,-19.447254021229));
#11385=DIRECTION('',(-7.7407194176939E-05,0.99999999700406,1.6148698936871E-15));
#11386=DIRECTION('',(7.6125153109083E-16,-1.8374214716542E-15,1.));
#11387=AXIS2_PLACEMENT_3D('',#11384,#11386,#11385);
#11388=CIRCLE('',#11387,2.1999999459331);
#11389=EDGE_CURVE('',#11375,#11383,#11388,.T.);
#11390=ORIENTED_EDGE('',*,*,#11389,.T.);
#11391=CARTESIAN_POINT('',(-19.369819586387,-14.137303354821,-19.447254021229));
#11392=VERTEX_POINT('',#11391);
#11393=CARTESIAN_POINT('',(-19.369819622167,15.862696645199,-19.447254021229));
#11394=DIRECTION('',(1.1926667061357E-09,-1.,0.));
#11395=VECTOR('',#11394,30.00000000002);
#11396=LINE('',#11393,#11395);
#11397=EDGE_CURVE('',#11383,#11392,#11396,.T.);
#11398=ORIENTED_EDGE('',*,*,#11397,.T.);
#11399=CARTESIAN_POINT('',(-17.169649388331,-16.337767569753,-19.447254021229));
#11400=VERTEX_POINT('',#11399);
#11401=CARTESIAN_POINT('',(-17.169819684209,-14.137133058963,-19.447254021229));
#11402=DIRECTION('',(-0.99999999700406,-7.7407211388604E-05,0.));
#11403=DIRECTION('',(-1.4618772069626E-15,-1.4621035115352E-15,1.));
#11404=AXIS2_PLACEMENT_3D('',#11401,#11403,#11402);
#11405=CIRCLE('',#11404,2.1999999087691);
#11406=EDGE_CURVE('',#11392,#11400,#11405,.T.);
#11407=ORIENTED_EDGE('',*,*,#11406,.T.);
#11408=CARTESIAN_POINT('',(-15.669650462188,-16.337133026645,-19.447254021229));
#11409=VERTEX_POINT('',#11408);
#11410=CARTESIAN_POINT('',(-17.169649388331,-16.337767569753,-19.447254021229));
#11411=DIRECTION('',(0.99999991052323,0.00042302900366574,0.));
#11412=VECTOR('',#11411,1.4999990603581);
#11413=LINE('',#11410,#11412);
#11414=EDGE_CURVE('',#11400,#11409,#11413,.T.);
#11415=ORIENTED_EDGE('',*,*,#11414,.T.);
#11416=CARTESIAN_POINT('',(-13.869794638911,-18.137133283668,-19.447254021229));
#11417=VERTEX_POINT('',#11416);
#11418=CARTESIAN_POINT('',(-15.669819684209,-18.137133058963,-19.447254021229));
#11419=DIRECTION('',(9.4012231784698E-05,0.99999999558085,1.9737297773964E-15));
#11420=DIRECTION('',(2.3828847878205E-15,2.3826604805949E-15,-1.));
#11421=AXIS2_PLACEMENT_3D('',#11418,#11420,#11419);
#11422=CIRCLE('',#11421,1.8000000402725);
#11423=EDGE_CURVE('',#11409,#11417,#11422,.T.);
#11424=ORIENTED_EDGE('',*,*,#11423,.T.);
#11425=CARTESIAN_POINT('',(-13.869819680654,-18.637133168807,-19.447254021229));
#11426=VERTEX_POINT('',#11425);
#11427=CARTESIAN_POINT('',(-13.869794638911,-18.137133283668,-19.447254021229));
#11428=DIRECTION('',(-5.0083497444462E-05,-0.99999999874582,0.));
#11429=VECTOR('',#11428,0.49999988576609);
#11430=LINE('',#11427,#11429);
#11431=EDGE_CURVE('',#11417,#11426,#11430,.T.);
#11432=ORIENTED_EDGE('',*,*,#11431,.T.);
#11433=CARTESIAN_POINT('',(-11.669819684209,-20.837133058963,-19.447254021229));
#11434=VERTEX_POINT('',#11433);
#11435=CARTESIAN_POINT('',(-11.669819684209,-18.637133058963,-19.447254021229));
#11436=DIRECTION('',(-1.,-4.9929090437801E-08,1.6148698566097E-15));
#11437=DIRECTION('',(1.6148699372387E-15,-1.6148698566097E-15,1.));
#11438=AXIS2_PLACEMENT_3D('',#11435,#11437,#11436);
#11439=CIRCLE('',#11438,2.199999996445);
#11440=EDGE_CURVE('',#11426,#11434,#11439,.T.);
#11441=ORIENTED_EDGE('',*,*,#11440,.T.);
#11442=CARTESIAN_POINT('',(7.3301803157907,-20.837133058963,-19.447254021229));
#11443=VERTEX_POINT('',#11442);
#11444=CARTESIAN_POINT('',(-11.669819684209,-20.837133058963,-19.447254021229));
#11445=DIRECTION('',(1.,0.,0.));
#11446=VECTOR('',#11445,19.);
#11447=LINE('',#11444,#11446);
#11448=EDGE_CURVE('',#11434,#11443,#11447,.T.);
#11449=ORIENTED_EDGE('',*,*,#11448,.T.);
#11450=CARTESIAN_POINT('',(9.5302053363447,-18.637113164211,-19.447254021229));
#11451=VERTEX_POINT('',#11450);
#11452=CARTESIAN_POINT('',(7.3301803157907,-18.637133058963,-19.447254021229));
#11453=DIRECTION('',(-8.0743492700012E-16,-1.,-1.6148698540002E-15));
#11454=DIRECTION('',(4.9134221527694E-15,-8.350738032887E-16,1.));
#11455=AXIS2_PLACEMENT_3D('',#11452,#11454,#11453);
#11456=CIRCLE('',#11455,2.2);
#11457=EDGE_CURVE('',#11443,#11451,#11456,.T.);
#11458=ORIENTED_EDGE('',*,*,#11457,.T.);
#11459=CARTESIAN_POINT('',(9.5301802755387,-18.137113041727,-19.447254021229));
#11460=VERTEX_POINT('',#11459);
#11461=CARTESIAN_POINT('',(9.5302053363447,-18.637113164211,-19.447254021229));
#11462=DIRECTION('',(-5.0121599657432E-05,0.99999999874391,0.));
#11463=VECTOR('',#11462,0.50000012311204);
#11464=LINE('',#11461,#11463);
#11465=EDGE_CURVE('',#11451,#11460,#11464,.T.);
#11466=ORIENTED_EDGE('',*,*,#11465,.T.);
#11467=CARTESIAN_POINT('',(11.330180315791,-18.137133058963,-19.447254021229));
#11468=DIRECTION('',(-0.99999999993817,1.1120686417468E-05,1.9737297772965E-15));
#11469=DIRECTION('',(-2.3829023517847E-15,2.382705650281E-15,-1.));
#11470=AXIS2_PLACEMENT_3D('',#11467,#11469,#11468);
#11471=CIRCLE('',#11470,1.8000000403636);
#11472=EDGE_CURVE('',#11460,#11077,#11471,.T.);
#11473=ORIENTED_EDGE('',*,*,#11472,.T.);
#11474=ORIENTED_EDGE('',*,*,#11082,.F.);
#11475=ORIENTED_EDGE('',*,*,#11053,.F.);
#11476=ORIENTED_EDGE('',*,*,#11321,.F.);
#11477=CARTESIAN_POINT('',(12.830010574365,18.063501451827,-19.447254021229));
#11478=VERTEX_POINT('',#11477);
#11479=CARTESIAN_POINT('',(12.830180315791,15.862866941037,-19.447254021229));
#11480=DIRECTION('',(0.99999999926074,3.8451585597424E-05,1.6148698790701E-15));
#11481=DIRECTION('',(-1.2249029477913E-15,-5.0744047294136E-16,1.));
#11482=AXIS2_PLACEMENT_3D('',#11479,#11481,#11480);
#11483=CIRCLE('',#11482,2.1999999658464);
#11484=EDGE_CURVE('',#11316,#11478,#11483,.T.);
#11485=ORIENTED_EDGE('',*,*,#11484,.T.);
#11486=CARTESIAN_POINT('',(11.33001109377,18.062866908663,-19.447254021229));
#11487=VERTEX_POINT('',#11486);
#11488=CARTESIAN_POINT('',(12.830010574365,18.063501451827,-19.447254021229));
#11489=DIRECTION('',(-0.99999991052328,-0.00042302888463144,0.));
#11490=VECTOR('',#11489,1.49999961481);
#11491=LINE('',#11488,#11490);
#11492=EDGE_CURVE('',#11478,#11487,#11491,.T.);
#11493=ORIENTED_EDGE('',*,*,#11492,.T.);
#11494=CARTESIAN_POINT('',(9.5301552735457,19.862846925236,-19.447254021229));
#11495=VERTEX_POINT('',#11494);
#11496=CARTESIAN_POINT('',(11.330180315791,19.862866941037,-19.447254021229));
#11497=DIRECTION('',(-9.401223178276E-05,-0.99999999558085,1.973729777335E-15));
#11498=DIRECTION('',(-1.1914518689326E-15,-1.191353110605E-15,-1.));
#11499=AXIS2_PLACEMENT_3D('',#11496,#11498,#11497);
#11500=CIRCLE('',#11499,1.8000000403285);
#11501=EDGE_CURVE('',#11487,#11495,#11500,.T.);
#11502=ORIENTED_EDGE('',*,*,#11501,.T.);
#11503=CARTESIAN_POINT('',(9.5301803152887,20.36285692454,-19.447254021229));
#11504=VERTEX_POINT('',#11503);
#11505=CARTESIAN_POINT('',(9.5301552735457,19.862846925236,-19.447254021229));
#11506=DIRECTION('',(5.0082484355659E-05,0.99999999874587,0.));
#11507=VECTOR('',#11506,0.50000999993108);
#11508=LINE('',#11505,#11507);
#11509=EDGE_CURVE('',#11495,#11504,#11508,.T.);
#11510=ORIENTED_EDGE('',*,*,#11509,.T.);
#11511=CARTESIAN_POINT('',(7.3300946293074,22.562866879494,-19.447254021229));
#11512=VERTEX_POINT('',#11511);
#11513=CARTESIAN_POINT('',(7.3301803157907,20.362866941037,-19.447254021229));
#11514=DIRECTION('',(0.99999999998964,-4.5529531831371E-06,3.2297397087039E-15));
#11515=DIRECTION('',(-4.0646855414709E-15,2.8837557553641E-15,1.));
#11516=AXIS2_PLACEMENT_3D('',#11513,#11515,#11514);
#11517=CIRCLE('',#11516,2.1999999995208);
#11518=EDGE_CURVE('',#11504,#11512,#11517,.T.);
#11519=ORIENTED_EDGE('',*,*,#11518,.T.);
#11520=CARTESIAN_POINT('',(-11.669991057222,22.562866879018,-19.447254021229));
#11521=VERTEX_POINT('',#11520);
#11522=CARTESIAN_POINT('',(7.3300946293074,22.562866879494,-19.447254021229));
#11523=DIRECTION('',(-1.,-2.5052501971111E-11,0.));
#11524=VECTOR('',#11523,19.000085686529);
#11525=LINE('',#11522,#11524);
#11526=EDGE_CURVE('',#11512,#11521,#11525,.T.);
#11527=ORIENTED_EDGE('',*,*,#11526,.T.);
#11528=CARTESIAN_POINT('',(-11.669819684209,20.362866941037,-19.447254021229));
#11529=DIRECTION('',(-7.7896826049697E-05,0.99999999696604,1.6148698946247E-15));
#11530=DIRECTION('',(9.7473612084904E-16,-9.7458427582835E-16,1.));
#11531=AXIS2_PLACEMENT_3D('',#11528,#11530,#11529);
#11532=CIRCLE('',#11531,2.1999999446557);
#11533=EDGE_CURVE('',#11521,#11356,#11532,.T.);
#11534=ORIENTED_EDGE('',*,*,#11533,.T.);
#11535=EDGE_LOOP('',(#11364,#11373,#11381,#11390,#11398,#11407,#11415,#11424,#11432,#11441,#11449,#11458,#11466,#11473,#11474,#11475,#11476,#11485,#11493,#11502,#11510,#11519,#11527,#11534));
#11536=FACE_OUTER_BOUND('',#11535,.T.);
#11537=CARTESIAN_POINT('',(-15.669819684209,12.362866941037,-19.447254021229));
#11538=VERTEX_POINT('',#11537);
#11539=CARTESIAN_POINT('',(-13.669819684209,14.362866941037,-19.447254021229));
#11540=VERTEX_POINT('',#11539);
#11541=CARTESIAN_POINT('',(-15.669819684209,14.362866941037,-19.447254021229));
#11542=DIRECTION('',(8.8817841970013E-16,-1.,-1.7763568394003E-15));
#11543=DIRECTION('',(2.6803154833089E-15,-2.6803154833089E-15,1.));
#11544=AXIS2_PLACEMENT_3D('',#11541,#11543,#11542);
#11545=CIRCLE('',#11544,2.);
#11546=EDGE_CURVE('',#11538,#11540,#11545,.T.);
#11547=ORIENTED_EDGE('',*,*,#11546,.T.);
#11548=CARTESIAN_POINT('',(-13.669819684209,20.362866941037,-19.447254021229));
#11549=VERTEX_POINT('',#11548);
#11550=CARTESIAN_POINT('',(-13.669819684209,14.362866941037,-19.447254021229));
#11551=DIRECTION('',(0.,1.,0.));
#11552=VECTOR('',#11551,6.);
#11553=LINE('',#11550,#11552);
#11554=EDGE_CURVE('',#11540,#11549,#11553,.T.);
#11555=ORIENTED_EDGE('',*,*,#11554,.T.);
#11556=CARTESIAN_POINT('',(-11.669819684209,22.362866941037,-19.447254021229));
#11557=VERTEX_POINT('',#11556);
#11558=CARTESIAN_POINT('',(-11.669819684209,20.362866941037,-19.447254021229));
#11559=DIRECTION('',(-1.,1.7763568394003E-15,-1.7763568394003E-15));
#11560=DIRECTION('',(1.0721261933236E-15,-1.0721261933236E-15,-1.));
#11561=AXIS2_PLACEMENT_3D('',#11558,#11560,#11559);
#11562=CIRCLE('',#11561,2.);
#11563=EDGE_CURVE('',#11549,#11557,#11562,.T.);
#11564=ORIENTED_EDGE('',*,*,#11563,.T.);
#11565=CARTESIAN_POINT('',(7.3301803157907,22.362866941037,-19.447254021229));
#11566=VERTEX_POINT('',#11565);
#11567=CARTESIAN_POINT('',(-11.669819684209,22.362866941037,-19.447254021229));
#11568=DIRECTION('',(1.,0.,0.));
#11569=VECTOR('',#11568,19.);
#11570=LINE('',#11567,#11569);
#11571=EDGE_CURVE('',#11557,#11566,#11570,.T.);
#11572=ORIENTED_EDGE('',*,*,#11571,.T.);
#11573=CARTESIAN_POINT('',(9.3301803157907,20.362866941037,-19.447254021229));
#11574=VERTEX_POINT('',#11573);
#11575=CARTESIAN_POINT('',(7.3301803157907,20.362866941037,-19.447254021229));
#11576=DIRECTION('',(-1.7763568394003E-15,1.,0.));
#11577=DIRECTION('',(-1.6081892899854E-15,-1.6081892899854E-15,-1.));
#11578=AXIS2_PLACEMENT_3D('',#11575,#11577,#11576);
#11579=CIRCLE('',#11578,2.);
#11580=EDGE_CURVE('',#11566,#11574,#11579,.T.);
#11581=ORIENTED_EDGE('',*,*,#11580,.T.);
#11582=CARTESIAN_POINT('',(9.3301803157907,14.362866941037,-19.447254021229));
#11583=VERTEX_POINT('',#11582);
#11584=CARTESIAN_POINT('',(9.3301803157907,20.362866941037,-19.447254021229));
#11585=DIRECTION('',(0.,-1.,0.));
#11586=VECTOR('',#11585,6.);
#11587=LINE('',#11584,#11586);
#11588=EDGE_CURVE('',#11574,#11583,#11587,.T.);
#11589=ORIENTED_EDGE('',*,*,#11588,.T.);
#11590=CARTESIAN_POINT('',(11.330180315791,12.362866941037,-19.447254021229));
#11591=VERTEX_POINT('',#11590);
#11592=CARTESIAN_POINT('',(11.330180315791,14.362866941037,-19.447254021229));
#11593=DIRECTION('',(-1.,1.7763568394E-15,1.7763568394E-15));
#11594=DIRECTION('',(2.1442523866468E-15,2.1442523866468E-15,1.));
#11595=AXIS2_PLACEMENT_3D('',#11592,#11594,#11593);
#11596=CIRCLE('',#11595,2.0000000000003);
#11597=EDGE_CURVE('',#11583,#11591,#11596,.T.);
#11598=ORIENTED_EDGE('',*,*,#11597,.T.);
#11599=CARTESIAN_POINT('',(12.830180315791,12.362866941037,-19.447254021229));
#11600=VERTEX_POINT('',#11599);
#11601=CARTESIAN_POINT('',(11.330180315791,12.362866941037,-19.447254021229));
#11602=DIRECTION('',(1.,0.,0.));
#11603=VECTOR('',#11602,1.5);
#11604=LINE('',#11601,#11603);
#11605=EDGE_CURVE('',#11591,#11600,#11604,.T.);
#11606=ORIENTED_EDGE('',*,*,#11605,.T.);
#11607=CARTESIAN_POINT('',(14.830180315791,10.362866941037,-19.447254021229));
#11608=VERTEX_POINT('',#11607);
#11609=CARTESIAN_POINT('',(12.830180315791,10.362866941037,-19.447254021229));
#11610=DIRECTION('',(1.7763568394003E-15,1.,1.7763568394003E-15));
#11611=DIRECTION('',(1.6081892899854E-15,1.6081892899854E-15,-1.));
#11612=AXIS2_PLACEMENT_3D('',#11609,#11611,#11610);
#11613=CIRCLE('',#11612,2.);
#11614=EDGE_CURVE('',#11600,#11608,#11613,.T.);
#11615=ORIENTED_EDGE('',*,*,#11614,.T.);
#11616=CARTESIAN_POINT('',(14.830180315791,10.362866941037,-19.447254021229));
#11617=DIRECTION('',(0.,-1.,0.));
#11618=VECTOR('',#11617,19.);
#11619=LINE('',#11616,#11618);
#11620=EDGE_CURVE('',#11608,#11251,#11619,.T.);
#11621=ORIENTED_EDGE('',*,*,#11620,.T.);
#11622=ORIENTED_EDGE('',*,*,#11257,.F.);
#11623=CARTESIAN_POINT('',(11.330180315791,-10.637133058963,-19.447254021229));
#11624=VERTEX_POINT('',#11623);
#11625=CARTESIAN_POINT('',(12.830180315791,-10.637133058963,-19.447254021229));
#11626=DIRECTION('',(-1.,0.,0.));
#11627=VECTOR('',#11626,1.5);
#11628=LINE('',#11625,#11627);
#11629=EDGE_CURVE('',#11249,#11624,#11628,.T.);
#11630=ORIENTED_EDGE('',*,*,#11629,.T.);
#11631=CARTESIAN_POINT('',(9.3301803157907,-12.637133058963,-19.447254021229));
#11632=VERTEX_POINT('',#11631);
#11633=CARTESIAN_POINT('',(11.330180315791,-12.637133058963,-19.447254021229));
#11634=DIRECTION('',(0.,1.,0.));
#11635=DIRECTION('',(-1.6081892899854E-15,1.6081892899854E-15,1.));
#11636=AXIS2_PLACEMENT_3D('',#11633,#11635,#11634);
#11637=CIRCLE('',#11636,2.);
#11638=EDGE_CURVE('',#11624,#11632,#11637,.T.);
#11639=ORIENTED_EDGE('',*,*,#11638,.T.);
#11640=CARTESIAN_POINT('',(9.3301803157907,-18.637133058963,-19.447254021229));
#11641=VERTEX_POINT('',#11640);
#11642=CARTESIAN_POINT('',(9.3301803157907,-12.637133058963,-19.447254021229));
#11643=DIRECTION('',(0.,-1.,0.));
#11644=VECTOR('',#11643,6.);
#11645=LINE('',#11642,#11644);
#11646=EDGE_CURVE('',#11632,#11641,#11645,.T.);
#11647=ORIENTED_EDGE('',*,*,#11646,.T.);
#11648=CARTESIAN_POINT('',(7.3301803157907,-20.637133058963,-19.447254021229));
#11649=VERTEX_POINT('',#11648);
#11650=CARTESIAN_POINT('',(7.3301803157907,-18.637133058963,-19.447254021229));
#11651=DIRECTION('',(1.,0.,-1.7763568394003E-15));
#11652=DIRECTION('',(-2.6803154833089E-15,2.6803154833089E-15,-1.));
#11653=AXIS2_PLACEMENT_3D('',#11650,#11652,#11651);
#11654=CIRCLE('',#11653,2.);
#11655=EDGE_CURVE('',#11641,#11649,#11654,.T.);
#11656=ORIENTED_EDGE('',*,*,#11655,.T.);
#11657=CARTESIAN_POINT('',(-11.669819684209,-20.637133058963,-19.447254021229));
#11658=VERTEX_POINT('',#11657);
#11659=CARTESIAN_POINT('',(7.3301803157907,-20.637133058963,-19.447254021229));
#11660=DIRECTION('',(-1.,0.,0.));
#11661=VECTOR('',#11660,19.);
#11662=LINE('',#11659,#11661);
#11663=EDGE_CURVE('',#11649,#11658,#11662,.T.);
#11664=ORIENTED_EDGE('',*,*,#11663,.T.);
#11665=CARTESIAN_POINT('',(-13.669819684209,-18.637133058963,-19.447254021229));
#11666=VERTEX_POINT('',#11665);
#11667=CARTESIAN_POINT('',(-11.669819684209,-18.637133058963,-19.447254021229));
#11668=DIRECTION('',(8.8817841970013E-16,-1.,-1.7763568394003E-15));
#11669=DIRECTION('',(2.1442523866471E-15,2.1442523866471E-15,-1.));
#11670=AXIS2_PLACEMENT_3D('',#11667,#11669,#11668);
#11671=CIRCLE('',#11670,2.);
#11672=EDGE_CURVE('',#11658,#11666,#11671,.T.);
#11673=ORIENTED_EDGE('',*,*,#11672,.T.);
#11674=CARTESIAN_POINT('',(-13.669819684209,-12.637133058963,-19.447254021229));
#11675=VERTEX_POINT('',#11674);
#11676=CARTESIAN_POINT('',(-13.669819684209,-18.637133058963,-19.447254021229));
#11677=DIRECTION('',(0.,1.,0.));
#11678=VECTOR('',#11677,6.);
#11679=LINE('',#11676,#11678);
#11680=EDGE_CURVE('',#11666,#11675,#11679,.T.);
#11681=ORIENTED_EDGE('',*,*,#11680,.T.);
#11682=CARTESIAN_POINT('',(-15.669819684209,-10.637133058963,-19.447254021229));
#11683=VERTEX_POINT('',#11682);
#11684=CARTESIAN_POINT('',(-15.669819684209,-12.637133058963,-19.447254021229));
#11685=DIRECTION('',(1.,8.8817841970012E-16,-1.7763568394002E-15));
#11686=DIRECTION('',(2.6803154833089E-15,2.6803154833089E-15,1.));
#11687=AXIS2_PLACEMENT_3D('',#11684,#11686,#11685);
#11688=CIRCLE('',#11687,2.);
#11689=EDGE_CURVE('',#11675,#11683,#11688,.T.);
#11690=ORIENTED_EDGE('',*,*,#11689,.T.);
#11691=CARTESIAN_POINT('',(-17.169819684209,-10.637133058963,-19.447254021229));
#11692=VERTEX_POINT('',#11691);
#11693=CARTESIAN_POINT('',(-15.669819684209,-10.637133058963,-19.447254021229));
#11694=DIRECTION('',(-1.,0.,0.));
#11695=VECTOR('',#11694,1.5);
#11696=LINE('',#11693,#11695);
#11697=EDGE_CURVE('',#11683,#11692,#11696,.T.);
#11698=ORIENTED_EDGE('',*,*,#11697,.T.);
#11699=CARTESIAN_POINT('',(-19.169819684209,-8.6371330589626,-19.447254021229));
#11700=VERTEX_POINT('',#11699);
#11701=CARTESIAN_POINT('',(-17.169819684209,-8.6371330589626,-19.447254021229));
#11702=DIRECTION('',(0.,-1.,-1.7763568393999E-15));
#11703=DIRECTION('',(2.6803154833084E-15,2.6803154833084E-15,-1.));
#11704=AXIS2_PLACEMENT_3D('',#11701,#11703,#11702);
#11705=CIRCLE('',#11704,2.0000000000004);
#11706=EDGE_CURVE('',#11692,#11700,#11705,.T.);
#11707=ORIENTED_EDGE('',*,*,#11706,.T.);
#11708=CARTESIAN_POINT('',(-19.169819684209,10.362866941037,-19.447254021229));
#11709=VERTEX_POINT('',#11708);
#11710=CARTESIAN_POINT('',(-19.169819684209,-8.6371330589626,-19.447254021229));
#11711=DIRECTION('',(0.,1.,0.));
#11712=VECTOR('',#11711,19.);
#11713=LINE('',#11710,#11712);
#11714=EDGE_CURVE('',#11700,#11709,#11713,.T.);
#11715=ORIENTED_EDGE('',*,*,#11714,.T.);
#11716=CARTESIAN_POINT('',(-17.169819684209,12.362866941037,-19.447254021229));
#11717=VERTEX_POINT('',#11716);
#11718=CARTESIAN_POINT('',(-17.169819684209,10.362866941037,-19.447254021229));
#11719=DIRECTION('',(-1.,8.8817841970013E-16,0.));
#11720=DIRECTION('',(1.6081892899854E-15,-1.6081892899854E-15,-1.));
#11721=AXIS2_PLACEMENT_3D('',#11718,#11720,#11719);
#11722=CIRCLE('',#11721,2.);
#11723=EDGE_CURVE('',#11709,#11717,#11722,.T.);
#11724=ORIENTED_EDGE('',*,*,#11723,.T.);
#11725=CARTESIAN_POINT('',(-17.169819684209,12.362866941037,-19.447254021229));
#11726=DIRECTION('',(1.,0.,0.));
#11727=VECTOR('',#11726,1.5);
#11728=LINE('',#11725,#11727);
#11729=EDGE_CURVE('',#11717,#11538,#11728,.T.);
#11730=ORIENTED_EDGE('',*,*,#11729,.T.);
#11731=EDGE_LOOP('',(#11547,#11555,#11564,#11572,#11581,#11589,#11598,#11606,#11615,#11621,#11622,#11630,#11639,#11647,#11656,#11664,#11673,#11681,#11690,#11698,#11707,#11715,#11724,#11730));
#11732=FACE_BOUND('',#11731,.T.);
#11733=ADVANCED_FACE('',(#11536,#11732),#11354,.T.);
#11734=CARTESIAN_POINT('',(11.330180315791,-18.137133058963,-21.247253483841));
#11735=DIRECTION('',(0.70709952300992,-0.70711403928868,1.7067645866244E-16));
#11736=DIRECTION('',(2.4136553009867E-16,4.8273106019733E-16,1.));
#11737=AXIS2_PLACEMENT_3D('',#11734,#11736,#11735);
#11738=CONICAL_SURFACE('',#11737,0.,0.78539829774443);
#11739=ORIENTED_EDGE('',*,*,#11472,.F.);
#11740=CARTESIAN_POINT('',(9.5301802755387,-18.137113041727,-19.447254021229));
#11741=DIRECTION('',(-0.70710671976773,-7.0771624665928E-05,0.70710683906373));
#11742=VECTOR('',#11741,0.28284268011722);
#11743=LINE('',#11740,#11742);
#11744=EDGE_CURVE('',#11460,#11103,#11743,.T.);
#11745=ORIENTED_EDGE('',*,*,#11744,.T.);
#11746=ORIENTED_EDGE('',*,*,#11108,.F.);
#11747=ORIENTED_EDGE('',*,*,#11088,.F.);
#11748=EDGE_LOOP('',(#11739,#11745,#11746,#11747));
#11749=FACE_OUTER_BOUND('',#11748,.T.);
#11750=ADVANCED_FACE('',(#11749),#11738,.T.);
#11751=CARTESIAN_POINT('',(9.3301803157907,-15.637133058963,-13.597254021229));
#11752=DIRECTION('',(0.,-1.,0.));
#11753=DIRECTION('',(1.,0.,0.));
#11754=AXIS2_PLACEMENT_3D('',#11751,#11753,#11752);
#11755=PLANE('',#11754);
#11756=ORIENTED_EDGE('',*,*,#11646,.F.);
#11757=CARTESIAN_POINT('',(9.3301803157908,-12.637133058965,-17.007254021229));
#11758=VERTEX_POINT('',#11757);
#11759=CARTESIAN_POINT('',(9.3301803157907,-12.637133058963,-19.447254021229));
#11760=DIRECTION('',(4.0768845494432E-14,-8.1974500047733E-13,1.));
#11761=VECTOR('',#11760,2.44);
#11762=LINE('',#11759,#11761);
#11763=EDGE_CURVE('',#11632,#11758,#11762,.T.);
#11764=ORIENTED_EDGE('',*,*,#11763,.T.);
#11765=CARTESIAN_POINT('',(9.3301803157908,-15.187133058963,-17.007254021229));
#11766=VERTEX_POINT('',#11765);
#11767=CARTESIAN_POINT('',(9.3301803157908,-12.637133058965,-17.007254021229));
#11768=DIRECTION('',(0.,-1.,0.));
#11769=VECTOR('',#11768,2.549999999998);
#11770=LINE('',#11767,#11769);
#11771=EDGE_CURVE('',#11758,#11766,#11770,.T.);
#11772=ORIENTED_EDGE('',*,*,#11771,.T.);
#11773=CARTESIAN_POINT('',(9.3301803157908,-15.187133058963,-15.347254021229));
#11774=VERTEX_POINT('',#11773);
#11775=CARTESIAN_POINT('',(9.3301803157908,-15.187133058963,-17.007254021229));
#11776=DIRECTION('',(0.,0.,1.));
#11777=VECTOR('',#11776,1.66);
#11778=LINE('',#11775,#11777);
#11779=EDGE_CURVE('',#11766,#11774,#11778,.T.);
#11780=ORIENTED_EDGE('',*,*,#11779,.T.);
#11781=CARTESIAN_POINT('',(9.3301803157908,-12.637133058965,-15.347254021229));
#11782=VERTEX_POINT('',#11781);
#11783=CARTESIAN_POINT('',(9.3301803157908,-15.187133058963,-15.347254021229));
#11784=DIRECTION('',(0.,1.,0.));
#11785=VECTOR('',#11784,2.549999999998);
#11786=LINE('',#11783,#11785);
#11787=EDGE_CURVE('',#11774,#11782,#11786,.T.);
#11788=ORIENTED_EDGE('',*,*,#11787,.T.);
#11789=CARTESIAN_POINT('',(9.3301803157908,-12.637133058965,-15.347254021229));
#11790=DIRECTION('',(-3.3158661592141E-13,6.6672594558484E-12,1.));
#11791=VECTOR('',#11790,0.299999994662);
#11792=LINE('',#11789,#11791);
#11793=EDGE_CURVE('',#11782,#11136,#11792,.T.);
#11794=ORIENTED_EDGE('',*,*,#11793,.T.);
#11795=ORIENTED_EDGE('',*,*,#11141,.F.);
#11796=ORIENTED_EDGE('',*,*,#11116,.F.);
#11797=CARTESIAN_POINT('',(9.3301803157907,-18.637133058963,-19.247254051198));
#11798=VERTEX_POINT('',#11797);
#11799=CARTESIAN_POINT('',(9.3301803157907,-18.137133058963,-19.247254027739));
#11800=DIRECTION('',(0.,-1.,-4.691799659895E-08));
#11801=VECTOR('',#11800,0.5);
#11802=LINE('',#11799,#11801);
#11803=EDGE_CURVE('',#11103,#11798,#11802,.T.);
#11804=ORIENTED_EDGE('',*,*,#11803,.T.);
#11805=CARTESIAN_POINT('',(9.3301803157907,-18.637133058963,-19.247254051198));
#11806=DIRECTION('',(0.,0.,-1.));
#11807=VECTOR('',#11806,0.199999970031);
#11808=LINE('',#11805,#11807);
#11809=EDGE_CURVE('',#11798,#11641,#11808,.T.);
#11810=ORIENTED_EDGE('',*,*,#11809,.T.);
#11811=EDGE_LOOP('',(#11756,#11764,#11772,#11780,#11788,#11794,#11795,#11796,#11804,#11810));
#11812=FACE_OUTER_BOUND('',#11811,.T.);
#11813=ADVANCED_FACE('',(#11812),#11755,.T.);
#11814=CARTESIAN_POINT('',(11.330180315791,-12.637133058963,-15.047254026567));
#11815=DIRECTION('',(-1.,-1.3240043728047E-08,8.8817841970012E-16));
#11816=DIRECTION('',(0.,0.,-1.));
#11817=AXIS2_PLACEMENT_3D('',#11814,#11816,#11815);
#11818=CYLINDRICAL_SURFACE('',#11817,2.);
#11819=ORIENTED_EDGE('',*,*,#11165,.F.);
#11820=ORIENTED_EDGE('',*,*,#11793,.F.);
#11821=CARTESIAN_POINT('',(11.330180499053,-10.637133058963,-15.34725402123));
#11822=VERTEX_POINT('',#11821);
#11823=CARTESIAN_POINT('',(11.330180315791,-12.637133058963,-15.347254021229));
#11824=DIRECTION('',(-1.,-1.000977079002E-12,-5.3290705182007E-15));
#11825=DIRECTION('',(4.2721097604631E-15,-3.02563982678E-15,-1.));
#11826=AXIS2_PLACEMENT_3D('',#11823,#11825,#11824);
#11827=CIRCLE('',#11826,2.);
#11828=EDGE_CURVE('',#11782,#11822,#11827,.T.);
#11829=ORIENTED_EDGE('',*,*,#11828,.T.);
#11830=CARTESIAN_POINT('',(11.330180499053,-10.637133058963,-15.34725402123));
#11831=DIRECTION('',(-6.1087336300095E-07,0.,0.99999999999981));
#11832=VECTOR('',#11831,0.29999998437206);
#11833=LINE('',#11830,#11832);
#11834=EDGE_CURVE('',#11822,#11160,#11833,.T.);
#11835=ORIENTED_EDGE('',*,*,#11834,.T.);
#11836=EDGE_LOOP('',(#11819,#11820,#11829,#11835));
#11837=FACE_OUTER_BOUND('',#11836,.T.);
#11838=ADVANCED_FACE('',(#11837),#11818,.F.);
#11839=CARTESIAN_POINT('',(12.080180315791,-10.637133058963,-17.247254029043));
#11840=DIRECTION('',(-1.,0.,0.));
#11841=DIRECTION('',(-0.,-1.,-0.));
#11842=AXIS2_PLACEMENT_3D('',#11839,#11841,#11840);
#11843=PLANE('',#11842);
#11844=ORIENTED_EDGE('',*,*,#11189,.F.);
#11845=ORIENTED_EDGE('',*,*,#11834,.F.);
#11846=CARTESIAN_POINT('',(11.330180499053,-10.637133058963,-15.34725402123));
#11847=DIRECTION('',(1.,0.,6.6672600853622E-13));
#11848=VECTOR('',#11847,1.499999831682);
#11849=LINE('',#11846,#11848);
#11850=EDGE_CURVE('',#11822,#11268,#11849,.T.);
#11851=ORIENTED_EDGE('',*,*,#11850,.T.);
#11852=ORIENTED_EDGE('',*,*,#11273,.F.);
#11853=EDGE_LOOP('',(#11844,#11845,#11851,#11852));
#11854=FACE_OUTER_BOUND('',#11853,.T.);
#11855=ADVANCED_FACE('',(#11854),#11843,.T.);
#11856=CARTESIAN_POINT('',(11.708859972231,-13.065812715403,-16.207254021229));
#11857=DIRECTION('',(1.,-1.7763568394003E-15,0.));
#11858=DIRECTION('',(0.,0.,-1.));
#11859=AXIS2_PLACEMENT_3D('',#11856,#11858,#11857);
#11860=CYLINDRICAL_SURFACE('',#11859,1.);
#11861=ORIENTED_EDGE('',*,*,#11230,.F.);
#11862=CARTESIAN_POINT('',(12.708859972231,-13.065812715403,-16.907254021229));
#11863=VERTEX_POINT('',#11862);
#11864=CARTESIAN_POINT('',(12.708859972231,-13.065812715403,-16.207254021229));
#11865=DIRECTION('',(0.,0.,-1.));
#11866=VECTOR('',#11865,0.7);
#11867=LINE('',#11864,#11866);
#11868=EDGE_CURVE('',#11224,#11863,#11867,.T.);
#11869=ORIENTED_EDGE('',*,*,#11868,.T.);
#11870=CARTESIAN_POINT('',(11.708859972231,-13.065812715403,-16.907254021229));
#11871=DIRECTION('',(1.,6.280369834735E-16,-2.512147933894E-15));
#11872=DIRECTION('',(2.512147933894E-15,2.512147933894E-15,1.));
#11873=AXIS2_PLACEMENT_3D('',#11870,#11872,#11871);
#11874=CIRCLE('',#11873,1.);
#11875=EDGE_CURVE('',#11863,#11863,#11874,.T.);
#11876=ORIENTED_EDGE('',*,*,#11875,.T.);
#11877=ORIENTED_EDGE('',*,*,#11868,.F.);
#11878=EDGE_LOOP('',(#11861,#11869,#11876,#11877));
#11879=FACE_OUTER_BOUND('',#11878,.T.);
#11880=ADVANCED_FACE('',(#11879),#11860,.T.);
#11881=CARTESIAN_POINT('',(14.830180315791,0.86286694103744,-14.197254020772));
#11882=DIRECTION('',(0.,-1.,0.));
#11883=DIRECTION('',(1.,0.,0.));
#11884=AXIS2_PLACEMENT_3D('',#11881,#11883,#11882);
#11885=PLANE('',#11884);
#11886=ORIENTED_EDGE('',*,*,#11620,.F.);
#11887=CARTESIAN_POINT('',(14.830180315791,10.362866941037,-19.447254021229));
#11888=DIRECTION('',(0.,0.,1.));
#11889=VECTOR('',#11888,0.199999997255);
#11890=LINE('',#11887,#11889);
#11891=EDGE_CURVE('',#11608,#11326,#11890,.T.);
#11892=ORIENTED_EDGE('',*,*,#11891,.T.);
#11893=ORIENTED_EDGE('',*,*,#11331,.F.);
#11894=ORIENTED_EDGE('',*,*,#11263,.F.);
#11895=EDGE_LOOP('',(#11886,#11892,#11893,#11894));
#11896=FACE_OUTER_BOUND('',#11895,.T.);
#11897=ADVANCED_FACE('',(#11896),#11885,.T.);
#11898=CARTESIAN_POINT('',(11.580180239935,0.81286694103743,-15.347254021229));
#11899=DIRECTION('',(-2.2204460492503E-16,-1.,0.));
#11900=DIRECTION('',(-0.,0.,1.));
#11901=AXIS2_PLACEMENT_3D('',#11898,#11900,#11899);
#11902=PLANE('',#11901);
#11903=CARTESIAN_POINT('',(13.830180315791,-15.187133058963,-15.347254021229));
#11904=VERTEX_POINT('',#11903);
#11905=CARTESIAN_POINT('',(13.830180315791,-15.187133058963,-15.347254021229));
#11906=DIRECTION('',(0.,1.,0.));
#11907=VECTOR('',#11906,4.817949192422);
#11908=LINE('',#11905,#11907);
#11909=EDGE_CURVE('',#11904,#11276,#11908,.T.);
#11910=ORIENTED_EDGE('',*,*,#11909,.T.);
#11911=ORIENTED_EDGE('',*,*,#11282,.F.);
#11912=ORIENTED_EDGE('',*,*,#11850,.F.);
#11913=ORIENTED_EDGE('',*,*,#11828,.F.);
#11914=ORIENTED_EDGE('',*,*,#11787,.F.);
#11915=CARTESIAN_POINT('',(9.3301803157908,-15.187133058963,-15.347254021229));
#11916=DIRECTION('',(1.,0.,0.));
#11917=VECTOR('',#11916,4.5000000000002);
#11918=LINE('',#11915,#11917);
#11919=EDGE_CURVE('',#11774,#11904,#11918,.T.);
#11920=ORIENTED_EDGE('',*,*,#11919,.T.);
#11921=EDGE_LOOP('',(#11910,#11911,#11912,#11913,#11914,#11920));
#11922=FACE_OUTER_BOUND('',#11921,.T.);
#11923=CARTESIAN_POINT('',(11.213885225401,-14.126472887183,-15.347254021229));
#11924=VERTEX_POINT('',#11923);
#11925=CARTESIAN_POINT('',(10.648199800452,-13.560787462234,-15.347254021229));
#11926=VERTEX_POINT('',#11925);
#11927=CARTESIAN_POINT('',(11.213885225401,-14.126472887183,-15.347254021229));
#11928=DIRECTION('',(-0.70710678118655,0.70710678118655,0.));
#11929=VECTOR('',#11928,0.79999999999966);
#11930=LINE('',#11927,#11929);
#11931=EDGE_CURVE('',#11924,#11926,#11930,.T.);
#11932=ORIENTED_EDGE('',*,*,#11931,.T.);
#11933=CARTESIAN_POINT('',(12.203834719062,-12.005152543624,-15.347254021229));
#11934=VERTEX_POINT('',#11933);
#11935=CARTESIAN_POINT('',(11.426017259757,-12.782970002929,-15.347254021229));
#11936=DIRECTION('',(-0.70710678118655,-0.70710678118655,1.6148698540006E-15));
#11937=DIRECTION('',(1.3783776392491E-15,-2.2837708489952E-15,-1.));
#11938=AXIS2_PLACEMENT_3D('',#11935,#11937,#11936);
#11939=CIRCLE('',#11938,1.0999999999997);
#11940=EDGE_CURVE('',#11926,#11934,#11939,.T.);
#11941=ORIENTED_EDGE('',*,*,#11940,.T.);
#11942=CARTESIAN_POINT('',(12.769520144011,-12.570837968573,-15.347254021229));
#11943=VERTEX_POINT('',#11942);
#11944=CARTESIAN_POINT('',(12.203834719062,-12.005152543624,-15.347254021229));
#11945=DIRECTION('',(0.70710678118655,-0.70710678118655,0.));
#11946=VECTOR('',#11945,0.79999999999966);
#11947=LINE('',#11944,#11946);
#11948=EDGE_CURVE('',#11934,#11943,#11947,.T.);
#11949=ORIENTED_EDGE('',*,*,#11948,.T.);
#11950=CARTESIAN_POINT('',(11.991702684706,-13.348655427878,-15.347254021229));
#11951=DIRECTION('',(0.70710678118655,0.70710678118655,1.6148698540007E-15));
#11952=DIRECTION('',(-1.3783776392491E-15,2.2837708489952E-15,-1.));
#11953=AXIS2_PLACEMENT_3D('',#11950,#11952,#11951);
#11954=CIRCLE('',#11953,1.0999999999997);
#11955=EDGE_CURVE('',#11943,#11924,#11954,.T.);
#11956=ORIENTED_EDGE('',*,*,#11955,.T.);
#11957=EDGE_LOOP('',(#11932,#11941,#11949,#11956));
#11958=FACE_BOUND('',#11957,.T.);
#11959=ADVANCED_FACE('',(#11922,#11958),#11902,.T.);
#11960=CARTESIAN_POINT('',(13.830180315791,0.81286694103743,-16.177254021229));
#11961=DIRECTION('',(2.2204460492503E-16,1.,0.));
#11962=DIRECTION('',(1.,-2.2204460492503E-16,0.));
#11963=AXIS2_PLACEMENT_3D('',#11960,#11962,#11961);
#11964=PLANE('',#11963);
#11965=CARTESIAN_POINT('',(13.830180315791,-15.187133058963,-17.007254021229));
#11966=VERTEX_POINT('',#11965);
#11967=CARTESIAN_POINT('',(13.830180315791,-15.187133058963,-15.347254021229));
#11968=DIRECTION('',(0.,0.,-1.));
#11969=VECTOR('',#11968,1.66);
#11970=LINE('',#11967,#11969);
#11971=EDGE_CURVE('',#11904,#11966,#11970,.T.);
#11972=ORIENTED_EDGE('',*,*,#11971,.T.);
#11973=CARTESIAN_POINT('',(13.830180315791,-15.187133058963,-17.007254021229));
#11974=DIRECTION('',(0.,1.,0.));
#11975=VECTOR('',#11974,4.817949192431);
#11976=LINE('',#11973,#11975);
#11977=EDGE_CURVE('',#11966,#11285,#11976,.T.);
#11978=ORIENTED_EDGE('',*,*,#11977,.T.);
#11979=ORIENTED_EDGE('',*,*,#11290,.F.);
#11980=ORIENTED_EDGE('',*,*,#11909,.F.);
#11981=EDGE_LOOP('',(#11972,#11978,#11979,#11980));
#11982=FACE_OUTER_BOUND('',#11981,.T.);
#11983=ADVANCED_FACE('',(#11982),#11964,.T.);
#11984=CARTESIAN_POINT('',(11.580180239935,0.81286694103743,-17.007254021229));
#11985=DIRECTION('',(-2.2204460492503E-16,-1.,0.));
#11986=DIRECTION('',(-0.,0.,-1.));
#11987=AXIS2_PLACEMENT_3D('',#11984,#11986,#11985);
#11988=PLANE('',#11987);
#11989=CARTESIAN_POINT('',(13.830180315791,-15.187133058963,-17.007254021229));
#11990=DIRECTION('',(-1.,0.,0.));
#11991=VECTOR('',#11990,4.5000000000002);
#11992=LINE('',#11989,#11991);
#11993=EDGE_CURVE('',#11966,#11766,#11992,.T.);
#11994=ORIENTED_EDGE('',*,*,#11993,.T.);
#11995=ORIENTED_EDGE('',*,*,#11771,.F.);
#11996=CARTESIAN_POINT('',(11.330180499078,-10.637133058963,-17.007254021229));
#11997=VERTEX_POINT('',#11996);
#11998=CARTESIAN_POINT('',(11.330180315791,-12.637133058963,-17.007254021229));
#11999=DIRECTION('',(-1.,-9.9831254374284E-13,-7.1054273576003E-15));
#12000=DIRECTION('',(7.4111698103636E-15,-3.069807247425E-15,-1.));
#12001=AXIS2_PLACEMENT_3D('',#11998,#12000,#11999);
#12002=CIRCLE('',#12001,2.0000000000002);
#12003=EDGE_CURVE('',#11758,#11997,#12002,.T.);
#12004=ORIENTED_EDGE('',*,*,#12003,.T.);
#12005=CARTESIAN_POINT('',(11.330180499078,-10.637133058963,-17.007254021229));
#12006=DIRECTION('',(1.,0.,0.));
#12007=VECTOR('',#12006,1.499999831657);
#12008=LINE('',#12005,#12007);
#12009=EDGE_CURVE('',#11997,#11293,#12008,.T.);
#12010=ORIENTED_EDGE('',*,*,#12009,.T.);
#12011=ORIENTED_EDGE('',*,*,#11299,.F.);
#12012=ORIENTED_EDGE('',*,*,#11977,.F.);
#12013=EDGE_LOOP('',(#11994,#11995,#12004,#12010,#12011,#12012));
#12014=FACE_OUTER_BOUND('',#12013,.T.);
#12015=CARTESIAN_POINT('',(13.458859972231,-13.065812715403,-17.007254021229));
#12016=VERTEX_POINT('',#12015);
#12017=CARTESIAN_POINT('',(11.708859972231,-13.065812715403,-17.007254021229));
#12018=DIRECTION('',(1.,1.0766348288117E-15,7.1775655254116E-16));
#12019=DIRECTION('',(-7.1775655254116E-16,-7.1775655254116E-16,1.));
#12020=AXIS2_PLACEMENT_3D('',#12017,#12019,#12018);
#12021=CIRCLE('',#12020,1.75);
#12022=EDGE_CURVE('',#12016,#12016,#12021,.T.);
#12023=ORIENTED_EDGE('',*,*,#12022,.T.);
#12024=EDGE_LOOP('',(#12023));
#12025=FACE_BOUND('',#12024,.T.);
#12026=ADVANCED_FACE('',(#12014,#12025),#11988,.T.);
#12027=CARTESIAN_POINT('',(12.080180315791,-10.637133058963,-17.247254029043));
#12028=DIRECTION('',(-1.,0.,0.));
#12029=DIRECTION('',(-0.,-1.,-0.));
#12030=AXIS2_PLACEMENT_3D('',#12027,#12029,#12028);
#12031=PLANE('',#12030);
#12032=ORIENTED_EDGE('',*,*,#11629,.F.);
#12033=ORIENTED_EDGE('',*,*,#11305,.F.);
#12034=ORIENTED_EDGE('',*,*,#12009,.F.);
#12035=CARTESIAN_POINT('',(11.330180499078,-10.637133058963,-17.007254021229));
#12036=DIRECTION('',(-7.5117622868749E-08,0.,-1.));
#12037=VECTOR('',#12036,2.44);
#12038=LINE('',#12035,#12037);
#12039=EDGE_CURVE('',#11997,#11624,#12038,.T.);
#12040=ORIENTED_EDGE('',*,*,#12039,.T.);
#12041=EDGE_LOOP('',(#12032,#12033,#12034,#12040));
#12042=FACE_OUTER_BOUND('',#12041,.T.);
#12043=ADVANCED_FACE('',(#12042),#12031,.T.);
#12044=CARTESIAN_POINT('',(14.830180315791,0.86286694103743,-17.097254031789));
#12045=DIRECTION('',(-1.1842378929335E-16,-1.,0.));
#12046=DIRECTION('',(-1.,1.1842378929335E-16,0.));
#12047=AXIS2_PLACEMENT_3D('',#12044,#12046,#12045);
#12048=PLANE('',#12047);
#12049=CARTESIAN_POINT('',(14.830180315791,10.362866941037,-15.047254041383));
#12050=VERTEX_POINT('',#12049);
#12051=CARTESIAN_POINT('',(14.830180315791,11.281761689608,-15.247254021229));
#12052=VERTEX_POINT('',#12051);
#12053=CARTESIAN_POINT('',(14.830180315791,10.362866941037,-15.047254036858));
#12054=CARTESIAN_POINT('',(14.830180315791,10.673573338909,-15.047254036858));
#12055=CARTESIAN_POINT('',(14.829727389292,10.989610039246,-15.125387682647));
#12056=CARTESIAN_POINT('',(14.829727211005,11.281387042393,-15.247182088698));
#12057=B_SPLINE_CURVE_WITH_KNOTS('',3,(#12053,#12054,#12055,#12056),.UNSPECIFIED.,.F.,.U.,(4,4),(0.00019681609604799,1.),.UNSPECIFIED.);
#12058=EDGE_CURVE('',#12050,#12052,#12057,.T.);
#12059=ORIENTED_EDGE('',*,*,#12058,.T.);
#12060=CARTESIAN_POINT('',(14.830180315791,15.862866941037,-15.247254021229));
#12061=VERTEX_POINT('',#12060);
#12062=CARTESIAN_POINT('',(14.830180315791,11.281761689608,-15.247254021229));
#12063=DIRECTION('',(0.,1.,0.));
#12064=VECTOR('',#12063,4.581105251429);
#12065=LINE('',#12062,#12064);
#12066=EDGE_CURVE('',#12052,#12061,#12065,.T.);
#12067=ORIENTED_EDGE('',*,*,#12066,.T.);
#12068=CARTESIAN_POINT('',(14.830180315791,15.862866941037,-15.247254021229));
#12069=DIRECTION('',(0.,0.,-1.));
#12070=VECTOR('',#12069,4.000000005492);
#12071=LINE('',#12068,#12070);
#12072=EDGE_CURVE('',#12061,#11334,#12071,.T.);
#12073=ORIENTED_EDGE('',*,*,#12072,.T.);
#12074=ORIENTED_EDGE('',*,*,#11339,.F.);
#12075=CARTESIAN_POINT('',(14.830180315791,10.362866941037,-19.247254023974));
#12076=DIRECTION('',(0.,0.,1.));
#12077=VECTOR('',#12076,4.199999982591);
#12078=LINE('',#12075,#12077);
#12079=EDGE_CURVE('',#11326,#12050,#12078,.T.);
#12080=ORIENTED_EDGE('',*,*,#12079,.T.);
#12081=EDGE_LOOP('',(#12059,#12067,#12073,#12074,#12080));
#12082=FACE_OUTER_BOUND('',#12081,.T.);
#12083=ADVANCED_FACE('',(#12082),#12048,.T.);
#12084=CARTESIAN_POINT('',(12.830180315791,15.862866941037,-17.247254574197));
#12085=DIRECTION('',(-0.70706983927148,-0.70714372117173,-3.0988112531265E-16));
#12086=DIRECTION('',(6.5742582710446E-16,-2.1914194236815E-16,-1.));
#12087=AXIS2_PLACEMENT_3D('',#12084,#12086,#12085);
#12088=CONICAL_SURFACE('',#12087,0.,0.78539827428678);
#12089=ORIENTED_EDGE('',*,*,#11484,.F.);
#12090=ORIENTED_EDGE('',*,*,#11345,.F.);
#12091=CARTESIAN_POINT('',(12.830180315791,17.862866941037,-19.247254026721));
#12092=VERTEX_POINT('',#12091);
#12093=CARTESIAN_POINT('',(12.830180315791,15.862866941037,-19.247254039977));
#12094=DIRECTION('',(1.,0.,6.6286371946944E-09));
#12095=DIRECTION('',(-6.6286361487712E-09,-6.6281281107151E-09,1.));
#12096=AXIS2_PLACEMENT_3D('',#12093,#12095,#12094);
#12097=CIRCLE('',#12096,2.);
#12098=EDGE_CURVE('',#11334,#12092,#12097,.T.);
#12099=ORIENTED_EDGE('',*,*,#12098,.T.);
#12100=CARTESIAN_POINT('',(12.830180315791,17.862866941037,-19.247254026721));
#12101=DIRECTION('',(-0.00059917525679175,0.70822566627365,-0.7059858685698));
#12102=VECTOR('',#12101,0.28329178162328);
#12103=LINE('',#12100,#12102);
#12104=EDGE_CURVE('',#12092,#11478,#12103,.T.);
#12105=ORIENTED_EDGE('',*,*,#12104,.T.);
#12106=EDGE_LOOP('',(#12089,#12090,#12099,#12105));
#12107=FACE_OUTER_BOUND('',#12106,.T.);
#12108=ADVANCED_FACE('',(#12107),#12088,.F.);
#12109=CARTESIAN_POINT('',(-13.869869892048,20.362695567995,-19.447254021229));
#12110=CARTESIAN_POINT('',(-13.869819848961,19.862695573003,-19.447254021229));
#12111=CARTESIAN_POINT('',(-13.669869727296,20.362866936028,-19.247254027648));
#12112=CARTESIAN_POINT('',(-13.669819684209,19.862866941037,-19.247254027648));
#12113=B_SPLINE_SURFACE_WITH_KNOTS('',1,1,((#12109,#12110),(#12111,#12112)),.UNSPECIFIED.,.F.,.F.,.U.,(2,2),(2,2),(0.,1.),(0.,1.),.UNSPECIFIED.);
#12114=ORIENTED_EDGE('',*,*,#11363,.F.);
#12115=CARTESIAN_POINT('',(-13.669819684209,20.362866941037,-19.247254021229));
#12116=VERTEX_POINT('',#12115);
#12117=CARTESIAN_POINT('',(-13.869844787653,20.362695567986,-19.447254021229));
#12118=DIRECTION('',(0.7071510242635,0.00060585709724231,0.70706227577227));
#12119=VECTOR('',#12118,0.28286051576087);
#12120=LINE('',#12117,#12119);
#12121=EDGE_CURVE('',#11356,#12116,#12120,.T.);
#12122=ORIENTED_EDGE('',*,*,#12121,.T.);
#12123=CARTESIAN_POINT('',(-13.669819684209,19.862866941037,-19.247254027648));
#12124=VERTEX_POINT('',#12123);
#12125=CARTESIAN_POINT('',(-13.669819684209,20.362866941037,-19.247254021229));
#12126=DIRECTION('',(0.,-1.,-1.2838000884585E-08));
#12127=VECTOR('',#12126,0.5);
#12128=LINE('',#12125,#12127);
#12129=EDGE_CURVE('',#12116,#12124,#12128,.T.);
#12130=ORIENTED_EDGE('',*,*,#12129,.T.);
#12131=CARTESIAN_POINT('',(-13.669819684209,19.862866941037,-19.247254027648));
#12132=DIRECTION('',(-0.70710674502756,-0.00060587782466915,-0.70710655777513));
#12133=VECTOR('',#12132,0.28284279276137);
#12134=LINE('',#12131,#12133);
#12135=EDGE_CURVE('',#12124,#11358,#12134,.T.);
#12136=ORIENTED_EDGE('',*,*,#12135,.T.);
#12137=EDGE_LOOP('',(#12114,#12122,#12130,#12136));
#12138=FACE_OUTER_BOUND('',#12137,.T.);
#12139=ADVANCED_FACE('',(#12138),#12113,.T.);
#12140=CARTESIAN_POINT('',(-15.669819684209,19.862866941037,-21.247253453048));
#12141=DIRECTION('',(-0.7070592720589,0.70715428712236,-1.2630312106918E-14));
#12142=DIRECTION('',(-0.,1.7860758729632E-14,1.));
#12143=AXIS2_PLACEMENT_3D('',#12140,#12142,#12141);
#12144=CONICAL_SURFACE('',#12143,0.,0.78539830544262);
#12145=ORIENTED_EDGE('',*,*,#11372,.F.);
#12146=ORIENTED_EDGE('',*,*,#12135,.F.);
#12147=CARTESIAN_POINT('',(-15.669819684209,17.862866941037,-19.247254021229));
#12148=VERTEX_POINT('',#12147);
#12149=CARTESIAN_POINT('',(-15.669819684209,19.862866941037,-19.247254043143));
#12150=DIRECTION('',(1.,0.,7.7481789872991E-09));
#12151=DIRECTION('',(7.7481793614637E-09,-7.7475221094331E-09,-1.));
#12152=AXIS2_PLACEMENT_3D('',#12149,#12151,#12150);
#12153=CIRCLE('',#12152,2.);
#12154=EDGE_CURVE('',#12124,#12148,#12153,.T.);
#12155=ORIENTED_EDGE('',*,*,#12154,.T.);
#12156=CARTESIAN_POINT('',(-15.669819684209,17.862866941037,-19.247254021229));
#12157=DIRECTION('',(-0.00060683980096229,0.70598274092626,-0.70822877748628));
#12158=VECTOR('',#12157,0.28239462495419);
#12159=LINE('',#12156,#12158);
#12160=EDGE_CURVE('',#12148,#11366,#12159,.T.);
#12161=ORIENTED_EDGE('',*,*,#12160,.T.);
#12162=EDGE_LOOP('',(#12145,#12146,#12155,#12161));
#12163=FACE_OUTER_BOUND('',#12162,.T.);
#12164=ADVANCED_FACE('',(#12163),#12144,.T.);
#12165=CARTESIAN_POINT('',(-15.669991052486,18.061598475396,-19.447254021229));
#12166=CARTESIAN_POINT('',(-17.16998998002,18.062866819722,-19.447254021229));
#12167=CARTESIAN_POINT('',(-15.669820756675,17.861598596711,-19.247254026698));
#12168=CARTESIAN_POINT('',(-17.169819684209,17.862866941037,-19.247254026698));
#12169=B_SPLINE_SURFACE_WITH_KNOTS('',1,1,((#12165,#12166),(#12167,#12168)),.UNSPECIFIED.,.F.,.F.,.U.,(2,2),(2,2),(0.,1.),(0.,1.),.UNSPECIFIED.);
#12170=ORIENTED_EDGE('',*,*,#11380,.F.);
#12171=ORIENTED_EDGE('',*,*,#12160,.F.);
#12172=CARTESIAN_POINT('',(-17.169819684209,17.862866941037,-19.247254023964));
#12173=VERTEX_POINT('',#12172);
#12174=CARTESIAN_POINT('',(-15.669819684209,17.862866941037,-19.247254021229));
#12175=DIRECTION('',(-1.,0.,-1.8233331881371E-09));
#12176=VECTOR('',#12175,1.5);
#12177=LINE('',#12174,#12176);
#12178=EDGE_CURVE('',#12148,#12173,#12177,.T.);
#12179=ORIENTED_EDGE('',*,*,#12178,.T.);
#12180=CARTESIAN_POINT('',(-17.169819684209,17.862866941037,-19.247254023964));
#12181=DIRECTION('',(-0.00060208664254661,0.70710655062612,-0.70710675541484));
#12182=VECTOR('',#12181,0.28284271891543);
#12183=LINE('',#12180,#12182);
#12184=EDGE_CURVE('',#12173,#11375,#12183,.T.);
#12185=ORIENTED_EDGE('',*,*,#12184,.T.);
#12186=EDGE_LOOP('',(#12170,#12171,#12179,#12185));
#12187=FACE_OUTER_BOUND('',#12186,.T.);
#12188=ADVANCED_FACE('',(#12187),#12169,.T.);
#12189=CARTESIAN_POINT('',(-17.169819684209,15.862866941037,-17.247255306478));
#12190=DIRECTION('',(0.70714228057775,-0.70707128001305,-3.8124067862192E-14));
#12191=DIRECTION('',(-4.4708997749332E-14,9.2047936542742E-15,-1.));
#12192=AXIS2_PLACEMENT_3D('',#12189,#12191,#12190);
#12193=CONICAL_SURFACE('',#12192,0.,0.78539845699732);
#12194=ORIENTED_EDGE('',*,*,#11389,.F.);
#12195=ORIENTED_EDGE('',*,*,#12184,.F.);
#12196=CARTESIAN_POINT('',(-19.169819684209,15.862866941037,-19.247254021229));
#12197=VERTEX_POINT('',#12196);
#12198=CARTESIAN_POINT('',(-17.169819684209,15.862866941037,-19.247254039899));
#12199=DIRECTION('',(1.7763568394003E-15,1.,6.6013381427865E-09));
#12200=DIRECTION('',(6.6003186721618E-09,-6.6013383009876E-09,1.));
#12201=AXIS2_PLACEMENT_3D('',#12198,#12200,#12199);
#12202=CIRCLE('',#12201,2.);
#12203=EDGE_CURVE('',#12173,#12197,#12202,.T.);
#12204=ORIENTED_EDGE('',*,*,#12203,.T.);
#12205=CARTESIAN_POINT('',(-19.169819684209,15.862866941037,-19.247254021229));
#12206=DIRECTION('',(-0.70710654334467,-0.00060208669354448,-0.70710676269625));
#12207=VECTOR('',#12206,0.28284271987074);
#12208=LINE('',#12205,#12207);
#12209=EDGE_CURVE('',#12197,#11383,#12208,.T.);
#12210=ORIENTED_EDGE('',*,*,#12209,.T.);
#12211=EDGE_LOOP('',(#12194,#12195,#12204,#12210));
#12212=FACE_OUTER_BOUND('',#12211,.T.);
#12213=ADVANCED_FACE('',(#12212),#12193,.F.);
#12214=CARTESIAN_POINT('',(-19.369819560126,15.862696645199,-19.447254021229));
#12215=CARTESIAN_POINT('',(-19.369819560126,-14.137303354801,-19.447254021229));
#12216=CARTESIAN_POINT('',(-19.169819684209,15.862866941037,-19.247254026556));
#12217=CARTESIAN_POINT('',(-19.169819684209,-14.137133058963,-19.247254026557));
#12218=B_SPLINE_SURFACE_WITH_KNOTS('',1,1,((#12214,#12215),(#12216,#12217)),.UNSPECIFIED.,.F.,.F.,.U.,(2,2),(2,2),(0.,0.28284267223439),(0.,30.),.UNSPECIFIED.);
#12219=ORIENTED_EDGE('',*,*,#11397,.F.);
#12220=ORIENTED_EDGE('',*,*,#12209,.F.);
#12221=CARTESIAN_POINT('',(-19.169819684209,10.362866941037,-19.247254024137));
#12222=VERTEX_POINT('',#12221);
#12223=CARTESIAN_POINT('',(-19.169819684209,15.862866941037,-19.247254021229));
#12224=DIRECTION('',(0.,-1.,-5.2872712268998E-10));
#12225=VECTOR('',#12224,5.5);
#12226=LINE('',#12223,#12225);
#12227=EDGE_CURVE('',#12197,#12222,#12226,.T.);
#12228=ORIENTED_EDGE('',*,*,#12227,.T.);
#12229=CARTESIAN_POINT('',(-19.169819684209,-8.6371330589626,-19.247254024981));
#12230=VERTEX_POINT('',#12229);
#12231=CARTESIAN_POINT('',(-19.169819684209,10.362866941037,-19.247254024137));
#12232=DIRECTION('',(0.,-1.,-4.4421075005487E-11));
#12233=VECTOR('',#12232,19.);
#12234=LINE('',#12231,#12233);
#12235=EDGE_CURVE('',#12222,#12230,#12234,.T.);
#12236=ORIENTED_EDGE('',*,*,#12235,.T.);
#12237=CARTESIAN_POINT('',(-19.169819684209,-14.137133058963,-19.247254023893));
#12238=VERTEX_POINT('',#12237);
#12239=CARTESIAN_POINT('',(-19.169819684209,-8.6371330589626,-19.247254024981));
#12240=DIRECTION('',(0.,-1.,1.9781832737531E-10));
#12241=VECTOR('',#12240,5.5000000000004);
#12242=LINE('',#12239,#12241);
#12243=EDGE_CURVE('',#12230,#12238,#12242,.T.);
#12244=ORIENTED_EDGE('',*,*,#12243,.T.);
#12245=CARTESIAN_POINT('',(-19.169819684209,-14.137133058963,-19.247254023893));
#12246=DIRECTION('',(-0.70710648480321,-0.00060208682212168,-0.70710682123757));
#12247=VECTOR('',#12246,0.28284269268675);
#12248=LINE('',#12245,#12247);
#12249=EDGE_CURVE('',#12238,#11392,#12248,.T.);
#12250=ORIENTED_EDGE('',*,*,#12249,.T.);
#12251=EDGE_LOOP('',(#12219,#12220,#12228,#12236,#12244,#12250));
#12252=FACE_OUTER_BOUND('',#12251,.T.);
#12253=ADVANCED_FACE('',(#12252),#12218,.T.);
#12254=CARTESIAN_POINT('',(-17.169819684209,-14.137133058963,-17.247254590881));
#12255=DIRECTION('',(0.70706397009852,0.70714958968278,3.1612339943701E-14));
#12256=DIRECTION('',(8.7656774155773E-15,3.5939277403867E-14,-1.));
#12257=AXIS2_PLACEMENT_3D('',#12254,#12256,#12255);
#12258=CONICAL_SURFACE('',#12257,0.,0.78539827809806);
#12259=ORIENTED_EDGE('',*,*,#11406,.F.);
#12260=ORIENTED_EDGE('',*,*,#12249,.F.);
#12261=CARTESIAN_POINT('',(-17.169819684209,-16.137133058963,-19.247254021229));
#12262=VERTEX_POINT('',#12261);
#12263=CARTESIAN_POINT('',(-17.169819684209,-14.137133058963,-19.247254039417));
#12264=DIRECTION('',(-1.,8.8817841970013E-16,6.4307563718558E-09));
#12265=DIRECTION('',(6.4307552888516E-09,6.4302614616503E-09,1.));
#12266=AXIS2_PLACEMENT_3D('',#12263,#12265,#12264);
#12267=CIRCLE('',#12266,2.);
#12268=EDGE_CURVE('',#12238,#12262,#12267,.T.);
#12269=ORIENTED_EDGE('',*,*,#12268,.T.);
#12270=CARTESIAN_POINT('',(-17.169819684209,-16.137133058963,-19.247254021229));
#12271=DIRECTION('',(0.0006011324242924,-0.70822565574864,-0.70598587746443));
#12272=VECTOR('',#12271,0.28329178583332);
#12273=LINE('',#12270,#12272);
#12274=EDGE_CURVE('',#12262,#11400,#12273,.T.);
#12275=ORIENTED_EDGE('',*,*,#12274,.T.);
#12276=EDGE_LOOP('',(#12259,#12260,#12269,#12275));
#12277=FACE_OUTER_BOUND('',#12276,.T.);
#12278=ADVANCED_FACE('',(#12277),#12258,.F.);
#12279=CARTESIAN_POINT('',(-16.41973453627,-16.237767605533,-19.347254024469));
#12280=DIRECTION('',(-0.00059829021573037,0.7071065395331,0.70710676973025));
#12281=DIRECTION('',(-0.00059829019629265,0.70710651662051,-0.70710679264285));
#12282=AXIS2_PLACEMENT_3D('',#12279,#12281,#12280);
#12283=PLANE('',#12282);
#12284=ORIENTED_EDGE('',*,*,#11414,.F.);
#12285=ORIENTED_EDGE('',*,*,#12274,.F.);
#12286=CARTESIAN_POINT('',(-15.669819684209,-16.137133058963,-19.24725402771));
#12287=VERTEX_POINT('',#12286);
#12288=CARTESIAN_POINT('',(-17.169819684209,-16.137133058963,-19.247254021229));
#12289=DIRECTION('',(1.,0.,-4.3206658991342E-09));
#12290=VECTOR('',#12289,1.5);
#12291=LINE('',#12288,#12290);
#12292=EDGE_CURVE('',#12262,#12287,#12291,.T.);
#12293=ORIENTED_EDGE('',*,*,#12292,.T.);
#12294=CARTESIAN_POINT('',(-15.669819684209,-16.137133058963,-19.24725402771));
#12295=DIRECTION('',(0.00059829014382419,-0.70710660895792,-0.7071067003055));
#12296=VECTOR('',#12295,0.28284273566152);
#12297=LINE('',#12294,#12296);
#12298=EDGE_CURVE('',#12287,#11409,#12297,.T.);
#12299=ORIENTED_EDGE('',*,*,#12298,.T.);
#12300=EDGE_LOOP('',(#12284,#12285,#12293,#12299));
#12301=FACE_OUTER_BOUND('',#12300,.T.);
#12302=ADVANCED_FACE('',(#12301),#12283,.T.);
#12303=CARTESIAN_POINT('',(-15.669819684209,-18.137133058963,-21.247254031233));
#12304=DIRECTION('',(-0.70712803947489,-0.70708552225908,-5.1198782933366E-16));
#12305=DIRECTION('',(2.4136547155131E-16,-9.6546188620526E-16,1.));
#12306=AXIS2_PLACEMENT_3D('',#12303,#12305,#12304);
#12307=CONICAL_SURFACE('',#12306,0.,0.78539816089649);
#12308=ORIENTED_EDGE('',*,*,#11423,.F.);
#12309=ORIENTED_EDGE('',*,*,#12298,.F.);
#12310=CARTESIAN_POINT('',(-13.669819684209,-18.137133058963,-19.247254021229));
#12311=VERTEX_POINT('',#12310);
#12312=CARTESIAN_POINT('',(-15.669819684209,-16.137133058963,-19.24725402771));
#12313=CARTESIAN_POINT('',(-13.669819684209,-16.13732082494,-19.247254021229));
#12314=CARTESIAN_POINT('',(-13.669819684209,-18.137133058963,-19.24725402771));
#12315=(BOUNDED_CURVE()B_SPLINE_CURVE(2,(#12312,#12313,#12314),.UNSPECIFIED.,.F.,.U.)B_SPLINE_CURVE_WITH_KNOTS((3,3),(0.,1.),.UNSPECIFIED.)CURVE()GEOMETRIC_REPRESENTATION_ITEM()RATIONAL_B_SPLINE_CURVE((1.,0.70713997461439,1.))REPRESENTATION_ITEM(''));
#12316=EDGE_CURVE('',#12287,#12311,#12315,.T.);
#12317=ORIENTED_EDGE('',*,*,#12316,.T.);
#12318=CARTESIAN_POINT('',(-13.669819684209,-18.137133058963,-19.247254021229));
#12319=DIRECTION('',(-0.7070625027777,-7.9450189561638E-07,-0.70715105682244));
#12320=VECTOR('',#12319,0.28282500332912);
#12321=LINE('',#12318,#12320);
#12322=EDGE_CURVE('',#12311,#11417,#12321,.T.);
#12323=ORIENTED_EDGE('',*,*,#12322,.T.);
#12324=EDGE_LOOP('',(#12308,#12309,#12317,#12323));
#12325=FACE_OUTER_BOUND('',#12324,.T.);
#12326=ADVANCED_FACE('',(#12325),#12307,.T.);
#12327=CARTESIAN_POINT('',(-13.869769594613,-18.137133283668,-19.447254021229));
#12328=CARTESIAN_POINT('',(-13.8698196771,-18.637133278652,-19.447254021229));
#12329=CARTESIAN_POINT('',(-13.669769601723,-18.13713306398,-19.247254025878));
#12330=CARTESIAN_POINT('',(-13.669819684209,-18.637133058963,-19.247254025878));
#12331=B_SPLINE_SURFACE_WITH_KNOTS('',1,1,((#12327,#12328),(#12329,#12330)),.UNSPECIFIED.,.F.,.F.,.U.,(2,2),(2,2),(0.,1.),(0.,1.),.UNSPECIFIED.);
#12332=ORIENTED_EDGE('',*,*,#11431,.F.);
#12333=ORIENTED_EDGE('',*,*,#12322,.F.);
#12334=CARTESIAN_POINT('',(-13.669819684209,-18.637133058963,-19.247254038538));
#12335=VERTEX_POINT('',#12334);
#12336=CARTESIAN_POINT('',(-13.669819684209,-18.137133058963,-19.247254021229));
#12337=DIRECTION('',(0.,-1.,-3.46179973576E-08));
#12338=VECTOR('',#12337,0.5);
#12339=LINE('',#12336,#12338);
#12340=EDGE_CURVE('',#12311,#12335,#12339,.T.);
#12341=ORIENTED_EDGE('',*,*,#12340,.T.);
#12342=CARTESIAN_POINT('',(-13.669819684209,-18.637133058963,-19.247254038538));
#12343=DIRECTION('',(-0.70710680550036,-3.8835721488737E-07,-0.70710675687262));
#12344=VECTOR('',#12343,0.28284269772157);
#12345=LINE('',#12342,#12344);
#12346=EDGE_CURVE('',#12335,#11426,#12345,.T.);
#12347=ORIENTED_EDGE('',*,*,#12346,.T.);
#12348=EDGE_LOOP('',(#12332,#12333,#12341,#12347));
#12349=FACE_OUTER_BOUND('',#12348,.T.);
#12350=ADVANCED_FACE('',(#12349),#12331,.T.);
#12351=CARTESIAN_POINT('',(-11.669819684209,-18.637133058963,-17.247254021229));
#12352=DIRECTION('',(0.70710677186072,0.70710679051237,3.0994943942195E-16));
#12353=DIRECTION('',(-4.3833468353725E-16,8.766693670745E-16,-1.));
#12354=AXIS2_PLACEMENT_3D('',#12351,#12353,#12352);
#12355=CONICAL_SURFACE('',#12354,0.,0.7853981633974);
#12356=ORIENTED_EDGE('',*,*,#11440,.F.);
#12357=ORIENTED_EDGE('',*,*,#12346,.F.);
#12358=CARTESIAN_POINT('',(-11.669819684209,-20.637133058963,-19.247254036213));
#12359=VERTEX_POINT('',#12358);
#12360=CARTESIAN_POINT('',(-11.669819684209,-18.637133058963,-19.247254037103));
#12361=DIRECTION('',(-1.,1.7763568394003E-15,5.6123283798115E-09));
#12362=DIRECTION('',(5.6123269064019E-09,5.6122736156968E-09,1.));
#12363=AXIS2_PLACEMENT_3D('',#12360,#12362,#12361);
#12364=CIRCLE('',#12363,2.);
#12365=EDGE_CURVE('',#12335,#12359,#12364,.T.);
#12366=ORIENTED_EDGE('',*,*,#12365,.T.);
#12367=CARTESIAN_POINT('',(-11.669819684209,-20.637133058963,-19.247254036213));
#12368=DIRECTION('',(0.,-0.70710680767477,-0.70710675469832));
#12369=VECTOR('',#12368,0.28284270187933);
#12370=LINE('',#12367,#12369);
#12371=EDGE_CURVE('',#12359,#11434,#12370,.T.);
#12372=ORIENTED_EDGE('',*,*,#12371,.T.);
#12373=EDGE_LOOP('',(#12356,#12357,#12366,#12372));
#12374=FACE_OUTER_BOUND('',#12373,.T.);
#12375=ADVANCED_FACE('',(#12374),#12355,.F.);
#12376=CARTESIAN_POINT('',(-2.1698196842093,-20.737133058963,-19.347254021229));
#12377=DIRECTION('',(0.,0.70710678118655,0.70710678118655));
#12378=DIRECTION('',(-6.3464789908902E-15,0.70710678118655,-0.70710678118655));
#12379=AXIS2_PLACEMENT_3D('',#12376,#12378,#12377);
#12380=PLANE('',#12379);
#12381=CARTESIAN_POINT('',(7.3301803157907,-20.637133058963,-19.247254051198));
#12382=VERTEX_POINT('',#12381);
#12383=CARTESIAN_POINT('',(-11.669819684209,-20.637133058963,-19.247254036213));
#12384=DIRECTION('',(1.,0.,-7.8868411217054E-10));
#12385=VECTOR('',#12384,19.);
#12386=LINE('',#12383,#12385);
#12387=EDGE_CURVE('',#12359,#12382,#12386,.T.);
#12388=ORIENTED_EDGE('',*,*,#12387,.T.);
#12389=CARTESIAN_POINT('',(7.3301803157907,-20.637133058963,-19.247254051198));
#12390=DIRECTION('',(0.,-0.70710683416476,-0.70710672820833));
#12391=VECTOR('',#12390,0.28284269128334);
#12392=LINE('',#12389,#12391);
#12393=EDGE_CURVE('',#12382,#11443,#12392,.T.);
#12394=ORIENTED_EDGE('',*,*,#12393,.T.);
#12395=ORIENTED_EDGE('',*,*,#11448,.F.);
#12396=ORIENTED_EDGE('',*,*,#12371,.F.);
#12397=EDGE_LOOP('',(#12388,#12394,#12395,#12396));
#12398=FACE_OUTER_BOUND('',#12397,.T.);
#12399=ADVANCED_FACE('',(#12398),#12380,.T.);
#12400=CARTESIAN_POINT('',(7.3301803157906,-18.637133058963,-17.247254028778));
#12401=DIRECTION('',(-0.70710926631779,0.70710429604657,-1.1390620747655E-14));
#12402=DIRECTION('',(1.6985371926426E-14,8.7666435749293E-16,-1.));
#12403=AXIS2_PLACEMENT_3D('',#12400,#12402,#12401);
#12404=CONICAL_SURFACE('',#12403,0.,0.78539816491118);
#12405=ORIENTED_EDGE('',*,*,#11457,.F.);
#12406=ORIENTED_EDGE('',*,*,#12393,.F.);
#12407=CARTESIAN_POINT('',(7.3301803157907,-18.637133058963,-19.247254123548));
#12408=DIRECTION('',(-8.8817841970013E-16,-1.,3.6175373807623E-08));
#12409=DIRECTION('',(-3.6175054695988E-08,3.6175374440219E-08,1.));
#12410=AXIS2_PLACEMENT_3D('',#12407,#12409,#12408);
#12411=CIRCLE('',#12410,2.);
#12412=EDGE_CURVE('',#12382,#11798,#12411,.T.);
#12413=ORIENTED_EDGE('',*,*,#12412,.T.);
#12414=CARTESIAN_POINT('',(9.3301803157907,-18.637133058963,-19.247254051198));
#12415=DIRECTION('',(0.70715105877108,7.0334175692879E-05,-0.70706249733106));
#12416=VECTOR('',#12415,0.28286038474101);
#12417=LINE('',#12414,#12416);
#12418=EDGE_CURVE('',#11798,#11451,#12417,.T.);
#12419=ORIENTED_EDGE('',*,*,#12418,.T.);
#12420=EDGE_LOOP('',(#12405,#12406,#12413,#12419));
#12421=FACE_OUTER_BOUND('',#12420,.T.);
#12422=ADVANCED_FACE('',(#12421),#12404,.F.);
#12423=CARTESIAN_POINT('',(9.4302053368337,-18.387123047841,-19.347254021229));
#12424=DIRECTION('',(-0.70710677764491,-7.0771613276749E-05,0.70710678118655));
#12425=DIRECTION('',(-0.70710677764492,-7.0771613267174E-05,-0.70710678118654));
#12426=AXIS2_PLACEMENT_3D('',#12423,#12425,#12424);
#12427=PLANE('',#12426);
#12428=ORIENTED_EDGE('',*,*,#11465,.F.);
#12429=ORIENTED_EDGE('',*,*,#12418,.F.);
#12430=ORIENTED_EDGE('',*,*,#11803,.F.);
#12431=ORIENTED_EDGE('',*,*,#11744,.F.);
#12432=EDGE_LOOP('',(#12428,#12429,#12430,#12431));
#12433=FACE_OUTER_BOUND('',#12432,.T.);
#12434=ADVANCED_FACE('',(#12433),#12427,.T.);
#12435=CARTESIAN_POINT('',(12.080095167852,17.963501487607,-19.347254021229));
#12436=DIRECTION('',(0.00059829020598869,-0.7071065280768,0.70710678118655));
#12437=DIRECTION('',(0.00059829020598428,-0.70710652807681,-0.70710678118654));
#12438=AXIS2_PLACEMENT_3D('',#12435,#12437,#12436);
#12439=PLANE('',#12438);
#12440=ORIENTED_EDGE('',*,*,#11492,.F.);
#12441=ORIENTED_EDGE('',*,*,#12104,.F.);
#12442=CARTESIAN_POINT('',(11.330180315791,17.862866941037,-19.247254027663));
#12443=VERTEX_POINT('',#12442);
#12444=CARTESIAN_POINT('',(12.830180315791,17.862866941037,-19.247254026721));
#12445=DIRECTION('',(-1.,0.,-6.2800135462264E-10));
#12446=VECTOR('',#12445,1.5);
#12447=LINE('',#12444,#12446);
#12448=EDGE_CURVE('',#12092,#12443,#12447,.T.);
#12449=ORIENTED_EDGE('',*,*,#12448,.T.);
#12450=CARTESIAN_POINT('',(11.330180315791,17.862866941037,-19.247254027663));
#12451=DIRECTION('',(-0.00059829014384394,0.70710660877584,-0.70710670048758));
#12452=VECTOR('',#12451,0.28284273565516);
#12453=LINE('',#12450,#12452);
#12454=EDGE_CURVE('',#12443,#11487,#12453,.T.);
#12455=ORIENTED_EDGE('',*,*,#12454,.T.);
#12456=EDGE_LOOP('',(#12440,#12441,#12449,#12455));
#12457=FACE_OUTER_BOUND('',#12456,.T.);
#12458=ADVANCED_FACE('',(#12457),#12439,.T.);
#12459=CARTESIAN_POINT('',(11.330180315791,19.862866941037,-21.247254013726));
#12460=DIRECTION('',(0.70712674001932,0.7070868217904,-3.8230688142824E-14));
#12461=DIRECTION('',(3.5722090804683E-14,1.8343776359162E-14,1.));
#12462=AXIS2_PLACEMENT_3D('',#12459,#12461,#12460);
#12463=CONICAL_SURFACE('',#12462,0.,0.78539816527316);
#12464=ORIENTED_EDGE('',*,*,#11501,.F.);
#12465=ORIENTED_EDGE('',*,*,#12454,.F.);
#12466=CARTESIAN_POINT('',(9.3301803157907,19.862866941037,-19.247254027663));
#12467=VERTEX_POINT('',#12466);
#12468=CARTESIAN_POINT('',(11.330180315791,17.862866941037,-19.247254027663));
#12469=CARTESIAN_POINT('',(9.3301803157907,17.8630771807,-19.247254021229));
#12470=CARTESIAN_POINT('',(9.3301803157907,19.862866941037,-19.247254027663));
#12471=(BOUNDED_CURVE()B_SPLINE_CURVE(2,(#12468,#12469,#12470),.UNSPECIFIED.,.F.,.U.)B_SPLINE_CURVE_WITH_KNOTS((3,3),(0.,1.),.UNSPECIFIED.)CURVE()GEOMETRIC_REPRESENTATION_ITEM()RATIONAL_B_SPLINE_CURVE((1.,0.70714394763598,1.))REPRESENTATION_ITEM(''));
#12472=EDGE_CURVE('',#12443,#12467,#12471,.T.);
#12473=ORIENTED_EDGE('',*,*,#12472,.T.);
#12474=CARTESIAN_POINT('',(9.3301803157907,19.862866941037,-19.247254027663));
#12475=DIRECTION('',(0.70706251777978,-7.0770974581157E-05,-0.70715103828134));
#12476=VECTOR('',#12475,0.28282500164615);
#12477=LINE('',#12474,#12476);
#12478=EDGE_CURVE('',#12467,#11495,#12477,.T.);
#12479=ORIENTED_EDGE('',*,*,#12478,.T.);
#12480=EDGE_LOOP('',(#12464,#12465,#12473,#12479));
#12481=FACE_OUTER_BOUND('',#12480,.T.);
#12482=ADVANCED_FACE('',(#12481),#12463,.T.);
#12483=CARTESIAN_POINT('',(9.4301552740457,20.112856927048,-19.347254021229));
#12484=DIRECTION('',(-0.70710677763936,7.0827331898519E-05,0.70710678118652));
#12485=DIRECTION('',(-0.70710677763932,7.0827332043495E-05,-0.70710678118657));
#12486=AXIS2_PLACEMENT_3D('',#12483,#12485,#12484);
#12487=PLANE('',#12486);
#12488=ORIENTED_EDGE('',*,*,#11509,.F.);
#12489=ORIENTED_EDGE('',*,*,#12478,.F.);
#12490=CARTESIAN_POINT('',(9.3301803157907,20.362866941037,-19.247254023452));
#12491=VERTEX_POINT('',#12490);
#12492=CARTESIAN_POINT('',(9.3301803157907,19.862866941037,-19.247254027663));
#12493=DIRECTION('',(0.,1.,8.4219990981182E-09));
#12494=VECTOR('',#12493,0.5);
#12495=LINE('',#12492,#12494);
#12496=EDGE_CURVE('',#12467,#12491,#12495,.T.);
#12497=ORIENTED_EDGE('',*,*,#12496,.T.);
#12498=CARTESIAN_POINT('',(9.3301803157907,20.362866941037,-19.247254023452));
#12499=DIRECTION('',(0.70710678378547,-3.5413664983768E-05,-0.70710677770082));
#12500=VECTOR('',#12499,0.28284271072511);
#12501=LINE('',#12498,#12500);
#12502=EDGE_CURVE('',#12491,#11504,#12501,.T.);
#12503=ORIENTED_EDGE('',*,*,#12502,.T.);
#12504=EDGE_LOOP('',(#12488,#12489,#12497,#12503));
#12505=FACE_OUTER_BOUND('',#12504,.T.);
#12506=ADVANCED_FACE('',(#12505),#12487,.T.);
#12507=CARTESIAN_POINT('',(7.3301803157907,20.362866941037,-17.247254021229));
#12508=DIRECTION('',(-0.707098894965,-0.70711466732014,3.0994144327155E-16));
#12509=DIRECTION('',(-4.3832828120442E-16,-0.,-1.));
#12510=AXIS2_PLACEMENT_3D('',#12507,#12509,#12508);
#12511=CONICAL_SURFACE('',#12510,0.,0.78539816339745);
#12512=ORIENTED_EDGE('',*,*,#11518,.F.);
#12513=ORIENTED_EDGE('',*,*,#12502,.F.);
#12514=CARTESIAN_POINT('',(7.3301803157907,22.362866941037,-19.247254023452));
#12515=VERTEX_POINT('',#12514);
#12516=CARTESIAN_POINT('',(7.3301803157907,20.362866941037,-19.247254036408));
#12517=DIRECTION('',(1.,-1.7763568394003E-15,5.3666155963583E-09));
#12518=DIRECTION('',(-5.3666157851223E-09,-5.3665660471308E-09,1.));
#12519=AXIS2_PLACEMENT_3D('',#12516,#12518,#12517);
#12520=CIRCLE('',#12519,2.);
#12521=EDGE_CURVE('',#12491,#12515,#12520,.T.);
#12522=ORIENTED_EDGE('',*,*,#12521,.T.);
#12523=CARTESIAN_POINT('',(7.3301803157907,22.362866941037,-19.247254023452));
#12524=DIRECTION('',(-0.00030294750137938,0.70710664387445,-0.70710685360235));
#12525=VECTOR('',#12524,0.2828426803645);
#12526=LINE('',#12523,#12525);
#12527=EDGE_CURVE('',#12515,#11512,#12526,.T.);
#12528=ORIENTED_EDGE('',*,*,#12527,.T.);
#12529=EDGE_LOOP('',(#12512,#12513,#12522,#12528));
#12530=FACE_OUTER_BOUND('',#12529,.T.);
#12531=ADVANCED_FACE('',(#12530),#12511,.F.);
#12532=CARTESIAN_POINT('',(7.3300089428241,22.562866817951,-19.447254021229));
#12533=CARTESIAN_POINT('',(-11.669991057176,22.562866817951,-19.447254021229));
#12534=CARTESIAN_POINT('',(7.3301803157907,22.362866941037,-19.247254025796));
#12535=CARTESIAN_POINT('',(-11.669819684209,22.362866941037,-19.247254025796));
#12536=B_SPLINE_SURFACE_WITH_KNOTS('',1,1,((#12532,#12533),(#12534,#12535)),.UNSPECIFIED.,.F.,.F.,.U.,(2,2),(2,2),(0.,0.28284267412735),(0.,19.),.UNSPECIFIED.);
#12537=ORIENTED_EDGE('',*,*,#11526,.F.);
#12538=ORIENTED_EDGE('',*,*,#12527,.F.);
#12539=CARTESIAN_POINT('',(-11.669819684209,22.362866941037,-19.247254023512));
#12540=VERTEX_POINT('',#12539);
#12541=CARTESIAN_POINT('',(7.3301803157907,22.362866941037,-19.247254023452));
#12542=DIRECTION('',(-1.,0.,-3.1578015056623E-12));
#12543=VECTOR('',#12542,19.);
#12544=LINE('',#12541,#12543);
#12545=EDGE_CURVE('',#12515,#12540,#12544,.T.);
#12546=ORIENTED_EDGE('',*,*,#12545,.T.);
#12547=CARTESIAN_POINT('',(-11.669819684209,22.362866941037,-19.247254023512));
#12548=DIRECTION('',(-0.00060589508420915,0.70710654579462,-0.70710675699328));
#12549=VECTOR('',#12548,0.28284271892328);
#12550=LINE('',#12547,#12549);
#12551=EDGE_CURVE('',#12540,#11521,#12550,.T.);
#12552=ORIENTED_EDGE('',*,*,#12551,.T.);
#12553=EDGE_LOOP('',(#12537,#12538,#12546,#12552));
#12554=FACE_OUTER_BOUND('',#12553,.T.);
#12555=ADVANCED_FACE('',(#12554),#12536,.T.);
#12556=CARTESIAN_POINT('',(-11.669819684209,20.362866941037,-17.247255313278));
#12557=DIRECTION('',(0.70713619341874,-0.70707736773089,-3.8277589727414E-14));
#12558=DIRECTION('',(-3.4407837650856E-14,1.9724238143803E-14,-1.));
#12559=AXIS2_PLACEMENT_3D('',#12556,#12558,#12557);
#12560=CONICAL_SURFACE('',#12559,0.,0.78539845834586);
#12561=ORIENTED_EDGE('',*,*,#11533,.F.);
#12562=ORIENTED_EDGE('',*,*,#12551,.F.);
#12563=CARTESIAN_POINT('',(-11.669819684209,20.362866941037,-19.24725403682));
#12564=DIRECTION('',(8.8817841970012E-16,1.,5.5123638986743E-09));
#12565=DIRECTION('',(5.5119303411025E-09,-5.5123637721713E-09,1.));
#12566=AXIS2_PLACEMENT_3D('',#12563,#12565,#12564);
#12567=CIRCLE('',#12566,2.);
#12568=EDGE_CURVE('',#12540,#12116,#12567,.T.);
#12569=ORIENTED_EDGE('',*,*,#12568,.T.);
#12570=ORIENTED_EDGE('',*,*,#12121,.F.);
#12571=EDGE_LOOP('',(#12561,#12562,#12569,#12570));
#12572=FACE_OUTER_BOUND('',#12571,.T.);
#12573=ADVANCED_FACE('',(#12572),#12560,.F.);
#12574=CARTESIAN_POINT('',(-15.669819684209,14.362866941037,-17.007254021229));
#12575=DIRECTION('',(1.,5.0892623448817E-13,0.));
#12576=DIRECTION('',(0.,0.,-1.));
#12577=AXIS2_PLACEMENT_3D('',#12574,#12576,#12575);
#12578=CYLINDRICAL_SURFACE('',#12577,2.);
#12579=ORIENTED_EDGE('',*,*,#11546,.F.);
#12580=CARTESIAN_POINT('',(-15.669819867509,12.362866941037,-17.007254022807));
#12581=VERTEX_POINT('',#12580);
#12582=CARTESIAN_POINT('',(-15.669819684209,12.362866941037,-19.447254021229));
#12583=DIRECTION('',(-7.5122951259836E-08,0.,1.));
#12584=VECTOR('',#12583,2.439999998422);
#12585=LINE('',#12582,#12584);
#12586=EDGE_CURVE('',#11538,#12581,#12585,.T.);
#12587=ORIENTED_EDGE('',*,*,#12586,.T.);
#12588=CARTESIAN_POINT('',(-13.669819684209,14.362866941039,-17.007254021229));
#12589=VERTEX_POINT('',#12588);
#12590=CARTESIAN_POINT('',(-15.669819684209,14.362866941037,-17.007254021229));
#12591=DIRECTION('',(-9.1650001365907E-08,-1.,-3.5527136788005E-15));
#12592=DIRECTION('',(1.1162932975222E-15,-2.6949709424158E-15,1.));
#12593=AXIS2_PLACEMENT_3D('',#12590,#12592,#12591);
#12594=CIRCLE('',#12593,2.);
#12595=EDGE_CURVE('',#12581,#12589,#12594,.T.);
#12596=ORIENTED_EDGE('',*,*,#12595,.T.);
#12597=CARTESIAN_POINT('',(-13.669819684209,14.362866941039,-17.007254021229));
#12598=DIRECTION('',(0.,-8.1974500047733E-13,-1.));
#12599=VECTOR('',#12598,2.44);
#12600=LINE('',#12597,#12599);
#12601=EDGE_CURVE('',#12589,#11540,#12600,.T.);
#12602=ORIENTED_EDGE('',*,*,#12601,.T.);
#12603=EDGE_LOOP('',(#12579,#12587,#12596,#12602));
#12604=FACE_OUTER_BOUND('',#12603,.T.);
#12605=ADVANCED_FACE('',(#12604),#12578,.F.);
#12606=CARTESIAN_POINT('',(-13.669819684209,17.362866941037,-13.597254021229));
#12607=DIRECTION('',(0.,1.,0.));
#12608=DIRECTION('',(-1.,0.,0.));
#12609=AXIS2_PLACEMENT_3D('',#12606,#12608,#12607);
#12610=PLANE('',#12609);
#12611=ORIENTED_EDGE('',*,*,#11554,.F.);
#12612=ORIENTED_EDGE('',*,*,#12601,.F.);
#12613=CARTESIAN_POINT('',(-13.669819684209,16.812866941037,-17.007254021229));
#12614=VERTEX_POINT('',#12613);
#12615=CARTESIAN_POINT('',(-13.669819684209,14.362866941039,-17.007254021229));
#12616=DIRECTION('',(0.,1.,0.));
#12617=VECTOR('',#12616,2.449999999998);
#12618=LINE('',#12615,#12617);
#12619=EDGE_CURVE('',#12589,#12614,#12618,.T.);
#12620=ORIENTED_EDGE('',*,*,#12619,.T.);
#12621=CARTESIAN_POINT('',(-13.669819684209,16.812866941037,-15.347254021229));
#12622=VERTEX_POINT('',#12621);
#12623=CARTESIAN_POINT('',(-13.669819684209,16.812866941037,-17.007254021229));
#12624=DIRECTION('',(0.,0.,1.));
#12625=VECTOR('',#12624,1.66);
#12626=LINE('',#12623,#12625);
#12627=EDGE_CURVE('',#12614,#12622,#12626,.T.);
#12628=ORIENTED_EDGE('',*,*,#12627,.T.);
#12629=CARTESIAN_POINT('',(-13.669819684209,14.362866941039,-15.347254021229));
#12630=VERTEX_POINT('',#12629);
#12631=CARTESIAN_POINT('',(-13.669819684209,16.812866941037,-15.347254021229));
#12632=DIRECTION('',(0.,-1.,0.));
#12633=VECTOR('',#12632,2.449999999998);
#12634=LINE('',#12631,#12633);
#12635=EDGE_CURVE('',#12622,#12630,#12634,.T.);
#12636=ORIENTED_EDGE('',*,*,#12635,.T.);
#12637=CARTESIAN_POINT('',(-13.669819684209,14.362866941037,-15.047254026567));
#12638=VERTEX_POINT('',#12637);
#12639=CARTESIAN_POINT('',(-13.669819684209,14.362866941039,-15.347254021229));
#12640=DIRECTION('',(0.,-6.6672594558484E-12,1.));
#12641=VECTOR('',#12640,0.299999994662);
#12642=LINE('',#12639,#12641);
#12643=EDGE_CURVE('',#12630,#12638,#12642,.T.);
#12644=ORIENTED_EDGE('',*,*,#12643,.T.);
#12645=CARTESIAN_POINT('',(-13.669819684209,19.862866941026,-15.047254024235));
#12646=VERTEX_POINT('',#12645);
#12647=CARTESIAN_POINT('',(-13.669819684209,14.362866941037,-15.047254026567));
#12648=DIRECTION('',(0.,1.,4.2399990589318E-10));
#12649=VECTOR('',#12648,5.499999999989);
#12650=LINE('',#12647,#12649);
#12651=EDGE_CURVE('',#12638,#12646,#12650,.T.);
#12652=ORIENTED_EDGE('',*,*,#12651,.T.);
#12653=CARTESIAN_POINT('',(-13.669819684209,19.862866941026,-15.047254024235));
#12654=DIRECTION('',(0.,2.6197033938819E-12,-1.));
#12655=VECTOR('',#12654,4.200000003413);
#12656=LINE('',#12653,#12655);
#12657=EDGE_CURVE('',#12646,#12124,#12656,.T.);
#12658=ORIENTED_EDGE('',*,*,#12657,.T.);
#12659=ORIENTED_EDGE('',*,*,#12129,.F.);
#12660=CARTESIAN_POINT('',(-13.669819684209,20.362866941037,-19.247254021229));
#12661=DIRECTION('',(0.,0.,-1.));
#12662=VECTOR('',#12661,0.2);
#12663=LINE('',#12660,#12662);
#12664=EDGE_CURVE('',#12116,#11549,#12663,.T.);
#12665=ORIENTED_EDGE('',*,*,#12664,.T.);
#12666=EDGE_LOOP('',(#12611,#12612,#12620,#12628,#12636,#12644,#12652,#12658,#12659,#12665));
#12667=FACE_OUTER_BOUND('',#12666,.T.);
#12668=ADVANCED_FACE('',(#12667),#12610,.T.);
#12669=CARTESIAN_POINT('',(-11.669819684209,20.362866941037,-19.247254023512));
#12670=DIRECTION('',(8.8817841970012E-16,1.,-2.3092638912203E-14));
#12671=DIRECTION('',(8.8817842983868E-15,-1.7763568596774E-14,-1.));
#12672=AXIS2_PLACEMENT_3D('',#12669,#12671,#12670);
#12673=CYLINDRICAL_SURFACE('',#12672,2.);
#12674=ORIENTED_EDGE('',*,*,#11563,.F.);
#12675=ORIENTED_EDGE('',*,*,#12664,.F.);
#12676=ORIENTED_EDGE('',*,*,#12568,.F.);
#12677=CARTESIAN_POINT('',(-11.669819684209,22.362866941037,-19.247254023512));
#12678=DIRECTION('',(0.,0.,-1.));
#12679=VECTOR('',#12678,0.199999997717);
#12680=LINE('',#12677,#12679);
#12681=EDGE_CURVE('',#12540,#11557,#12680,.T.);
#12682=ORIENTED_EDGE('',*,*,#12681,.T.);
#12683=EDGE_LOOP('',(#12674,#12675,#12676,#12682));
#12684=FACE_OUTER_BOUND('',#12683,.T.);
#12685=ADVANCED_FACE('',(#12684),#12673,.T.);
#12686=CARTESIAN_POINT('',(-2.1698196842093,22.362866941037,-19.34725402236));
#12687=DIRECTION('',(1.,0.,-3.7396986092637E-16));
#12688=DIRECTION('',(0.,1.,0.));
#12689=AXIS2_PLACEMENT_3D('',#12686,#12688,#12687);
#12690=PLANE('',#12689);
#12691=ORIENTED_EDGE('',*,*,#11571,.F.);
#12692=ORIENTED_EDGE('',*,*,#12681,.F.);
#12693=ORIENTED_EDGE('',*,*,#12545,.F.);
#12694=CARTESIAN_POINT('',(7.3301803157907,22.362866941037,-19.247254023452));
#12695=DIRECTION('',(0.,0.,-1.));
#12696=VECTOR('',#12695,0.199999997777);
#12697=LINE('',#12694,#12696);
#12698=EDGE_CURVE('',#12515,#11566,#12697,.T.);
#12699=ORIENTED_EDGE('',*,*,#12698,.T.);
#12700=EDGE_LOOP('',(#12691,#12692,#12693,#12699));
#12701=FACE_OUTER_BOUND('',#12700,.T.);
#12702=ADVANCED_FACE('',(#12701),#12690,.T.);
#12703=CARTESIAN_POINT('',(7.3301803157907,20.362866941037,-19.247254023452));
#12704=DIRECTION('',(1.,-5.3290705182008E-15,0.));
#12705=DIRECTION('',(0.,0.,-1.));
#12706=AXIS2_PLACEMENT_3D('',#12703,#12705,#12704);
#12707=CYLINDRICAL_SURFACE('',#12706,2.);
#12708=ORIENTED_EDGE('',*,*,#11580,.F.);
#12709=ORIENTED_EDGE('',*,*,#12698,.F.);
#12710=ORIENTED_EDGE('',*,*,#12521,.F.);
#12711=CARTESIAN_POINT('',(9.3301803157907,20.362866941037,-19.247254023452));
#12712=DIRECTION('',(0.,0.,-1.));
#12713=VECTOR('',#12712,0.199999997777);
#12714=LINE('',#12711,#12713);
#12715=EDGE_CURVE('',#12491,#11574,#12714,.T.);
#12716=ORIENTED_EDGE('',*,*,#12715,.T.);
#12717=EDGE_LOOP('',(#12708,#12709,#12710,#12716));
#12718=FACE_OUTER_BOUND('',#12717,.T.);
#12719=ADVANCED_FACE('',(#12718),#12707,.T.);
#12720=CARTESIAN_POINT('',(9.3301803157907,17.362866941037,-13.597254021229));
#12721=DIRECTION('',(0.,-1.,0.));
#12722=DIRECTION('',(1.,0.,0.));
#12723=AXIS2_PLACEMENT_3D('',#12720,#12722,#12721);
#12724=PLANE('',#12723);
#12725=ORIENTED_EDGE('',*,*,#11588,.F.);
#12726=ORIENTED_EDGE('',*,*,#12715,.F.);
#12727=ORIENTED_EDGE('',*,*,#12496,.F.);
#12728=CARTESIAN_POINT('',(9.3301803157907,19.862866941026,-15.047254024235));
#12729=VERTEX_POINT('',#12728);
#12730=CARTESIAN_POINT('',(9.3301803157907,19.862866941037,-19.247254027663));
#12731=DIRECTION('',(0.,-2.6197033938726E-12,1.));
#12732=VECTOR('',#12731,4.200000003428);
#12733=LINE('',#12730,#12732);
#12734=EDGE_CURVE('',#12467,#12729,#12733,.T.);
#12735=ORIENTED_EDGE('',*,*,#12734,.T.);
#12736=CARTESIAN_POINT('',(9.3301803157907,14.362866941037,-15.047254026567));
#12737=VERTEX_POINT('',#12736);
#12738=CARTESIAN_POINT('',(9.3301803157907,19.862866941026,-15.047254024235));
#12739=DIRECTION('',(0.,-1.,-4.2399990589318E-10));
#12740=VECTOR('',#12739,5.499999999989);
#12741=LINE('',#12738,#12740);
#12742=EDGE_CURVE('',#12729,#12737,#12741,.T.);
#12743=ORIENTED_EDGE('',*,*,#12742,.T.);
#12744=CARTESIAN_POINT('',(9.3301803157909,14.362867124168,-15.347254020285));
#12745=VERTEX_POINT('',#12744);
#12746=CARTESIAN_POINT('',(9.3301803157907,14.362866941037,-15.047254026567));
#12747=DIRECTION('',(6.6317323392948E-13,6.104366799228E-07,-0.99999999999981));
#12748=VECTOR('',#12747,0.29999999371806);
#12749=LINE('',#12746,#12748);
#12750=EDGE_CURVE('',#12737,#12745,#12749,.T.);
#12751=ORIENTED_EDGE('',*,*,#12750,.T.);
#12752=CARTESIAN_POINT('',(9.3301803157908,16.812866941037,-15.347254021229));
#12753=VERTEX_POINT('',#12752);
#12754=CARTESIAN_POINT('',(9.3301803157909,14.362867124168,-15.347254020285));
#12755=DIRECTION('',(-4.0602445078359E-14,1.,-3.853063281387E-10));
#12756=VECTOR('',#12755,2.449999816869);
#12757=LINE('',#12754,#12756);
#12758=EDGE_CURVE('',#12745,#12753,#12757,.T.);
#12759=ORIENTED_EDGE('',*,*,#12758,.T.);
#12760=CARTESIAN_POINT('',(9.3301803157908,16.812866941037,-17.007254021229));
#12761=VERTEX_POINT('',#12760);
#12762=CARTESIAN_POINT('',(9.3301803157908,16.812866941037,-15.347254021229));
#12763=DIRECTION('',(0.,0.,-1.));
#12764=VECTOR('',#12763,1.66);
#12765=LINE('',#12762,#12764);
#12766=EDGE_CURVE('',#12753,#12761,#12765,.T.);
#12767=ORIENTED_EDGE('',*,*,#12766,.T.);
#12768=CARTESIAN_POINT('',(9.3301803157909,14.362867124168,-17.007254020667));
#12769=VERTEX_POINT('',#12768);
#12770=CARTESIAN_POINT('',(9.3301803157908,16.812866941037,-17.007254021229));
#12771=DIRECTION('',(4.0602445078359E-14,-1.,2.2938786373216E-10));
#12772=VECTOR('',#12771,2.449999816869);
#12773=LINE('',#12770,#12772);
#12774=EDGE_CURVE('',#12761,#12769,#12773,.T.);
#12775=ORIENTED_EDGE('',*,*,#12774,.T.);
#12776=CARTESIAN_POINT('',(9.3301803157909,14.362867124168,-17.007254020667));
#12777=DIRECTION('',(-8.1537690970083E-14,-7.5053688565545E-08,-1.));
#12778=VECTOR('',#12777,2.440000000562);
#12779=LINE('',#12776,#12778);
#12780=EDGE_CURVE('',#12769,#11583,#12779,.T.);
#12781=ORIENTED_EDGE('',*,*,#12780,.T.);
#12782=EDGE_LOOP('',(#12725,#12726,#12727,#12735,#12743,#12751,#12759,#12767,#12775,#12781));
#12783=FACE_OUTER_BOUND('',#12782,.T.);
#12784=ADVANCED_FACE('',(#12783),#12724,.T.);
#12785=CARTESIAN_POINT('',(11.330180315791,14.362866941037,-17.007254021229));
#12786=DIRECTION('',(-5.0182080713057E-13,-1.,0.));
#12787=DIRECTION('',(-2.1840452943446E-15,0.,-1.));
#12788=AXIS2_PLACEMENT_3D('',#12785,#12787,#12786);
#12789=CYLINDRICAL_SURFACE('',#12788,2.);
#12790=ORIENTED_EDGE('',*,*,#11597,.F.);
#12791=ORIENTED_EDGE('',*,*,#12780,.F.);
#12792=CARTESIAN_POINT('',(11.330180315789,12.362866941037,-17.007254021229));
#12793=VERTEX_POINT('',#12792);
#12794=CARTESIAN_POINT('',(11.330180315791,14.362866941037,-17.007254021229));
#12795=DIRECTION('',(-1.,9.1565499182877E-08,3.5527136788005E-15));
#12796=DIRECTION('',(1.3474854713193E-15,5.5814664890648E-16,1.));
#12797=AXIS2_PLACEMENT_3D('',#12794,#12796,#12795);
#12798=CIRCLE('',#12797,2.);
#12799=EDGE_CURVE('',#12769,#12793,#12798,.T.);
#12800=ORIENTED_EDGE('',*,*,#12799,.T.);
#12801=CARTESIAN_POINT('',(11.330180315789,12.362866941037,-17.007254021229));
#12802=DIRECTION('',(8.1974500047733E-13,0.,-1.));
#12803=VECTOR('',#12802,2.44);
#12804=LINE('',#12801,#12803);
#12805=EDGE_CURVE('',#12793,#11591,#12804,.T.);
#12806=ORIENTED_EDGE('',*,*,#12805,.T.);
#12807=EDGE_LOOP('',(#12790,#12791,#12800,#12806));
#12808=FACE_OUTER_BOUND('',#12807,.T.);
#12809=ADVANCED_FACE('',(#12808),#12789,.F.);
#12810=CARTESIAN_POINT('',(12.080180315791,12.362866941037,-17.247254029043));
#12811=DIRECTION('',(1.,0.,0.));
#12812=DIRECTION('',(-0.,1.,0.));
#12813=AXIS2_PLACEMENT_3D('',#12810,#12812,#12811);
#12814=PLANE('',#12813);
#12815=ORIENTED_EDGE('',*,*,#11605,.F.);
#12816=ORIENTED_EDGE('',*,*,#12805,.F.);
#12817=CARTESIAN_POINT('',(12.830180321601,12.362866941037,-17.00725402123));
#12818=VERTEX_POINT('',#12817);
#12819=CARTESIAN_POINT('',(11.330180315789,12.362866941037,-17.007254021229));
#12820=DIRECTION('',(1.,0.,-6.6791016902657E-13));
#12821=VECTOR('',#12820,1.500000005812);
#12822=LINE('',#12819,#12821);
#12823=EDGE_CURVE('',#12793,#12818,#12822,.T.);
#12824=ORIENTED_EDGE('',*,*,#12823,.T.);
#12825=CARTESIAN_POINT('',(12.830180321601,12.362866941037,-17.00725402123));
#12826=DIRECTION('',(-2.3811473739941E-09,0.,-1.));
#12827=VECTOR('',#12826,2.439999999999);
#12828=LINE('',#12825,#12827);
#12829=EDGE_CURVE('',#12818,#11600,#12828,.T.);
#12830=ORIENTED_EDGE('',*,*,#12829,.T.);
#12831=EDGE_LOOP('',(#12815,#12816,#12824,#12830));
#12832=FACE_OUTER_BOUND('',#12831,.T.);
#12833=ADVANCED_FACE('',(#12832),#12814,.T.);
#12834=CARTESIAN_POINT('',(12.830180315791,10.362866941037,-15.047254037037));
#12835=DIRECTION('',(1.,4.1688430485464E-11,-1.7763568394002E-15));
#12836=DIRECTION('',(-1.2111523948515E-15,-4.0371746495052E-16,-1.));
#12837=AXIS2_PLACEMENT_3D('',#12834,#12836,#12835);
#12838=CYLINDRICAL_SURFACE('',#12837,2.);
#12839=ORIENTED_EDGE('',*,*,#11614,.F.);
#12840=ORIENTED_EDGE('',*,*,#12829,.F.);
#12841=CARTESIAN_POINT('',(13.830180315791,12.094917748605,-17.007254021229));
#12842=VERTEX_POINT('',#12841);
#12843=CARTESIAN_POINT('',(12.830180315791,10.362866941037,-17.007254021229));
#12844=DIRECTION('',(2.9050033489863E-09,1.,-7.1054273576036E-15));
#12845=DIRECTION('',(-1.475771717716E-15,-5.5076549988875E-15,-1.));
#12846=AXIS2_PLACEMENT_3D('',#12843,#12845,#12844);
#12847=CIRCLE('',#12846,1.9999999999993);
#12848=EDGE_CURVE('',#12818,#12842,#12847,.T.);
#12849=ORIENTED_EDGE('',*,*,#12848,.T.);
#12850=CARTESIAN_POINT('',(13.830180315791,12.094917748611,-15.347254021229));
#12851=VERTEX_POINT('',#12850);
#12852=CARTESIAN_POINT('',(13.830180315791,12.094917748605,-17.007254021229));
#12853=DIRECTION('',(0.,3.6137090642498E-12,1.));
#12854=VECTOR('',#12853,1.66);
#12855=LINE('',#12852,#12854);
#12856=EDGE_CURVE('',#12842,#12851,#12855,.T.);
#12857=ORIENTED_EDGE('',*,*,#12856,.T.);
#12858=CARTESIAN_POINT('',(12.830180321601,12.362866941037,-15.347254021229));
#12859=VERTEX_POINT('',#12858);
#12860=CARTESIAN_POINT('',(12.830180315791,10.362866941037,-15.347254021229));
#12861=DIRECTION('',(0.49999999999889,0.86602540378508,-1.7763568394002E-15));
#12862=DIRECTION('',(-2.8930779429884E-15,2.461794143306E-15,1.));
#12863=AXIS2_PLACEMENT_3D('',#12860,#12862,#12861);
#12864=CIRCLE('',#12863,2.);
#12865=EDGE_CURVE('',#12851,#12859,#12864,.T.);
#12866=ORIENTED_EDGE('',*,*,#12865,.T.);
#12867=CARTESIAN_POINT('',(12.830180315791,12.362866941037,-15.047254052488));
#12868=VERTEX_POINT('',#12867);
#12869=CARTESIAN_POINT('',(12.830180321601,12.362866941037,-15.347254021229));
#12870=DIRECTION('',(-1.9366667326419E-08,0.,1.));
#12871=VECTOR('',#12870,0.299999968741);
#12872=LINE('',#12869,#12871);
#12873=EDGE_CURVE('',#12859,#12868,#12872,.T.);
#12874=ORIENTED_EDGE('',*,*,#12873,.T.);
#12875=CARTESIAN_POINT('',(12.830180315791,10.362866941037,-15.047254127942));
#12876=DIRECTION('',(8.8817841970012E-16,1.,3.7730368163125E-08));
#12877=DIRECTION('',(3.7727417945624E-08,3.7730368474334E-08,-1.));
#12878=AXIS2_PLACEMENT_3D('',#12875,#12877,#12876);
#12879=CIRCLE('',#12878,2.);
#12880=EDGE_CURVE('',#12868,#12050,#12879,.T.);
#12881=ORIENTED_EDGE('',*,*,#12880,.T.);
#12882=ORIENTED_EDGE('',*,*,#12079,.F.);
#12883=ORIENTED_EDGE('',*,*,#11891,.F.);
#12884=EDGE_LOOP('',(#12839,#12840,#12849,#12857,#12866,#12874,#12881,#12882,#12883));
#12885=FACE_OUTER_BOUND('',#12884,.T.);
#12886=ADVANCED_FACE('',(#12885),#12838,.T.);
#12887=CARTESIAN_POINT('',(11.330180315791,-12.637133058963,-17.007254021229));
#12888=DIRECTION('',(-1.,-5.0803805606847E-13,0.));
#12889=DIRECTION('',(0.,0.,-1.));
#12890=AXIS2_PLACEMENT_3D('',#12887,#12889,#12888);
#12891=CYLINDRICAL_SURFACE('',#12890,2.);
#12892=ORIENTED_EDGE('',*,*,#11638,.F.);
#12893=ORIENTED_EDGE('',*,*,#12039,.F.);
#12894=ORIENTED_EDGE('',*,*,#12003,.F.);
#12895=ORIENTED_EDGE('',*,*,#11763,.F.);
#12896=EDGE_LOOP('',(#12892,#12893,#12894,#12895));
#12897=FACE_OUTER_BOUND('',#12896,.T.);
#12898=ADVANCED_FACE('',(#12897),#12891,.F.);
#12899=CARTESIAN_POINT('',(7.3301803157907,-18.637133058963,-19.247254036388));
#12900=DIRECTION('',(-3.1086244689504E-15,-1.,-1.4210854715202E-14));
#12901=DIRECTION('',(0.,0.,-1.));
#12902=AXIS2_PLACEMENT_3D('',#12899,#12901,#12900);
#12903=CYLINDRICAL_SURFACE('',#12902,2.);
#12904=ORIENTED_EDGE('',*,*,#11655,.F.);
#12905=ORIENTED_EDGE('',*,*,#11809,.F.);
#12906=ORIENTED_EDGE('',*,*,#12412,.F.);
#12907=CARTESIAN_POINT('',(7.3301803157907,-20.637133058963,-19.247254051198));
#12908=DIRECTION('',(0.,0.,-1.));
#12909=VECTOR('',#12908,0.199999970031);
#12910=LINE('',#12907,#12909);
#12911=EDGE_CURVE('',#12382,#11649,#12910,.T.);
#12912=ORIENTED_EDGE('',*,*,#12911,.T.);
#12913=EDGE_LOOP('',(#12904,#12905,#12906,#12912));
#12914=FACE_OUTER_BOUND('',#12913,.T.);
#12915=ADVANCED_FACE('',(#12914),#12903,.T.);
#12916=CARTESIAN_POINT('',(-2.1698196842093,-20.637133058963,-19.347254021229));
#12917=DIRECTION('',(-1.,0.,3.7396986092637E-16));
#12918=DIRECTION('',(-0.,-1.,-0.));
#12919=AXIS2_PLACEMENT_3D('',#12916,#12918,#12917);
#12920=PLANE('',#12919);
#12921=ORIENTED_EDGE('',*,*,#11663,.F.);
#12922=ORIENTED_EDGE('',*,*,#12911,.F.);
#12923=ORIENTED_EDGE('',*,*,#12387,.F.);
#12924=CARTESIAN_POINT('',(-11.669819684209,-20.637133058963,-19.247254036213));
#12925=DIRECTION('',(0.,0.,-1.));
#12926=VECTOR('',#12925,0.199999985016);
#12927=LINE('',#12924,#12926);
#12928=EDGE_CURVE('',#12359,#11658,#12927,.T.);
#12929=ORIENTED_EDGE('',*,*,#12928,.T.);
#12930=EDGE_LOOP('',(#12921,#12922,#12923,#12929));
#12931=FACE_OUTER_BOUND('',#12930,.T.);
#12932=ADVANCED_FACE('',(#12931),#12920,.T.);
#12933=CARTESIAN_POINT('',(-11.669819684209,-18.637133058963,-19.247254029911));
#12934=DIRECTION('',(-1.,7.105427357601E-15,2.1316282072803E-14));
#12935=DIRECTION('',(-8.8817845825437E-15,0.,-1.));
#12936=AXIS2_PLACEMENT_3D('',#12933,#12935,#12934);
#12937=CYLINDRICAL_SURFACE('',#12936,2.);
#12938=ORIENTED_EDGE('',*,*,#11672,.F.);
#12939=ORIENTED_EDGE('',*,*,#12928,.F.);
#12940=ORIENTED_EDGE('',*,*,#12365,.F.);
#12941=CARTESIAN_POINT('',(-13.669819684209,-18.637133058963,-19.247254038538));
#12942=DIRECTION('',(0.,0.,-1.));
#12943=VECTOR('',#12942,0.199999982691);
#12944=LINE('',#12941,#12943);
#12945=EDGE_CURVE('',#12335,#11666,#12944,.T.);
#12946=ORIENTED_EDGE('',*,*,#12945,.T.);
#12947=EDGE_LOOP('',(#12938,#12939,#12940,#12946));
#12948=FACE_OUTER_BOUND('',#12947,.T.);
#12949=ADVANCED_FACE('',(#12948),#12937,.T.);
#12950=CARTESIAN_POINT('',(-13.669819684209,-15.637133058963,-13.597254021229));
#12951=DIRECTION('',(0.,1.,0.));
#12952=DIRECTION('',(-1.,0.,0.));
#12953=AXIS2_PLACEMENT_3D('',#12950,#12952,#12951);
#12954=PLANE('',#12953);
#12955=ORIENTED_EDGE('',*,*,#11680,.F.);
#12956=ORIENTED_EDGE('',*,*,#12945,.F.);
#12957=ORIENTED_EDGE('',*,*,#12340,.F.);
#12958=CARTESIAN_POINT('',(-13.669819684209,-18.137133058952,-15.047254024235));
#12959=VERTEX_POINT('',#12958);
#12960=CARTESIAN_POINT('',(-13.669819684209,-18.137133058963,-19.247254021229));
#12961=DIRECTION('',(0.,2.6188575136759E-12,1.));
#12962=VECTOR('',#12961,4.199999996994);
#12963=LINE('',#12960,#12962);
#12964=EDGE_CURVE('',#12311,#12959,#12963,.T.);
#12965=ORIENTED_EDGE('',*,*,#12964,.T.);
#12966=CARTESIAN_POINT('',(-13.669819684209,-12.637133058963,-15.047254026567));
#12967=VERTEX_POINT('',#12966);
#12968=CARTESIAN_POINT('',(-13.669819684209,-18.137133058952,-15.047254024235));
#12969=DIRECTION('',(0.,1.,-4.2399990589318E-10));
#12970=VECTOR('',#12969,5.499999999989);
#12971=LINE('',#12968,#12970);
#12972=EDGE_CURVE('',#12959,#12967,#12971,.T.);
#12973=ORIENTED_EDGE('',*,*,#12972,.T.);
#12974=CARTESIAN_POINT('',(-13.669819684209,-12.637133242094,-15.347254020285));
#12975=VERTEX_POINT('',#12974);
#12976=CARTESIAN_POINT('',(-13.669819684209,-12.637133058963,-15.047254026567));
#12977=DIRECTION('',(0.,-6.104366799228E-07,-0.99999999999981));
#12978=VECTOR('',#12977,0.29999999371806);
#12979=LINE('',#12976,#12978);
#12980=EDGE_CURVE('',#12967,#12975,#12979,.T.);
#12981=ORIENTED_EDGE('',*,*,#12980,.T.);
#12982=CARTESIAN_POINT('',(-13.669819684209,-15.187133058963,-15.347254021229));
#12983=VERTEX_POINT('',#12982);
#12984=CARTESIAN_POINT('',(-13.669819684209,-12.637133242094,-15.347254020285));
#12985=DIRECTION('',(0.,-1.,-3.7019627496968E-10));
#12986=VECTOR('',#12985,2.549999816869);
#12987=LINE('',#12984,#12986);
#12988=EDGE_CURVE('',#12975,#12983,#12987,.T.);
#12989=ORIENTED_EDGE('',*,*,#12988,.T.);
#12990=CARTESIAN_POINT('',(-13.669819684209,-15.187133058963,-17.007254021229));
#12991=VERTEX_POINT('',#12990);
#12992=CARTESIAN_POINT('',(-13.669819684209,-15.187133058963,-15.347254021229));
#12993=DIRECTION('',(0.,0.,-1.));
#12994=VECTOR('',#12993,1.66);
#12995=LINE('',#12992,#12994);
#12996=EDGE_CURVE('',#12983,#12991,#12995,.T.);
#12997=ORIENTED_EDGE('',*,*,#12996,.T.);
#12998=CARTESIAN_POINT('',(-13.669819684209,-12.637133242093,-17.007254021229));
#12999=VERTEX_POINT('',#12998);
#13000=CARTESIAN_POINT('',(-13.669819684209,-15.187133058963,-17.007254021229));
#13001=DIRECTION('',(0.,1.,0.));
#13002=VECTOR('',#13001,2.54999981687);
#13003=LINE('',#13000,#13002);
#13004=EDGE_CURVE('',#12991,#12999,#13003,.T.);
#13005=ORIENTED_EDGE('',*,*,#13004,.T.);
#13006=CARTESIAN_POINT('',(-13.669819684209,-12.637133242093,-17.007254021229));
#13007=DIRECTION('',(0.,7.5053278710332E-08,-1.));
#13008=VECTOR('',#13007,2.44);
#13009=LINE('',#13006,#13008);
#13010=EDGE_CURVE('',#12999,#11675,#13009,.T.);
#13011=ORIENTED_EDGE('',*,*,#13010,.T.);
#13012=EDGE_LOOP('',(#12955,#12956,#12957,#12965,#12973,#12981,#12989,#12997,#13005,#13011));
#13013=FACE_OUTER_BOUND('',#13012,.T.);
#13014=ADVANCED_FACE('',(#13013),#12954,.T.);
#13015=CARTESIAN_POINT('',(-15.669819684209,-12.637133058963,-17.007254021229));
#13016=DIRECTION('',(5.0803805606847E-13,1.,-1.7763568394002E-15));
#13017=DIRECTION('',(-7.2801509811485E-16,-2.1840452943446E-15,-1.));
#13018=AXIS2_PLACEMENT_3D('',#13015,#13017,#13016);
#13019=CYLINDRICAL_SURFACE('',#13018,2.);
#13020=ORIENTED_EDGE('',*,*,#11689,.F.);
#13021=ORIENTED_EDGE('',*,*,#13010,.F.);
#13022=CARTESIAN_POINT('',(-15.669819684207,-10.637133058963,-17.007254021229));
#13023=VERTEX_POINT('',#13022);
#13024=CARTESIAN_POINT('',(-15.669819684209,-12.637133058963,-17.007254021229));
#13025=DIRECTION('',(1.,-9.1565000026605E-08,3.5527136788005E-15));
#13026=DIRECTION('',(-3.3687136782999E-15,-1.3953666222683E-15,1.));
#13027=AXIS2_PLACEMENT_3D('',#13024,#13026,#13025);
#13028=CIRCLE('',#13027,2.);
#13029=EDGE_CURVE('',#12999,#13023,#13028,.T.);
#13030=ORIENTED_EDGE('',*,*,#13029,.T.);
#13031=CARTESIAN_POINT('',(-15.669819684207,-10.637133058963,-17.007254021229));
#13032=DIRECTION('',(-8.1901698537921E-13,0.,-1.));
#13033=VECTOR('',#13032,2.44);
#13034=LINE('',#13031,#13033);
#13035=EDGE_CURVE('',#13023,#11683,#13034,.T.);
#13036=ORIENTED_EDGE('',*,*,#13035,.T.);
#13037=EDGE_LOOP('',(#13020,#13021,#13030,#13036));
#13038=FACE_OUTER_BOUND('',#13037,.T.);
#13039=ADVANCED_FACE('',(#13038),#13019,.F.);
#13040=CARTESIAN_POINT('',(-16.419819684209,-10.637133058963,-17.247254029043));
#13041=DIRECTION('',(-1.,0.,0.));
#13042=DIRECTION('',(-0.,-1.,-0.));
#13043=AXIS2_PLACEMENT_3D('',#13040,#13042,#13041);
#13044=PLANE('',#13043);
#13045=ORIENTED_EDGE('',*,*,#11697,.F.);
#13046=ORIENTED_EDGE('',*,*,#13035,.F.);
#13047=CARTESIAN_POINT('',(-17.169819690019,-10.637133058963,-17.007254021229));
#13048=VERTEX_POINT('',#13047);
#13049=CARTESIAN_POINT('',(-15.669819684207,-10.637133058963,-17.007254021229));
#13050=DIRECTION('',(-1.,0.,0.));
#13051=VECTOR('',#13050,1.500000005812);
#13052=LINE('',#13049,#13051);
#13053=EDGE_CURVE('',#13023,#13048,#13052,.T.);
#13054=ORIENTED_EDGE('',*,*,#13053,.T.);
#13055=CARTESIAN_POINT('',(-17.169819690019,-10.637133058963,-17.007254021229));
#13056=DIRECTION('',(2.3811481020082E-09,0.,-1.));
#13057=VECTOR('',#13056,2.44);
#13058=LINE('',#13055,#13057);
#13059=EDGE_CURVE('',#13048,#11692,#13058,.T.);
#13060=ORIENTED_EDGE('',*,*,#13059,.T.);
#13061=EDGE_LOOP('',(#13045,#13046,#13054,#13060));
#13062=FACE_OUTER_BOUND('',#13061,.T.);
#13063=ADVANCED_FACE('',(#13062),#13044,.T.);
#13064=CARTESIAN_POINT('',(-17.169819684209,-8.6371330589626,-15.047254037037));
#13065=DIRECTION('',(-1.,-4.1682213236527E-11,0.));
#13066=DIRECTION('',(0.,-8.0743492990103E-16,-1.));
#13067=AXIS2_PLACEMENT_3D('',#13064,#13066,#13065);
#13068=CYLINDRICAL_SURFACE('',#13067,2.);
#13069=ORIENTED_EDGE('',*,*,#11706,.F.);
#13070=ORIENTED_EDGE('',*,*,#13059,.F.);
#13071=CARTESIAN_POINT('',(-18.169819684209,-10.369183866531,-17.007254021229));
#13072=VERTEX_POINT('',#13071);
#13073=CARTESIAN_POINT('',(-17.169819684209,-8.6371330589626,-17.007254021229));
#13074=DIRECTION('',(-2.9050006844506E-09,-1.,3.5527136788012E-15));
#13075=DIRECTION('',(-4.5796741917992E-15,-3.832668712575E-15,-1.));
#13076=AXIS2_PLACEMENT_3D('',#13073,#13075,#13074);
#13077=CIRCLE('',#13076,1.9999999999996);
#13078=EDGE_CURVE('',#13048,#13072,#13077,.T.);
#13079=ORIENTED_EDGE('',*,*,#13078,.T.);
#13080=CARTESIAN_POINT('',(-18.169819684209,-10.369183866537,-15.347254021229));
#13081=VERTEX_POINT('',#13080);
#13082=CARTESIAN_POINT('',(-18.169819684209,-10.369183866531,-17.007254021229));
#13083=DIRECTION('',(0.,-3.6147791587314E-12,1.));
#13084=VECTOR('',#13083,1.66);
#13085=LINE('',#13082,#13084);
#13086=EDGE_CURVE('',#13072,#13081,#13085,.T.);
#13087=ORIENTED_EDGE('',*,*,#13086,.T.);
#13088=CARTESIAN_POINT('',(-17.169819690019,-10.637133058963,-15.347254021229));
#13089=VERTEX_POINT('',#13088);
#13090=CARTESIAN_POINT('',(-17.169819684209,-8.6371330589626,-15.347254021229));
#13091=DIRECTION('',(-0.4999999999988,-0.86602540378513,1.1546319456099E-14));
#13092=DIRECTION('',(1.5050044639453E-15,1.2246207069491E-14,1.));
#13093=AXIS2_PLACEMENT_3D('',#13090,#13092,#13091);
#13094=CIRCLE('',#13093,2.0000000000004);
#13095=EDGE_CURVE('',#13081,#13089,#13094,.T.);
#13096=ORIENTED_EDGE('',*,*,#13095,.T.);
#13097=CARTESIAN_POINT('',(-17.169819684209,-10.637133058963,-15.047254052488));
#13098=VERTEX_POINT('',#13097);
#13099=CARTESIAN_POINT('',(-17.169819690019,-10.637133058963,-15.347254021229));
#13100=DIRECTION('',(1.9366673247609E-08,0.,1.));
#13101=VECTOR('',#13100,0.299999968741);
#13102=LINE('',#13099,#13101);
#13103=EDGE_CURVE('',#13089,#13098,#13102,.T.);
#13104=ORIENTED_EDGE('',*,*,#13103,.T.);
#13105=CARTESIAN_POINT('',(-19.169819684209,-8.6371330589626,-15.047254041382));
#13106=VERTEX_POINT('',#13105);
#13107=CARTESIAN_POINT('',(-17.169819684209,-8.6371330589626,-15.047254127942));
#13108=DIRECTION('',(-1.7763568394002E-15,-1.,3.7730363722233E-08));
#13109=DIRECTION('',(-3.7727411696814E-08,-3.7730364001881E-08,-1.));
#13110=AXIS2_PLACEMENT_3D('',#13107,#13109,#13108);
#13111=CIRCLE('',#13110,2.);
#13112=EDGE_CURVE('',#13098,#13106,#13111,.T.);
#13113=ORIENTED_EDGE('',*,*,#13112,.T.);
#13114=CARTESIAN_POINT('',(-19.169819684209,-8.6371330589626,-15.047254041382));
#13115=DIRECTION('',(0.,0.,-1.));
#13116=VECTOR('',#13115,4.199999983599);
#13117=LINE('',#13114,#13116);
#13118=EDGE_CURVE('',#13106,#12230,#13117,.T.);
#13119=ORIENTED_EDGE('',*,*,#13118,.T.);
#13120=CARTESIAN_POINT('',(-19.169819684209,-8.6371330589626,-19.247254024981));
#13121=DIRECTION('',(0.,0.,-1.));
#13122=VECTOR('',#13121,0.199999996248);
#13123=LINE('',#13120,#13122);
#13124=EDGE_CURVE('',#12230,#11700,#13123,.T.);
#13125=ORIENTED_EDGE('',*,*,#13124,.T.);
#13126=EDGE_LOOP('',(#13069,#13070,#13079,#13087,#13096,#13104,#13113,#13119,#13125));
#13127=FACE_OUTER_BOUND('',#13126,.T.);
#13128=ADVANCED_FACE('',(#13127),#13068,.T.);
#13129=CARTESIAN_POINT('',(-19.169819684209,0.86286694103744,-14.197254020772));
#13130=DIRECTION('',(0.,1.,0.));
#13131=DIRECTION('',(-1.,0.,0.));
#13132=AXIS2_PLACEMENT_3D('',#13129,#13131,#13130);
#13133=PLANE('',#13132);
#13134=ORIENTED_EDGE('',*,*,#11714,.F.);
#13135=ORIENTED_EDGE('',*,*,#13124,.F.);
#13136=ORIENTED_EDGE('',*,*,#12235,.F.);
#13137=CARTESIAN_POINT('',(-19.169819684209,10.362866941037,-19.247254024137));
#13138=DIRECTION('',(0.,0.,-1.));
#13139=VECTOR('',#13138,0.199999997092);
#13140=LINE('',#13137,#13139);
#13141=EDGE_CURVE('',#12222,#11709,#13140,.T.);
#13142=ORIENTED_EDGE('',*,*,#13141,.T.);
#13143=EDGE_LOOP('',(#13134,#13135,#13136,#13142));
#13144=FACE_OUTER_BOUND('',#13143,.T.);
#13145=ADVANCED_FACE('',(#13144),#13133,.T.);
#13146=CARTESIAN_POINT('',(-17.169819684209,10.362866941037,-15.047254037041));
#13147=DIRECTION('',(1.2633487855851E-07,0.99999999999999,0.));
#13148=DIRECTION('',(1.6148698598034E-15,-8.0743492990171E-16,-1.));
#13149=AXIS2_PLACEMENT_3D('',#13146,#13148,#13147);
#13150=CYLINDRICAL_SURFACE('',#13149,2.);
#13151=ORIENTED_EDGE('',*,*,#11723,.F.);
#13152=ORIENTED_EDGE('',*,*,#13141,.F.);
#13153=CARTESIAN_POINT('',(-19.169819684209,10.362866941037,-15.047254041382));
#13154=VERTEX_POINT('',#13153);
#13155=CARTESIAN_POINT('',(-19.169819684209,10.362866941037,-19.247254024137));
#13156=DIRECTION('',(0.,0.,1.));
#13157=VECTOR('',#13156,4.199999982755);
#13158=LINE('',#13155,#13157);
#13159=EDGE_CURVE('',#12222,#13154,#13158,.T.);
#13160=ORIENTED_EDGE('',*,*,#13159,.T.);
#13161=CARTESIAN_POINT('',(-17.169819684209,12.362866941037,-15.047254052488));
#13162=VERTEX_POINT('',#13161);
#13163=CARTESIAN_POINT('',(-17.169819684209,10.362866941037,-15.047254127942));
#13164=DIRECTION('',(-1.,0.,3.7727417634414E-08));
#13165=DIRECTION('',(-3.7727416873498E-08,3.7730367402208E-08,-1.));
#13166=AXIS2_PLACEMENT_3D('',#13163,#13165,#13164);
#13167=CIRCLE('',#13166,2.);
#13168=EDGE_CURVE('',#13154,#13162,#13167,.T.);
#13169=ORIENTED_EDGE('',*,*,#13168,.T.);
#13170=CARTESIAN_POINT('',(-17.169819699153,12.362866941037,-15.347254021229));
#13171=VERTEX_POINT('',#13170);
#13172=CARTESIAN_POINT('',(-17.169819684209,12.362866941037,-15.047254052488));
#13173=DIRECTION('',(-4.9813337908339E-08,0.,-1.));
#13174=VECTOR('',#13173,0.299999968741);
#13175=LINE('',#13172,#13174);
#13176=EDGE_CURVE('',#13162,#13171,#13175,.T.);
#13177=ORIENTED_EDGE('',*,*,#13176,.T.);
#13178=CARTESIAN_POINT('',(-18.169819684209,12.094917748615,-15.347254021229));
#13179=VERTEX_POINT('',#13178);
#13180=CARTESIAN_POINT('',(-17.169819684209,10.362866941037,-15.347254021229));
#13181=DIRECTION('',(-7.4719963549502E-09,1.,2.6645352590899E-15));
#13182=DIRECTION('',(6.324736096674E-16,-2.3604236104618E-15,1.));
#13183=AXIS2_PLACEMENT_3D('',#13180,#13182,#13181);
#13184=CIRCLE('',#13183,2.0000000000079);
#13185=EDGE_CURVE('',#13171,#13179,#13184,.T.);
#13186=ORIENTED_EDGE('',*,*,#13185,.T.);
#13187=CARTESIAN_POINT('',(-18.169819684209,12.094917748605,-17.007254021229));
#13188=VERTEX_POINT('',#13187);
#13189=CARTESIAN_POINT('',(-18.169819684209,12.094917748615,-15.347254021229));
#13190=DIRECTION('',(0.,-6.0235618367374E-12,-1.));
#13191=VECTOR('',#13190,1.66);
#13192=LINE('',#13189,#13191);
#13193=EDGE_CURVE('',#13179,#13188,#13192,.T.);
#13194=ORIENTED_EDGE('',*,*,#13193,.T.);
#13195=CARTESIAN_POINT('',(-17.169819699153,12.362866941037,-17.007254021229));
#13196=VERTEX_POINT('',#13195);
#13197=CARTESIAN_POINT('',(-17.169819684209,10.362866941037,-17.007254021229));
#13198=DIRECTION('',(-0.50000000000019,0.86602540378433,-8.8817841970012E-15));
#13199=DIRECTION('',(2.1082453655562E-15,-7.8680787014932E-15,-1.));
#13200=AXIS2_PLACEMENT_3D('',#13197,#13199,#13198);
#13201=CIRCLE('',#13200,2.);
#13202=EDGE_CURVE('',#13188,#13196,#13201,.T.);
#13203=ORIENTED_EDGE('',*,*,#13202,.T.);
#13204=CARTESIAN_POINT('',(-17.169819699153,12.362866941037,-17.007254021229));
#13205=DIRECTION('',(6.1245900882732E-09,0.,-1.));
#13206=VECTOR('',#13205,2.44);
#13207=LINE('',#13204,#13206);
#13208=EDGE_CURVE('',#13196,#11717,#13207,.T.);
#13209=ORIENTED_EDGE('',*,*,#13208,.T.);
#13210=EDGE_LOOP('',(#13151,#13152,#13160,#13169,#13177,#13186,#13194,#13203,#13209));
#13211=FACE_OUTER_BOUND('',#13210,.T.);
#13212=ADVANCED_FACE('',(#13211),#13150,.T.);
#13213=CARTESIAN_POINT('',(-16.419819684209,12.362866941037,-17.247254029043));
#13214=DIRECTION('',(1.,0.,0.));
#13215=DIRECTION('',(-0.,1.,0.));
#13216=AXIS2_PLACEMENT_3D('',#13213,#13215,#13214);
#13217=PLANE('',#13216);
#13218=ORIENTED_EDGE('',*,*,#11729,.F.);
#13219=ORIENTED_EDGE('',*,*,#13208,.F.);
#13220=CARTESIAN_POINT('',(-17.169819699153,12.362866941037,-17.007254021229));
#13221=DIRECTION('',(1.,0.,-1.0520012709308E-09));
#13222=VECTOR('',#13221,1.499999831644);
#13223=LINE('',#13220,#13222);
#13224=EDGE_CURVE('',#13196,#12581,#13223,.T.);
#13225=ORIENTED_EDGE('',*,*,#13224,.T.);
#13226=ORIENTED_EDGE('',*,*,#12586,.F.);
#13227=EDGE_LOOP('',(#13218,#13219,#13225,#13226));
#13228=FACE_OUTER_BOUND('',#13227,.T.);
#13229=ADVANCED_FACE('',(#13228),#13217,.T.);
#13230=CARTESIAN_POINT('',(-2.1698196842094,-15.187133058963,-16.177254021229));
#13231=DIRECTION('',(1.,-2.2204460492503E-16,0.));
#13232=DIRECTION('',(-2.2204460492503E-16,-1.,0.));
#13233=AXIS2_PLACEMENT_3D('',#13230,#13232,#13231);
#13234=PLANE('',#13233);
#13235=ORIENTED_EDGE('',*,*,#11971,.F.);
#13236=ORIENTED_EDGE('',*,*,#11919,.F.);
#13237=ORIENTED_EDGE('',*,*,#11779,.F.);
#13238=ORIENTED_EDGE('',*,*,#11993,.F.);
#13239=EDGE_LOOP('',(#13235,#13236,#13237,#13238));
#13240=FACE_OUTER_BOUND('',#13239,.T.);
#13241=ADVANCED_FACE('',(#13240),#13234,.T.);
#13242=CARTESIAN_POINT('',(11.708859972231,-13.065812715403,-16.907254021229));
#13243=DIRECTION('',(1.,8.5839359283474E-14,-3.8502109084615E-15));
#13244=DIRECTION('',(3.8502109084616E-15,-1.7371553432146E-15,1.));
#13245=AXIS2_PLACEMENT_3D('',#13242,#13244,#13243);
#13246=TOROIDAL_SURFACE('',#13245,1.0999999999999,0.1);
#13247=ORIENTED_EDGE('',*,*,#11875,.F.);
#13248=CARTESIAN_POINT('',(12.808859972231,-13.065812715403,-17.007254021229));
#13249=VERTEX_POINT('',#13248);
#13250=CARTESIAN_POINT('',(12.808859972231,-13.065812715403,-16.907254021229));
#13251=DIRECTION('',(-1.,0.,0.));
#13252=DIRECTION('',(-5.360630966618E-15,-1.,-5.3606309666179E-15));
#13253=AXIS2_PLACEMENT_3D('',#13250,#13252,#13251);
#13254=CIRCLE('',#13253,0.1);
#13255=EDGE_CURVE('',#11863,#13249,#13254,.T.);
#13256=ORIENTED_EDGE('',*,*,#13255,.T.);
#13257=CARTESIAN_POINT('',(12.497699786648,-12.29901761121,-17.007253960242));
#13258=VERTEX_POINT('',#13257);
#13259=CARTESIAN_POINT('',(11.708859972231,-13.065812715403,-17.007254021229));
#13260=DIRECTION('',(1.,0.,3.2297397080005E-15));
#13261=DIRECTION('',(-2.5470475799743E-15,-1.0339412633148E-15,1.));
#13262=AXIS2_PLACEMENT_3D('',#13259,#13261,#13260);
#13263=CIRCLE('',#13262,1.1);
#13264=EDGE_CURVE('',#13249,#13258,#13263,.T.);
#13265=ORIENTED_EDGE('',*,*,#13264,.T.);
#13266=CARTESIAN_POINT('',(12.475655076419,-12.276972900981,-17.007253960242));
#13267=VERTEX_POINT('',#13266);
#13268=CARTESIAN_POINT('',(11.708859972235,-13.065812715399,-17.007254021231));
#13269=DIRECTION('',(0.71705511037087,0.69701647662808,2.0539082381547E-12));
#13270=DIRECTION('',(-1.4528814957739E-12,-1.4528814957832E-12,1.));
#13271=AXIS2_PLACEMENT_3D('',#13268,#13270,#13269);
#13272=CIRCLE('',#13271,1.1001104420065);
#13273=EDGE_CURVE('',#13258,#13267,#13272,.T.);
#13274=ORIENTED_EDGE('',*,*,#13273,.T.);
#13275=CARTESIAN_POINT('',(10.920020157814,-13.832607819596,-17.007253990735));
#13276=VERTEX_POINT('',#13275);
#13277=CARTESIAN_POINT('',(11.708859972231,-13.065812715403,-17.007254021229));
#13278=DIRECTION('',(0.69701647662352,0.7170551103753,3.2294154687803E-15));
#13279=DIRECTION('',(-2.2899020979946E-15,-1.4183964565167E-15,1.));
#13280=AXIS2_PLACEMENT_3D('',#13277,#13279,#13278);
#13281=CIRCLE('',#13280,1.1001104420121);
#13282=EDGE_CURVE('',#13267,#13276,#13281,.T.);
#13283=ORIENTED_EDGE('',*,*,#13282,.T.);
#13284=CARTESIAN_POINT('',(10.942064868038,-13.85465252982,-17.007253990735));
#13285=VERTEX_POINT('',#13284);
#13286=CARTESIAN_POINT('',(11.70885997223,-13.065812715404,-17.007254021228));
#13287=DIRECTION('',(-0.71705511037086,-0.69701647662808,-4.8118290484877E-13));
#13288=DIRECTION('',(-3.4083364297833E-13,-3.408336429783E-13,1.));
#13289=AXIS2_PLACEMENT_3D('',#13286,#13288,#13287);
#13290=CIRCLE('',#13289,1.1001104420109);
#13291=EDGE_CURVE('',#13276,#13285,#13290,.T.);
#13292=ORIENTED_EDGE('',*,*,#13291,.T.);
#13293=CARTESIAN_POINT('',(11.708859972231,-13.065812715403,-17.007254021229));
#13294=DIRECTION('',(-0.69701647662813,-0.71705511037082,0.));
#13295=DIRECTION('',(-2.6479014326081E-15,1.730461742939E-15,1.));
#13296=AXIS2_PLACEMENT_3D('',#13293,#13295,#13294);
#13297=CIRCLE('',#13296,1.100110442012);
#13298=EDGE_CURVE('',#13285,#13249,#13297,.T.);
#13299=ORIENTED_EDGE('',*,*,#13298,.T.);
#13300=ORIENTED_EDGE('',*,*,#13255,.F.);
#13301=EDGE_LOOP('',(#13247,#13256,#13265,#13274,#13283,#13292,#13299,#13300));
#13302=FACE_OUTER_BOUND('',#13301,.T.);
#13303=ADVANCED_FACE('',(#13302),#13246,.F.);
#13304=CARTESIAN_POINT('',(10.931042512927,-13.843630174709,-16.177254021229));
#13305=DIRECTION('',(-0.70710678118655,0.70710678118655,0.));
#13306=DIRECTION('',(0.70710678118655,0.70710678118655,-0.));
#13307=AXIS2_PLACEMENT_3D('',#13304,#13306,#13305);
#13308=PLANE('',#13307);
#13309=CARTESIAN_POINT('',(11.213885225401,-14.126472887183,-17.007254021229));
#13310=VERTEX_POINT('',#13309);
#13311=CARTESIAN_POINT('',(11.213885225401,-14.126472887183,-15.347254021229));
#13312=DIRECTION('',(0.,0.,-1.));
#13313=VECTOR('',#13312,1.66);
#13314=LINE('',#13311,#13313);
#13315=EDGE_CURVE('',#11924,#13310,#13314,.T.);
#13316=ORIENTED_EDGE('',*,*,#13315,.T.);
#13317=CARTESIAN_POINT('',(11.213885225401,-14.126472887183,-17.007254021229));
#13318=DIRECTION('',(-0.70710678118654,0.70710678118655,7.9326340918246E-08));
#13319=VECTOR('',#13318,0.38441203591186);
#13320=LINE('',#13317,#13319);
#13321=EDGE_CURVE('',#13310,#13285,#13320,.T.);
#13322=ORIENTED_EDGE('',*,*,#13321,.T.);
#13323=ORIENTED_EDGE('',*,*,#13291,.F.);
#13324=CARTESIAN_POINT('',(10.648199800452,-13.560787462234,-17.007254021229));
#13325=VERTEX_POINT('',#13324);
#13326=CARTESIAN_POINT('',(10.920020157814,-13.832607819596,-17.007253990735));
#13327=DIRECTION('',(-0.70710678118655,0.70710678118655,-7.9326340918538E-08));
#13328=VECTOR('',#13327,0.38441203591044);
#13329=LINE('',#13326,#13328);
#13330=EDGE_CURVE('',#13276,#13325,#13329,.T.);
#13331=ORIENTED_EDGE('',*,*,#13330,.T.);
#13332=CARTESIAN_POINT('',(10.648199800452,-13.560787462234,-17.007254021229));
#13333=DIRECTION('',(0.,0.,1.));
#13334=VECTOR('',#13333,1.66);
#13335=LINE('',#13332,#13334);
#13336=EDGE_CURVE('',#13325,#11926,#13335,.T.);
#13337=ORIENTED_EDGE('',*,*,#13336,.T.);
#13338=ORIENTED_EDGE('',*,*,#11931,.F.);
#13339=EDGE_LOOP('',(#13316,#13322,#13323,#13331,#13337,#13338));
#13340=FACE_OUTER_BOUND('',#13339,.T.);
#13341=ADVANCED_FACE('',(#13340),#13308,.T.);
#13342=CARTESIAN_POINT('',(11.426017259757,-12.782970002929,-15.347254021229));
#13343=DIRECTION('',(-0.70710678118656,-0.70710678118654,0.));
#13344=DIRECTION('',(2.1401889631328E-15,-1.0700944815664E-15,-1.));
#13345=AXIS2_PLACEMENT_3D('',#13342,#13344,#13343);
#13346=CYLINDRICAL_SURFACE('',#13345,1.0999999999997);
#13347=ORIENTED_EDGE('',*,*,#13336,.F.);
#13348=CARTESIAN_POINT('',(12.203834719062,-12.005152543624,-17.007254021229));
#13349=VERTEX_POINT('',#13348);
#13350=CARTESIAN_POINT('',(11.426017259757,-12.782970002929,-17.007254021229));
#13351=DIRECTION('',(-0.70710678118655,-0.70710678118655,0.));
#13352=DIRECTION('',(0.,0.,-1.));
#13353=AXIS2_PLACEMENT_3D('',#13350,#13352,#13351);
#13354=CIRCLE('',#13353,1.0999999999997);
#13355=EDGE_CURVE('',#13325,#13349,#13354,.T.);
#13356=ORIENTED_EDGE('',*,*,#13355,.T.);
#13357=CARTESIAN_POINT('',(12.203834719062,-12.005152543624,-17.007254021229));
#13358=DIRECTION('',(0.,0.,1.));
#13359=VECTOR('',#13358,1.66);
#13360=LINE('',#13357,#13359);
#13361=EDGE_CURVE('',#13349,#11934,#13360,.T.);
#13362=ORIENTED_EDGE('',*,*,#13361,.T.);
#13363=ORIENTED_EDGE('',*,*,#11940,.F.);
#13364=EDGE_LOOP('',(#13347,#13356,#13362,#13363));
#13365=FACE_OUTER_BOUND('',#13364,.T.);
#13366=ADVANCED_FACE('',(#13365),#13346,.F.);
#13367=CARTESIAN_POINT('',(12.486677431537,-12.287995256099,-16.177254021229));
#13368=DIRECTION('',(0.70710678118655,-0.70710678118655,0.));
#13369=DIRECTION('',(-0.70710678118655,-0.70710678118655,0.));
#13370=AXIS2_PLACEMENT_3D('',#13367,#13369,#13368);
#13371=PLANE('',#13370);
#13372=ORIENTED_EDGE('',*,*,#13361,.F.);
#13373=CARTESIAN_POINT('',(12.203834719062,-12.005152543624,-17.007254021229));
#13374=DIRECTION('',(0.70710678118654,-0.70710678118654,1.5865007561239E-07));
#13375=VECTOR('',#13374,0.38441203590338);
#13376=LINE('',#13373,#13375);
#13377=EDGE_CURVE('',#13349,#13267,#13376,.T.);
#13378=ORIENTED_EDGE('',*,*,#13377,.T.);
#13379=ORIENTED_EDGE('',*,*,#13273,.F.);
#13380=CARTESIAN_POINT('',(12.769520144011,-12.570837968573,-17.007254021229));
#13381=VERTEX_POINT('',#13380);
#13382=CARTESIAN_POINT('',(12.497699786648,-12.29901761121,-17.007253960242));
#13383=DIRECTION('',(0.70710678118654,-0.70710678118654,-1.5865007560889E-07));
#13384=VECTOR('',#13383,0.38441203591186);
#13385=LINE('',#13382,#13384);
#13386=EDGE_CURVE('',#13258,#13381,#13385,.T.);
#13387=ORIENTED_EDGE('',*,*,#13386,.T.);
#13388=CARTESIAN_POINT('',(12.769520144011,-12.570837968573,-17.007254021229));
#13389=DIRECTION('',(0.,0.,1.));
#13390=VECTOR('',#13389,1.66);
#13391=LINE('',#13388,#13390);
#13392=EDGE_CURVE('',#13381,#11943,#13391,.T.);
#13393=ORIENTED_EDGE('',*,*,#13392,.T.);
#13394=ORIENTED_EDGE('',*,*,#11948,.F.);
#13395=EDGE_LOOP('',(#13372,#13378,#13379,#13387,#13393,#13394));
#13396=FACE_OUTER_BOUND('',#13395,.T.);
#13397=ADVANCED_FACE('',(#13396),#13371,.T.);
#13398=CARTESIAN_POINT('',(11.991702684706,-13.348655427878,-15.347254021229));
#13399=DIRECTION('',(0.70710678118656,0.70710678118653,0.));
#13400=DIRECTION('',(2.1401889631328E-15,-2.1401889631328E-15,-1.));
#13401=AXIS2_PLACEMENT_3D('',#13398,#13400,#13399);
#13402=CYLINDRICAL_SURFACE('',#13401,1.0999999999997);
#13403=ORIENTED_EDGE('',*,*,#13392,.F.);
#13404=CARTESIAN_POINT('',(11.991702684706,-13.348655427878,-17.007254021229));
#13405=DIRECTION('',(0.70710678118655,0.70710678118655,0.));
#13406=DIRECTION('',(-0.,-0.,-1.));
#13407=AXIS2_PLACEMENT_3D('',#13404,#13406,#13405);
#13408=CIRCLE('',#13407,1.0999999999997);
#13409=EDGE_CURVE('',#13381,#13310,#13408,.T.);
#13410=ORIENTED_EDGE('',*,*,#13409,.T.);
#13411=ORIENTED_EDGE('',*,*,#13315,.F.);
#13412=ORIENTED_EDGE('',*,*,#11955,.F.);
#13413=EDGE_LOOP('',(#13403,#13410,#13411,#13412));
#13414=FACE_OUTER_BOUND('',#13413,.T.);
#13415=ADVANCED_FACE('',(#13414),#13402,.F.);
#13416=CARTESIAN_POINT('',(11.708859972231,-13.065812715403,-17.007254021229));
#13417=DIRECTION('',(1.,1.0150610510859E-15,0.));
#13418=DIRECTION('',(0.,0.,-1.));
#13419=AXIS2_PLACEMENT_3D('',#13416,#13418,#13417);
#13420=CYLINDRICAL_SURFACE('',#13419,1.75);
#13421=ORIENTED_EDGE('',*,*,#12022,.F.);
#13422=CARTESIAN_POINT('',(13.458859972231,-13.065812715403,-18.053035009173));
#13423=VERTEX_POINT('',#13422);
#13424=CARTESIAN_POINT('',(13.458859972231,-13.065812715403,-17.007254021229));
#13425=DIRECTION('',(0.,0.,-1.));
#13426=VECTOR('',#13425,1.045780987944);
#13427=LINE('',#13424,#13426);
#13428=EDGE_CURVE('',#12016,#13423,#13427,.T.);
#13429=ORIENTED_EDGE('',*,*,#13428,.T.);
#13430=CARTESIAN_POINT('',(11.708859972231,-13.065812715403,-18.053035009173));
#13431=DIRECTION('',(1.,1.0766348288117E-15,-7.1775655254116E-16));
#13432=DIRECTION('',(7.1775655254116E-16,7.1775655254116E-16,1.));
#13433=AXIS2_PLACEMENT_3D('',#13430,#13432,#13431);
#13434=CIRCLE('',#13433,1.75);
#13435=EDGE_CURVE('',#13423,#13423,#13434,.T.);
#13436=ORIENTED_EDGE('',*,*,#13435,.T.);
#13437=ORIENTED_EDGE('',*,*,#13428,.F.);
#13438=EDGE_LOOP('',(#13421,#13429,#13436,#13437));
#13439=FACE_OUTER_BOUND('',#13438,.T.);
#13440=ADVANCED_FACE('',(#13439),#13420,.T.);
#13441=CARTESIAN_POINT('',(12.830180315791,10.362866941037,-13.047254021229));
#13442=DIRECTION('',(-0.78071239523837,-0.62489051514739,-7.066155629677E-16));
#13443=DIRECTION('',(-0.,1.1307829865221E-15,-1.));
#13444=AXIS2_PLACEMENT_3D('',#13441,#13443,#13442);
#13445=CONICAL_SURFACE('',#13444,0.,0.78539816339745);
#13446=CARTESIAN_POINT('',(12.830008252417,12.562866867022,-15.247254021229));
#13447=VERTEX_POINT('',#13446);
#13448=CARTESIAN_POINT('',(12.830180315791,12.362866941037,-15.047254052488));
#13449=DIRECTION('',(-0.00060833594028801,0.70710657476345,-0.70710672592875));
#13450=VECTOR('',#13449,0.28284269037083);
#13451=LINE('',#13448,#13450);
#13452=EDGE_CURVE('',#12868,#13447,#13451,.T.);
#13453=ORIENTED_EDGE('',*,*,#13452,.T.);
#13454=CARTESIAN_POINT('',(12.830180315791,10.362866941038,-15.247254021229));
#13455=DIRECTION('',(-7.8210626936538E-05,0.99999999694155,-4.0353543174811E-15));
#13456=DIRECTION('',(-4.6225487699846E-16,-3.4921700489406E-15,-1.));
#13457=AXIS2_PLACEMENT_3D('',#13454,#13456,#13455);
#13458=CIRCLE('',#13457,2.2009924032012);
#13459=EDGE_CURVE('',#13447,#12052,#13458,.T.);
#13460=ORIENTED_EDGE('',*,*,#13459,.T.);
#13461=ORIENTED_EDGE('',*,*,#12058,.F.);
#13462=ORIENTED_EDGE('',*,*,#12880,.F.);
#13463=EDGE_LOOP('',(#13453,#13460,#13461,#13462));
#13464=FACE_OUTER_BOUND('',#13463,.T.);
#13465=ADVANCED_FACE('',(#13464),#13445,.F.);
#13466=CARTESIAN_POINT('',(12.080180315791,15.112866941037,-15.247254021229));
#13467=DIRECTION('',(0.,-1.,4.5803403175638E-16));
#13468=DIRECTION('',(-6.4594794160009E-16,-4.5803403175638E-16,-1.));
#13469=AXIS2_PLACEMENT_3D('',#13466,#13468,#13467);
#13470=PLANE('',#13469);
#13471=CARTESIAN_POINT('',(11.330180315791,17.862866941037,-15.247254021229));
#13472=VERTEX_POINT('',#13471);
#13473=CARTESIAN_POINT('',(12.830180315791,17.862866941037,-15.247254021229));
#13474=VERTEX_POINT('',#13473);
#13475=CARTESIAN_POINT('',(11.330180315791,17.862866941037,-15.247254021229));
#13476=DIRECTION('',(1.,0.,0.));
#13477=VECTOR('',#13476,1.5);
#13478=LINE('',#13475,#13477);
#13479=EDGE_CURVE('',#13472,#13474,#13478,.T.);
#13480=ORIENTED_EDGE('',*,*,#13479,.T.);
#13481=CARTESIAN_POINT('',(12.830180315791,15.862866941037,-15.247254021229));
#13482=DIRECTION('',(-3.5527136788005E-15,1.,-1.7763568394003E-15));
#13483=DIRECTION('',(-2.1442523866471E-15,-2.1442523866471E-15,-1.));
#13484=AXIS2_PLACEMENT_3D('',#13481,#13483,#13482);
#13485=CIRCLE('',#13484,2.);
#13486=EDGE_CURVE('',#13474,#12061,#13485,.T.);
#13487=ORIENTED_EDGE('',*,*,#13486,.T.);
#13488=ORIENTED_EDGE('',*,*,#12066,.F.);
#13489=ORIENTED_EDGE('',*,*,#13459,.F.);
#13490=CARTESIAN_POINT('',(11.33001113964,12.562866869486,-15.247254021229));
#13491=VERTEX_POINT('',#13490);
#13492=CARTESIAN_POINT('',(12.830008252417,12.562866867022,-15.247254021229));
#13493=DIRECTION('',(-1.,1.6426690170257E-09,0.));
#13494=VECTOR('',#13493,1.499997112777);
#13495=LINE('',#13492,#13494);
#13496=EDGE_CURVE('',#13447,#13491,#13495,.T.);
#13497=ORIENTED_EDGE('',*,*,#13496,.T.);
#13498=CARTESIAN_POINT('',(9.5301803157907,14.362866941037,-15.247254021229));
#13499=VERTEX_POINT('',#13498);
#13500=CARTESIAN_POINT('',(11.330180315791,14.362866941037,-15.247254021229));
#13501=DIRECTION('',(-9.398674640496E-05,-0.99999999558325,9.8686486719075E-16));
#13502=DIRECTION('',(-5.9572121064855E-16,-5.956652233811E-16,-1.));
#13503=AXIS2_PLACEMENT_3D('',#13500,#13502,#13501);
#13504=CIRCLE('',#13503,1.8000000795012);
#13505=EDGE_CURVE('',#13491,#13499,#13504,.T.);
#13506=ORIENTED_EDGE('',*,*,#13505,.T.);
#13507=CARTESIAN_POINT('',(9.5301803158087,18.991087152292,-15.247254021229));
#13508=VERTEX_POINT('',#13507);
#13509=CARTESIAN_POINT('',(9.5301803157907,14.362866941037,-15.247254021229));
#13510=DIRECTION('',(3.8891459420773E-12,1.,0.));
#13511=VECTOR('',#13510,4.628220211255);
#13512=LINE('',#13509,#13511);
#13513=EDGE_CURVE('',#13499,#13508,#13512,.T.);
#13514=ORIENTED_EDGE('',*,*,#13513,.T.);
#13515=CARTESIAN_POINT('',(11.330180315791,19.862866941037,-15.247254021229));
#13516=DIRECTION('',(-0.89999999999109,-0.43588989437247,-8.8817841970012E-16));
#13517=DIRECTION('',(-1.4170293525108E-15,8.8817841970013E-16,1.));
#13518=AXIS2_PLACEMENT_3D('',#13515,#13517,#13516);
#13519=CIRCLE('',#13518,2.);
#13520=EDGE_CURVE('',#13508,#13472,#13519,.T.);
#13521=ORIENTED_EDGE('',*,*,#13520,.T.);
#13522=EDGE_LOOP('',(#13480,#13487,#13488,#13489,#13497,#13506,#13514,#13521));
#13523=FACE_OUTER_BOUND('',#13522,.T.);
#13524=CARTESIAN_POINT('',(12.708859972232,14.691546597478,-15.247254021229));
#13525=VERTEX_POINT('',#13524);
#13526=CARTESIAN_POINT('',(11.708859972232,14.691546597478,-15.247254021229));
#13527=DIRECTION('',(1.,-1.8841109504205E-15,-0.));
#13528=DIRECTION('',(0.,-0.,1.));
#13529=AXIS2_PLACEMENT_3D('',#13526,#13528,#13527);
#13530=CIRCLE('',#13529,1.);
#13531=EDGE_CURVE('',#13525,#13525,#13530,.T.);
#13532=ORIENTED_EDGE('',*,*,#13531,.T.);
#13533=EDGE_LOOP('',(#13532));
#13534=FACE_BOUND('',#13533,.T.);
#13535=ADVANCED_FACE('',(#13523,#13534),#13470,.T.);
#13536=CARTESIAN_POINT('',(12.830180315791,15.862866941037,-15.247254021229));
#13537=DIRECTION('',(-2.6645352591004E-15,1.,0.));
#13538=DIRECTION('',(0.,0.,-1.));
#13539=AXIS2_PLACEMENT_3D('',#13536,#13538,#13537);
#13540=CYLINDRICAL_SURFACE('',#13539,2.);
#13541=ORIENTED_EDGE('',*,*,#12098,.F.);
#13542=ORIENTED_EDGE('',*,*,#12072,.F.);
#13543=ORIENTED_EDGE('',*,*,#13486,.F.);
#13544=CARTESIAN_POINT('',(12.830180315791,17.862866941037,-15.247254021229));
#13545=DIRECTION('',(0.,0.,-1.));
#13546=VECTOR('',#13545,4.000000005492);
#13547=LINE('',#13544,#13546);
#13548=EDGE_CURVE('',#13474,#12092,#13547,.T.);
#13549=ORIENTED_EDGE('',*,*,#13548,.T.);
#13550=EDGE_LOOP('',(#13541,#13542,#13543,#13549));
#13551=FACE_OUTER_BOUND('',#13550,.T.);
#13552=ADVANCED_FACE('',(#13551),#13540,.F.);
#13553=CARTESIAN_POINT('',(-15.669819684209,19.862866941037,-15.047253624134));
#13554=DIRECTION('',(5.3502802188632E-09,-1.,0.));
#13555=DIRECTION('',(2.1147103199252E-15,-8.458841279701E-16,-1.));
#13556=AXIS2_PLACEMENT_3D('',#13553,#13555,#13554);
#13557=CYLINDRICAL_SURFACE('',#13556,2.);
#13558=CARTESIAN_POINT('',(-13.869819684229,18.991087152284,-15.247254021229));
#13559=VERTEX_POINT('',#13558);
#13560=CARTESIAN_POINT('',(-15.669819684209,17.862866941037,-15.247254021229));
#13561=VERTEX_POINT('',#13560);
#13562=CARTESIAN_POINT('',(-15.669819684209,19.862866941037,-15.247254021229));
#13563=DIRECTION('',(0.8999999999893,-0.43588989437616,0.));
#13564=DIRECTION('',(-3.8617535535404E-16,6.1611698912954E-16,-1.));
#13565=AXIS2_PLACEMENT_3D('',#13562,#13564,#13563);
#13566=CIRCLE('',#13565,2.0000000000015);
#13567=EDGE_CURVE('',#13559,#13561,#13566,.T.);
#13568=ORIENTED_EDGE('',*,*,#13567,.T.);
#13569=CARTESIAN_POINT('',(-15.669819684209,17.862866941037,-15.247254021229));
#13570=DIRECTION('',(0.,0.,-1.));
#13571=VECTOR('',#13570,4.);
#13572=LINE('',#13569,#13571);
#13573=EDGE_CURVE('',#13561,#12148,#13572,.T.);
#13574=ORIENTED_EDGE('',*,*,#13573,.T.);
#13575=ORIENTED_EDGE('',*,*,#12154,.F.);
#13576=ORIENTED_EDGE('',*,*,#12657,.F.);
#13577=CARTESIAN_POINT('',(-13.669819684209,19.862866941037,-15.047254024235));
#13578=CARTESIAN_POINT('',(-13.669819684209,19.54654643924,-15.047254024235));
#13579=CARTESIAN_POINT('',(-13.744550036612,19.249736605511,-15.121984376956));
#13580=CARTESIAN_POINT('',(-13.869819684228,18.991087152284,-15.247254021229));
#13581=B_SPLINE_CURVE_WITH_KNOTS('',3,(#13577,#13578,#13579,#13580),.UNSPECIFIED.,.F.,.U.,(4,4),(0.,1.),.UNSPECIFIED.);
#13582=EDGE_CURVE('',#12646,#13559,#13581,.T.);
#13583=ORIENTED_EDGE('',*,*,#13582,.T.);
#13584=EDGE_LOOP('',(#13568,#13574,#13575,#13576,#13583));
#13585=FACE_OUTER_BOUND('',#13584,.T.);
#13586=ADVANCED_FACE('',(#13585),#13557,.T.);
#13587=CARTESIAN_POINT('',(-16.419819684209,17.862866941037,-17.347254021229));
#13588=DIRECTION('',(-1.,0.,0.));
#13589=DIRECTION('',(-0.,-1.,-0.));
#13590=AXIS2_PLACEMENT_3D('',#13587,#13589,#13588);
#13591=PLANE('',#13590);
#13592=CARTESIAN_POINT('',(-17.169819684209,17.862866941037,-15.247254021229));
#13593=VERTEX_POINT('',#13592);
#13594=CARTESIAN_POINT('',(-17.169819684209,17.862866941037,-15.247254021229));
#13595=DIRECTION('',(0.,0.,-1.));
#13596=VECTOR('',#13595,4.000000002735);
#13597=LINE('',#13594,#13596);
#13598=EDGE_CURVE('',#13593,#12173,#13597,.T.);
#13599=ORIENTED_EDGE('',*,*,#13598,.T.);
#13600=ORIENTED_EDGE('',*,*,#12178,.F.);
#13601=ORIENTED_EDGE('',*,*,#13573,.F.);
#13602=CARTESIAN_POINT('',(-15.669819684209,17.862866941037,-15.247254021229));
#13603=DIRECTION('',(-1.,0.,0.));
#13604=VECTOR('',#13603,1.5);
#13605=LINE('',#13602,#13604);
#13606=EDGE_CURVE('',#13561,#13593,#13605,.T.);
#13607=ORIENTED_EDGE('',*,*,#13606,.T.);
#13608=EDGE_LOOP('',(#13599,#13600,#13601,#13607));
#13609=FACE_OUTER_BOUND('',#13608,.T.);
#13610=ADVANCED_FACE('',(#13609),#13591,.T.);
#13611=CARTESIAN_POINT('',(-17.169819684209,15.862866941037,-15.247254021229));
#13612=DIRECTION('',(-1.,1.0107470416187E-12,-2.6645352591004E-15));
#13613=DIRECTION('',(8.8817841909236E-16,8.8817841909236E-16,-1.));
#13614=AXIS2_PLACEMENT_3D('',#13611,#13613,#13612);
#13615=CYLINDRICAL_SURFACE('',#13614,2.);
#13616=ORIENTED_EDGE('',*,*,#13598,.F.);
#13617=CARTESIAN_POINT('',(-19.169819684209,15.862866941037,-15.247254021229));
#13618=VERTEX_POINT('',#13617);
#13619=CARTESIAN_POINT('',(-17.169819684209,15.862866941037,-15.247254021229));
#13620=DIRECTION('',(-1.7763568394002E-15,1.,-8.8817841970012E-16));
#13621=DIRECTION('',(0.,0.,1.));
#13622=AXIS2_PLACEMENT_3D('',#13619,#13621,#13620);
#13623=CIRCLE('',#13622,2.);
#13624=EDGE_CURVE('',#13593,#13618,#13623,.T.);
#13625=ORIENTED_EDGE('',*,*,#13624,.T.);
#13626=CARTESIAN_POINT('',(-19.169819684209,15.862866941037,-15.247254021229));
#13627=DIRECTION('',(0.,0.,-1.));
#13628=VECTOR('',#13627,4.);
#13629=LINE('',#13626,#13628);
#13630=EDGE_CURVE('',#13618,#12197,#13629,.T.);
#13631=ORIENTED_EDGE('',*,*,#13630,.T.);
#13632=ORIENTED_EDGE('',*,*,#12203,.F.);
#13633=EDGE_LOOP('',(#13616,#13625,#13631,#13632));
#13634=FACE_OUTER_BOUND('',#13633,.T.);
#13635=ADVANCED_FACE('',(#13634),#13615,.F.);
#13636=CARTESIAN_POINT('',(-19.169819684209,0.86286694103744,-17.097254030375));
#13637=DIRECTION('',(2.3684757858671E-16,1.,0.));
#13638=DIRECTION('',(1.,-2.3684757858671E-16,0.));
#13639=AXIS2_PLACEMENT_3D('',#13636,#13638,#13637);
#13640=PLANE('',#13639);
#13641=CARTESIAN_POINT('',(-19.169819684209,11.281761689608,-15.247254021229));
#13642=VERTEX_POINT('',#13641);
#13643=CARTESIAN_POINT('',(-19.169819684209,15.862866941037,-15.247254021229));
#13644=DIRECTION('',(0.,-1.,0.));
#13645=VECTOR('',#13644,4.581105251429);
#13646=LINE('',#13643,#13645);
#13647=EDGE_CURVE('',#13618,#13642,#13646,.T.);
#13648=ORIENTED_EDGE('',*,*,#13647,.T.);
#13649=CARTESIAN_POINT('',(-19.169366579423,11.281387042393,-15.247182088698));
#13650=CARTESIAN_POINT('',(-19.16936675771,10.989610039246,-15.125387682647));
#13651=CARTESIAN_POINT('',(-19.169819684209,10.673573338909,-15.047254036858));
#13652=CARTESIAN_POINT('',(-19.169819684209,10.362866941037,-15.047254036858));
#13653=B_SPLINE_CURVE_WITH_KNOTS('',3,(#13649,#13650,#13651,#13652),.UNSPECIFIED.,.F.,.U.,(4,4),(0.00019681609603661,1.),.UNSPECIFIED.);
#13654=EDGE_CURVE('',#13642,#13154,#13653,.T.);
#13655=ORIENTED_EDGE('',*,*,#13654,.T.);
#13656=ORIENTED_EDGE('',*,*,#13159,.F.);
#13657=ORIENTED_EDGE('',*,*,#12227,.F.);
#13658=ORIENTED_EDGE('',*,*,#13630,.F.);
#13659=EDGE_LOOP('',(#13648,#13655,#13656,#13657,#13658));
#13660=FACE_OUTER_BOUND('',#13659,.T.);
#13661=ADVANCED_FACE('',(#13660),#13640,.T.);
#13662=CARTESIAN_POINT('',(-19.169819684209,0.86286694103744,-17.097254030375));
#13663=DIRECTION('',(2.3684757858669E-16,1.,0.));
#13664=DIRECTION('',(1.,-2.3684757858669E-16,0.));
#13665=AXIS2_PLACEMENT_3D('',#13662,#13664,#13663);
#13666=PLANE('',#13665);
#13667=CARTESIAN_POINT('',(-19.169819684209,-9.5560278075336,-15.247254021229));
#13668=VERTEX_POINT('',#13667);
#13669=CARTESIAN_POINT('',(-19.169819684209,-8.6371330589626,-15.047254036858));
#13670=CARTESIAN_POINT('',(-19.169819684209,-8.9478394568342,-15.047254036858));
#13671=CARTESIAN_POINT('',(-19.16936675771,-9.2638761571716,-15.125387682647));
#13672=CARTESIAN_POINT('',(-19.169366579423,-9.5556531603186,-15.247182088698));
#13673=B_SPLINE_CURVE_WITH_KNOTS('',3,(#13669,#13670,#13671,#13672),.UNSPECIFIED.,.F.,.U.,(4,4),(0.00019681609606837,1.),.UNSPECIFIED.);
#13674=EDGE_CURVE('',#13106,#13668,#13673,.T.);
#13675=ORIENTED_EDGE('',*,*,#13674,.T.);
#13676=CARTESIAN_POINT('',(-19.169819684209,-14.137133058963,-15.247254021229));
#13677=VERTEX_POINT('',#13676);
#13678=CARTESIAN_POINT('',(-19.169819684209,-9.5560278075336,-15.247254021229));
#13679=DIRECTION('',(0.,-1.,0.));
#13680=VECTOR('',#13679,4.5811052514294);
#13681=LINE('',#13678,#13680);
#13682=EDGE_CURVE('',#13668,#13677,#13681,.T.);
#13683=ORIENTED_EDGE('',*,*,#13682,.T.);
#13684=CARTESIAN_POINT('',(-19.169819684209,-14.137133058963,-15.247254021229));
#13685=DIRECTION('',(0.,0.,-1.));
#13686=VECTOR('',#13685,4.000000002664);
#13687=LINE('',#13684,#13686);
#13688=EDGE_CURVE('',#13677,#12238,#13687,.T.);
#13689=ORIENTED_EDGE('',*,*,#13688,.T.);
#13690=ORIENTED_EDGE('',*,*,#12243,.F.);
#13691=ORIENTED_EDGE('',*,*,#13118,.F.);
#13692=EDGE_LOOP('',(#13675,#13683,#13689,#13690,#13691));
#13693=FACE_OUTER_BOUND('',#13692,.T.);
#13694=ADVANCED_FACE('',(#13693),#13666,.T.);
#13695=CARTESIAN_POINT('',(-17.169819684209,-14.137133058963,-15.247254021229));
#13696=DIRECTION('',(0.,-1.,0.));
#13697=DIRECTION('',(-1.7763568382172E-15,0.,-1.));
#13698=AXIS2_PLACEMENT_3D('',#13695,#13697,#13696);
#13699=CYLINDRICAL_SURFACE('',#13698,2.);
#13700=ORIENTED_EDGE('',*,*,#12268,.F.);
#13701=ORIENTED_EDGE('',*,*,#13688,.F.);
#13702=CARTESIAN_POINT('',(-17.169819684209,-16.137133058963,-15.247254021229));
#13703=VERTEX_POINT('',#13702);
#13704=CARTESIAN_POINT('',(-17.169819684209,-14.137133058963,-15.247254021229));
#13705=DIRECTION('',(-1.,0.,-1.7763568394002E-15));
#13706=DIRECTION('',(-2.1442523866471E-15,-2.1442523866471E-15,1.));
#13707=AXIS2_PLACEMENT_3D('',#13704,#13706,#13705);
#13708=CIRCLE('',#13707,2.);
#13709=EDGE_CURVE('',#13677,#13703,#13708,.T.);
#13710=ORIENTED_EDGE('',*,*,#13709,.T.);
#13711=CARTESIAN_POINT('',(-17.169819684209,-16.137133058963,-15.247254021229));
#13712=DIRECTION('',(0.,0.,-1.));
#13713=VECTOR('',#13712,4.);
#13714=LINE('',#13711,#13713);
#13715=EDGE_CURVE('',#13703,#12262,#13714,.T.);
#13716=ORIENTED_EDGE('',*,*,#13715,.T.);
#13717=EDGE_LOOP('',(#13700,#13701,#13710,#13716));
#13718=FACE_OUTER_BOUND('',#13717,.T.);
#13719=ADVANCED_FACE('',(#13718),#13699,.F.);
#13720=CARTESIAN_POINT('',(-16.419819684209,-16.137133058963,-17.347254021229));
#13721=DIRECTION('',(1.,0.,0.));
#13722=DIRECTION('',(-0.,1.,0.));
#13723=AXIS2_PLACEMENT_3D('',#13720,#13722,#13721);
#13724=PLANE('',#13723);
#13725=ORIENTED_EDGE('',*,*,#13715,.F.);
#13726=CARTESIAN_POINT('',(-15.669819684209,-16.137133058963,-15.247254021229));
#13727=VERTEX_POINT('',#13726);
#13728=CARTESIAN_POINT('',(-17.169819684209,-16.137133058963,-15.247254021229));
#13729=DIRECTION('',(1.,0.,0.));
#13730=VECTOR('',#13729,1.5);
#13731=LINE('',#13728,#13730);
#13732=EDGE_CURVE('',#13703,#13727,#13731,.T.);
#13733=ORIENTED_EDGE('',*,*,#13732,.T.);
#13734=CARTESIAN_POINT('',(-15.669819684209,-16.137133058963,-15.247254021229));
#13735=DIRECTION('',(0.,0.,-1.));
#13736=VECTOR('',#13735,4.000000006481);
#13737=LINE('',#13734,#13736);
#13738=EDGE_CURVE('',#13727,#12287,#13737,.T.);
#13739=ORIENTED_EDGE('',*,*,#13738,.T.);
#13740=ORIENTED_EDGE('',*,*,#12292,.F.);
#13741=EDGE_LOOP('',(#13725,#13733,#13739,#13740));
#13742=FACE_OUTER_BOUND('',#13741,.T.);
#13743=ADVANCED_FACE('',(#13742),#13724,.T.);
#13744=CARTESIAN_POINT('',(-15.669819684209,-18.137133058963,-15.047254024235));
#13745=DIRECTION('',(1.,-6.4113390152443E-09,0.));
#13746=DIRECTION('',(0.,0.,-1.));
#13747=AXIS2_PLACEMENT_3D('',#13744,#13746,#13745);
#13748=CYLINDRICAL_SURFACE('',#13747,2.);
#13749=ORIENTED_EDGE('',*,*,#13738,.F.);
#13750=CARTESIAN_POINT('',(-13.869819684227,-17.265353270218,-15.247254021229));
#13751=VERTEX_POINT('',#13750);
#13752=CARTESIAN_POINT('',(-15.669819684209,-18.137133058963,-15.247254021229));
#13753=DIRECTION('',(8.8817841970013E-16,1.,-2.6645352591004E-15));
#13754=DIRECTION('',(-3.7340814846282E-15,-2.8085235150494E-15,-1.));
#13755=AXIS2_PLACEMENT_3D('',#13752,#13754,#13753);
#13756=CIRCLE('',#13755,2.);
#13757=EDGE_CURVE('',#13727,#13751,#13756,.T.);
#13758=ORIENTED_EDGE('',*,*,#13757,.T.);
#13759=CARTESIAN_POINT('',(-13.869819684227,-17.265353270218,-15.247254021229));
#13760=CARTESIAN_POINT('',(-13.744550036608,-17.524002723453,-15.121984376954));
#13761=CARTESIAN_POINT('',(-13.669819684209,-17.820812557093,-15.047254024235));
#13762=CARTESIAN_POINT('',(-13.669819684209,-18.137133058963,-15.047254024235));
#13763=B_SPLINE_CURVE_WITH_KNOTS('',3,(#13759,#13760,#13761,#13762),.UNSPECIFIED.,.F.,.U.,(4,4),(0.,1.),.UNSPECIFIED.);
#13764=EDGE_CURVE('',#13751,#12959,#13763,.T.);
#13765=ORIENTED_EDGE('',*,*,#13764,.T.);
#13766=ORIENTED_EDGE('',*,*,#12964,.F.);
#13767=ORIENTED_EDGE('',*,*,#12316,.F.);
#13768=EDGE_LOOP('',(#13749,#13758,#13765,#13766,#13767));
#13769=FACE_OUTER_BOUND('',#13768,.T.);
#13770=ADVANCED_FACE('',(#13769),#13748,.T.);
#13771=CARTESIAN_POINT('',(12.080180315791,17.862866941037,-17.347254021229));
#13772=DIRECTION('',(-1.,0.,0.));
#13773=DIRECTION('',(-0.,-1.,-0.));
#13774=AXIS2_PLACEMENT_3D('',#13771,#13773,#13772);
#13775=PLANE('',#13774);
#13776=ORIENTED_EDGE('',*,*,#13548,.F.);
#13777=ORIENTED_EDGE('',*,*,#13479,.F.);
#13778=CARTESIAN_POINT('',(11.330180315791,17.862866941037,-15.247254021229));
#13779=DIRECTION('',(0.,0.,-1.));
#13780=VECTOR('',#13779,4.000000006434);
#13781=LINE('',#13778,#13780);
#13782=EDGE_CURVE('',#13472,#12443,#13781,.T.);
#13783=ORIENTED_EDGE('',*,*,#13782,.T.);
#13784=ORIENTED_EDGE('',*,*,#12448,.F.);
#13785=EDGE_LOOP('',(#13776,#13777,#13783,#13784));
#13786=FACE_OUTER_BOUND('',#13785,.T.);
#13787=ADVANCED_FACE('',(#13786),#13775,.T.);
#13788=CARTESIAN_POINT('',(11.330180315791,19.862866941037,-15.047254024235));
#13789=DIRECTION('',(-1.,6.4111898012697E-09,1.7763568394002E-15));
#13790=DIRECTION('',(-1.2688263132239E-15,0.,-1.));
#13791=AXIS2_PLACEMENT_3D('',#13788,#13790,#13789);
#13792=CYLINDRICAL_SURFACE('',#13791,2.);
#13793=ORIENTED_EDGE('',*,*,#13782,.F.);
#13794=ORIENTED_EDGE('',*,*,#13520,.F.);
#13795=CARTESIAN_POINT('',(9.5301803158087,18.991087152292,-15.247254021229));
#13796=CARTESIAN_POINT('',(9.4049106681897,19.249736605527,-15.121984376954));
#13797=CARTESIAN_POINT('',(9.3301803157907,19.546546439167,-15.047254024235));
#13798=CARTESIAN_POINT('',(9.3301803157907,19.862866941037,-15.047254024235));
#13799=B_SPLINE_CURVE_WITH_KNOTS('',3,(#13795,#13796,#13797,#13798),.UNSPECIFIED.,.F.,.U.,(4,4),(0.,1.),.UNSPECIFIED.);
#13800=EDGE_CURVE('',#13508,#12729,#13799,.T.);
#13801=ORIENTED_EDGE('',*,*,#13800,.T.);
#13802=ORIENTED_EDGE('',*,*,#12734,.F.);
#13803=ORIENTED_EDGE('',*,*,#12472,.F.);
#13804=EDGE_LOOP('',(#13793,#13794,#13801,#13802,#13803));
#13805=FACE_OUTER_BOUND('',#13804,.T.);
#13806=ADVANCED_FACE('',(#13805),#13792,.T.);
#13807=CARTESIAN_POINT('',(-15.919819608353,0.81286694103743,-17.007254021229));
#13808=DIRECTION('',(-2.2204460492504E-16,-1.,0.));
#13809=DIRECTION('',(-0.,0.,-1.));
#13810=AXIS2_PLACEMENT_3D('',#13807,#13809,#13808);
#13811=PLANE('',#13810);
#13812=CARTESIAN_POINT('',(-18.169819684209,16.812866941037,-17.007254021229));
#13813=VERTEX_POINT('',#13812);
#13814=CARTESIAN_POINT('',(-18.169819684209,16.812866941037,-17.007254021229));
#13815=DIRECTION('',(1.,0.,0.));
#13816=VECTOR('',#13815,4.5);
#13817=LINE('',#13814,#13816);
#13818=EDGE_CURVE('',#13813,#12614,#13817,.T.);
#13819=ORIENTED_EDGE('',*,*,#13818,.T.);
#13820=ORIENTED_EDGE('',*,*,#12619,.F.);
#13821=ORIENTED_EDGE('',*,*,#12595,.F.);
#13822=ORIENTED_EDGE('',*,*,#13224,.F.);
#13823=ORIENTED_EDGE('',*,*,#13202,.F.);
#13824=CARTESIAN_POINT('',(-18.169819684209,12.094917748605,-17.007254021229));
#13825=DIRECTION('',(0.,1.,0.));
#13826=VECTOR('',#13825,4.717949192432);
#13827=LINE('',#13824,#13826);
#13828=EDGE_CURVE('',#13188,#13813,#13827,.T.);
#13829=ORIENTED_EDGE('',*,*,#13828,.T.);
#13830=EDGE_LOOP('',(#13819,#13820,#13821,#13822,#13823,#13829));
#13831=FACE_OUTER_BOUND('',#13830,.T.);
#13832=CARTESIAN_POINT('',(-14.29849934065,14.691546597478,-17.007254021229));
#13833=VERTEX_POINT('',#13832);
#13834=CARTESIAN_POINT('',(-16.04849934065,14.691546597478,-17.007254021229));
#13835=DIRECTION('',(1.,7.1775655254115E-16,7.1775655254116E-16));
#13836=DIRECTION('',(-7.1775655254116E-16,-7.1775655254116E-16,1.));
#13837=AXIS2_PLACEMENT_3D('',#13834,#13836,#13835);
#13838=CIRCLE('',#13837,1.75);
#13839=EDGE_CURVE('',#13833,#13833,#13838,.T.);
#13840=ORIENTED_EDGE('',*,*,#13839,.T.);
#13841=EDGE_LOOP('',(#13840));
#13842=FACE_BOUND('',#13841,.T.);
#13843=ADVANCED_FACE('',(#13831,#13842),#13811,.T.);
#13844=CARTESIAN_POINT('',(-2.1698196842094,16.812866941037,-16.177254021229));
#13845=DIRECTION('',(-1.,2.2204460492504E-16,0.));
#13846=DIRECTION('',(2.2204460492504E-16,1.,-0.));
#13847=AXIS2_PLACEMENT_3D('',#13844,#13846,#13845);
#13848=PLANE('',#13847);
#13849=CARTESIAN_POINT('',(-18.169819684209,16.812866941037,-15.347254021229));
#13850=VERTEX_POINT('',#13849);
#13851=CARTESIAN_POINT('',(-18.169819684209,16.812866941037,-17.007254021229));
#13852=DIRECTION('',(0.,0.,1.));
#13853=VECTOR('',#13852,1.66);
#13854=LINE('',#13851,#13853);
#13855=EDGE_CURVE('',#13813,#13850,#13854,.T.);
#13856=ORIENTED_EDGE('',*,*,#13855,.T.);
#13857=CARTESIAN_POINT('',(-18.169819684209,16.812866941037,-15.347254021229));
#13858=DIRECTION('',(1.,0.,0.));
#13859=VECTOR('',#13858,4.5);
#13860=LINE('',#13857,#13859);
#13861=EDGE_CURVE('',#13850,#12622,#13860,.T.);
#13862=ORIENTED_EDGE('',*,*,#13861,.T.);
#13863=ORIENTED_EDGE('',*,*,#12627,.F.);
#13864=ORIENTED_EDGE('',*,*,#13818,.F.);
#13865=EDGE_LOOP('',(#13856,#13862,#13863,#13864));
#13866=FACE_OUTER_BOUND('',#13865,.T.);
#13867=ADVANCED_FACE('',(#13866),#13848,.T.);
#13868=CARTESIAN_POINT('',(-15.919819608353,0.81286694103743,-15.347254021229));
#13869=DIRECTION('',(-2.2204460492504E-16,-1.,0.));
#13870=DIRECTION('',(-0.,0.,1.));
#13871=AXIS2_PLACEMENT_3D('',#13868,#13870,#13869);
#13872=PLANE('',#13871);
#13873=CARTESIAN_POINT('',(-18.169819684209,16.812866941037,-15.347254021229));
#13874=DIRECTION('',(0.,-1.,0.));
#13875=VECTOR('',#13874,4.717949192422);
#13876=LINE('',#13873,#13875);
#13877=EDGE_CURVE('',#13850,#13179,#13876,.T.);
#13878=ORIENTED_EDGE('',*,*,#13877,.T.);
#13879=ORIENTED_EDGE('',*,*,#13185,.F.);
#13880=CARTESIAN_POINT('',(-15.669819867509,12.362866941037,-15.347254023881));
#13881=VERTEX_POINT('',#13880);
#13882=CARTESIAN_POINT('',(-17.169819699153,12.362866941037,-15.347254021229));
#13883=DIRECTION('',(1.,0.,-1.7679998710254E-09));
#13884=VECTOR('',#13883,1.499999831644);
#13885=LINE('',#13882,#13884);
#13886=EDGE_CURVE('',#13171,#13881,#13885,.T.);
#13887=ORIENTED_EDGE('',*,*,#13886,.T.);
#13888=CARTESIAN_POINT('',(-15.669819684209,14.362866941037,-15.347254021229));
#13889=DIRECTION('',(-9.1649996925013E-08,-1.,-5.3290705182007E-15));
#13890=DIRECTION('',(9.7816368798246E-15,-5.4203781577094E-15,1.));
#13891=AXIS2_PLACEMENT_3D('',#13888,#13890,#13889);
#13892=CIRCLE('',#13891,2.);
#13893=EDGE_CURVE('',#13881,#12630,#13892,.T.);
#13894=ORIENTED_EDGE('',*,*,#13893,.T.);
#13895=ORIENTED_EDGE('',*,*,#12635,.F.);
#13896=ORIENTED_EDGE('',*,*,#13861,.F.);
#13897=EDGE_LOOP('',(#13878,#13879,#13887,#13894,#13895,#13896));
#13898=FACE_OUTER_BOUND('',#13897,.T.);
#13899=CARTESIAN_POINT('',(-15.553524593819,15.752206769257,-15.347254021229));
#13900=VERTEX_POINT('',#13899);
#13901=CARTESIAN_POINT('',(-14.98783916887,15.186521344308,-15.347254021229));
#13902=VERTEX_POINT('',#13901);
#13903=CARTESIAN_POINT('',(-15.553524593819,15.752206769257,-15.347254021229));
#13904=DIRECTION('',(0.70710678118655,-0.70710678118655,0.));
#13905=VECTOR('',#13904,0.79999999999966);
#13906=LINE('',#13903,#13905);
#13907=EDGE_CURVE('',#13900,#13902,#13906,.T.);
#13908=ORIENTED_EDGE('',*,*,#13907,.T.);
#13909=CARTESIAN_POINT('',(-16.54347408748,13.630886425698,-15.347254021229));
#13910=VERTEX_POINT('',#13909);
#13911=CARTESIAN_POINT('',(-15.765656628175,14.408703885003,-15.347254021229));
#13912=DIRECTION('',(0.70710678118655,0.70710678118655,1.6148698540006E-15));
#13913=DIRECTION('',(-1.3783776392491E-15,2.2837708489952E-15,-1.));
#13914=AXIS2_PLACEMENT_3D('',#13911,#13913,#13912);
#13915=CIRCLE('',#13914,1.0999999999997);
#13916=EDGE_CURVE('',#13902,#13910,#13915,.T.);
#13917=ORIENTED_EDGE('',*,*,#13916,.T.);
#13918=CARTESIAN_POINT('',(-17.109159512429,14.196571850647,-15.347254021229));
#13919=VERTEX_POINT('',#13918);
#13920=CARTESIAN_POINT('',(-16.54347408748,13.630886425698,-15.347254021229));
#13921=DIRECTION('',(-0.70710678118655,0.70710678118655,0.));
#13922=VECTOR('',#13921,0.79999999999966);
#13923=LINE('',#13920,#13922);
#13924=EDGE_CURVE('',#13910,#13919,#13923,.T.);
#13925=ORIENTED_EDGE('',*,*,#13924,.T.);
#13926=CARTESIAN_POINT('',(-16.331342053124,14.974389309952,-15.347254021229));
#13927=DIRECTION('',(-0.70710678118655,-0.70710678118655,1.6148698540006E-15));
#13928=DIRECTION('',(1.3783776392491E-15,-2.2837708489952E-15,-1.));
#13929=AXIS2_PLACEMENT_3D('',#13926,#13928,#13927);
#13930=CIRCLE('',#13929,1.0999999999997);
#13931=EDGE_CURVE('',#13919,#13900,#13930,.T.);
#13932=ORIENTED_EDGE('',*,*,#13931,.T.);
#13933=EDGE_LOOP('',(#13908,#13917,#13925,#13932));
#13934=FACE_BOUND('',#13933,.T.);
#13935=ADVANCED_FACE('',(#13898,#13934),#13872,.T.);
#13936=CARTESIAN_POINT('',(-15.669819684209,14.362866941037,-15.047254026567));
#13937=DIRECTION('',(1.,1.324004728076E-08,-8.8817841970011E-16));
#13938=DIRECTION('',(0.,0.,-1.));
#13939=AXIS2_PLACEMENT_3D('',#13936,#13938,#13937);
#13940=CYLINDRICAL_SURFACE('',#13939,2.);
#13941=CARTESIAN_POINT('',(-15.669819684209,12.362866941037,-15.047254036858));
#13942=VERTEX_POINT('',#13941);
#13943=CARTESIAN_POINT('',(-15.669819684209,12.362866941037,-15.047254026567));
#13944=CARTESIAN_POINT('',(-13.670007648869,12.362866941037,-15.047254021229));
#13945=CARTESIAN_POINT('',(-13.669819684209,14.362866941037,-15.047254026567));
#13946=(BOUNDED_CURVE()B_SPLINE_CURVE(2,(#13943,#13944,#13945),.UNSPECIFIED.,.F.,.U.)B_SPLINE_CURVE_WITH_KNOTS((3,3),(0.,1.),.UNSPECIFIED.)CURVE()GEOMETRIC_REPRESENTATION_ITEM()RATIONAL_B_SPLINE_CURVE((1.,0.70714000973872,1.))REPRESENTATION_ITEM(''));
#13947=EDGE_CURVE('',#13942,#12638,#13946,.T.);
#13948=ORIENTED_EDGE('',*,*,#13947,.T.);
#13949=ORIENTED_EDGE('',*,*,#12643,.F.);
#13950=ORIENTED_EDGE('',*,*,#13893,.F.);
#13951=CARTESIAN_POINT('',(-15.669819867509,12.362866941037,-15.347254023881));
#13952=DIRECTION('',(6.1100002961456E-07,0.,0.99999999999981));
#13953=VECTOR('',#13952,0.29999998702306);
#13954=LINE('',#13951,#13953);
#13955=EDGE_CURVE('',#13881,#13942,#13954,.T.);
#13956=ORIENTED_EDGE('',*,*,#13955,.T.);
#13957=EDGE_LOOP('',(#13948,#13949,#13950,#13956));
#13958=FACE_OUTER_BOUND('',#13957,.T.);
#13959=ADVANCED_FACE('',(#13958),#13940,.F.);
#13960=CARTESIAN_POINT('',(-13.769819684209,17.510050719616,-15.147254023898));
#13961=DIRECTION('',(0.70710679062335,0.,0.70710677174975));
#13962=DIRECTION('',(0.70710677174975,0.,-0.70710679062335));
#13963=AXIS2_PLACEMENT_3D('',#13960,#13962,#13961);
#13964=PLANE('',#13963);
#13965=CARTESIAN_POINT('',(-13.869819684209,14.362866941037,-15.247254021229));
#13966=VERTEX_POINT('',#13965);
#13967=CARTESIAN_POINT('',(-13.869819684209,14.362866941037,-15.247254021229));
#13968=DIRECTION('',(-4.3213159145292E-12,1.,0.));
#13969=VECTOR('',#13968,4.628220211247);
#13970=LINE('',#13967,#13969);
#13971=EDGE_CURVE('',#13966,#13559,#13970,.T.);
#13972=ORIENTED_EDGE('',*,*,#13971,.T.);
#13973=ORIENTED_EDGE('',*,*,#13582,.F.);
#13974=ORIENTED_EDGE('',*,*,#12651,.F.);
#13975=CARTESIAN_POINT('',(-13.669819684209,14.362866941037,-15.047254026567));
#13976=DIRECTION('',(-0.70710679062289,0.,-0.70710677175021));
#13977=VECTOR('',#13976,0.28284270870008);
#13978=LINE('',#13975,#13977);
#13979=EDGE_CURVE('',#12638,#13966,#13978,.T.);
#13980=ORIENTED_EDGE('',*,*,#13979,.T.);
#13981=EDGE_LOOP('',(#13972,#13973,#13974,#13980));
#13982=FACE_OUTER_BOUND('',#13981,.T.);
#13983=ADVANCED_FACE('',(#13982),#13964,.T.);
#13984=CARTESIAN_POINT('',(9.4301803157907,17.510050719616,-15.147254023898));
#13985=DIRECTION('',(-0.70710679062334,-6.2803698453166E-15,0.70710677174976));
#13986=DIRECTION('',(-0.70710677174976,-3.5919940587066E-15,-0.70710679062334));
#13987=AXIS2_PLACEMENT_3D('',#13984,#13986,#13985);
#13988=PLANE('',#13987);
#13989=CARTESIAN_POINT('',(9.5301803157907,14.362866941037,-15.247254021229));
#13990=DIRECTION('',(-0.70710679062288,0.,0.70710677175021));
#13991=VECTOR('',#13990,0.28284270870008);
#13992=LINE('',#13989,#13991);
#13993=EDGE_CURVE('',#13499,#12737,#13992,.T.);
#13994=ORIENTED_EDGE('',*,*,#13993,.T.);
#13995=ORIENTED_EDGE('',*,*,#12742,.F.);
#13996=ORIENTED_EDGE('',*,*,#13800,.F.);
#13997=ORIENTED_EDGE('',*,*,#13513,.F.);
#13998=EDGE_LOOP('',(#13994,#13995,#13996,#13997));
#13999=FACE_OUTER_BOUND('',#13998,.T.);
#14000=ADVANCED_FACE('',(#13999),#13988,.T.);
#14001=CARTESIAN_POINT('',(11.330180315791,14.362866941037,-15.047254026567));
#14002=DIRECTION('',(1.3259817244204E-08,-1.,-1.7763568394002E-15));
#14003=DIRECTION('',(0.,0.,-1.));
#14004=AXIS2_PLACEMENT_3D('',#14001,#14003,#14002);
#14005=CYLINDRICAL_SURFACE('',#14004,2.);
#14006=CARTESIAN_POINT('',(11.330180315791,12.362866941037,-15.047254036858));
#14007=VERTEX_POINT('',#14006);
#14008=CARTESIAN_POINT('',(9.3301803157907,14.362866941037,-15.047254026567));
#14009=CARTESIAN_POINT('',(9.3303682804507,12.362866941037,-15.047254021229));
#14010=CARTESIAN_POINT('',(11.330180315791,12.362866941037,-15.047254026567));
#14011=(BOUNDED_CURVE()B_SPLINE_CURVE(2,(#14008,#14009,#14010),.UNSPECIFIED.,.F.,.U.)B_SPLINE_CURVE_WITH_KNOTS((3,3),(0.,1.),.UNSPECIFIED.)CURVE()GEOMETRIC_REPRESENTATION_ITEM()RATIONAL_B_SPLINE_CURVE((1.,0.70714000973871,1.))REPRESENTATION_ITEM(''));
#14012=EDGE_CURVE('',#12737,#14007,#14011,.T.);
#14013=ORIENTED_EDGE('',*,*,#14012,.T.);
#14014=CARTESIAN_POINT('',(11.330180315789,12.362866941037,-15.347254021229));
#14015=VERTEX_POINT('',#14014);
#14016=CARTESIAN_POINT('',(11.330180315791,12.362866941037,-15.047254036858));
#14017=DIRECTION('',(-6.6672596845576E-12,0.,-1.));
#14018=VECTOR('',#14017,0.299999984371);
#14019=LINE('',#14016,#14018);
#14020=EDGE_CURVE('',#14007,#14015,#14019,.T.);
#14021=ORIENTED_EDGE('',*,*,#14020,.T.);
#14022=CARTESIAN_POINT('',(11.330180315791,14.362866941037,-15.347254021229));
#14023=DIRECTION('',(-1.0000889005823E-12,-1.,3.5527136788003E-15));
#14024=DIRECTION('',(3.7303577233383E-15,-3.1238422596162E-15,-1.));
#14025=AXIS2_PLACEMENT_3D('',#14022,#14024,#14023);
#14026=CIRCLE('',#14025,2.0000000000001);
#14027=EDGE_CURVE('',#14015,#12745,#14026,.T.);
#14028=ORIENTED_EDGE('',*,*,#14027,.T.);
#14029=ORIENTED_EDGE('',*,*,#12750,.F.);
#14030=EDGE_LOOP('',(#14013,#14021,#14028,#14029));
#14031=FACE_OUTER_BOUND('',#14030,.T.);
#14032=ADVANCED_FACE('',(#14031),#14005,.F.);
#14033=CARTESIAN_POINT('',(11.580180239935,0.81286694103743,-15.347254021229));
#14034=DIRECTION('',(-2.2204460492504E-16,-1.,0.));
#14035=DIRECTION('',(-0.,0.,1.));
#14036=AXIS2_PLACEMENT_3D('',#14033,#14035,#14034);
#14037=PLANE('',#14036);
#14038=CARTESIAN_POINT('',(13.830180315791,16.812866941037,-15.347254021229));
#14039=VERTEX_POINT('',#14038);
#14040=CARTESIAN_POINT('',(13.830180315791,16.812866941037,-15.347254021229));
#14041=DIRECTION('',(-1.,0.,0.));
#14042=VECTOR('',#14041,4.5000000000002);
#14043=LINE('',#14040,#14042);
#14044=EDGE_CURVE('',#14039,#12753,#14043,.T.);
#14045=ORIENTED_EDGE('',*,*,#14044,.T.);
#14046=ORIENTED_EDGE('',*,*,#12758,.F.);
#14047=ORIENTED_EDGE('',*,*,#14027,.F.);
#14048=CARTESIAN_POINT('',(11.330180315789,12.362866941037,-15.347254021229));
#14049=DIRECTION('',(1.,0.,0.));
#14050=VECTOR('',#14049,1.500000005812);
#14051=LINE('',#14048,#14050);
#14052=EDGE_CURVE('',#14015,#12859,#14051,.T.);
#14053=ORIENTED_EDGE('',*,*,#14052,.T.);
#14054=ORIENTED_EDGE('',*,*,#12865,.F.);
#14055=CARTESIAN_POINT('',(13.830180315791,12.094917748611,-15.347254021229));
#14056=DIRECTION('',(0.,1.,0.));
#14057=VECTOR('',#14056,4.717949192426);
#14058=LINE('',#14055,#14057);
#14059=EDGE_CURVE('',#12851,#14039,#14058,.T.);
#14060=ORIENTED_EDGE('',*,*,#14059,.T.);
#14061=EDGE_LOOP('',(#14045,#14046,#14047,#14053,#14054,#14060));
#14062=FACE_OUTER_BOUND('',#14061,.T.);
#14063=CARTESIAN_POINT('',(12.769520144011,14.196571850647,-15.347254021229));
#14064=VERTEX_POINT('',#14063);
#14065=CARTESIAN_POINT('',(12.203834719062,13.630886425698,-15.347254021229));
#14066=VERTEX_POINT('',#14065);
#14067=CARTESIAN_POINT('',(12.769520144011,14.196571850647,-15.347254021229));
#14068=DIRECTION('',(-0.70710678118655,-0.70710678118655,0.));
#14069=VECTOR('',#14068,0.79999999999966);
#14070=LINE('',#14067,#14069);
#14071=EDGE_CURVE('',#14064,#14066,#14070,.T.);
#14072=ORIENTED_EDGE('',*,*,#14071,.T.);
#14073=CARTESIAN_POINT('',(10.648199800452,15.186521344308,-15.347254021229));
#14074=VERTEX_POINT('',#14073);
#14075=CARTESIAN_POINT('',(11.426017259757,14.408703885003,-15.347254021229));
#14076=DIRECTION('',(0.70710678118655,-0.70710678118655,1.6148698540006E-15));
#14077=DIRECTION('',(2.2837708489952E-15,1.3783776392491E-15,-1.));
#14078=AXIS2_PLACEMENT_3D('',#14075,#14077,#14076);
#14079=CIRCLE('',#14078,1.0999999999997);
#14080=EDGE_CURVE('',#14066,#14074,#14079,.T.);
#14081=ORIENTED_EDGE('',*,*,#14080,.T.);
#14082=CARTESIAN_POINT('',(11.213885225401,15.752206769257,-15.347254021229));
#14083=VERTEX_POINT('',#14082);
#14084=CARTESIAN_POINT('',(10.648199800452,15.186521344308,-15.347254021229));
#14085=DIRECTION('',(0.70710678118655,0.70710678118655,0.));
#14086=VECTOR('',#14085,0.79999999999966);
#14087=LINE('',#14084,#14086);
#14088=EDGE_CURVE('',#14074,#14083,#14087,.T.);
#14089=ORIENTED_EDGE('',*,*,#14088,.T.);
#14090=CARTESIAN_POINT('',(11.991702684706,14.974389309952,-15.347254021229));
#14091=DIRECTION('',(-0.70710678118655,0.70710678118655,1.6148698540006E-15));
#14092=DIRECTION('',(-2.2837708489952E-15,-1.3783776392491E-15,-1.));
#14093=AXIS2_PLACEMENT_3D('',#14090,#14092,#14091);
#14094=CIRCLE('',#14093,1.0999999999997);
#14095=EDGE_CURVE('',#14083,#14064,#14094,.T.);
#14096=ORIENTED_EDGE('',*,*,#14095,.T.);
#14097=EDGE_LOOP('',(#14072,#14081,#14089,#14096));
#14098=FACE_BOUND('',#14097,.T.);
#14099=ADVANCED_FACE('',(#14062,#14098),#14037,.T.);
#14100=CARTESIAN_POINT('',(-2.1698196842094,16.812866941037,-16.177254021229));
#14101=DIRECTION('',(-1.,2.2204460492503E-16,0.));
#14102=DIRECTION('',(2.2204460492503E-16,1.,-0.));
#14103=AXIS2_PLACEMENT_3D('',#14100,#14102,#14101);
#14104=PLANE('',#14103);
#14105=CARTESIAN_POINT('',(13.830180315791,16.812866941037,-17.007254021229));
#14106=VERTEX_POINT('',#14105);
#14107=CARTESIAN_POINT('',(13.830180315791,16.812866941037,-15.347254021229));
#14108=DIRECTION('',(0.,0.,-1.));
#14109=VECTOR('',#14108,1.66);
#14110=LINE('',#14107,#14109);
#14111=EDGE_CURVE('',#14039,#14106,#14110,.T.);
#14112=ORIENTED_EDGE('',*,*,#14111,.T.);
#14113=CARTESIAN_POINT('',(13.830180315791,16.812866941037,-17.007254021229));
#14114=DIRECTION('',(-1.,0.,0.));
#14115=VECTOR('',#14114,4.5000000000002);
#14116=LINE('',#14113,#14115);
#14117=EDGE_CURVE('',#14106,#12761,#14116,.T.);
#14118=ORIENTED_EDGE('',*,*,#14117,.T.);
#14119=ORIENTED_EDGE('',*,*,#12766,.F.);
#14120=ORIENTED_EDGE('',*,*,#14044,.F.);
#14121=EDGE_LOOP('',(#14112,#14118,#14119,#14120));
#14122=FACE_OUTER_BOUND('',#14121,.T.);
#14123=ADVANCED_FACE('',(#14122),#14104,.T.);
#14124=CARTESIAN_POINT('',(11.580180239935,0.81286694103743,-17.007254021229));
#14125=DIRECTION('',(-2.2204460492504E-16,-1.,0.));
#14126=DIRECTION('',(-0.,0.,-1.));
#14127=AXIS2_PLACEMENT_3D('',#14124,#14126,#14125);
#14128=PLANE('',#14127);
#14129=CARTESIAN_POINT('',(13.830180315791,16.812866941037,-17.007254021229));
#14130=DIRECTION('',(0.,-1.,0.));
#14131=VECTOR('',#14130,4.717949192432);
#14132=LINE('',#14129,#14131);
#14133=EDGE_CURVE('',#14106,#12842,#14132,.T.);
#14134=ORIENTED_EDGE('',*,*,#14133,.T.);
#14135=ORIENTED_EDGE('',*,*,#12848,.F.);
#14136=ORIENTED_EDGE('',*,*,#12823,.F.);
#14137=ORIENTED_EDGE('',*,*,#12799,.F.);
#14138=ORIENTED_EDGE('',*,*,#12774,.F.);
#14139=ORIENTED_EDGE('',*,*,#14117,.F.);
#14140=EDGE_LOOP('',(#14134,#14135,#14136,#14137,#14138,#14139));
#14141=FACE_OUTER_BOUND('',#14140,.T.);
#14142=CARTESIAN_POINT('',(13.458859972231,14.691546597478,-17.007254021229));
#14143=VERTEX_POINT('',#14142);
#14144=CARTESIAN_POINT('',(11.708859972231,14.691546597478,-17.007254021229));
#14145=DIRECTION('',(1.,1.0766348288117E-15,7.1775655254116E-16));
#14146=DIRECTION('',(-7.1775655254116E-16,-7.1775655254116E-16,1.));
#14147=AXIS2_PLACEMENT_3D('',#14144,#14146,#14145);
#14148=CIRCLE('',#14147,1.75);
#14149=EDGE_CURVE('',#14143,#14143,#14148,.T.);
#14150=ORIENTED_EDGE('',*,*,#14149,.T.);
#14151=EDGE_LOOP('',(#14150));
#14152=FACE_BOUND('',#14151,.T.);
#14153=ADVANCED_FACE('',(#14141,#14152),#14128,.T.);
#14154=CARTESIAN_POINT('',(13.830180315791,0.81286694103743,-16.177254021229));
#14155=DIRECTION('',(2.2204460492504E-16,1.,0.));
#14156=DIRECTION('',(1.,-2.2204460492504E-16,0.));
#14157=AXIS2_PLACEMENT_3D('',#14154,#14156,#14155);
#14158=PLANE('',#14157);
#14159=ORIENTED_EDGE('',*,*,#14111,.F.);
#14160=ORIENTED_EDGE('',*,*,#14059,.F.);
#14161=ORIENTED_EDGE('',*,*,#12856,.F.);
#14162=ORIENTED_EDGE('',*,*,#14133,.F.);
#14163=EDGE_LOOP('',(#14159,#14160,#14161,#14162));
#14164=FACE_OUTER_BOUND('',#14163,.T.);
#14165=ADVANCED_FACE('',(#14164),#14158,.T.);
#14166=CARTESIAN_POINT('',(12.080180315791,12.362866941037,-17.247254029043));
#14167=DIRECTION('',(1.,0.,0.));
#14168=DIRECTION('',(-0.,1.,0.));
#14169=AXIS2_PLACEMENT_3D('',#14166,#14168,#14167);
#14170=PLANE('',#14169);
#14171=CARTESIAN_POINT('',(11.330180315791,12.362866941037,-15.047254036858));
#14172=DIRECTION('',(1.,0.,-1.0420000270036E-08));
#14173=VECTOR('',#14172,1.5);
#14174=LINE('',#14171,#14173);
#14175=EDGE_CURVE('',#14007,#12868,#14174,.T.);
#14176=ORIENTED_EDGE('',*,*,#14175,.T.);
#14177=ORIENTED_EDGE('',*,*,#12873,.F.);
#14178=ORIENTED_EDGE('',*,*,#14052,.F.);
#14179=ORIENTED_EDGE('',*,*,#14020,.F.);
#14180=EDGE_LOOP('',(#14176,#14177,#14178,#14179));
#14181=FACE_OUTER_BOUND('',#14180,.T.);
#14182=ADVANCED_FACE('',(#14181),#14170,.T.);
#14183=CARTESIAN_POINT('',(-13.769819684209,-15.784316837542,-15.147254023898));
#14184=DIRECTION('',(0.70710679062334,-1.2560739690632E-14,0.70710677174975));
#14185=DIRECTION('',(0.70710677174975,-1.7959969041832E-15,-0.70710679062334));
#14186=AXIS2_PLACEMENT_3D('',#14183,#14185,#14184);
#14187=PLANE('',#14186);
#14188=CARTESIAN_POINT('',(-13.869819684209,-12.637133058963,-15.247254021229));
#14189=VERTEX_POINT('',#14188);
#14190=CARTESIAN_POINT('',(-13.869819684209,-12.637133058963,-15.247254021229));
#14191=DIRECTION('',(0.70710679062289,0.,0.70710677175021));
#14192=VECTOR('',#14191,0.28284270870008);
#14193=LINE('',#14190,#14192);
#14194=EDGE_CURVE('',#14189,#12967,#14193,.T.);
#14195=ORIENTED_EDGE('',*,*,#14194,.T.);
#14196=ORIENTED_EDGE('',*,*,#12972,.F.);
#14197=ORIENTED_EDGE('',*,*,#13764,.F.);
#14198=CARTESIAN_POINT('',(-13.869819684227,-17.265353270218,-15.247254021229));
#14199=DIRECTION('',(3.8891459420773E-12,1.,0.));
#14200=VECTOR('',#14199,4.628220211255);
#14201=LINE('',#14198,#14200);
#14202=EDGE_CURVE('',#13751,#14189,#14201,.T.);
#14203=ORIENTED_EDGE('',*,*,#14202,.T.);
#14204=EDGE_LOOP('',(#14195,#14196,#14197,#14203));
#14205=FACE_OUTER_BOUND('',#14204,.T.);
#14206=ADVANCED_FACE('',(#14205),#14187,.T.);
#14207=CARTESIAN_POINT('',(-15.669819684209,-12.637133058963,-15.047254026567));
#14208=DIRECTION('',(-1.3259818132383E-08,1.,-6.2172489379009E-15));
#14209=DIRECTION('',(0.,0.,-1.));
#14210=AXIS2_PLACEMENT_3D('',#14207,#14209,#14208);
#14211=CYLINDRICAL_SURFACE('',#14210,2.);
#14212=CARTESIAN_POINT('',(-15.669819684209,-10.637133058963,-15.047254036858));
#14213=VERTEX_POINT('',#14212);
#14214=CARTESIAN_POINT('',(-13.669819684209,-12.637133058963,-15.047254026567));
#14215=CARTESIAN_POINT('',(-13.670007648869,-10.637133058963,-15.047254021229));
#14216=CARTESIAN_POINT('',(-15.669819684209,-10.637133058963,-15.047254026567));
#14217=(BOUNDED_CURVE()B_SPLINE_CURVE(2,(#14214,#14215,#14216),.UNSPECIFIED.,.F.,.U.)B_SPLINE_CURVE_WITH_KNOTS((3,3),(0.,1.),.UNSPECIFIED.)CURVE()GEOMETRIC_REPRESENTATION_ITEM()RATIONAL_B_SPLINE_CURVE((1.,0.70714000973871,1.))REPRESENTATION_ITEM(''));
#14218=EDGE_CURVE('',#12967,#14213,#14217,.T.);
#14219=ORIENTED_EDGE('',*,*,#14218,.T.);
#14220=CARTESIAN_POINT('',(-15.669819684207,-10.637133058963,-15.347254021229));
#14221=VERTEX_POINT('',#14220);
#14222=CARTESIAN_POINT('',(-15.669819684209,-10.637133058963,-15.047254036858));
#14223=DIRECTION('',(6.6613384947845E-12,0.,-1.));
#14224=VECTOR('',#14223,0.299999984371);
#14225=LINE('',#14222,#14224);
#14226=EDGE_CURVE('',#14213,#14221,#14225,.T.);
#14227=ORIENTED_EDGE('',*,*,#14226,.T.);
#14228=CARTESIAN_POINT('',(-15.669819684209,-12.637133058963,-15.347254021229));
#14229=DIRECTION('',(1.0027534358414E-12,1.,0.));
#14230=DIRECTION('',(2.1442522478147E-15,-8.8817841970226E-16,-1.));
#14231=AXIS2_PLACEMENT_3D('',#14228,#14230,#14229);
#14232=CIRCLE('',#14231,2.);
#14233=EDGE_CURVE('',#14221,#12975,#14232,.T.);
#14234=ORIENTED_EDGE('',*,*,#14233,.T.);
#14235=ORIENTED_EDGE('',*,*,#12980,.F.);
#14236=EDGE_LOOP('',(#14219,#14227,#14234,#14235));
#14237=FACE_OUTER_BOUND('',#14236,.T.);
#14238=ADVANCED_FACE('',(#14237),#14211,.F.);
#14239=CARTESIAN_POINT('',(-15.919819608353,0.81286694103743,-15.347254021229));
#14240=DIRECTION('',(-2.2204460492503E-16,-1.,0.));
#14241=DIRECTION('',(-0.,0.,1.));
#14242=AXIS2_PLACEMENT_3D('',#14239,#14241,#14240);
#14243=PLANE('',#14242);
#14244=CARTESIAN_POINT('',(-18.169819684209,-15.187133058963,-15.347254021229));
#14245=VERTEX_POINT('',#14244);
#14246=CARTESIAN_POINT('',(-18.169819684209,-15.187133058963,-15.347254021229));
#14247=DIRECTION('',(1.,0.,0.));
#14248=VECTOR('',#14247,4.5);
#14249=LINE('',#14246,#14248);
#14250=EDGE_CURVE('',#14245,#12983,#14249,.T.);
#14251=ORIENTED_EDGE('',*,*,#14250,.T.);
#14252=ORIENTED_EDGE('',*,*,#12988,.F.);
#14253=ORIENTED_EDGE('',*,*,#14233,.F.);
#14254=CARTESIAN_POINT('',(-15.669819684207,-10.637133058963,-15.347254021229));
#14255=DIRECTION('',(-1.,0.,0.));
#14256=VECTOR('',#14255,1.500000005812);
#14257=LINE('',#14254,#14256);
#14258=EDGE_CURVE('',#14221,#13089,#14257,.T.);
#14259=ORIENTED_EDGE('',*,*,#14258,.T.);
#14260=ORIENTED_EDGE('',*,*,#13095,.F.);
#14261=CARTESIAN_POINT('',(-18.169819684209,-10.369183866537,-15.347254021229));
#14262=DIRECTION('',(0.,-1.,0.));
#14263=VECTOR('',#14262,4.817949192426);
#14264=LINE('',#14261,#14263);
#14265=EDGE_CURVE('',#13081,#14245,#14264,.T.);
#14266=ORIENTED_EDGE('',*,*,#14265,.T.);
#14267=EDGE_LOOP('',(#14251,#14252,#14253,#14259,#14260,#14266));
#14268=FACE_OUTER_BOUND('',#14267,.T.);
#14269=CARTESIAN_POINT('',(-15.553524593819,-14.126472887183,-15.347254021229));
#14270=VERTEX_POINT('',#14269);
#14271=CARTESIAN_POINT('',(-17.109159512429,-12.570837968573,-15.347254021229));
#14272=VERTEX_POINT('',#14271);
#14273=CARTESIAN_POINT('',(-16.331342053124,-13.348655427878,-15.347254021229));
#14274=DIRECTION('',(0.70710678118655,-0.70710678118654,1.6148698540007E-15));
#14275=DIRECTION('',(2.2837708489952E-15,1.3783776392491E-15,-1.));
#14276=AXIS2_PLACEMENT_3D('',#14273,#14275,#14274);
#14277=CIRCLE('',#14276,1.0999999999997);
#14278=EDGE_CURVE('',#14270,#14272,#14277,.T.);
#14279=ORIENTED_EDGE('',*,*,#14278,.T.);
#14280=CARTESIAN_POINT('',(-16.54347408748,-12.005152543624,-15.347254021229));
#14281=VERTEX_POINT('',#14280);
#14282=CARTESIAN_POINT('',(-17.109159512429,-12.570837968573,-15.347254021229));
#14283=DIRECTION('',(0.70710678118655,0.70710678118655,0.));
#14284=VECTOR('',#14283,0.79999999999966);
#14285=LINE('',#14282,#14284);
#14286=EDGE_CURVE('',#14272,#14281,#14285,.T.);
#14287=ORIENTED_EDGE('',*,*,#14286,.T.);
#14288=CARTESIAN_POINT('',(-14.98783916887,-13.560787462234,-15.347254021229));
#14289=VERTEX_POINT('',#14288);
#14290=CARTESIAN_POINT('',(-15.765656628175,-12.782970002929,-15.347254021229));
#14291=DIRECTION('',(-0.70710678118655,0.70710678118655,1.6148698540006E-15));
#14292=DIRECTION('',(-2.2837708489952E-15,-1.3783776392491E-15,-1.));
#14293=AXIS2_PLACEMENT_3D('',#14290,#14292,#14291);
#14294=CIRCLE('',#14293,1.0999999999997);
#14295=EDGE_CURVE('',#14281,#14289,#14294,.T.);
#14296=ORIENTED_EDGE('',*,*,#14295,.T.);
#14297=CARTESIAN_POINT('',(-14.98783916887,-13.560787462234,-15.347254021229));
#14298=DIRECTION('',(-0.70710678118655,-0.70710678118655,0.));
#14299=VECTOR('',#14298,0.79999999999966);
#14300=LINE('',#14297,#14299);
#14301=EDGE_CURVE('',#14289,#14270,#14300,.T.);
#14302=ORIENTED_EDGE('',*,*,#14301,.T.);
#14303=EDGE_LOOP('',(#14279,#14287,#14296,#14302));
#14304=FACE_BOUND('',#14303,.T.);
#14305=ADVANCED_FACE('',(#14268,#14304),#14243,.T.);
#14306=CARTESIAN_POINT('',(-2.1698196842094,-15.187133058963,-16.177254021229));
#14307=DIRECTION('',(1.,-2.2204460492504E-16,0.));
#14308=DIRECTION('',(-2.2204460492504E-16,-1.,0.));
#14309=AXIS2_PLACEMENT_3D('',#14306,#14308,#14307);
#14310=PLANE('',#14309);
#14311=CARTESIAN_POINT('',(-18.169819684209,-15.187133058963,-17.007254021229));
#14312=VERTEX_POINT('',#14311);
#14313=CARTESIAN_POINT('',(-18.169819684209,-15.187133058963,-15.347254021229));
#14314=DIRECTION('',(0.,0.,-1.));
#14315=VECTOR('',#14314,1.66);
#14316=LINE('',#14313,#14315);
#14317=EDGE_CURVE('',#14245,#14312,#14316,.T.);
#14318=ORIENTED_EDGE('',*,*,#14317,.T.);
#14319=CARTESIAN_POINT('',(-18.169819684209,-15.187133058963,-17.007254021229));
#14320=DIRECTION('',(1.,0.,0.));
#14321=VECTOR('',#14320,4.5);
#14322=LINE('',#14319,#14321);
#14323=EDGE_CURVE('',#14312,#12991,#14322,.T.);
#14324=ORIENTED_EDGE('',*,*,#14323,.T.);
#14325=ORIENTED_EDGE('',*,*,#12996,.F.);
#14326=ORIENTED_EDGE('',*,*,#14250,.F.);
#14327=EDGE_LOOP('',(#14318,#14324,#14325,#14326));
#14328=FACE_OUTER_BOUND('',#14327,.T.);
#14329=ADVANCED_FACE('',(#14328),#14310,.T.);
#14330=CARTESIAN_POINT('',(-15.919819608353,0.81286694103743,-17.007254021229));
#14331=DIRECTION('',(-2.2204460492503E-16,-1.,0.));
#14332=DIRECTION('',(-0.,0.,-1.));
#14333=AXIS2_PLACEMENT_3D('',#14330,#14332,#14331);
#14334=PLANE('',#14333);
#14335=CARTESIAN_POINT('',(-18.169819684209,-15.187133058963,-17.007254021229));
#14336=DIRECTION('',(0.,1.,0.));
#14337=VECTOR('',#14336,4.817949192432);
#14338=LINE('',#14335,#14337);
#14339=EDGE_CURVE('',#14312,#13072,#14338,.T.);
#14340=ORIENTED_EDGE('',*,*,#14339,.T.);
#14341=ORIENTED_EDGE('',*,*,#13078,.F.);
#14342=ORIENTED_EDGE('',*,*,#13053,.F.);
#14343=ORIENTED_EDGE('',*,*,#13029,.F.);
#14344=ORIENTED_EDGE('',*,*,#13004,.F.);
#14345=ORIENTED_EDGE('',*,*,#14323,.F.);
#14346=EDGE_LOOP('',(#14340,#14341,#14342,#14343,#14344,#14345));
#14347=FACE_OUTER_BOUND('',#14346,.T.);
#14348=CARTESIAN_POINT('',(-14.29849934065,-13.065812715403,-17.007254021229));
#14349=VERTEX_POINT('',#14348);
#14350=CARTESIAN_POINT('',(-16.04849934065,-13.065812715403,-17.007254021229));
#14351=DIRECTION('',(1.,7.1775655254115E-16,7.1775655254116E-16));
#14352=DIRECTION('',(-7.1775655254115E-16,-7.1775655254115E-16,1.));
#14353=AXIS2_PLACEMENT_3D('',#14350,#14352,#14351);
#14354=CIRCLE('',#14353,1.75);
#14355=EDGE_CURVE('',#14349,#14349,#14354,.T.);
#14356=ORIENTED_EDGE('',*,*,#14355,.T.);
#14357=EDGE_LOOP('',(#14356));
#14358=FACE_BOUND('',#14357,.T.);
#14359=ADVANCED_FACE('',(#14347,#14358),#14334,.T.);
#14360=CARTESIAN_POINT('',(-18.169819684209,0.81286694103743,-16.177254021229));
#14361=DIRECTION('',(-2.2204460492503E-16,-1.,0.));
#14362=DIRECTION('',(-1.,2.2204460492503E-16,0.));
#14363=AXIS2_PLACEMENT_3D('',#14360,#14362,#14361);
#14364=PLANE('',#14363);
#14365=ORIENTED_EDGE('',*,*,#14317,.F.);
#14366=ORIENTED_EDGE('',*,*,#14265,.F.);
#14367=ORIENTED_EDGE('',*,*,#13086,.F.);
#14368=ORIENTED_EDGE('',*,*,#14339,.F.);
#14369=EDGE_LOOP('',(#14365,#14366,#14367,#14368));
#14370=FACE_OUTER_BOUND('',#14369,.T.);
#14371=ADVANCED_FACE('',(#14370),#14364,.T.);
#14372=CARTESIAN_POINT('',(-16.419819684209,-10.637133058963,-17.247254029043));
#14373=DIRECTION('',(-1.,0.,0.));
#14374=DIRECTION('',(-0.,-1.,-0.));
#14375=AXIS2_PLACEMENT_3D('',#14372,#14374,#14373);
#14376=PLANE('',#14375);
#14377=CARTESIAN_POINT('',(-15.669819684209,-10.637133058963,-15.047254036858));
#14378=DIRECTION('',(-1.,0.,-1.0420000270036E-08));
#14379=VECTOR('',#14378,1.5);
#14380=LINE('',#14377,#14379);
#14381=EDGE_CURVE('',#14213,#13098,#14380,.T.);
#14382=ORIENTED_EDGE('',*,*,#14381,.T.);
#14383=ORIENTED_EDGE('',*,*,#13103,.F.);
#14384=ORIENTED_EDGE('',*,*,#14258,.F.);
#14385=ORIENTED_EDGE('',*,*,#14226,.F.);
#14386=EDGE_LOOP('',(#14382,#14383,#14384,#14385));
#14387=FACE_OUTER_BOUND('',#14386,.T.);
#14388=ADVANCED_FACE('',(#14387),#14376,.T.);
#14389=CARTESIAN_POINT('',(-17.169819684209,-8.6371330589626,-13.047254021229));
#14390=DIRECTION('',(0.78071239523839,0.62489051514736,4.0400646337317E-14));
#14391=DIRECTION('',(4.4326693071672E-14,9.2724204894823E-15,-1.));
#14392=AXIS2_PLACEMENT_3D('',#14389,#14391,#14390);
#14393=CONICAL_SURFACE('',#14392,0.,0.7853981633975);
#14394=CARTESIAN_POINT('',(-17.169647620835,-10.837132984948,-15.247254021229));
#14395=VERTEX_POINT('',#14394);
#14396=CARTESIAN_POINT('',(-17.169819684209,-10.637133058963,-15.047254052488));
#14397=DIRECTION('',(0.00060833594028173,-0.70710657476345,-0.70710672592876));
#14398=VECTOR('',#14397,0.28284269037083);
#14399=LINE('',#14396,#14398);
#14400=EDGE_CURVE('',#13098,#14395,#14399,.T.);
#14401=ORIENTED_EDGE('',*,*,#14400,.T.);
#14402=CARTESIAN_POINT('',(-17.169819684209,-8.6371330589629,-15.247254021229));
#14403=DIRECTION('',(7.8210626934913E-05,-0.99999999694155,4.0353543174806E-15));
#14404=DIRECTION('',(-2.4096725080474E-15,-3.7592767036249E-15,-1.));
#14405=AXIS2_PLACEMENT_3D('',#14402,#14404,#14403);
#14406=CIRCLE('',#14405,2.2009924032015);
#14407=EDGE_CURVE('',#14395,#13668,#14406,.T.);
#14408=ORIENTED_EDGE('',*,*,#14407,.T.);
#14409=ORIENTED_EDGE('',*,*,#13674,.F.);
#14410=ORIENTED_EDGE('',*,*,#13112,.F.);
#14411=EDGE_LOOP('',(#14401,#14408,#14409,#14410));
#14412=FACE_OUTER_BOUND('',#14411,.T.);
#14413=ADVANCED_FACE('',(#14412),#14393,.F.);
#14414=CARTESIAN_POINT('',(-17.169819684209,10.362866941037,-13.047254021229));
#14415=DIRECTION('',(0.78073690590495,-0.62485989130202,-3.2637669446845E-14));
#14416=DIRECTION('',(-3.5286433496633E-14,8.1430231146076E-15,-1.));
#14417=AXIS2_PLACEMENT_3D('',#14414,#14416,#14415);
#14418=CONICAL_SURFACE('',#14417,0.,0.78539816339742);
#14419=ORIENTED_EDGE('',*,*,#13168,.F.);
#14420=ORIENTED_EDGE('',*,*,#13654,.F.);
#14421=CARTESIAN_POINT('',(-17.169647620835,12.562866867022,-15.247254021229));
#14422=VERTEX_POINT('',#14421);
#14423=CARTESIAN_POINT('',(-17.169819684209,10.362866941038,-15.247254021229));
#14424=DIRECTION('',(-0.9086810100258,0.41749110411899,4.0371747584783E-15));
#14425=DIRECTION('',(-3.325873051089E-15,2.4163543524391E-15,-1.));
#14426=AXIS2_PLACEMENT_3D('',#14423,#14425,#14424);
#14427=CIRCLE('',#14426,2.1999999327126);
#14428=EDGE_CURVE('',#13642,#14422,#14427,.T.);
#14429=ORIENTED_EDGE('',*,*,#14428,.T.);
#14430=CARTESIAN_POINT('',(-17.169647620835,12.562866867022,-15.247254021229));
#14431=DIRECTION('',(-0.00060833594028173,-0.70710657476345,0.70710672592875));
#14432=VECTOR('',#14431,0.28284269037083);
#14433=LINE('',#14430,#14432);
#14434=EDGE_CURVE('',#14422,#13162,#14433,.T.);
#14435=ORIENTED_EDGE('',*,*,#14434,.T.);
#14436=EDGE_LOOP('',(#14419,#14420,#14429,#14435));
#14437=FACE_OUTER_BOUND('',#14436,.T.);
#14438=ADVANCED_FACE('',(#14437),#14418,.F.);
#14439=CARTESIAN_POINT('',(-16.419819684209,12.362866941037,-17.247254029043));
#14440=DIRECTION('',(1.,0.,0.));
#14441=DIRECTION('',(-0.,1.,0.));
#14442=AXIS2_PLACEMENT_3D('',#14439,#14441,#14440);
#14443=PLANE('',#14442);
#14444=CARTESIAN_POINT('',(-17.169819684209,12.362866941037,-15.047254052488));
#14445=DIRECTION('',(1.,0.,1.0420000270036E-08));
#14446=VECTOR('',#14445,1.5);
#14447=LINE('',#14444,#14446);
#14448=EDGE_CURVE('',#13162,#13942,#14447,.T.);
#14449=ORIENTED_EDGE('',*,*,#14448,.T.);
#14450=ORIENTED_EDGE('',*,*,#13955,.F.);
#14451=ORIENTED_EDGE('',*,*,#13886,.F.);
#14452=ORIENTED_EDGE('',*,*,#13176,.F.);
#14453=EDGE_LOOP('',(#14449,#14450,#14451,#14452));
#14454=FACE_OUTER_BOUND('',#14453,.T.);
#14455=ADVANCED_FACE('',(#14454),#14443,.T.);
#14456=CARTESIAN_POINT('',(-18.169819684209,0.81286694103743,-16.177254021229));
#14457=DIRECTION('',(-2.2204460492504E-16,-1.,0.));
#14458=DIRECTION('',(-1.,2.2204460492504E-16,0.));
#14459=AXIS2_PLACEMENT_3D('',#14456,#14458,#14457);
#14460=PLANE('',#14459);
#14461=ORIENTED_EDGE('',*,*,#13855,.F.);
#14462=ORIENTED_EDGE('',*,*,#13828,.F.);
#14463=ORIENTED_EDGE('',*,*,#13193,.F.);
#14464=ORIENTED_EDGE('',*,*,#13877,.F.);
#14465=EDGE_LOOP('',(#14461,#14462,#14463,#14464));
#14466=FACE_OUTER_BOUND('',#14465,.T.);
#14467=ADVANCED_FACE('',(#14466),#14460,.T.);
#14468=CARTESIAN_POINT('',(11.708859972231,-13.065812715403,-17.007254021229));
#14469=DIRECTION('',(1.,0.,0.));
#14470=DIRECTION('',(0.,0.,1.));
#14471=AXIS2_PLACEMENT_3D('',#14468,#14470,#14469);
#14472=PLANE('',#14471);
#14473=ORIENTED_EDGE('',*,*,#13298,.F.);
#14474=ORIENTED_EDGE('',*,*,#13321,.F.);
#14475=ORIENTED_EDGE('',*,*,#13409,.F.);
#14476=ORIENTED_EDGE('',*,*,#13386,.F.);
#14477=ORIENTED_EDGE('',*,*,#13264,.F.);
#14478=EDGE_LOOP('',(#14473,#14474,#14475,#14476,#14477));
#14479=FACE_OUTER_BOUND('',#14478,.T.);
#14480=ADVANCED_FACE('',(#14479),#14472,.T.);
#14481=CARTESIAN_POINT('',(11.708859972231,-13.065812715403,-17.007254021229));
#14482=DIRECTION('',(1.,0.,0.));
#14483=DIRECTION('',(0.,0.,1.));
#14484=AXIS2_PLACEMENT_3D('',#14481,#14483,#14482);
#14485=PLANE('',#14484);
#14486=ORIENTED_EDGE('',*,*,#13282,.F.);
#14487=ORIENTED_EDGE('',*,*,#13377,.F.);
#14488=ORIENTED_EDGE('',*,*,#13355,.F.);
#14489=ORIENTED_EDGE('',*,*,#13330,.F.);
#14490=EDGE_LOOP('',(#14486,#14487,#14488,#14489));
#14491=FACE_OUTER_BOUND('',#14490,.T.);
#14492=ADVANCED_FACE('',(#14491),#14485,.T.);
#14493=CARTESIAN_POINT('',(11.708859972231,-13.065812715403,-13.907254021229));
#14494=DIRECTION('',(-0.033815498321292,-1.0534843840141E-13,0.99942809249755));
#14495=DIRECTION('',(3.9474596431117E-16,-1.,-1.0539717247108E-13));
#14496=AXIS2_PLACEMENT_3D('',#14493,#14495,#14494);
#14497=SPHERICAL_SURFACE('',#14496,4.5);
#14498=CARTESIAN_POINT('',(11.453859972231,-12.159778727941,-18.307717339483));
#14499=VERTEX_POINT('',#14498);
#14500=CARTESIAN_POINT('',(11.453859972231,-12.520898935117,-18.366855345525));
#14501=VERTEX_POINT('',#14500);
#14502=CARTESIAN_POINT('',(11.453859972231,-13.065812715403,-13.907254021229));
#14503=DIRECTION('',(2.5304402006805E-14,0.20166493068877,-0.97945457052908));
#14504=DIRECTION('',(-1.,4.099412662029E-15,-2.5032645550496E-14));
#14505=AXIS2_PLACEMENT_3D('',#14502,#14504,#14503);
#14506=CIRCLE('',#14505,4.492769190556);
#14507=EDGE_CURVE('',#14499,#14501,#14506,.T.);
#14508=ORIENTED_EDGE('',*,*,#14507,.T.);
#14509=CARTESIAN_POINT('',(11.163946191945,-12.810812715403,-18.366855345467));
#14510=VERTEX_POINT('',#14509);
#14511=CARTESIAN_POINT('',(11.453859972231,-12.520898935117,-18.366855345569));
#14512=CARTESIAN_POINT('',(11.453859972231,-12.681441491314,-18.386471863915));
#14513=CARTESIAN_POINT('',(11.324379860109,-12.810812715403,-18.386458559006));
#14514=CARTESIAN_POINT('',(11.163946191945,-12.810812715403,-18.366855345569));
#14515=B_SPLINE_CURVE_WITH_KNOTS('',3,(#14511,#14512,#14513,#14514),.UNSPECIFIED.,.F.,.U.,(4,4),(0.,1.),.UNSPECIFIED.);
#14516=EDGE_CURVE('',#14501,#14510,#14515,.T.);
#14517=ORIENTED_EDGE('',*,*,#14516,.T.);
#14518=CARTESIAN_POINT('',(10.802825984769,-12.810812715403,-18.307717339483));
#14519=VERTEX_POINT('',#14518);
#14520=CARTESIAN_POINT('',(11.708859972231,-12.810812715403,-13.907254021228));
#14521=DIRECTION('',(-0.1212868405166,4.9422660166932E-14,-0.99261750050939));
#14522=DIRECTION('',(8.0107788715962E-15,1.,4.891700460715E-14));
#14523=AXIS2_PLACEMENT_3D('',#14520,#14522,#14521);
#14524=CIRCLE('',#14523,4.4927691907931);
#14525=EDGE_CURVE('',#14510,#14519,#14524,.T.);
#14526=ORIENTED_EDGE('',*,*,#14525,.T.);
#14527=CARTESIAN_POINT('',(10.802825984769,-13.320812715403,-18.307717339483));
#14528=VERTEX_POINT('',#14527);
#14529=CARTESIAN_POINT('',(11.708859972231,-13.065812715403,-18.307717339339));
#14530=DIRECTION('',(-0.96260165127936,0.27092076508502,-1.1323575388102E-14));
#14531=DIRECTION('',(-1.576993561585E-14,0.,1.));
#14532=AXIS2_PLACEMENT_3D('',#14529,#14531,#14530);
#14533=CIRCLE('',#14532,0.94123460754281);
#14534=EDGE_CURVE('',#14519,#14528,#14533,.T.);
#14535=ORIENTED_EDGE('',*,*,#14534,.T.);
#14536=CARTESIAN_POINT('',(11.163946191945,-13.320812715403,-18.366855345525));
#14537=VERTEX_POINT('',#14536);
#14538=CARTESIAN_POINT('',(11.708859972231,-13.320812715401,-13.907254021232));
#14539=DIRECTION('',(-0.20166493068894,-2.4988096981738E-13,-0.97945457052904));
#14540=DIRECTION('',(3.5677052261456E-14,-1.,2.4789576560774E-13));
#14541=AXIS2_PLACEMENT_3D('',#14538,#14540,#14539);
#14542=CIRCLE('',#14541,4.4927691905528);
#14543=EDGE_CURVE('',#14528,#14537,#14542,.T.);
#14544=ORIENTED_EDGE('',*,*,#14543,.T.);
#14545=CARTESIAN_POINT('',(11.453859972231,-13.610726495689,-18.366855345467));
#14546=VERTEX_POINT('',#14545);
#14547=CARTESIAN_POINT('',(11.163946191945,-13.320812715403,-18.366855345569));
#14548=CARTESIAN_POINT('',(11.324379860109,-13.320812715403,-18.386458559006));
#14549=CARTESIAN_POINT('',(11.453859972231,-13.450183939492,-18.386471863915));
#14550=CARTESIAN_POINT('',(11.453859972231,-13.610726495689,-18.366855345569));
#14551=B_SPLINE_CURVE_WITH_KNOTS('',3,(#14547,#14548,#14549,#14550),.UNSPECIFIED.,.F.,.U.,(4,4),(0.,1.),.UNSPECIFIED.);
#14552=EDGE_CURVE('',#14537,#14546,#14551,.T.);
#14553=ORIENTED_EDGE('',*,*,#14552,.T.);
#14554=CARTESIAN_POINT('',(11.453859972231,-13.971846702865,-18.307717339483));
#14555=VERTEX_POINT('',#14554);
#14556=CARTESIAN_POINT('',(11.453859972232,-13.065812715403,-13.907254021226));
#14557=DIRECTION('',(-1.1861438440056E-14,-0.12128684051659,-0.99261750050939));
#14558=DIRECTION('',(-1.,1.8804645238498E-15,1.1482864931264E-14));
#14559=AXIS2_PLACEMENT_3D('',#14556,#14558,#14557);
#14560=CIRCLE('',#14559,4.4927691907961);
#14561=EDGE_CURVE('',#14546,#14555,#14560,.T.);
#14562=ORIENTED_EDGE('',*,*,#14561,.T.);
#14563=CARTESIAN_POINT('',(11.963859972231,-13.971846702865,-18.307717339483));
#14564=VERTEX_POINT('',#14563);
#14565=CARTESIAN_POINT('',(11.708859972231,-13.065812715403,-18.307717339339));
#14566=DIRECTION('',(-0.27092076508502,-0.96260165127936,7.5490502587345E-15));
#14567=DIRECTION('',(-0.,7.884967807925E-15,1.));
#14568=AXIS2_PLACEMENT_3D('',#14565,#14567,#14566);
#14569=CIRCLE('',#14568,0.94123460754282);
#14570=EDGE_CURVE('',#14555,#14564,#14569,.T.);
#14571=ORIENTED_EDGE('',*,*,#14570,.T.);
#14572=CARTESIAN_POINT('',(11.963859972231,-13.610726495689,-18.366855345525));
#14573=VERTEX_POINT('',#14572);
#14574=CARTESIAN_POINT('',(11.963859972232,-13.065812715403,-13.907254021231));
#14575=DIRECTION('',(-2.8388376001398E-13,-0.20166493068885,-0.97945457052906));
#14576=DIRECTION('',(1.,-5.0636269384022E-14,-2.7916773474413E-13));
#14577=AXIS2_PLACEMENT_3D('',#14574,#14576,#14575);
#14578=CIRCLE('',#14577,4.4927691905538);
#14579=EDGE_CURVE('',#14564,#14573,#14578,.T.);
#14580=ORIENTED_EDGE('',*,*,#14579,.T.);
#14581=CARTESIAN_POINT('',(12.253773752517,-13.320812715403,-18.366855345467));
#14582=VERTEX_POINT('',#14581);
#14583=CARTESIAN_POINT('',(11.963859972231,-13.610726495689,-18.366855345569));
#14584=CARTESIAN_POINT('',(11.963859972231,-13.450292827525,-18.386458559006));
#14585=CARTESIAN_POINT('',(12.09323119632,-13.320812715403,-18.386471863915));
#14586=CARTESIAN_POINT('',(12.253773752517,-13.320812715403,-18.366855345569));
#14587=B_SPLINE_CURVE_WITH_KNOTS('',3,(#14583,#14584,#14585,#14586),.UNSPECIFIED.,.F.,.U.,(4,4),(0.,1.),.UNSPECIFIED.);
#14588=EDGE_CURVE('',#14573,#14582,#14587,.T.);
#14589=ORIENTED_EDGE('',*,*,#14588,.T.);
#14590=CARTESIAN_POINT('',(12.614893959693,-13.320812715403,-18.307717339483));
#14591=VERTEX_POINT('',#14590);
#14592=CARTESIAN_POINT('',(11.708859972231,-13.320812715405,-13.907254021229));
#14593=DIRECTION('',(0.12128684051663,3.8035679264474E-13,-0.99261750050938));
#14594=DIRECTION('',(6.1528799220346E-14,-1.,-3.7571934055067E-13));
#14595=AXIS2_PLACEMENT_3D('',#14592,#14594,#14593);
#14596=CIRCLE('',#14595,4.4927691907928);
#14597=EDGE_CURVE('',#14582,#14591,#14596,.T.);
#14598=ORIENTED_EDGE('',*,*,#14597,.T.);
#14599=CARTESIAN_POINT('',(12.650094579529,-13.065812715403,-18.307717339338));
#14600=VERTEX_POINT('',#14599);
#14601=CARTESIAN_POINT('',(11.708859972231,-13.065812715403,-18.307717339339));
#14602=DIRECTION('',(0.96260165127936,-0.27092076508501,-2.0759888216919E-13));
#14603=DIRECTION('',(2.0523919873266E-13,-2.833155709914E-14,1.));
#14604=AXIS2_PLACEMENT_3D('',#14601,#14603,#14602);
#14605=CIRCLE('',#14604,0.94123460729805);
#14606=EDGE_CURVE('',#14591,#14600,#14605,.T.);
#14607=ORIENTED_EDGE('',*,*,#14606,.T.);
#14608=CARTESIAN_POINT('',(11.708859972231,-13.065812715403,-13.907254021229));
#14609=DIRECTION('',(0.20916324606623,-1.6579330501071E-14,-0.9778807373576));
#14610=DIRECTION('',(-4.8419061293263E-15,-1.,1.5375884575794E-14));
#14611=AXIS2_PLACEMENT_3D('',#14608,#14610,#14609);
#14612=CIRCLE('',#14611,4.4999999999995);
#14613=EDGE_CURVE('',#14600,#13423,#14612,.T.);
#14614=ORIENTED_EDGE('',*,*,#14613,.T.);
#14615=ORIENTED_EDGE('',*,*,#13435,.F.);
#14616=ORIENTED_EDGE('',*,*,#14613,.F.);
#14617=CARTESIAN_POINT('',(12.614893958796,-12.810812714347,-18.307717339416));
#14618=VERTEX_POINT('',#14617);
#14619=CARTESIAN_POINT('',(11.708859972231,-13.065812715403,-18.307717339339));
#14620=DIRECTION('',(1.,-7.5490502633655E-15,7.5490502633655E-15));
#14621=DIRECTION('',(-9.3290543994177E-15,-1.2877980441147E-15,1.));
#14622=AXIS2_PLACEMENT_3D('',#14619,#14621,#14620);
#14623=CIRCLE('',#14622,0.94123460696542);
#14624=EDGE_CURVE('',#14600,#14618,#14623,.T.);
#14625=ORIENTED_EDGE('',*,*,#14624,.T.);
#14626=CARTESIAN_POINT('',(12.253773752517,-12.810812715403,-18.366855345525));
#14627=VERTEX_POINT('',#14626);
#14628=CARTESIAN_POINT('',(11.708859972231,-12.810812715403,-13.90725402123));
#14629=DIRECTION('',(0.2016649305003,9.3705363681481E-14,-0.97945457056788));
#14630=DIRECTION('',(-1.5081325543823E-14,1.,9.2092577186642E-14));
#14631=AXIS2_PLACEMENT_3D('',#14628,#14630,#14629);
#14632=CIRCLE('',#14631,4.4927691905545);
#14633=EDGE_CURVE('',#14618,#14627,#14632,.T.);
#14634=ORIENTED_EDGE('',*,*,#14633,.T.);
#14635=CARTESIAN_POINT('',(11.963859972231,-12.520898935117,-18.366855345467));
#14636=VERTEX_POINT('',#14635);
#14637=CARTESIAN_POINT('',(12.253773752517,-12.810812715403,-18.366855345569));
#14638=CARTESIAN_POINT('',(12.09323119632,-12.810812715403,-18.386471863915));
#14639=CARTESIAN_POINT('',(11.963859972231,-12.681332603281,-18.386458559006));
#14640=CARTESIAN_POINT('',(11.963859972231,-12.520898935117,-18.366855345569));
#14641=B_SPLINE_CURVE_WITH_KNOTS('',3,(#14637,#14638,#14639,#14640),.UNSPECIFIED.,.F.,.U.,(4,4),(0.,1.),.UNSPECIFIED.);
#14642=EDGE_CURVE('',#14627,#14636,#14641,.T.);
#14643=ORIENTED_EDGE('',*,*,#14642,.T.);
#14644=CARTESIAN_POINT('',(11.963859973347,-12.159778728876,-18.307717339421));
#14645=VERTEX_POINT('',#14644);
#14646=CARTESIAN_POINT('',(11.963859972231,-13.065812715403,-13.907254021227));
#14647=DIRECTION('',(1.0200837059018E-13,0.12128684051654,-0.99261750050939));
#14648=DIRECTION('',(1.,-1.6472869301008E-14,1.0058989730147E-13));
#14649=AXIS2_PLACEMENT_3D('',#14646,#14648,#14647);
#14650=CIRCLE('',#14649,4.4927691905452);
#14651=EDGE_CURVE('',#14636,#14645,#14650,.T.);
#14652=ORIENTED_EDGE('',*,*,#14651,.T.);
#14653=CARTESIAN_POINT('',(11.708859972231,-13.065812715403,-18.307717339339));
#14654=DIRECTION('',(0.27092076644274,0.96260165089723,2.2647150776204E-14));
#14655=DIRECTION('',(-1.6682172973764E-23,-2.3654903302926E-14,1.));
#14656=AXIS2_PLACEMENT_3D('',#14653,#14655,#14654);
#14657=CIRCLE('',#14656,0.94123460754281);
#14658=EDGE_CURVE('',#14645,#14499,#14657,.T.);
#14659=ORIENTED_EDGE('',*,*,#14658,.T.);
#14660=EDGE_LOOP('',(#14508,#14517,#14526,#14535,#14544,#14553,#14562,#14571,#14580,#14589,#14598,#14607,#14614,#14615,#14616,#14625,#14634,#14643,#14652,#14659));
#14661=FACE_OUTER_BOUND('',#14660,.T.);
#14662=ADVANCED_FACE('',(#14661),#14497,.T.);
#14663=CARTESIAN_POINT('',(12.080094839213,12.462221666615,-15.147254021229));
#14664=DIRECTION('',(0.00060833589410233,-0.70710651950569,0.70710678118654));
#14665=DIRECTION('',(0.00060833589410046,-0.70710651950567,-0.70710678118656));
#14666=AXIS2_PLACEMENT_3D('',#14663,#14665,#14664);
#14667=PLANE('',#14666);
#14668=ORIENTED_EDGE('',*,*,#13452,.F.);
#14669=ORIENTED_EDGE('',*,*,#14175,.F.);
#14670=CARTESIAN_POINT('',(11.330180315791,12.362866941037,-15.047254036858));
#14671=DIRECTION('',(-0.00059812804130887,0.7071065558432,-0.70710675355734));
#14672=VECTOR('',#14671,0.28284270142356);
#14673=LINE('',#14670,#14672);
#14674=EDGE_CURVE('',#14007,#13491,#14673,.T.);
#14675=ORIENTED_EDGE('',*,*,#14674,.T.);
#14676=ORIENTED_EDGE('',*,*,#13496,.F.);
#14677=EDGE_LOOP('',(#14668,#14669,#14675,#14676));
#14678=FACE_OUTER_BOUND('',#14677,.T.);
#14679=ADVANCED_FACE('',(#14678),#14667,.T.);
#14680=CARTESIAN_POINT('',(11.330180315791,14.362866941037,-17.047253484593));
#14681=DIRECTION('',(0.70711763743161,0.7070959247748,-3.1403218355913E-14));
#14682=DIRECTION('',(9.1718901409621E-15,3.5239367383696E-14,1.));
#14683=AXIS2_PLACEMENT_3D('',#14680,#14682,#14681);
#14684=CONICAL_SURFACE('',#14683,0.,0.78539829755646);
#14685=ORIENTED_EDGE('',*,*,#14674,.F.);
#14686=ORIENTED_EDGE('',*,*,#14012,.F.);
#14687=ORIENTED_EDGE('',*,*,#13993,.F.);
#14688=ORIENTED_EDGE('',*,*,#13505,.F.);
#14689=EDGE_LOOP('',(#14685,#14686,#14687,#14688));
#14690=FACE_OUTER_BOUND('',#14689,.T.);
#14691=ADVANCED_FACE('',(#14690),#14684,.T.);
#14692=CARTESIAN_POINT('',(11.708859972231,14.691546597478,-15.247254021229));
#14693=DIRECTION('',(1.,0.,0.));
#14694=DIRECTION('',(0.,0.,-1.));
#14695=AXIS2_PLACEMENT_3D('',#14692,#14694,#14693);
#14696=CYLINDRICAL_SURFACE('',#14695,1.);
#14697=CARTESIAN_POINT('',(12.708859972231,14.691546597478,-16.207254021229));
#14698=VERTEX_POINT('',#14697);
#14699=CARTESIAN_POINT('',(11.708859972231,14.691546597478,-16.207254021229));
#14700=DIRECTION('',(1.,6.280369834735E-16,2.512147933894E-15));
#14701=DIRECTION('',(-2.512147933894E-15,-2.512147933894E-15,1.));
#14702=AXIS2_PLACEMENT_3D('',#14699,#14701,#14700);
#14703=CIRCLE('',#14702,1.);
#14704=EDGE_CURVE('',#14698,#14698,#14703,.T.);
#14705=ORIENTED_EDGE('',*,*,#14704,.T.);
#14706=CARTESIAN_POINT('',(12.708859972231,14.691546597478,-16.207254021229));
#14707=DIRECTION('',(1.0417592714399E-12,0.,1.));
#14708=VECTOR('',#14707,0.96);
#14709=LINE('',#14706,#14708);
#14710=EDGE_CURVE('',#14698,#13525,#14709,.T.);
#14711=ORIENTED_EDGE('',*,*,#14710,.T.);
#14712=ORIENTED_EDGE('',*,*,#13531,.F.);
#14713=ORIENTED_EDGE('',*,*,#14710,.F.);
#14714=EDGE_LOOP('',(#14705,#14711,#14712,#14713));
#14715=FACE_OUTER_BOUND('',#14714,.T.);
#14716=ADVANCED_FACE('',(#14715),#14696,.T.);
#14717=CARTESIAN_POINT('',(-16.419819684209,15.112866941037,-15.247254021229));
#14718=DIRECTION('',(-2.2901701587867E-16,-1.,0.));
#14719=DIRECTION('',(-0.,0.,-1.));
#14720=AXIS2_PLACEMENT_3D('',#14717,#14719,#14718);
#14721=PLANE('',#14720);
#14722=ORIENTED_EDGE('',*,*,#13624,.F.);
#14723=ORIENTED_EDGE('',*,*,#13606,.F.);
#14724=ORIENTED_EDGE('',*,*,#13567,.F.);
#14725=ORIENTED_EDGE('',*,*,#13971,.F.);
#14726=CARTESIAN_POINT('',(-15.669650508058,12.562866869486,-15.247254021229));
#14727=VERTEX_POINT('',#14726);
#14728=CARTESIAN_POINT('',(-15.669819684209,14.362866941037,-15.247254021229));
#14729=DIRECTION('',(1.,1.9737298215558E-15,1.9737298215558E-15));
#14730=DIRECTION('',(2.9786061847998E-15,-2.9783262484502E-15,-1.));
#14731=AXIS2_PLACEMENT_3D('',#14728,#14730,#14729);
#14732=CIRCLE('',#14731,1.8);
#14733=EDGE_CURVE('',#13966,#14727,#14732,.T.);
#14734=ORIENTED_EDGE('',*,*,#14733,.T.);
#14735=CARTESIAN_POINT('',(-15.669650508058,12.562866869486,-15.247254021229));
#14736=DIRECTION('',(-1.,-1.6426690170257E-09,0.));
#14737=VECTOR('',#14736,1.499997112777);
#14738=LINE('',#14735,#14737);
#14739=EDGE_CURVE('',#14727,#14422,#14738,.T.);
#14740=ORIENTED_EDGE('',*,*,#14739,.T.);
#14741=ORIENTED_EDGE('',*,*,#14428,.F.);
#14742=ORIENTED_EDGE('',*,*,#13647,.F.);
#14743=EDGE_LOOP('',(#14722,#14723,#14724,#14725,#14734,#14740,#14741,#14742));
#14744=FACE_OUTER_BOUND('',#14743,.T.);
#14745=CARTESIAN_POINT('',(-15.04849934065,14.691546597478,-15.247254021229));
#14746=VERTEX_POINT('',#14745);
#14747=CARTESIAN_POINT('',(-16.04849934065,14.691546597478,-15.247254021229));
#14748=DIRECTION('',(1.,-1.256073966947E-15,-0.));
#14749=DIRECTION('',(0.,-0.,1.));
#14750=AXIS2_PLACEMENT_3D('',#14747,#14749,#14748);
#14751=CIRCLE('',#14750,1.);
#14752=EDGE_CURVE('',#14746,#14746,#14751,.T.);
#14753=ORIENTED_EDGE('',*,*,#14752,.T.);
#14754=EDGE_LOOP('',(#14753));
#14755=FACE_BOUND('',#14754,.T.);
#14756=ADVANCED_FACE('',(#14744,#14755),#14721,.T.);
#14757=CARTESIAN_POINT('',(-16.419819684209,-13.387133058963,-15.247254021229));
#14758=DIRECTION('',(0.,-1.,0.));
#14759=DIRECTION('',(-0.,-0.,-1.));
#14760=AXIS2_PLACEMENT_3D('',#14757,#14759,#14758);
#14761=PLANE('',#14760);
#14762=ORIENTED_EDGE('',*,*,#13732,.F.);
#14763=ORIENTED_EDGE('',*,*,#13709,.F.);
#14764=ORIENTED_EDGE('',*,*,#13682,.F.);
#14765=ORIENTED_EDGE('',*,*,#14407,.F.);
#14766=CARTESIAN_POINT('',(-15.669650508058,-10.837132987412,-15.247254021229));
#14767=VERTEX_POINT('',#14766);
#14768=CARTESIAN_POINT('',(-17.169647620835,-10.837132984948,-15.247254021229));
#14769=DIRECTION('',(1.,-1.6426702012659E-09,0.));
#14770=VECTOR('',#14769,1.499997112777);
#14771=LINE('',#14768,#14770);
#14772=EDGE_CURVE('',#14395,#14767,#14771,.T.);
#14773=ORIENTED_EDGE('',*,*,#14772,.T.);
#14774=CARTESIAN_POINT('',(-15.669819684209,-12.637133058963,-15.247254021229));
#14775=DIRECTION('',(9.3986746402986E-05,0.99999999558325,1.9737297343815E-15));
#14776=DIRECTION('',(2.9786060532427E-15,2.9783261169055E-15,-1.));
#14777=AXIS2_PLACEMENT_3D('',#14774,#14776,#14775);
#14778=CIRCLE('',#14777,1.8000000795012);
#14779=EDGE_CURVE('',#14767,#14189,#14778,.T.);
#14780=ORIENTED_EDGE('',*,*,#14779,.T.);
#14781=ORIENTED_EDGE('',*,*,#14202,.F.);
#14782=ORIENTED_EDGE('',*,*,#13757,.F.);
#14783=EDGE_LOOP('',(#14762,#14763,#14764,#14765,#14773,#14780,#14781,#14782));
#14784=FACE_OUTER_BOUND('',#14783,.T.);
#14785=CARTESIAN_POINT('',(-15.04849934065,-13.065812715404,-15.247254021229));
#14786=VERTEX_POINT('',#14785);
#14787=CARTESIAN_POINT('',(-16.04849934065,-13.065812715404,-15.247254021229));
#14788=DIRECTION('',(1.,-1.256073966947E-15,-0.));
#14789=DIRECTION('',(0.,-0.,1.));
#14790=AXIS2_PLACEMENT_3D('',#14787,#14789,#14788);
#14791=CIRCLE('',#14790,1.);
#14792=EDGE_CURVE('',#14786,#14786,#14791,.T.);
#14793=ORIENTED_EDGE('',*,*,#14792,.T.);
#14794=EDGE_LOOP('',(#14793));
#14795=FACE_BOUND('',#14794,.T.);
#14796=ADVANCED_FACE('',(#14784,#14795),#14761,.T.);
#14797=CARTESIAN_POINT('',(-16.04849934065,14.691546597478,-17.007254021229));
#14798=DIRECTION('',(1.,-2.0301221021717E-15,0.));
#14799=DIRECTION('',(0.,0.,-1.));
#14800=AXIS2_PLACEMENT_3D('',#14797,#14799,#14798);
#14801=CYLINDRICAL_SURFACE('',#14800,1.75);
#14802=ORIENTED_EDGE('',*,*,#13839,.F.);
#14803=CARTESIAN_POINT('',(-14.29849934065,14.691546597478,-18.053035009173));
#14804=VERTEX_POINT('',#14803);
#14805=CARTESIAN_POINT('',(-14.29849934065,14.691546597478,-17.007254021229));
#14806=DIRECTION('',(0.,0.,-1.));
#14807=VECTOR('',#14806,1.045780987944);
#14808=LINE('',#14805,#14807);
#14809=EDGE_CURVE('',#13833,#14804,#14808,.T.);
#14810=ORIENTED_EDGE('',*,*,#14809,.T.);
#14811=CARTESIAN_POINT('',(-16.04849934065,14.691546597478,-18.053035009173));
#14812=DIRECTION('',(1.,7.1775655254115E-16,-7.1775655254116E-16));
#14813=DIRECTION('',(7.1775655254116E-16,7.1775655254116E-16,1.));
#14814=AXIS2_PLACEMENT_3D('',#14811,#14813,#14812);
#14815=CIRCLE('',#14814,1.75);
#14816=EDGE_CURVE('',#14804,#14804,#14815,.T.);
#14817=ORIENTED_EDGE('',*,*,#14816,.T.);
#14818=ORIENTED_EDGE('',*,*,#14809,.F.);
#14819=EDGE_LOOP('',(#14802,#14810,#14817,#14818));
#14820=FACE_OUTER_BOUND('',#14819,.T.);
#14821=ADVANCED_FACE('',(#14820),#14801,.T.);
#14822=CARTESIAN_POINT('',(-15.270681881345,15.469364056783,-16.177254021229));
#14823=DIRECTION('',(0.70710678118655,-0.70710678118655,0.));
#14824=DIRECTION('',(-0.70710678118655,-0.70710678118655,0.));
#14825=AXIS2_PLACEMENT_3D('',#14822,#14824,#14823);
#14826=PLANE('',#14825);
#14827=CARTESIAN_POINT('',(-15.553524593819,15.752206769257,-17.007254021229));
#14828=VERTEX_POINT('',#14827);
#14829=CARTESIAN_POINT('',(-15.553524593819,15.752206769257,-15.347254021229));
#14830=DIRECTION('',(0.,0.,-1.));
#14831=VECTOR('',#14830,1.66);
#14832=LINE('',#14829,#14831);
#14833=EDGE_CURVE('',#13900,#14828,#14832,.T.);
#14834=ORIENTED_EDGE('',*,*,#14833,.T.);
#14835=CARTESIAN_POINT('',(-15.281704236461,15.480386411898,-17.007253960242));
#14836=VERTEX_POINT('',#14835);
#14837=CARTESIAN_POINT('',(-15.553524593819,15.752206769257,-17.007254021229));
#14838=DIRECTION('',(0.70710678118524,-0.70710678118784,1.5865007561152E-07));
#14839=VECTOR('',#14838,0.3844120359055);
#14840=LINE('',#14837,#14839);
#14841=EDGE_CURVE('',#14828,#14836,#14840,.T.);
#14842=ORIENTED_EDGE('',*,*,#14841,.T.);
#14843=CARTESIAN_POINT('',(-15.259659526236,15.458341701674,-17.007253960242));
#14844=VERTEX_POINT('',#14843);
#14845=CARTESIAN_POINT('',(-16.04849934065,14.691546597478,-17.007254021233));
#14846=DIRECTION('',(0.69701647662489,0.71705511037397,3.9011338862861E-12));
#14847=DIRECTION('',(2.7592947673576E-12,2.7592947673807E-12,-1.));
#14848=AXIS2_PLACEMENT_3D('',#14845,#14847,#14846);
#14849=CIRCLE('',#14848,1.1001104420122);
#14850=EDGE_CURVE('',#14836,#14844,#14849,.T.);
#14851=ORIENTED_EDGE('',*,*,#14850,.T.);
#14852=CARTESIAN_POINT('',(-14.98783916887,15.186521344308,-17.007254021229));
#14853=VERTEX_POINT('',#14852);
#14854=CARTESIAN_POINT('',(-15.259659526236,15.458341701674,-17.007253960242));
#14855=DIRECTION('',(0.70710678118654,-0.70710678118654,-1.5865007560714E-07));
#14856=VECTOR('',#14855,0.3844120359161);
#14857=LINE('',#14854,#14856);
#14858=EDGE_CURVE('',#14844,#14853,#14857,.T.);
#14859=ORIENTED_EDGE('',*,*,#14858,.T.);
#14860=CARTESIAN_POINT('',(-14.98783916887,15.186521344308,-17.007254021229));
#14861=DIRECTION('',(0.,0.,1.));
#14862=VECTOR('',#14861,1.66);
#14863=LINE('',#14860,#14862);
#14864=EDGE_CURVE('',#14853,#13902,#14863,.T.);
#14865=ORIENTED_EDGE('',*,*,#14864,.T.);
#14866=ORIENTED_EDGE('',*,*,#13907,.F.);
#14867=EDGE_LOOP('',(#14834,#14842,#14851,#14859,#14865,#14866));
#14868=FACE_OUTER_BOUND('',#14867,.T.);
#14869=ADVANCED_FACE('',(#14868),#14826,.T.);
#14870=CARTESIAN_POINT('',(-15.765656628175,14.408703885003,-15.347254021229));
#14871=DIRECTION('',(0.70710678118656,0.70710678118654,-1.6148698540007E-15));
#14872=DIRECTION('',(0.,0.,-1.));
#14873=AXIS2_PLACEMENT_3D('',#14870,#14872,#14871);
#14874=CYLINDRICAL_SURFACE('',#14873,1.0999999999997);
#14875=ORIENTED_EDGE('',*,*,#14864,.F.);
#14876=CARTESIAN_POINT('',(-16.54347408748,13.630886425698,-17.007254021229));
#14877=VERTEX_POINT('',#14876);
#14878=CARTESIAN_POINT('',(-15.765656628175,14.408703885003,-17.007254021229));
#14879=DIRECTION('',(0.70710678118655,0.70710678118655,0.));
#14880=DIRECTION('',(0.,-0.,-1.));
#14881=AXIS2_PLACEMENT_3D('',#14878,#14880,#14879);
#14882=CIRCLE('',#14881,1.0999999999997);
#14883=EDGE_CURVE('',#14853,#14877,#14882,.T.);
#14884=ORIENTED_EDGE('',*,*,#14883,.T.);
#14885=CARTESIAN_POINT('',(-16.54347408748,13.630886425698,-17.007254021229));
#14886=DIRECTION('',(0.,0.,1.));
#14887=VECTOR('',#14886,1.66);
#14888=LINE('',#14885,#14887);
#14889=EDGE_CURVE('',#14877,#13910,#14888,.T.);
#14890=ORIENTED_EDGE('',*,*,#14889,.T.);
#14891=ORIENTED_EDGE('',*,*,#13916,.F.);
#14892=EDGE_LOOP('',(#14875,#14884,#14890,#14891));
#14893=FACE_OUTER_BOUND('',#14892,.T.);
#14894=ADVANCED_FACE('',(#14893),#14874,.F.);
#14895=CARTESIAN_POINT('',(-16.826316799955,13.913729138173,-16.177254021229));
#14896=DIRECTION('',(-0.70710678118655,0.70710678118655,0.));
#14897=DIRECTION('',(0.70710678118655,0.70710678118655,-0.));
#14898=AXIS2_PLACEMENT_3D('',#14895,#14897,#14896);
#14899=PLANE('',#14898);
#14900=ORIENTED_EDGE('',*,*,#14889,.F.);
#14901=CARTESIAN_POINT('',(-16.815294444845,13.902706783063,-17.007253990735));
#14902=VERTEX_POINT('',#14901);
#14903=CARTESIAN_POINT('',(-16.54347408748,13.630886425698,-17.007254021229));
#14904=DIRECTION('',(-0.70710678118655,0.70710678118654,7.9326340917662E-08));
#14905=VECTOR('',#14904,0.38441203591469);
#14906=LINE('',#14903,#14905);
#14907=EDGE_CURVE('',#14877,#14902,#14906,.T.);
#14908=ORIENTED_EDGE('',*,*,#14907,.T.);
#14909=CARTESIAN_POINT('',(-16.837339155065,13.924751493283,-17.007253990735));
#14910=VERTEX_POINT('',#14909);
#14911=CARTESIAN_POINT('',(-16.048499340656,14.691546597472,-17.007254021234));
#14912=DIRECTION('',(-0.69701647662986,-0.71705511036913,4.7375524927356E-12));
#14913=DIRECTION('',(-3.3472501568788E-12,-3.347250156879E-12,-1.));
#14914=AXIS2_PLACEMENT_3D('',#14911,#14913,#14912);
#14915=CIRCLE('',#14914,1.100110442004);
#14916=EDGE_CURVE('',#14902,#14910,#14915,.T.);
#14917=ORIENTED_EDGE('',*,*,#14916,.T.);
#14918=CARTESIAN_POINT('',(-17.109159512429,14.196571850647,-17.007254021229));
#14919=VERTEX_POINT('',#14918);
#14920=CARTESIAN_POINT('',(-16.837339155065,13.924751493283,-17.007253990735));
#14921=DIRECTION('',(-0.70710678118655,0.70710678118655,-7.9326340917954E-08));
#14922=VECTOR('',#14921,0.38441203591327);
#14923=LINE('',#14920,#14922);
#14924=EDGE_CURVE('',#14910,#14919,#14923,.T.);
#14925=ORIENTED_EDGE('',*,*,#14924,.T.);
#14926=CARTESIAN_POINT('',(-17.109159512429,14.196571850647,-17.007254021229));
#14927=DIRECTION('',(0.,0.,1.));
#14928=VECTOR('',#14927,1.66);
#14929=LINE('',#14926,#14928);
#14930=EDGE_CURVE('',#14919,#13919,#14929,.T.);
#14931=ORIENTED_EDGE('',*,*,#14930,.T.);
#14932=ORIENTED_EDGE('',*,*,#13924,.F.);
#14933=EDGE_LOOP('',(#14900,#14908,#14917,#14925,#14931,#14932));
#14934=FACE_OUTER_BOUND('',#14933,.T.);
#14935=ADVANCED_FACE('',(#14934),#14899,.T.);
#14936=CARTESIAN_POINT('',(-16.331342053124,14.974389309952,-15.347254021229));
#14937=DIRECTION('',(-0.70710678118656,-0.70710678118654,-1.6148698540007E-15));
#14938=DIRECTION('',(0.,1.0700944815664E-15,-1.));
#14939=AXIS2_PLACEMENT_3D('',#14936,#14938,#14937);
#14940=CYLINDRICAL_SURFACE('',#14939,1.0999999999997);
#14941=ORIENTED_EDGE('',*,*,#14930,.F.);
#14942=CARTESIAN_POINT('',(-16.331342053124,14.974389309952,-17.007254021229));
#14943=DIRECTION('',(-0.70710678118655,-0.70710678118655,0.));
#14944=DIRECTION('',(0.,0.,-1.));
#14945=AXIS2_PLACEMENT_3D('',#14942,#14944,#14943);
#14946=CIRCLE('',#14945,1.0999999999997);
#14947=EDGE_CURVE('',#14919,#14828,#14946,.T.);
#14948=ORIENTED_EDGE('',*,*,#14947,.T.);
#14949=ORIENTED_EDGE('',*,*,#14833,.F.);
#14950=ORIENTED_EDGE('',*,*,#13931,.F.);
#14951=EDGE_LOOP('',(#14941,#14948,#14949,#14950));
#14952=FACE_OUTER_BOUND('',#14951,.T.);
#14953=ADVANCED_FACE('',(#14952),#14940,.F.);
#14954=CARTESIAN_POINT('',(-15.669819684209,14.362866941037,-17.047253484593));
#14955=DIRECTION('',(-0.70711763743125,0.70709592477517,-5.1202147004653E-16));
#14956=DIRECTION('',(-7.2409659007595E-16,-0.,1.));
#14957=AXIS2_PLACEMENT_3D('',#14954,#14956,#14955);
#14958=CONICAL_SURFACE('',#14957,0.,0.7853982975564);
#14959=ORIENTED_EDGE('',*,*,#14733,.F.);
#14960=ORIENTED_EDGE('',*,*,#13979,.F.);
#14961=ORIENTED_EDGE('',*,*,#13947,.F.);
#14962=CARTESIAN_POINT('',(-15.669819684209,12.362866941037,-15.047254036858));
#14963=DIRECTION('',(0.00059812804130259,0.7071065558432,-0.70710675355734));
#14964=VECTOR('',#14963,0.28284270142356);
#14965=LINE('',#14962,#14964);
#14966=EDGE_CURVE('',#13942,#14727,#14965,.T.);
#14967=ORIENTED_EDGE('',*,*,#14966,.T.);
#14968=EDGE_LOOP('',(#14959,#14960,#14961,#14967));
#14969=FACE_OUTER_BOUND('',#14968,.T.);
#14970=ADVANCED_FACE('',(#14969),#14958,.T.);
#14971=CARTESIAN_POINT('',(12.486677431537,13.913729138173,-16.177254021229));
#14972=DIRECTION('',(-0.70710678118655,-0.70710678118655,0.));
#14973=DIRECTION('',(-0.70710678118655,0.70710678118655,0.));
#14974=AXIS2_PLACEMENT_3D('',#14971,#14973,#14972);
#14975=PLANE('',#14974);
#14976=CARTESIAN_POINT('',(12.769520144011,14.196571850647,-17.007254021229));
#14977=VERTEX_POINT('',#14976);
#14978=CARTESIAN_POINT('',(12.769520144011,14.196571850647,-15.347254021229));
#14979=DIRECTION('',(0.,0.,-1.));
#14980=VECTOR('',#14979,1.66);
#14981=LINE('',#14978,#14980);
#14982=EDGE_CURVE('',#14064,#14977,#14981,.T.);
#14983=ORIENTED_EDGE('',*,*,#14982,.T.);
#14984=CARTESIAN_POINT('',(12.497699786614,13.92475149325,-17.007253990735));
#14985=VERTEX_POINT('',#14984);
#14986=CARTESIAN_POINT('',(12.769520144011,14.196571850647,-17.007254021229));
#14987=DIRECTION('',(-0.70710678118655,-0.70710678118655,7.9326340908323E-08));
#14988=VECTOR('',#14987,0.38441203595994);
#14989=LINE('',#14986,#14988);
#14990=EDGE_CURVE('',#14977,#14985,#14989,.T.);
#14991=ORIENTED_EDGE('',*,*,#14990,.T.);
#14992=CARTESIAN_POINT('',(12.475655076459,13.902706783095,-17.007253990735));
#14993=VERTEX_POINT('',#14992);
#14994=CARTESIAN_POINT('',(11.70885997223,14.691546597479,-17.007254021223));
#14995=DIRECTION('',(0.71705511033989,-0.69701647665995,-5.4738592195742E-12));
#14996=DIRECTION('',(-3.8720368074138E-12,3.8720368074138E-12,-1.));
#14997=AXIS2_PLACEMENT_3D('',#14994,#14996,#14995);
#14998=CIRCLE('',#14997,1.1001104420138);
#14999=EDGE_CURVE('',#14985,#14993,#14998,.T.);
#15000=ORIENTED_EDGE('',*,*,#14999,.T.);
#15001=CARTESIAN_POINT('',(12.203834719062,13.630886425698,-17.007254021229));
#15002=VERTEX_POINT('',#15001);
#15003=CARTESIAN_POINT('',(12.475655076459,13.902706783095,-17.007253990735));
#15004=DIRECTION('',(-0.70710678118655,-0.70710678118655,-7.9326340908323E-08));
#15005=VECTOR('',#15004,0.38441203595994);
#15006=LINE('',#15003,#15005);
#15007=EDGE_CURVE('',#14993,#15002,#15006,.T.);
#15008=ORIENTED_EDGE('',*,*,#15007,.T.);
#15009=CARTESIAN_POINT('',(12.203834719062,13.630886425698,-17.007254021229));
#15010=DIRECTION('',(0.,0.,1.));
#15011=VECTOR('',#15010,1.66);
#15012=LINE('',#15009,#15011);
#15013=EDGE_CURVE('',#15002,#14066,#15012,.T.);
#15014=ORIENTED_EDGE('',*,*,#15013,.T.);
#15015=ORIENTED_EDGE('',*,*,#14071,.F.);
#15016=EDGE_LOOP('',(#14983,#14991,#15000,#15008,#15014,#15015));
#15017=FACE_OUTER_BOUND('',#15016,.T.);
#15018=ADVANCED_FACE('',(#15017),#14975,.T.);
#15019=CARTESIAN_POINT('',(11.426017259757,14.408703885003,-15.347254021229));
#15020=DIRECTION('',(0.70710678118655,-0.70710678118655,1.6148698540007E-15));
#15021=DIRECTION('',(1.0700944815664E-15,2.1401889631328E-15,-1.));
#15022=AXIS2_PLACEMENT_3D('',#15019,#15021,#15020);
#15023=CYLINDRICAL_SURFACE('',#15022,1.0999999999997);
#15024=ORIENTED_EDGE('',*,*,#15013,.F.);
#15025=CARTESIAN_POINT('',(10.648199800452,15.186521344308,-17.007254021229));
#15026=VERTEX_POINT('',#15025);
#15027=CARTESIAN_POINT('',(11.426017259757,14.408703885003,-17.007254021229));
#15028=DIRECTION('',(0.70710678118655,-0.70710678118655,0.));
#15029=DIRECTION('',(0.,0.,-1.));
#15030=AXIS2_PLACEMENT_3D('',#15027,#15029,#15028);
#15031=CIRCLE('',#15030,1.0999999999997);
#15032=EDGE_CURVE('',#15002,#15026,#15031,.T.);
#15033=ORIENTED_EDGE('',*,*,#15032,.T.);
#15034=CARTESIAN_POINT('',(10.648199800452,15.186521344308,-17.007254021229));
#15035=DIRECTION('',(0.,0.,1.));
#15036=VECTOR('',#15035,1.66);
#15037=LINE('',#15034,#15036);
#15038=EDGE_CURVE('',#15026,#14074,#15037,.T.);
#15039=ORIENTED_EDGE('',*,*,#15038,.T.);
#15040=ORIENTED_EDGE('',*,*,#14080,.F.);
#15041=EDGE_LOOP('',(#15024,#15033,#15039,#15040));
#15042=FACE_OUTER_BOUND('',#15041,.T.);
#15043=ADVANCED_FACE('',(#15042),#15023,.F.);
#15044=CARTESIAN_POINT('',(10.931042512926,15.469364056783,-16.177254021229));
#15045=DIRECTION('',(0.70710678118655,0.70710678118655,0.));
#15046=DIRECTION('',(0.70710678118655,-0.70710678118655,0.));
#15047=AXIS2_PLACEMENT_3D('',#15044,#15046,#15045);
#15048=PLANE('',#15047);
#15049=ORIENTED_EDGE('',*,*,#15038,.F.);
#15050=CARTESIAN_POINT('',(10.920020157813,15.45834170167,-17.007253990735));
#15051=VERTEX_POINT('',#15050);
#15052=CARTESIAN_POINT('',(10.648199800452,15.186521344308,-17.007254021229));
#15053=DIRECTION('',(0.70710678118524,0.70710678118785,7.9326340918684E-08));
#15054=VECTOR('',#15053,0.38441203590974);
#15055=LINE('',#15052,#15054);
#15056=EDGE_CURVE('',#15026,#15051,#15055,.T.);
#15057=ORIENTED_EDGE('',*,*,#15056,.T.);
#15058=CARTESIAN_POINT('',(10.942064868039,15.480386411896,-17.007253990735));
#15059=VERTEX_POINT('',#15058);
#15060=CARTESIAN_POINT('',(11.708859972228,14.691546597481,-17.007254021235));
#15061=DIRECTION('',(-0.71705511037176,0.69701647662717,5.4577121422582E-12));
#15062=DIRECTION('',(-3.8602360249568E-12,3.8602360249568E-12,-1.));
#15063=AXIS2_PLACEMENT_3D('',#15060,#15062,#15061);
#15064=CIRCLE('',#15063,1.1001104420081);
#15065=EDGE_CURVE('',#15051,#15059,#15064,.T.);
#15066=ORIENTED_EDGE('',*,*,#15065,.T.);
#15067=CARTESIAN_POINT('',(11.213885225401,15.752206769257,-17.007254021229));
#15068=VERTEX_POINT('',#15067);
#15069=CARTESIAN_POINT('',(10.942064868039,15.480386411896,-17.007253990735));
#15070=DIRECTION('',(0.70710678118785,0.70710678118524,-7.9326340918683E-08));
#15071=VECTOR('',#15070,0.38441203590974);
#15072=LINE('',#15069,#15071);
#15073=EDGE_CURVE('',#15059,#15068,#15072,.T.);
#15074=ORIENTED_EDGE('',*,*,#15073,.T.);
#15075=CARTESIAN_POINT('',(11.213885225401,15.752206769257,-17.007254021229));
#15076=DIRECTION('',(0.,0.,1.));
#15077=VECTOR('',#15076,1.66);
#15078=LINE('',#15075,#15077);
#15079=EDGE_CURVE('',#15068,#14083,#15078,.T.);
#15080=ORIENTED_EDGE('',*,*,#15079,.T.);
#15081=ORIENTED_EDGE('',*,*,#14088,.F.);
#15082=EDGE_LOOP('',(#15049,#15057,#15066,#15074,#15080,#15081));
#15083=FACE_OUTER_BOUND('',#15082,.T.);
#15084=ADVANCED_FACE('',(#15083),#15048,.T.);
#15085=CARTESIAN_POINT('',(11.991702684706,14.974389309952,-15.347254021229));
#15086=DIRECTION('',(-0.70710678118654,0.70710678118655,1.6148698540007E-15));
#15087=DIRECTION('',(-1.0700944815664E-15,0.,-1.));
#15088=AXIS2_PLACEMENT_3D('',#15085,#15087,#15086);
#15089=CYLINDRICAL_SURFACE('',#15088,1.0999999999997);
#15090=ORIENTED_EDGE('',*,*,#15079,.F.);
#15091=CARTESIAN_POINT('',(11.991702684706,14.974389309952,-17.007254021229));
#15092=DIRECTION('',(-0.70710678118655,0.70710678118655,0.));
#15093=DIRECTION('',(0.,-0.,-1.));
#15094=AXIS2_PLACEMENT_3D('',#15091,#15093,#15092);
#15095=CIRCLE('',#15094,1.0999999999997);
#15096=EDGE_CURVE('',#15068,#14977,#15095,.T.);
#15097=ORIENTED_EDGE('',*,*,#15096,.T.);
#15098=ORIENTED_EDGE('',*,*,#14982,.F.);
#15099=ORIENTED_EDGE('',*,*,#14095,.F.);
#15100=EDGE_LOOP('',(#15090,#15097,#15098,#15099));
#15101=FACE_OUTER_BOUND('',#15100,.T.);
#15102=ADVANCED_FACE('',(#15101),#15089,.F.);
#15103=CARTESIAN_POINT('',(11.708859972231,14.691546597478,-17.007254021229));
#15104=DIRECTION('',(1.,1.0150610510859E-15,0.));
#15105=DIRECTION('',(0.,0.,-1.));
#15106=AXIS2_PLACEMENT_3D('',#15103,#15105,#15104);
#15107=CYLINDRICAL_SURFACE('',#15106,1.75);
#15108=ORIENTED_EDGE('',*,*,#14149,.F.);
#15109=CARTESIAN_POINT('',(13.458859972231,14.691546597478,-18.053035009173));
#15110=VERTEX_POINT('',#15109);
#15111=CARTESIAN_POINT('',(13.458859972231,14.691546597478,-17.007254021229));
#15112=DIRECTION('',(0.,0.,-1.));
#15113=VECTOR('',#15112,1.045780987944);
#15114=LINE('',#15111,#15113);
#15115=EDGE_CURVE('',#14143,#15110,#15114,.T.);
#15116=ORIENTED_EDGE('',*,*,#15115,.T.);
#15117=CARTESIAN_POINT('',(11.708859972231,14.691546597478,-18.053035009173));
#15118=DIRECTION('',(1.,1.0766348288117E-15,-7.1775655254116E-16));
#15119=DIRECTION('',(7.1775655254116E-16,7.1775655254116E-16,1.));
#15120=AXIS2_PLACEMENT_3D('',#15117,#15119,#15118);
#15121=CIRCLE('',#15120,1.75);
#15122=EDGE_CURVE('',#15110,#15110,#15121,.T.);
#15123=ORIENTED_EDGE('',*,*,#15122,.T.);
#15124=ORIENTED_EDGE('',*,*,#15115,.F.);
#15125=EDGE_LOOP('',(#15108,#15116,#15123,#15124));
#15126=FACE_OUTER_BOUND('',#15125,.T.);
#15127=ADVANCED_FACE('',(#15126),#15107,.T.);
#15128=CARTESIAN_POINT('',(-15.669819684209,-12.637133058963,-17.047253484593));
#15129=DIRECTION('',(-0.70711763743158,-0.70709592477483,-1.2629480357677E-14));
#15130=DIRECTION('',(-2.4136553002532E-16,-1.7619683691848E-14,1.));
#15131=AXIS2_PLACEMENT_3D('',#15128,#15130,#15129);
#15132=CONICAL_SURFACE('',#15131,0.,0.78539829755642);
#15133=CARTESIAN_POINT('',(-15.669650508058,-10.837132987412,-15.247254021229));
#15134=DIRECTION('',(-0.00059812804130259,0.7071065558432,0.70710675355734));
#15135=VECTOR('',#15134,0.28284270142356);
#15136=LINE('',#15133,#15135);
#15137=EDGE_CURVE('',#14767,#14213,#15136,.T.);
#15138=ORIENTED_EDGE('',*,*,#15137,.T.);
#15139=ORIENTED_EDGE('',*,*,#14218,.F.);
#15140=ORIENTED_EDGE('',*,*,#14194,.F.);
#15141=ORIENTED_EDGE('',*,*,#14779,.F.);
#15142=EDGE_LOOP('',(#15138,#15139,#15140,#15141));
#15143=FACE_OUTER_BOUND('',#15142,.T.);
#15144=ADVANCED_FACE('',(#15143),#15132,.T.);
#15145=CARTESIAN_POINT('',(-16.331342053124,-13.348655427878,-15.347254021229));
#15146=DIRECTION('',(0.70710678118655,-0.70710678118654,0.));
#15147=DIRECTION('',(0.,0.,-1.));
#15148=AXIS2_PLACEMENT_3D('',#15145,#15147,#15146);
#15149=CYLINDRICAL_SURFACE('',#15148,1.0999999999997);
#15150=CARTESIAN_POINT('',(-15.553524593819,-14.126472887183,-17.007254021229));
#15151=VERTEX_POINT('',#15150);
#15152=CARTESIAN_POINT('',(-15.553524593819,-14.126472887183,-15.347254021229));
#15153=DIRECTION('',(0.,0.,-1.));
#15154=VECTOR('',#15153,1.66);
#15155=LINE('',#15152,#15154);
#15156=EDGE_CURVE('',#14270,#15151,#15155,.T.);
#15157=ORIENTED_EDGE('',*,*,#15156,.T.);
#15158=CARTESIAN_POINT('',(-17.109159512429,-12.570837968573,-17.007254021229));
#15159=VERTEX_POINT('',#15158);
#15160=CARTESIAN_POINT('',(-16.331342053124,-13.348655427878,-17.007254021229));
#15161=DIRECTION('',(0.70710678118655,-0.70710678118654,0.));
#15162=DIRECTION('',(0.,0.,-1.));
#15163=AXIS2_PLACEMENT_3D('',#15160,#15162,#15161);
#15164=CIRCLE('',#15163,1.0999999999997);
#15165=EDGE_CURVE('',#15151,#15159,#15164,.T.);
#15166=ORIENTED_EDGE('',*,*,#15165,.T.);
#15167=CARTESIAN_POINT('',(-17.109159512429,-12.570837968573,-17.007254021229));
#15168=DIRECTION('',(0.,0.,1.));
#15169=VECTOR('',#15168,1.66);
#15170=LINE('',#15167,#15169);
#15171=EDGE_CURVE('',#15159,#14272,#15170,.T.);
#15172=ORIENTED_EDGE('',*,*,#15171,.T.);
#15173=ORIENTED_EDGE('',*,*,#14278,.F.);
#15174=EDGE_LOOP('',(#15157,#15166,#15172,#15173));
#15175=FACE_OUTER_BOUND('',#15174,.T.);
#15176=ADVANCED_FACE('',(#15175),#15149,.F.);
#15177=CARTESIAN_POINT('',(-16.826316799955,-12.287995256099,-16.177254021229));
#15178=DIRECTION('',(0.70710678118655,0.70710678118655,0.));
#15179=DIRECTION('',(0.70710678118655,-0.70710678118655,0.));
#15180=AXIS2_PLACEMENT_3D('',#15177,#15179,#15178);
#15181=PLANE('',#15180);
#15182=ORIENTED_EDGE('',*,*,#15171,.F.);
#15183=CARTESIAN_POINT('',(-16.837339155103,-12.299017611247,-17.007253990735));
#15184=VERTEX_POINT('',#15183);
#15185=CARTESIAN_POINT('',(-17.109159512429,-12.570837968573,-17.007254021229));
#15186=DIRECTION('',(0.70710678118655,0.70710678118655,7.9326340929044E-08));
#15187=VECTOR('',#15186,0.38441203585953);
#15188=LINE('',#15185,#15187);
#15189=EDGE_CURVE('',#15159,#15184,#15188,.T.);
#15190=ORIENTED_EDGE('',*,*,#15189,.T.);
#15191=CARTESIAN_POINT('',(-16.815294444806,-12.27697290095,-17.007253990735));
#15192=VERTEX_POINT('',#15191);
#15193=CARTESIAN_POINT('',(-16.048499340649,-13.065812715404,-17.007254021229));
#15194=DIRECTION('',(-0.71705511040352,0.69701647659449,3.1002388500263E-13));
#15195=DIRECTION('',(-2.172727689325E-13,2.172727689325E-13,-1.));
#15196=AXIS2_PLACEMENT_3D('',#15193,#15195,#15194);
#15197=CIRCLE('',#15196,1.100110442013);
#15198=EDGE_CURVE('',#15184,#15192,#15197,.T.);
#15199=ORIENTED_EDGE('',*,*,#15198,.T.);
#15200=CARTESIAN_POINT('',(-16.54347408748,-12.005152543624,-17.007254021229));
#15201=VERTEX_POINT('',#15200);
#15202=CARTESIAN_POINT('',(-16.815294444806,-12.27697290095,-17.007253990735));
#15203=DIRECTION('',(0.70710678118655,0.70710678118655,-7.9326340929044E-08));
#15204=VECTOR('',#15203,0.38441203585953);
#15205=LINE('',#15202,#15204);
#15206=EDGE_CURVE('',#15192,#15201,#15205,.T.);
#15207=ORIENTED_EDGE('',*,*,#15206,.T.);
#15208=CARTESIAN_POINT('',(-16.54347408748,-12.005152543624,-17.007254021229));
#15209=DIRECTION('',(0.,0.,1.));
#15210=VECTOR('',#15209,1.66);
#15211=LINE('',#15208,#15210);
#15212=EDGE_CURVE('',#15201,#14281,#15211,.T.);
#15213=ORIENTED_EDGE('',*,*,#15212,.T.);
#15214=ORIENTED_EDGE('',*,*,#14286,.F.);
#15215=EDGE_LOOP('',(#15182,#15190,#15199,#15207,#15213,#15214));
#15216=FACE_OUTER_BOUND('',#15215,.T.);
#15217=ADVANCED_FACE('',(#15216),#15181,.T.);
#15218=CARTESIAN_POINT('',(-15.765656628175,-12.782970002929,-15.347254021229));
#15219=DIRECTION('',(-0.70710678118655,0.70710678118654,0.));
#15220=DIRECTION('',(-4.2803779262657E-15,-2.1401889631328E-15,-1.));
#15221=AXIS2_PLACEMENT_3D('',#15218,#15220,#15219);
#15222=CYLINDRICAL_SURFACE('',#15221,1.0999999999997);
#15223=ORIENTED_EDGE('',*,*,#15212,.F.);
#15224=CARTESIAN_POINT('',(-14.98783916887,-13.560787462234,-17.007254021229));
#15225=VERTEX_POINT('',#15224);
#15226=CARTESIAN_POINT('',(-15.765656628175,-12.782970002929,-17.007254021229));
#15227=DIRECTION('',(-0.70710678118655,0.70710678118655,0.));
#15228=DIRECTION('',(0.,0.,-1.));
#15229=AXIS2_PLACEMENT_3D('',#15226,#15228,#15227);
#15230=CIRCLE('',#15229,1.0999999999997);
#15231=EDGE_CURVE('',#15201,#15225,#15230,.T.);
#15232=ORIENTED_EDGE('',*,*,#15231,.T.);
#15233=CARTESIAN_POINT('',(-14.98783916887,-13.560787462234,-17.007254021229));
#15234=DIRECTION('',(0.,0.,1.));
#15235=VECTOR('',#15234,1.66);
#15236=LINE('',#15233,#15235);
#15237=EDGE_CURVE('',#15225,#14289,#15236,.T.);
#15238=ORIENTED_EDGE('',*,*,#15237,.T.);
#15239=ORIENTED_EDGE('',*,*,#14295,.F.);
#15240=EDGE_LOOP('',(#15223,#15232,#15238,#15239));
#15241=FACE_OUTER_BOUND('',#15240,.T.);
#15242=ADVANCED_FACE('',(#15241),#15222,.F.);
#15243=CARTESIAN_POINT('',(-15.270681881344,-13.843630174709,-16.177254021229));
#15244=DIRECTION('',(-0.70710678118655,-0.70710678118655,0.));
#15245=DIRECTION('',(-0.70710678118655,0.70710678118655,0.));
#15246=AXIS2_PLACEMENT_3D('',#15243,#15245,#15244);
#15247=PLANE('',#15246);
#15248=ORIENTED_EDGE('',*,*,#15237,.F.);
#15249=CARTESIAN_POINT('',(-15.259659526301,-13.832607819666,-17.007253990735));
#15250=VERTEX_POINT('',#15249);
#15251=CARTESIAN_POINT('',(-14.98783916887,-13.560787462234,-17.007254021229));
#15252=DIRECTION('',(-0.70710678118524,-0.70710678118785,7.9326340898255E-08));
#15253=VECTOR('',#15252,0.38441203600873);
#15254=LINE('',#15251,#15253);
#15255=EDGE_CURVE('',#15225,#15250,#15254,.T.);
#15256=ORIENTED_EDGE('',*,*,#15255,.T.);
#15257=CARTESIAN_POINT('',(-15.281704236386,-13.854652529751,-17.007253990735));
#15258=VERTEX_POINT('',#15257);
#15259=CARTESIAN_POINT('',(-16.048499340655,-13.065812715398,-17.007254021237));
#15260=DIRECTION('',(0.71705511030893,-0.6970164766918,7.4276555781448E-12));
#15261=DIRECTION('',(5.2520313142919E-12,-5.2520313142851E-12,-1.));
#15262=AXIS2_PLACEMENT_3D('',#15259,#15261,#15260);
#15263=CIRCLE('',#15262,1.1001104420195);
#15264=EDGE_CURVE('',#15250,#15258,#15263,.T.);
#15265=ORIENTED_EDGE('',*,*,#15264,.T.);
#15266=CARTESIAN_POINT('',(-15.281704236386,-13.854652529751,-17.007253990735));
#15267=DIRECTION('',(-0.70710678118785,-0.70710678118524,-7.9326340897963E-08));
#15268=VECTOR('',#15267,0.38441203601015);
#15269=LINE('',#15266,#15268);
#15270=EDGE_CURVE('',#15258,#15151,#15269,.T.);
#15271=ORIENTED_EDGE('',*,*,#15270,.T.);
#15272=ORIENTED_EDGE('',*,*,#15156,.F.);
#15273=ORIENTED_EDGE('',*,*,#14301,.F.);
#15274=EDGE_LOOP('',(#15248,#15256,#15265,#15271,#15272,#15273));
#15275=FACE_OUTER_BOUND('',#15274,.T.);
#15276=ADVANCED_FACE('',(#15275),#15247,.T.);
#15277=CARTESIAN_POINT('',(-16.04849934065,-13.065812715403,-17.007254021229));
#15278=DIRECTION('',(1.,-1.0150610510859E-15,0.));
#15279=DIRECTION('',(0.,0.,-1.));
#15280=AXIS2_PLACEMENT_3D('',#15277,#15279,#15278);
#15281=CYLINDRICAL_SURFACE('',#15280,1.75);
#15282=ORIENTED_EDGE('',*,*,#14355,.F.);
#15283=CARTESIAN_POINT('',(-14.29849934065,-13.065812715403,-18.053035009173));
#15284=VERTEX_POINT('',#15283);
#15285=CARTESIAN_POINT('',(-14.29849934065,-13.065812715403,-17.007254021229));
#15286=DIRECTION('',(0.,0.,-1.));
#15287=VECTOR('',#15286,1.045780987944);
#15288=LINE('',#15285,#15287);
#15289=EDGE_CURVE('',#14349,#15284,#15288,.T.);
#15290=ORIENTED_EDGE('',*,*,#15289,.T.);
#15291=CARTESIAN_POINT('',(-16.04849934065,-13.065812715403,-18.053035009173));
#15292=DIRECTION('',(1.,7.1775655254115E-16,-7.1775655254116E-16));
#15293=DIRECTION('',(7.1775655254115E-16,7.1775655254115E-16,1.));
#15294=AXIS2_PLACEMENT_3D('',#15291,#15293,#15292);
#15295=CIRCLE('',#15294,1.75);
#15296=EDGE_CURVE('',#15284,#15284,#15295,.T.);
#15297=ORIENTED_EDGE('',*,*,#15296,.T.);
#15298=ORIENTED_EDGE('',*,*,#15289,.F.);
#15299=EDGE_LOOP('',(#15282,#15290,#15297,#15298));
#15300=FACE_OUTER_BOUND('',#15299,.T.);
#15301=ADVANCED_FACE('',(#15300),#15281,.T.);
#15302=CARTESIAN_POINT('',(-16.419734207631,-10.736487784541,-15.147254021229));
#15303=DIRECTION('',(-0.00060833589406501,0.70710651950568,0.70710678118655));
#15304=DIRECTION('',(-0.00060833589411889,0.70710651950568,-0.70710678118655));
#15305=AXIS2_PLACEMENT_3D('',#15302,#15304,#15303);
#15306=PLANE('',#15305);
#15307=ORIENTED_EDGE('',*,*,#14400,.F.);
#15308=ORIENTED_EDGE('',*,*,#14381,.F.);
#15309=ORIENTED_EDGE('',*,*,#15137,.F.);
#15310=ORIENTED_EDGE('',*,*,#14772,.F.);
#15311=EDGE_LOOP('',(#15307,#15308,#15309,#15310));
#15312=FACE_OUTER_BOUND('',#15311,.T.);
#15313=ADVANCED_FACE('',(#15312),#15306,.T.);
#15314=CARTESIAN_POINT('',(-16.419734207631,12.462221666615,-15.147254021229));
#15315=DIRECTION('',(-0.000608335894121,-0.70710651950568,0.70710678118655));
#15316=DIRECTION('',(-0.00060833589410214,-0.70710651950568,-0.70710678118655));
#15317=AXIS2_PLACEMENT_3D('',#15314,#15316,#15315);
#15318=PLANE('',#15317);
#15319=ORIENTED_EDGE('',*,*,#14739,.F.);
#15320=ORIENTED_EDGE('',*,*,#14966,.F.);
#15321=ORIENTED_EDGE('',*,*,#14448,.F.);
#15322=ORIENTED_EDGE('',*,*,#14434,.F.);
#15323=EDGE_LOOP('',(#15319,#15320,#15321,#15322));
#15324=FACE_OUTER_BOUND('',#15323,.T.);
#15325=ADVANCED_FACE('',(#15324),#15318,.T.);
#15326=CARTESIAN_POINT('',(11.453859972231,-12.258338302182,-18.107254021229));
#15327=DIRECTION('',(-6.7655109585298E-15,-1.,0.));
#15328=DIRECTION('',(1.,-6.7655109585298E-15,0.));
#15329=AXIS2_PLACEMENT_3D('',#15326,#15328,#15327);
#15330=PLANE('',#15329);
#15331=CARTESIAN_POINT('',(11.453859972231,-12.520898935117,-18.127145204887));
#15332=VERTEX_POINT('',#15331);
#15333=CARTESIAN_POINT('',(11.453859972231,-12.520898935117,-18.127145204887));
#15334=DIRECTION('',(0.,0.,-1.));
#15335=VECTOR('',#15334,0.239710140638);
#15336=LINE('',#15333,#15335);
#15337=EDGE_CURVE('',#15332,#14501,#15336,.T.);
#15338=ORIENTED_EDGE('',*,*,#15337,.T.);
#15339=ORIENTED_EDGE('',*,*,#14507,.F.);
#15340=CARTESIAN_POINT('',(11.453859972231,-12.159778727641,-18.307717339619));
#15341=CARTESIAN_POINT('',(11.453859972231,-12.380082775366,-18.194960357657));
#15342=CARTESIAN_POINT('',(11.453859972231,-12.520898935117,-18.127145204887));
#15343=(BOUNDED_CURVE()B_SPLINE_CURVE(2,(#15340,#15341,#15342),.HYPERBOLIC_ARC.,.F.,.U.)B_SPLINE_CURVE_WITH_KNOTS((3,3),(0.20088627717901,1.),.UNSPECIFIED.)CURVE()GEOMETRIC_REPRESENTATION_ITEM()RATIONAL_B_SPLINE_CURVE((1.124247473504,1.3664959573101,1.569951047362))REPRESENTATION_ITEM(''));
#15344=EDGE_CURVE('',#14499,#15332,#15343,.T.);
#15345=ORIENTED_EDGE('',*,*,#15344,.T.);
#15346=EDGE_LOOP('',(#15338,#15339,#15345));
#15347=FACE_OUTER_BOUND('',#15346,.T.);
#15348=ADVANCED_FACE('',(#15347),#15330,.T.);
#15349=CARTESIAN_POINT('',(11.163946191945,-12.520898935117,-18.386780925896));
#15350=DIRECTION('',(0.9999999999975,2.2345484551497E-06,1.2254380165338E-14));
#15351=DIRECTION('',(0.,0.,1.));
#15352=AXIS2_PLACEMENT_3D('',#15349,#15351,#15350);
#15353=CYLINDRICAL_SURFACE('',#15352,0.28991378028645);
#15354=CARTESIAN_POINT('',(11.163946191945,-12.810812715403,-18.127145204887));
#15355=VERTEX_POINT('',#15354);
#15356=CARTESIAN_POINT('',(11.163946191945,-12.810812715403,-18.127145204887));
#15357=DIRECTION('',(0.,0.,-1.));
#15358=VECTOR('',#15357,0.23971014058);
#15359=LINE('',#15356,#15358);
#15360=EDGE_CURVE('',#15355,#14510,#15359,.T.);
#15361=ORIENTED_EDGE('',*,*,#15360,.T.);
#15362=ORIENTED_EDGE('',*,*,#14516,.F.);
#15363=ORIENTED_EDGE('',*,*,#15337,.F.);
#15364=CARTESIAN_POINT('',(11.453859972231,-12.520898935117,-18.127145204887));
#15365=CARTESIAN_POINT('',(11.453859972231,-12.56868263639,-18.104133222402));
#15366=CARTESIAN_POINT('',(11.441998849702,-12.618215966231,-18.083175512693));
#15367=CARTESIAN_POINT('',(11.362009495068,-12.759520462917,-18.047452397447));
#15368=CARTESIAN_POINT('',(11.262685334022,-12.810812715403,-18.079593773175));
#15369=CARTESIAN_POINT('',(11.163946191945,-12.810812715403,-18.127145204887));
#15370=B_SPLINE_CURVE_WITH_KNOTS('',3,(#15364,#15365,#15366,#15367,#15368,#15369),.UNSPECIFIED.,.F.,.U.,(4,2,4),(0.,0.4749637293409,1.4749637293409),.UNSPECIFIED.);
#15371=EDGE_CURVE('',#15332,#15355,#15370,.T.);
#15372=ORIENTED_EDGE('',*,*,#15371,.T.);
#15373=EDGE_LOOP('',(#15361,#15362,#15363,#15372));
#15374=FACE_OUTER_BOUND('',#15373,.T.);
#15375=ADVANCED_FACE('',(#15374),#15353,.T.);
#15376=CARTESIAN_POINT('',(10.90138555901,-12.810812715403,-18.107254021229));
#15377=DIRECTION('',(-1.,0.,0.));
#15378=DIRECTION('',(-0.,-1.,-0.));
#15379=AXIS2_PLACEMENT_3D('',#15376,#15378,#15377);
#15380=PLANE('',#15379);
#15381=ORIENTED_EDGE('',*,*,#14525,.F.);
#15382=ORIENTED_EDGE('',*,*,#15360,.F.);
#15383=CARTESIAN_POINT('',(11.163946191945,-12.810812715403,-18.127145204887));
#15384=CARTESIAN_POINT('',(11.023130032194,-12.810812715403,-18.194960357657));
#15385=CARTESIAN_POINT('',(10.802825984469,-12.810812715403,-18.307717339619));
#15386=(BOUNDED_CURVE()B_SPLINE_CURVE(2,(#15383,#15384,#15385),.HYPERBOLIC_ARC.,.F.,.U.)B_SPLINE_CURVE_WITH_KNOTS((3,3),(0.,0.79911372282099),.UNSPECIFIED.)CURVE()GEOMETRIC_REPRESENTATION_ITEM()RATIONAL_B_SPLINE_CURVE((1.569951047362,1.3664959573101,1.124247473504))REPRESENTATION_ITEM(''));
#15387=EDGE_CURVE('',#15355,#14519,#15386,.T.);
#15388=ORIENTED_EDGE('',*,*,#15387,.T.);
#15389=EDGE_LOOP('',(#15381,#15382,#15388));
#15390=FACE_OUTER_BOUND('',#15389,.T.);
#15391=ADVANCED_FACE('',(#15390),#15380,.T.);
#15392=CARTESIAN_POINT('',(11.708859972231,-13.065812715403,-17.807254021229));
#15393=DIRECTION('',(1.,-9.9395090720699E-16,-1.2462331842928E-15));
#15394=DIRECTION('',(-1.2462331842928E-15,1.8693497764393E-15,-1.));
#15395=AXIS2_PLACEMENT_3D('',#15392,#15394,#15393);
#15396=CONICAL_SURFACE('',#15395,0.,1.0821041362365);
#15397=CARTESIAN_POINT('',(11.708859972231,-13.065812715403,-17.807254021229));
#15398=VERTEX_POINT('',#15397);
#15399=CARTESIAN_POINT('',(11.708859972231,-13.065812715403,-17.807254021229));
#15400=DIRECTION('',(0.88294759285797,0.,-0.4694715627877));
#15401=VECTOR('',#15400,1.0660141268989);
#15402=LINE('',#15399,#15401);
#15403=EDGE_CURVE('',#15398,#14600,#15402,.T.);
#15404=ORIENTED_EDGE('',*,*,#15403,.T.);
#15405=ORIENTED_EDGE('',*,*,#14606,.F.);
#15406=CARTESIAN_POINT('',(12.253773752517,-13.320812715403,-18.127145204887));
#15407=VERTEX_POINT('',#15406);
#15408=CARTESIAN_POINT('',(12.614893959993,-13.320812715403,-18.307717339619));
#15409=CARTESIAN_POINT('',(12.394589912268,-13.320812715403,-18.194960357657));
#15410=CARTESIAN_POINT('',(12.253773752517,-13.320812715403,-18.127145204887));
#15411=(BOUNDED_CURVE()B_SPLINE_CURVE(2,(#15408,#15409,#15410),.HYPERBOLIC_ARC.,.F.,.U.)B_SPLINE_CURVE_WITH_KNOTS((3,3),(0.,0.79911372282099),.UNSPECIFIED.)CURVE()GEOMETRIC_REPRESENTATION_ITEM()RATIONAL_B_SPLINE_CURVE((1.124247473504,1.3664959573101,1.569951047362))REPRESENTATION_ITEM(''));
#15412=EDGE_CURVE('',#14591,#15407,#15411,.T.);
#15413=ORIENTED_EDGE('',*,*,#15412,.T.);
#15414=CARTESIAN_POINT('',(11.963859972231,-13.610726495689,-18.127145204887));
#15415=VERTEX_POINT('',#15414);
#15416=CARTESIAN_POINT('',(12.253773752517,-13.320812715403,-18.127145204887));
#15417=CARTESIAN_POINT('',(12.137166242735,-13.320812715403,-18.070988609621));
#15418=CARTESIAN_POINT('',(12.026740711981,-13.39182321871,-18.04362097787));
#15419=CARTESIAN_POINT('',(11.969918097221,-13.541615650274,-18.095419067673));
#15420=CARTESIAN_POINT('',(11.963859972231,-13.57653715074,-18.110680080039));
#15421=CARTESIAN_POINT('',(11.963859972231,-13.610726495689,-18.127145204887));
#15422=B_SPLINE_CURVE_WITH_KNOTS('',3,(#15416,#15417,#15418,#15419,#15420,#15421),.UNSPECIFIED.,.F.,.U.,(4,2,4),(0.,1.,1.29046257991),.UNSPECIFIED.);
#15423=EDGE_CURVE('',#15407,#15415,#15422,.T.);
#15424=ORIENTED_EDGE('',*,*,#15423,.T.);
#15425=CARTESIAN_POINT('',(11.963859972231,-13.610726495689,-18.127145204887));
#15426=CARTESIAN_POINT('',(11.963859972231,-13.75154265544,-18.194960357657));
#15427=CARTESIAN_POINT('',(11.963859972231,-13.971846703165,-18.307717339619));
#15428=(BOUNDED_CURVE()B_SPLINE_CURVE(2,(#15425,#15426,#15427),.HYPERBOLIC_ARC.,.F.,.U.)B_SPLINE_CURVE_WITH_KNOTS((3,3),(0.20088627717901,1.),.UNSPECIFIED.)CURVE()GEOMETRIC_REPRESENTATION_ITEM()RATIONAL_B_SPLINE_CURVE((1.569951047362,1.3664959573101,1.124247473504))REPRESENTATION_ITEM(''));
#15429=EDGE_CURVE('',#15415,#14564,#15428,.T.);
#15430=ORIENTED_EDGE('',*,*,#15429,.T.);
#15431=ORIENTED_EDGE('',*,*,#14570,.F.);
#15432=CARTESIAN_POINT('',(11.453859972231,-13.610726495689,-18.127145204887));
#15433=VERTEX_POINT('',#15432);
#15434=CARTESIAN_POINT('',(11.453859972231,-13.971846703165,-18.307717339619));
#15435=CARTESIAN_POINT('',(11.453859972231,-13.75154265544,-18.194960357657));
#15436=CARTESIAN_POINT('',(11.453859972231,-13.610726495689,-18.127145204887));
#15437=(BOUNDED_CURVE()B_SPLINE_CURVE(2,(#15434,#15435,#15436),.HYPERBOLIC_ARC.,.F.,.U.)B_SPLINE_CURVE_WITH_KNOTS((3,3),(0.,0.79911372282099),.UNSPECIFIED.)CURVE()GEOMETRIC_REPRESENTATION_ITEM()RATIONAL_B_SPLINE_CURVE((1.124247473504,1.3664959573101,1.569951047362))REPRESENTATION_ITEM(''));
#15438=EDGE_CURVE('',#14555,#15433,#15437,.T.);
#15439=ORIENTED_EDGE('',*,*,#15438,.T.);
#15440=CARTESIAN_POINT('',(11.163946191945,-13.320812715403,-18.127145204887));
#15441=VERTEX_POINT('',#15440);
#15442=CARTESIAN_POINT('',(11.453859972231,-13.610726495689,-18.127145204887));
#15443=CARTESIAN_POINT('',(11.453859972231,-13.494118985907,-18.070988609621));
#15444=CARTESIAN_POINT('',(11.382849468924,-13.383693455153,-18.04362097787));
#15445=CARTESIAN_POINT('',(11.23305703736,-13.326870840393,-18.095419067673));
#15446=CARTESIAN_POINT('',(11.198135536894,-13.320812715403,-18.110680080039));
#15447=CARTESIAN_POINT('',(11.163946191945,-13.320812715403,-18.127145204887));
#15448=B_SPLINE_CURVE_WITH_KNOTS('',3,(#15442,#15443,#15444,#15445,#15446,#15447),.UNSPECIFIED.,.F.,.U.,(4,2,4),(0.,1.,1.29046257991),.UNSPECIFIED.);
#15449=EDGE_CURVE('',#15433,#15441,#15448,.T.);
#15450=ORIENTED_EDGE('',*,*,#15449,.T.);
#15451=CARTESIAN_POINT('',(11.163946191945,-13.320812715403,-18.127145204887));
#15452=CARTESIAN_POINT('',(11.023130032194,-13.320812715403,-18.194960357657));
#15453=CARTESIAN_POINT('',(10.802825984469,-13.320812715403,-18.307717339619));
#15454=(BOUNDED_CURVE()B_SPLINE_CURVE(2,(#15451,#15452,#15453),.HYPERBOLIC_ARC.,.F.,.U.)B_SPLINE_CURVE_WITH_KNOTS((3,3),(0.20088627717901,1.),.UNSPECIFIED.)CURVE()GEOMETRIC_REPRESENTATION_ITEM()RATIONAL_B_SPLINE_CURVE((1.569951047362,1.3664959573101,1.124247473504))REPRESENTATION_ITEM(''));
#15455=EDGE_CURVE('',#15441,#14528,#15454,.T.);
#15456=ORIENTED_EDGE('',*,*,#15455,.T.);
#15457=ORIENTED_EDGE('',*,*,#14534,.F.);
#15458=ORIENTED_EDGE('',*,*,#15387,.F.);
#15459=ORIENTED_EDGE('',*,*,#15371,.F.);
#15460=ORIENTED_EDGE('',*,*,#15344,.F.);
#15461=ORIENTED_EDGE('',*,*,#14658,.F.);
#15462=CARTESIAN_POINT('',(11.963859972231,-12.520898935117,-18.127145204887));
#15463=VERTEX_POINT('',#15462);
#15464=CARTESIAN_POINT('',(11.963859972231,-12.159778728833,-18.307717339009));
#15465=CARTESIAN_POINT('',(11.963859972231,-12.380082775727,-18.194960357483));
#15466=CARTESIAN_POINT('',(11.963859972231,-12.520898935117,-18.127145204887));
#15467=(BOUNDED_CURVE()B_SPLINE_CURVE(2,(#15464,#15465,#15466),.HYPERBOLIC_ARC.,.F.,.U.)B_SPLINE_CURVE_WITH_KNOTS((3,3),(0.,0.85687759817199),.UNSPECIFIED.)CURVE()GEOMETRIC_REPRESENTATION_ITEM()RATIONAL_B_SPLINE_CURVE((1.0786831120819,1.3111135632429,1.5063228691822))REPRESENTATION_ITEM(''));
#15468=EDGE_CURVE('',#14645,#15463,#15467,.T.);
#15469=ORIENTED_EDGE('',*,*,#15468,.T.);
#15470=CARTESIAN_POINT('',(12.253773752517,-12.810812715403,-18.127145204887));
#15471=VERTEX_POINT('',#15470);
#15472=CARTESIAN_POINT('',(11.963859972231,-12.520898935117,-18.127145204887));
#15473=CARTESIAN_POINT('',(11.963859972231,-12.635579961776,-18.071916377766));
#15474=CARTESIAN_POINT('',(12.032725715727,-12.74530860067,-18.043709223635));
#15475=CARTESIAN_POINT('',(12.182117934077,-12.804302364112,-18.094303639479));
#15476=CARTESIAN_POINT('',(12.218330864958,-12.810812715403,-18.110076390919));
#15477=CARTESIAN_POINT('',(12.253773752517,-12.810812715403,-18.127145204887));
#15478=B_SPLINE_CURVE_WITH_KNOTS('',3,(#15472,#15473,#15474,#15475,#15476,#15477),.UNSPECIFIED.,.F.,.U.,(4,2,4),(0.,1.,1.30399247247),.UNSPECIFIED.);
#15479=EDGE_CURVE('',#15463,#15471,#15478,.T.);
#15480=ORIENTED_EDGE('',*,*,#15479,.T.);
#15481=CARTESIAN_POINT('',(12.253773752517,-12.810812715403,-18.127145204887));
#15482=CARTESIAN_POINT('',(12.394589911918,-12.810812715403,-18.194960357489));
#15483=CARTESIAN_POINT('',(12.614893958836,-12.810812715403,-18.307717339027));
#15484=(BOUNDED_CURVE()B_SPLINE_CURVE(2,(#15481,#15482,#15483),.HYPERBOLIC_ARC.,.F.,.U.)B_SPLINE_CURVE_WITH_KNOTS((3,3),(0.14312240177224,1.),.UNSPECIFIED.)CURVE()GEOMETRIC_REPRESENTATION_ITEM()RATIONAL_B_SPLINE_CURVE((1.5063228691822,1.3111135632302,1.0786831120516))REPRESENTATION_ITEM(''));
#15485=EDGE_CURVE('',#15471,#14618,#15484,.T.);
#15486=ORIENTED_EDGE('',*,*,#15485,.T.);
#15487=ORIENTED_EDGE('',*,*,#14624,.F.);
#15488=ORIENTED_EDGE('',*,*,#15403,.F.);
#15489=EDGE_LOOP('',(#15404,#15405,#15413,#15424,#15430,#15431,#15439,#15450,#15456,#15457,#15458,#15459,#15460,#15461,#15469,#15480,#15486,#15487,#15488));
#15490=FACE_OUTER_BOUND('',#15489,.T.);
#15491=ADVANCED_FACE('',(#15490),#15396,.F.);
#15492=CARTESIAN_POINT('',(10.90138555901,-13.320812715403,-18.107254021229));
#15493=DIRECTION('',(1.,-6.7655109585298E-15,0.));
#15494=DIRECTION('',(6.7655109585298E-15,1.,0.));
#15495=AXIS2_PLACEMENT_3D('',#15492,#15494,#15493);
#15496=PLANE('',#15495);
#15497=CARTESIAN_POINT('',(11.163946191945,-13.320812715403,-18.127145204887));
#15498=DIRECTION('',(0.,0.,-1.));
#15499=VECTOR('',#15498,0.239710140638);
#15500=LINE('',#15497,#15499);
#15501=EDGE_CURVE('',#15441,#14537,#15500,.T.);
#15502=ORIENTED_EDGE('',*,*,#15501,.T.);
#15503=ORIENTED_EDGE('',*,*,#14543,.F.);
#15504=ORIENTED_EDGE('',*,*,#15455,.F.);
#15505=EDGE_LOOP('',(#15502,#15503,#15504));
#15506=FACE_OUTER_BOUND('',#15505,.T.);
#15507=ADVANCED_FACE('',(#15506),#15496,.T.);
#15508=CARTESIAN_POINT('',(11.163946191945,-13.61072649569,-18.386806650067));
#15509=DIRECTION('',(-4.4593435755991E-06,0.99999999999006,2.4508760330674E-14));
#15510=DIRECTION('',(-3.102972120928E-14,-2.5858101007733E-14,1.));
#15511=AXIS2_PLACEMENT_3D('',#15508,#15510,#15509);
#15512=CYLINDRICAL_SURFACE('',#15511,0.28991378028648);
#15513=CARTESIAN_POINT('',(11.453859972231,-13.610726495689,-18.127145204887));
#15514=DIRECTION('',(0.,0.,-1.));
#15515=VECTOR('',#15514,0.23971014058);
#15516=LINE('',#15513,#15515);
#15517=EDGE_CURVE('',#15433,#14546,#15516,.T.);
#15518=ORIENTED_EDGE('',*,*,#15517,.T.);
#15519=ORIENTED_EDGE('',*,*,#14552,.F.);
#15520=ORIENTED_EDGE('',*,*,#15501,.F.);
#15521=ORIENTED_EDGE('',*,*,#15449,.F.);
#15522=EDGE_LOOP('',(#15518,#15519,#15520,#15521));
#15523=FACE_OUTER_BOUND('',#15522,.T.);
#15524=ADVANCED_FACE('',(#15523),#15512,.T.);
#15525=CARTESIAN_POINT('',(11.453859972231,-13.873287128624,-18.107254021229));
#15526=DIRECTION('',(6.7655109585298E-15,-1.,0.));
#15527=DIRECTION('',(1.,6.7655109585298E-15,0.));
#15528=AXIS2_PLACEMENT_3D('',#15525,#15527,#15526);
#15529=PLANE('',#15528);
#15530=ORIENTED_EDGE('',*,*,#14561,.F.);
#15531=ORIENTED_EDGE('',*,*,#15517,.F.);
#15532=ORIENTED_EDGE('',*,*,#15438,.F.);
#15533=EDGE_LOOP('',(#15530,#15531,#15532));
#15534=FACE_OUTER_BOUND('',#15533,.T.);
#15535=ADVANCED_FACE('',(#15534),#15529,.T.);
#15536=CARTESIAN_POINT('',(11.963859972231,-13.873287128624,-18.107254021229));
#15537=DIRECTION('',(6.7655109585298E-15,1.,0.));
#15538=DIRECTION('',(-1.,6.7655109585298E-15,0.));
#15539=AXIS2_PLACEMENT_3D('',#15536,#15538,#15537);
#15540=PLANE('',#15539);
#15541=CARTESIAN_POINT('',(11.963859972231,-13.610726495689,-18.127145204887));
#15542=DIRECTION('',(0.,0.,-1.));
#15543=VECTOR('',#15542,0.239710140638);
#15544=LINE('',#15541,#15543);
#15545=EDGE_CURVE('',#15415,#14573,#15544,.T.);
#15546=ORIENTED_EDGE('',*,*,#15545,.T.);
#15547=ORIENTED_EDGE('',*,*,#14579,.F.);
#15548=ORIENTED_EDGE('',*,*,#15429,.F.);
#15549=EDGE_LOOP('',(#15546,#15547,#15548));
#15550=FACE_OUTER_BOUND('',#15549,.T.);
#15551=ADVANCED_FACE('',(#15550),#15540,.T.);
#15552=CARTESIAN_POINT('',(12.253773752517,-13.610726495689,-18.386806650067));
#15553=DIRECTION('',(-0.99999999999006,-4.4593436858888E-06,0.));
#15554=DIRECTION('',(0.,1.0343240403094E-14,1.));
#15555=AXIS2_PLACEMENT_3D('',#15552,#15554,#15553);
#15556=CYLINDRICAL_SURFACE('',#15555,0.28991378028647);
#15557=CARTESIAN_POINT('',(12.253773752517,-13.320812715403,-18.127145204887));
#15558=DIRECTION('',(0.,0.,-1.));
#15559=VECTOR('',#15558,0.23971014058);
#15560=LINE('',#15557,#15559);
#15561=EDGE_CURVE('',#15407,#14582,#15560,.T.);
#15562=ORIENTED_EDGE('',*,*,#15561,.T.);
#15563=ORIENTED_EDGE('',*,*,#14588,.F.);
#15564=ORIENTED_EDGE('',*,*,#15545,.F.);
#15565=ORIENTED_EDGE('',*,*,#15423,.F.);
#15566=EDGE_LOOP('',(#15562,#15563,#15564,#15565));
#15567=FACE_OUTER_BOUND('',#15566,.T.);
#15568=ADVANCED_FACE('',(#15567),#15556,.T.);
#15569=CARTESIAN_POINT('',(12.516334385452,-13.320812715403,-18.107254021229));
#15570=DIRECTION('',(1.,0.,0.));
#15571=DIRECTION('',(-0.,1.,0.));
#15572=AXIS2_PLACEMENT_3D('',#15569,#15571,#15570);
#15573=PLANE('',#15572);
#15574=ORIENTED_EDGE('',*,*,#14597,.F.);
#15575=ORIENTED_EDGE('',*,*,#15561,.F.);
#15576=ORIENTED_EDGE('',*,*,#15412,.F.);
#15577=EDGE_LOOP('',(#15574,#15575,#15576));
#15578=FACE_OUTER_BOUND('',#15577,.T.);
#15579=ADVANCED_FACE('',(#15578),#15573,.T.);
#15580=CARTESIAN_POINT('',(12.516334385452,-12.810812715403,-18.107254021229));
#15581=DIRECTION('',(-1.,0.,0.));
#15582=DIRECTION('',(-0.,-1.,-0.));
#15583=AXIS2_PLACEMENT_3D('',#15580,#15582,#15581);
#15584=PLANE('',#15583);
#15585=CARTESIAN_POINT('',(12.253773752517,-12.810812715403,-18.127145204887));
#15586=DIRECTION('',(0.,0.,-1.));
#15587=VECTOR('',#15586,0.239710140638);
#15588=LINE('',#15585,#15587);
#15589=EDGE_CURVE('',#15471,#14627,#15588,.T.);
#15590=ORIENTED_EDGE('',*,*,#15589,.T.);
#15591=ORIENTED_EDGE('',*,*,#14633,.F.);
#15592=ORIENTED_EDGE('',*,*,#15485,.F.);
#15593=EDGE_LOOP('',(#15590,#15591,#15592));
#15594=FACE_OUTER_BOUND('',#15593,.T.);
#15595=ADVANCED_FACE('',(#15594),#15584,.T.);
#15596=CARTESIAN_POINT('',(12.253773752517,-12.520898935117,-18.38680392781));
#15597=DIRECTION('',(4.363273652807E-06,-0.99999999999048,0.));
#15598=DIRECTION('',(-5.1686930101701E-15,5.1686930101701E-15,1.));
#15599=AXIS2_PLACEMENT_3D('',#15596,#15598,#15597);
#15600=CYLINDRICAL_SURFACE('',#15599,0.28991378028648);
#15601=CARTESIAN_POINT('',(11.963859972231,-12.520898935117,-18.127145204887));
#15602=DIRECTION('',(0.,0.,-1.));
#15603=VECTOR('',#15602,0.23971014058);
#15604=LINE('',#15601,#15603);
#15605=EDGE_CURVE('',#15463,#14636,#15604,.T.);
#15606=ORIENTED_EDGE('',*,*,#15605,.T.);
#15607=ORIENTED_EDGE('',*,*,#14642,.F.);
#15608=ORIENTED_EDGE('',*,*,#15589,.F.);
#15609=ORIENTED_EDGE('',*,*,#15479,.F.);
#15610=EDGE_LOOP('',(#15606,#15607,#15608,#15609));
#15611=FACE_OUTER_BOUND('',#15610,.T.);
#15612=ADVANCED_FACE('',(#15611),#15600,.T.);
#15613=CARTESIAN_POINT('',(11.963859972231,-12.258338302182,-18.107254021229));
#15614=DIRECTION('',(0.,1.,0.));
#15615=DIRECTION('',(-1.,0.,0.));
#15616=AXIS2_PLACEMENT_3D('',#15613,#15615,#15614);
#15617=PLANE('',#15616);
#15618=ORIENTED_EDGE('',*,*,#14651,.F.);
#15619=ORIENTED_EDGE('',*,*,#15605,.F.);
#15620=ORIENTED_EDGE('',*,*,#15468,.F.);
#15621=EDGE_LOOP('',(#15618,#15619,#15620));
#15622=FACE_OUTER_BOUND('',#15621,.T.);
#15623=ADVANCED_FACE('',(#15622),#15617,.T.);
#15624=CARTESIAN_POINT('',(11.708859972231,14.691546597478,-16.207254021229));
#15625=DIRECTION('',(1.,-1.7763568394003E-15,0.));
#15626=DIRECTION('',(0.,0.,-1.));
#15627=AXIS2_PLACEMENT_3D('',#15624,#15626,#15625);
#15628=CYLINDRICAL_SURFACE('',#15627,1.);
#15629=ORIENTED_EDGE('',*,*,#14704,.F.);
#15630=CARTESIAN_POINT('',(12.708859972231,14.691546597478,-16.907254021229));
#15631=VERTEX_POINT('',#15630);
#15632=CARTESIAN_POINT('',(12.708859972231,14.691546597478,-16.207254021229));
#15633=DIRECTION('',(0.,0.,-1.));
#15634=VECTOR('',#15633,0.7);
#15635=LINE('',#15632,#15634);
#15636=EDGE_CURVE('',#14698,#15631,#15635,.T.);
#15637=ORIENTED_EDGE('',*,*,#15636,.T.);
#15638=CARTESIAN_POINT('',(11.708859972231,14.691546597478,-16.907254021229));
#15639=DIRECTION('',(1.,6.280369834735E-16,-2.512147933894E-15));
#15640=DIRECTION('',(2.512147933894E-15,2.512147933894E-15,1.));
#15641=AXIS2_PLACEMENT_3D('',#15638,#15640,#15639);
#15642=CIRCLE('',#15641,1.);
#15643=EDGE_CURVE('',#15631,#15631,#15642,.T.);
#15644=ORIENTED_EDGE('',*,*,#15643,.T.);
#15645=ORIENTED_EDGE('',*,*,#15636,.F.);
#15646=EDGE_LOOP('',(#15629,#15637,#15644,#15645));
#15647=FACE_OUTER_BOUND('',#15646,.T.);
#15648=ADVANCED_FACE('',(#15647),#15628,.T.);
#15649=CARTESIAN_POINT('',(-16.04849934065,14.691546597478,-15.247254021229));
#15650=DIRECTION('',(1.,0.,1.7763568394002E-15));
#15651=DIRECTION('',(0.,0.,-1.));
#15652=AXIS2_PLACEMENT_3D('',#15649,#15651,#15650);
#15653=CYLINDRICAL_SURFACE('',#15652,1.);
#15654=CARTESIAN_POINT('',(-15.04849934065,14.691546597478,-16.207254021229));
#15655=VERTEX_POINT('',#15654);
#15656=CARTESIAN_POINT('',(-16.04849934065,14.691546597478,-16.207254021229));
#15657=DIRECTION('',(1.,-1.256073966947E-15,1.256073966947E-15));
#15658=DIRECTION('',(-1.256073966947E-15,-1.256073966947E-15,1.));
#15659=AXIS2_PLACEMENT_3D('',#15656,#15658,#15657);
#15660=CIRCLE('',#15659,1.);
#15661=EDGE_CURVE('',#15655,#15655,#15660,.T.);
#15662=ORIENTED_EDGE('',*,*,#15661,.T.);
#15663=CARTESIAN_POINT('',(-15.04849934065,14.691546597478,-16.207254021229));
#15664=DIRECTION('',(0.,0.,1.));
#15665=VECTOR('',#15664,0.96);
#15666=LINE('',#15663,#15665);
#15667=EDGE_CURVE('',#15655,#14746,#15666,.T.);
#15668=ORIENTED_EDGE('',*,*,#15667,.T.);
#15669=ORIENTED_EDGE('',*,*,#14752,.F.);
#15670=ORIENTED_EDGE('',*,*,#15667,.F.);
#15671=EDGE_LOOP('',(#15662,#15668,#15669,#15670));
#15672=FACE_OUTER_BOUND('',#15671,.T.);
#15673=ADVANCED_FACE('',(#15672),#15653,.T.);
#15674=CARTESIAN_POINT('',(-16.04849934065,-13.065812715403,-15.247254021229));
#15675=DIRECTION('',(1.,1.7763568394003E-15,0.));
#15676=DIRECTION('',(0.,0.,-1.));
#15677=AXIS2_PLACEMENT_3D('',#15674,#15676,#15675);
#15678=CYLINDRICAL_SURFACE('',#15677,1.);
#15679=CARTESIAN_POINT('',(-15.04849934065,-13.065812715403,-16.207254021229));
#15680=VERTEX_POINT('',#15679);
#15681=CARTESIAN_POINT('',(-16.04849934065,-13.065812715403,-16.207254021229));
#15682=DIRECTION('',(1.,-1.256073966947E-15,1.256073966947E-15));
#15683=DIRECTION('',(-1.256073966947E-15,-1.256073966947E-15,1.));
#15684=AXIS2_PLACEMENT_3D('',#15681,#15683,#15682);
#15685=CIRCLE('',#15684,1.);
#15686=EDGE_CURVE('',#15680,#15680,#15685,.T.);
#15687=ORIENTED_EDGE('',*,*,#15686,.T.);
#15688=CARTESIAN_POINT('',(-15.04849934065,-13.065812715403,-16.207254021229));
#15689=DIRECTION('',(0.,-1.0417592714399E-12,1.));
#15690=VECTOR('',#15689,0.96);
#15691=LINE('',#15688,#15690);
#15692=EDGE_CURVE('',#15680,#14786,#15691,.T.);
#15693=ORIENTED_EDGE('',*,*,#15692,.T.);
#15694=ORIENTED_EDGE('',*,*,#14792,.F.);
#15695=ORIENTED_EDGE('',*,*,#15692,.F.);
#15696=EDGE_LOOP('',(#15687,#15693,#15694,#15695));
#15697=FACE_OUTER_BOUND('',#15696,.T.);
#15698=ADVANCED_FACE('',(#15697),#15678,.T.);
#15699=CARTESIAN_POINT('',(-16.04849934065,14.691546597478,-13.907254021229));
#15700=DIRECTION('',(-0.033815498321294,-1.0218072387299E-13,0.99942809249755));
#15701=DIRECTION('',(0.,-1.,-1.0223920475659E-13));
#15702=AXIS2_PLACEMENT_3D('',#15699,#15701,#15700);
#15703=SPHERICAL_SURFACE('',#15702,4.5);
#15704=CARTESIAN_POINT('',(-16.30349934065,15.59758058494,-18.307717339483));
#15705=VERTEX_POINT('',#15704);
#15706=CARTESIAN_POINT('',(-16.30349934065,15.236460377764,-18.366855345525));
#15707=VERTEX_POINT('',#15706);
#15708=CARTESIAN_POINT('',(-16.303499340653,14.691546597478,-13.907254021233));
#15709=DIRECTION('',(6.2233013685536E-13,0.20166493068891,-0.97945457052905));
#15710=DIRECTION('',(-1.,1.0060485202685E-13,-6.1433327383047E-13));
#15711=AXIS2_PLACEMENT_3D('',#15708,#15710,#15709);
#15712=CIRCLE('',#15711,4.4927691905524);
#15713=EDGE_CURVE('',#15705,#15707,#15712,.T.);
#15714=ORIENTED_EDGE('',*,*,#15713,.T.);
#15715=CARTESIAN_POINT('',(-16.593413120936,14.946546597478,-18.366855345467));
#15716=VERTEX_POINT('',#15715);
#15717=CARTESIAN_POINT('',(-16.30349934065,15.236460377764,-18.366855345569));
#15718=CARTESIAN_POINT('',(-16.30349934065,15.075917821567,-18.386471863915));
#15719=CARTESIAN_POINT('',(-16.432979452772,14.946546597478,-18.386458559006));
#15720=CARTESIAN_POINT('',(-16.593413120936,14.946546597478,-18.366855345569));
#15721=B_SPLINE_CURVE_WITH_KNOTS('',3,(#15717,#15718,#15719,#15720),.UNSPECIFIED.,.F.,.U.,(4,4),(0.,1.),.UNSPECIFIED.);
#15722=EDGE_CURVE('',#15707,#15716,#15721,.T.);
#15723=ORIENTED_EDGE('',*,*,#15722,.T.);
#15724=CARTESIAN_POINT('',(-16.954533328112,14.946546597478,-18.307717339483));
#15725=VERTEX_POINT('',#15724);
#15726=CARTESIAN_POINT('',(-16.04849934065,14.946546597478,-13.907254021229));
#15727=DIRECTION('',(-0.12128684051667,1.858292022277E-14,-0.99261750050938));
#15728=DIRECTION('',(3.083961819113E-15,1.,1.8831898487256E-14));
#15729=AXIS2_PLACEMENT_3D('',#15726,#15728,#15727);
#15730=CIRCLE('',#15729,4.4927691907923);
#15731=EDGE_CURVE('',#15716,#15725,#15730,.T.);
#15732=ORIENTED_EDGE('',*,*,#15731,.T.);
#15733=CARTESIAN_POINT('',(-16.954533328112,14.436546597478,-18.307717339483));
#15734=VERTEX_POINT('',#15733);
#15735=CARTESIAN_POINT('',(-16.04849934065,14.691546597478,-18.307717339339));
#15736=DIRECTION('',(-0.96260165127936,0.27092076508502,3.0196201034939E-14));
#15737=DIRECTION('',(2.838588410853E-14,0.,1.));
#15738=AXIS2_PLACEMENT_3D('',#15735,#15737,#15736);
#15739=CIRCLE('',#15738,0.94123460754281);
#15740=EDGE_CURVE('',#15725,#15734,#15739,.T.);
#15741=ORIENTED_EDGE('',*,*,#15740,.T.);
#15742=CARTESIAN_POINT('',(-16.593413120936,14.436546597478,-18.366855345525));
#15743=VERTEX_POINT('',#15742);
#15744=CARTESIAN_POINT('',(-16.04849934065,14.436546597478,-13.90725402123));
#15745=DIRECTION('',(-0.20166493068885,9.8449939057748E-14,-0.97945457052906));
#15746=DIRECTION('',(-2.0699274164073E-14,-1.,-9.6360525036032E-14));
#15747=AXIS2_PLACEMENT_3D('',#15744,#15746,#15745);
#15748=CIRCLE('',#15747,4.4927691905549);
#15749=EDGE_CURVE('',#15734,#15743,#15748,.T.);
#15750=ORIENTED_EDGE('',*,*,#15749,.T.);
#15751=CARTESIAN_POINT('',(-16.30349934065,14.146632817192,-18.366855345467));
#15752=VERTEX_POINT('',#15751);
#15753=CARTESIAN_POINT('',(-16.593413120936,14.436546597478,-18.366855345569));
#15754=CARTESIAN_POINT('',(-16.432979452772,14.436546597478,-18.386458559006));
#15755=CARTESIAN_POINT('',(-16.30349934065,14.307175373389,-18.386471863915));
#15756=CARTESIAN_POINT('',(-16.30349934065,14.146632817192,-18.366855345569));
#15757=B_SPLINE_CURVE_WITH_KNOTS('',3,(#15753,#15754,#15755,#15756),.UNSPECIFIED.,.F.,.U.,(4,4),(0.,1.),.UNSPECIFIED.);
#15758=EDGE_CURVE('',#15743,#15752,#15757,.T.);
#15759=ORIENTED_EDGE('',*,*,#15758,.T.);
#15760=CARTESIAN_POINT('',(-16.30349934065,13.785512610016,-18.307717339483));
#15761=VERTEX_POINT('',#15760);
#15762=CARTESIAN_POINT('',(-16.303499340651,14.691546597478,-13.907254021225));
#15763=DIRECTION('',(3.977535690232E-13,-0.12128684051659,-0.99261750050939));
#15764=DIRECTION('',(-1.,-7.3817756718706E-14,-3.9068564148451E-13));
#15765=AXIS2_PLACEMENT_3D('',#15762,#15764,#15763);
#15766=CIRCLE('',#15765,4.4927691907962);
#15767=EDGE_CURVE('',#15752,#15761,#15766,.T.);
#15768=ORIENTED_EDGE('',*,*,#15767,.T.);
#15769=CARTESIAN_POINT('',(-15.79349934065,13.785512610016,-18.307717339483));
#15770=VERTEX_POINT('',#15769);
#15771=CARTESIAN_POINT('',(-16.04849934065,14.691546597478,-18.307717339339));
#15772=DIRECTION('',(-0.27092076508502,-0.96260165127936,1.1323575388102E-14));
#15773=DIRECTION('',(-0.,7.8849678079249E-15,1.));
#15774=AXIS2_PLACEMENT_3D('',#15771,#15773,#15772);
#15775=CIRCLE('',#15774,0.9412346075428);
#15776=EDGE_CURVE('',#15761,#15770,#15775,.T.);
#15777=ORIENTED_EDGE('',*,*,#15776,.T.);
#15778=CARTESIAN_POINT('',(-15.79349934065,14.146632817192,-18.366855345525));
#15779=VERTEX_POINT('',#15778);
#15780=CARTESIAN_POINT('',(-15.793499340649,14.691546597478,-13.90725402123));
#15781=DIRECTION('',(-9.9636082901809E-14,-0.20166493068881,-0.97945457052907));
#15782=DIRECTION('',(1.,-2.0736883454548E-14,-9.6590182334669E-14));
#15783=AXIS2_PLACEMENT_3D('',#15780,#15782,#15781);
#15784=CIRCLE('',#15783,4.4927691905553);
#15785=EDGE_CURVE('',#15770,#15779,#15784,.T.);
#15786=ORIENTED_EDGE('',*,*,#15785,.T.);
#15787=CARTESIAN_POINT('',(-15.503585560364,14.436546597478,-18.366855345467));
#15788=VERTEX_POINT('',#15787);
#15789=CARTESIAN_POINT('',(-15.79349934065,14.146632817192,-18.366855345569));
#15790=CARTESIAN_POINT('',(-15.79349934065,14.307066485356,-18.386458559006));
#15791=CARTESIAN_POINT('',(-15.664128116561,14.436546597478,-18.386471863915));
#15792=CARTESIAN_POINT('',(-15.503585560364,14.436546597478,-18.366855345569));
#15793=B_SPLINE_CURVE_WITH_KNOTS('',3,(#15789,#15790,#15791,#15792),.UNSPECIFIED.,.F.,.U.,(4,4),(0.,1.),.UNSPECIFIED.);
#15794=EDGE_CURVE('',#15779,#15788,#15793,.T.);
#15795=ORIENTED_EDGE('',*,*,#15794,.T.);
#15796=CARTESIAN_POINT('',(-15.142465353188,14.436546597478,-18.307717339483));
#15797=VERTEX_POINT('',#15796);
#15798=CARTESIAN_POINT('',(-16.04849934065,14.436546597478,-13.90725402123));
#15799=DIRECTION('',(0.12128684051662,5.6144141949652E-14,-0.99261750050938));
#15800=DIRECTION('',(9.063839004951E-15,-1.,-5.5347408968636E-14));
#15801=AXIS2_PLACEMENT_3D('',#15798,#15800,#15799);
#15802=CIRCLE('',#15801,4.4927691907918);
#15803=EDGE_CURVE('',#15788,#15797,#15802,.T.);
#15804=ORIENTED_EDGE('',*,*,#15803,.T.);
#15805=CARTESIAN_POINT('',(-15.107264733352,14.691546597478,-18.307717339338));
#15806=VERTEX_POINT('',#15805);
#15807=CARTESIAN_POINT('',(-16.04849934065,14.691546597478,-18.307717339339));
#15808=DIRECTION('',(0.96260165127936,-0.27092076508502,-3.0951106068863E-13));
#15809=DIRECTION('',(3.0474911326967E-13,-4.2068069632051E-14,1.));
#15810=AXIS2_PLACEMENT_3D('',#15807,#15809,#15808);
#15811=CIRCLE('',#15810,0.94123460729796);
#15812=EDGE_CURVE('',#15797,#15806,#15811,.T.);
#15813=ORIENTED_EDGE('',*,*,#15812,.T.);
#15814=CARTESIAN_POINT('',(-16.04849934065,14.691546597478,-13.907254021229));
#15815=DIRECTION('',(0.20916324606623,-8.6844112148467E-15,-0.9778807373576));
#15816=DIRECTION('',(-2.7073023518814E-15,-1.,8.5972687950679E-15));
#15817=AXIS2_PLACEMENT_3D('',#15814,#15816,#15815);
#15818=CIRCLE('',#15817,4.4999999999995);
#15819=EDGE_CURVE('',#15806,#14804,#15818,.T.);
#15820=ORIENTED_EDGE('',*,*,#15819,.T.);
#15821=ORIENTED_EDGE('',*,*,#14816,.F.);
#15822=ORIENTED_EDGE('',*,*,#15819,.F.);
#15823=CARTESIAN_POINT('',(-15.142465354085,14.946546598534,-18.307717339416));
#15824=VERTEX_POINT('',#15823);
#15825=CARTESIAN_POINT('',(-16.04849934065,14.691546597478,-18.307717339339));
#15826=DIRECTION('',(1.,-5.6617876975241E-15,-1.2078480421385E-13));
#15827=DIRECTION('',(1.1972286479253E-13,1.6526741566138E-14,1.));
#15828=AXIS2_PLACEMENT_3D('',#15825,#15827,#15826);
#15829=CIRCLE('',#15828,0.94123460696542);
#15830=EDGE_CURVE('',#15806,#15824,#15829,.T.);
#15831=ORIENTED_EDGE('',*,*,#15830,.T.);
#15832=CARTESIAN_POINT('',(-15.503585560364,14.946546597478,-18.366855345525));
#15833=VERTEX_POINT('',#15832);
#15834=CARTESIAN_POINT('',(-16.04849934065,14.946546597478,-13.907254021231));
#15835=DIRECTION('',(0.20166493050029,-1.9769064067827E-15,-0.97945457056788));
#15836=DIRECTION('',(2.2565574379778E-16,1.,-1.3779437983036E-15));
#15837=AXIS2_PLACEMENT_3D('',#15834,#15836,#15835);
#15838=CIRCLE('',#15837,4.4927691905536);
#15839=EDGE_CURVE('',#15824,#15833,#15838,.T.);
#15840=ORIENTED_EDGE('',*,*,#15839,.T.);
#15841=CARTESIAN_POINT('',(-15.79349934065,15.236460377764,-18.366855345467));
#15842=VERTEX_POINT('',#15841);
#15843=CARTESIAN_POINT('',(-15.503585560364,14.946546597478,-18.366855345569));
#15844=CARTESIAN_POINT('',(-15.664128116561,14.946546597478,-18.386471863915));
#15845=CARTESIAN_POINT('',(-15.79349934065,15.0760267096,-18.386458559006));
#15846=CARTESIAN_POINT('',(-15.79349934065,15.236460377764,-18.366855345569));
#15847=B_SPLINE_CURVE_WITH_KNOTS('',3,(#15843,#15844,#15845,#15846),.UNSPECIFIED.,.F.,.U.,(4,4),(0.,1.),.UNSPECIFIED.);
#15848=EDGE_CURVE('',#15833,#15842,#15847,.T.);
#15849=ORIENTED_EDGE('',*,*,#15848,.T.);
#15850=CARTESIAN_POINT('',(-15.793499339534,15.597580584005,-18.307717339421));
#15851=VERTEX_POINT('',#15850);
#15852=CARTESIAN_POINT('',(-15.79349934065,14.691546597478,-13.907254021225));
#15853=DIRECTION('',(4.349194094928E-14,0.12128684051656,-0.99261750050939));
#15854=DIRECTION('',(1.,-7.032937349977E-15,4.2945915057955E-14));
#15855=AXIS2_PLACEMENT_3D('',#15852,#15854,#15853);
#15856=CIRCLE('',#15855,4.4927691905473);
#15857=EDGE_CURVE('',#15842,#15851,#15856,.T.);
#15858=ORIENTED_EDGE('',*,*,#15857,.T.);
#15859=CARTESIAN_POINT('',(-16.04849934065,14.691546597478,-18.307717339339));
#15860=DIRECTION('',(0.27092076644273,0.96260165089724,1.1323575388102E-14));
#15861=DIRECTION('',(-8.8971589193408E-24,-1.2615948428228E-14,1.));
#15862=AXIS2_PLACEMENT_3D('',#15859,#15861,#15860);
#15863=CIRCLE('',#15862,0.94123460754283);
#15864=EDGE_CURVE('',#15851,#15705,#15863,.T.);
#15865=ORIENTED_EDGE('',*,*,#15864,.T.);
#15866=EDGE_LOOP('',(#15714,#15723,#15732,#15741,#15750,#15759,#15768,#15777,#15786,#15795,#15804,#15813,#15820,#15821,#15822,#15831,#15840,#15849,#15858,#15865));
#15867=FACE_OUTER_BOUND('',#15866,.T.);
#15868=ADVANCED_FACE('',(#15867),#15703,.T.);
#15869=CARTESIAN_POINT('',(-16.04849934065,14.691546597478,-17.007254021229));
#15870=DIRECTION('',(1.,0.,0.));
#15871=DIRECTION('',(0.,0.,1.));
#15872=AXIS2_PLACEMENT_3D('',#15869,#15871,#15870);
#15873=PLANE('',#15872);
#15874=CARTESIAN_POINT('',(-16.04849934065,14.691546597478,-17.007254021229));
#15875=DIRECTION('',(-0.71705511036903,-0.69701647662997,-3.2294154687824E-15));
#15876=DIRECTION('',(-1.3858073992116E-15,2.3097701137854E-15,-1.));
#15877=AXIS2_PLACEMENT_3D('',#15874,#15876,#15875);
#15878=CIRCLE('',#15877,1.1001104420113);
#15879=EDGE_CURVE('',#14910,#14836,#15878,.T.);
#15880=ORIENTED_EDGE('',*,*,#15879,.T.);
#15881=ORIENTED_EDGE('',*,*,#14841,.F.);
#15882=ORIENTED_EDGE('',*,*,#14947,.F.);
#15883=ORIENTED_EDGE('',*,*,#14924,.F.);
#15884=EDGE_LOOP('',(#15880,#15881,#15882,#15883));
#15885=FACE_OUTER_BOUND('',#15884,.T.);
#15886=ADVANCED_FACE('',(#15885),#15873,.T.);
#15887=CARTESIAN_POINT('',(-16.04849934065,14.691546597478,-16.907254021229));
#15888=DIRECTION('',(1.,4.8815306623479E-13,-3.8502109084629E-15));
#15889=DIRECTION('',(3.8502109084637E-15,-1.7371553432154E-15,1.));
#15890=AXIS2_PLACEMENT_3D('',#15887,#15889,#15888);
#15891=TOROIDAL_SURFACE('',#15890,1.0999999999995,0.099999999999976);
#15892=CARTESIAN_POINT('',(-15.04849934065,14.691546597478,-16.907254021229));
#15893=VERTEX_POINT('',#15892);
#15894=CARTESIAN_POINT('',(-16.04849934065,14.691546597478,-16.907254021229));
#15895=DIRECTION('',(1.,1.256073966947E-15,-0.));
#15896=DIRECTION('',(0.,-0.,-1.));
#15897=AXIS2_PLACEMENT_3D('',#15894,#15896,#15895);
#15898=CIRCLE('',#15897,1.);
#15899=EDGE_CURVE('',#15893,#15893,#15898,.T.);
#15900=ORIENTED_EDGE('',*,*,#15899,.T.);
#15901=CARTESIAN_POINT('',(-14.94849934065,14.691546597478,-17.007254021229));
#15902=VERTEX_POINT('',#15901);
#15903=CARTESIAN_POINT('',(-14.94849934065,14.691546597478,-16.907254021229));
#15904=DIRECTION('',(-1.,0.,0.));
#15905=DIRECTION('',(0.,-1.,0.));
#15906=AXIS2_PLACEMENT_3D('',#15903,#15905,#15904);
#15907=CIRCLE('',#15906,0.1);
#15908=EDGE_CURVE('',#15893,#15902,#15907,.T.);
#15909=ORIENTED_EDGE('',*,*,#15908,.T.);
#15910=CARTESIAN_POINT('',(-16.04849934065,14.691546597478,-17.007254021229));
#15911=DIRECTION('',(1.,3.2297397080004E-15,0.));
#15912=DIRECTION('',(-3.8205713699207E-15,-1.5509118949642E-15,1.));
#15913=AXIS2_PLACEMENT_3D('',#15910,#15912,#15911);
#15914=CIRCLE('',#15913,1.1);
#15915=EDGE_CURVE('',#15902,#14844,#15914,.T.);
#15916=ORIENTED_EDGE('',*,*,#15915,.T.);
#15917=ORIENTED_EDGE('',*,*,#14850,.F.);
#15918=ORIENTED_EDGE('',*,*,#15879,.F.);
#15919=ORIENTED_EDGE('',*,*,#14916,.F.);
#15920=CARTESIAN_POINT('',(-16.04849934065,14.691546597478,-17.007254021229));
#15921=DIRECTION('',(-0.69701647662996,-0.71705511036904,0.));
#15922=DIRECTION('',(-3.0954165072332E-15,-6.5136509524955E-16,1.));
#15923=AXIS2_PLACEMENT_3D('',#15920,#15922,#15921);
#15924=CIRCLE('',#15923,1.100110442012);
#15925=EDGE_CURVE('',#14902,#15902,#15924,.T.);
#15926=ORIENTED_EDGE('',*,*,#15925,.T.);
#15927=ORIENTED_EDGE('',*,*,#15908,.F.);
#15928=EDGE_LOOP('',(#15900,#15909,#15916,#15917,#15918,#15919,#15926,#15927));
#15929=FACE_OUTER_BOUND('',#15928,.T.);
#15930=ADVANCED_FACE('',(#15929),#15891,.F.);
#15931=CARTESIAN_POINT('',(-16.04849934065,14.691546597478,-17.007254021229));
#15932=DIRECTION('',(1.,0.,0.));
#15933=DIRECTION('',(0.,0.,1.));
#15934=AXIS2_PLACEMENT_3D('',#15931,#15933,#15932);
#15935=PLANE('',#15934);
#15936=ORIENTED_EDGE('',*,*,#14883,.F.);
#15937=ORIENTED_EDGE('',*,*,#14858,.F.);
#15938=ORIENTED_EDGE('',*,*,#15915,.F.);
#15939=ORIENTED_EDGE('',*,*,#15925,.F.);
#15940=ORIENTED_EDGE('',*,*,#14907,.F.);
#15941=EDGE_LOOP('',(#15936,#15937,#15938,#15939,#15940));
#15942=FACE_OUTER_BOUND('',#15941,.T.);
#15943=ADVANCED_FACE('',(#15942),#15935,.T.);
#15944=CARTESIAN_POINT('',(11.708859972231,14.691546597478,-17.007254021229));
#15945=DIRECTION('',(1.,0.,0.));
#15946=DIRECTION('',(0.,0.,1.));
#15947=AXIS2_PLACEMENT_3D('',#15944,#15946,#15945);
#15948=PLANE('',#15947);
#15949=ORIENTED_EDGE('',*,*,#15096,.F.);
#15950=ORIENTED_EDGE('',*,*,#15073,.F.);
#15951=CARTESIAN_POINT('',(12.808859972231,14.691546597478,-17.007254021229));
#15952=VERTEX_POINT('',#15951);
#15953=CARTESIAN_POINT('',(11.708859972231,14.691546597478,-17.007254021229));
#15954=DIRECTION('',(-0.6970164766272,0.71705511037173,-3.2297397080004E-15));
#15955=DIRECTION('',(2.6481672867579E-15,1.7306354844622E-15,-1.));
#15956=AXIS2_PLACEMENT_3D('',#15953,#15955,#15954);
#15957=CIRCLE('',#15956,1.1);
#15958=EDGE_CURVE('',#15059,#15952,#15957,.T.);
#15959=ORIENTED_EDGE('',*,*,#15958,.T.);
#15960=CARTESIAN_POINT('',(11.708859972231,14.691546597478,-17.007254021229));
#15961=DIRECTION('',(1.,-4.8441232031707E-15,3.2294154687805E-15));
#15962=DIRECTION('',(2.5467918770993E-15,-1.0338374640814E-15,-1.));
#15963=AXIS2_PLACEMENT_3D('',#15960,#15962,#15961);
#15964=CIRCLE('',#15963,1.100110442012);
#15965=EDGE_CURVE('',#15952,#14985,#15964,.T.);
#15966=ORIENTED_EDGE('',*,*,#15965,.T.);
#15967=ORIENTED_EDGE('',*,*,#14990,.F.);
#15968=EDGE_LOOP('',(#15949,#15950,#15959,#15966,#15967));
#15969=FACE_OUTER_BOUND('',#15968,.T.);
#15970=ADVANCED_FACE('',(#15969),#15948,.T.);
#15971=CARTESIAN_POINT('',(11.708859972231,14.691546597478,-16.907254021229));
#15972=DIRECTION('',(1.,3.6932569298996E-13,-1.2820497045365E-15));
#15973=DIRECTION('',(1.2820497045372E-15,-1.7353227244849E-15,1.));
#15974=AXIS2_PLACEMENT_3D('',#15971,#15973,#15972);
#15975=TOROIDAL_SURFACE('',#15974,1.0999999999997,0.09999999999998);
#15976=ORIENTED_EDGE('',*,*,#15643,.F.);
#15977=CARTESIAN_POINT('',(12.808859972231,14.691546597478,-16.907254021229));
#15978=DIRECTION('',(-1.,0.,0.));
#15979=DIRECTION('',(0.,-1.,0.));
#15980=AXIS2_PLACEMENT_3D('',#15977,#15979,#15978);
#15981=CIRCLE('',#15980,0.1);
#15982=EDGE_CURVE('',#15631,#15952,#15981,.T.);
#15983=ORIENTED_EDGE('',*,*,#15982,.T.);
#15984=ORIENTED_EDGE('',*,*,#15958,.F.);
#15985=ORIENTED_EDGE('',*,*,#15065,.F.);
#15986=CARTESIAN_POINT('',(11.708859972231,14.691546597478,-17.007254021229));
#15987=DIRECTION('',(-0.71705511037173,0.6970164766272,3.2294154687805E-15));
#15988=DIRECTION('',(-1.4021019278143E-15,-9.9340079112771E-18,1.));
#15989=AXIS2_PLACEMENT_3D('',#15986,#15988,#15987);
#15990=CIRCLE('',#15989,1.100110442012);
#15991=EDGE_CURVE('',#15051,#14993,#15990,.T.);
#15992=ORIENTED_EDGE('',*,*,#15991,.T.);
#15993=ORIENTED_EDGE('',*,*,#14999,.F.);
#15994=ORIENTED_EDGE('',*,*,#15965,.F.);
#15995=ORIENTED_EDGE('',*,*,#15982,.F.);
#15996=EDGE_LOOP('',(#15976,#15983,#15984,#15985,#15992,#15993,#15994,#15995));
#15997=FACE_OUTER_BOUND('',#15996,.T.);
#15998=ADVANCED_FACE('',(#15997),#15975,.F.);
#15999=CARTESIAN_POINT('',(11.708859972231,14.691546597478,-17.007254021229));
#16000=DIRECTION('',(1.,0.,0.));
#16001=DIRECTION('',(0.,0.,1.));
#16002=AXIS2_PLACEMENT_3D('',#15999,#16001,#16000);
#16003=PLANE('',#16002);
#16004=ORIENTED_EDGE('',*,*,#15991,.F.);
#16005=ORIENTED_EDGE('',*,*,#15056,.F.);
#16006=ORIENTED_EDGE('',*,*,#15032,.F.);
#16007=ORIENTED_EDGE('',*,*,#15007,.F.);
#16008=EDGE_LOOP('',(#16004,#16005,#16006,#16007));
#16009=FACE_OUTER_BOUND('',#16008,.T.);
#16010=ADVANCED_FACE('',(#16009),#16003,.T.);
#16011=CARTESIAN_POINT('',(11.708859972231,14.691546597478,-13.907254021229));
#16012=DIRECTION('',(-0.033815498321292,-1.0180059812958E-13,0.99942809249755));
#16013=DIRECTION('',(3.9474596431117E-16,-1.,-1.0184445879228E-13));
#16014=AXIS2_PLACEMENT_3D('',#16011,#16013,#16012);
#16015=SPHERICAL_SURFACE('',#16014,4.5);
#16016=CARTESIAN_POINT('',(11.453859972231,15.59758058494,-18.307717339483));
#16017=VERTEX_POINT('',#16016);
#16018=CARTESIAN_POINT('',(11.453859972231,15.236460377764,-18.366855345525));
#16019=VERTEX_POINT('',#16018);
#16020=CARTESIAN_POINT('',(11.453859972231,14.691546597478,-13.907254021233));
#16021=DIRECTION('',(1.3087120412905E-13,0.20166493068891,-0.97945457052905));
#16022=DIRECTION('',(-1.,2.1136421248257E-14,-1.2906740182906E-13));
#16023=AXIS2_PLACEMENT_3D('',#16020,#16022,#16021);
#16024=CIRCLE('',#16023,4.4927691905524);
#16025=EDGE_CURVE('',#16017,#16019,#16024,.T.);
#16026=ORIENTED_EDGE('',*,*,#16025,.T.);
#16027=CARTESIAN_POINT('',(11.163946191945,14.946546597478,-18.366855345467));
#16028=VERTEX_POINT('',#16027);
#16029=CARTESIAN_POINT('',(11.453859972231,15.236460377764,-18.366855345569));
#16030=CARTESIAN_POINT('',(11.453859972231,15.075917821567,-18.386471863915));
#16031=CARTESIAN_POINT('',(11.324379860109,14.946546597478,-18.386458559006));
#16032=CARTESIAN_POINT('',(11.163946191945,14.946546597478,-18.366855345569));
#16033=B_SPLINE_CURVE_WITH_KNOTS('',3,(#16029,#16030,#16031,#16032),.UNSPECIFIED.,.F.,.U.,(4,4),(0.,1.),.UNSPECIFIED.);
#16034=EDGE_CURVE('',#16019,#16028,#16033,.T.);
#16035=ORIENTED_EDGE('',*,*,#16034,.T.);
#16036=CARTESIAN_POINT('',(10.802825984769,14.946546597478,-18.307717339483));
#16037=VERTEX_POINT('',#16036);
#16038=CARTESIAN_POINT('',(11.708859972231,14.946546597479,-13.907254021228));
#16039=DIRECTION('',(-0.1212868405166,-1.4115111743676E-13,-0.99261750050939));
#16040=DIRECTION('',(-2.2791230029048E-14,1.,-1.3917232296682E-13));
#16041=AXIS2_PLACEMENT_3D('',#16038,#16040,#16039);
#16042=CIRCLE('',#16041,4.4927691907931);
#16043=EDGE_CURVE('',#16028,#16037,#16042,.T.);
#16044=ORIENTED_EDGE('',*,*,#16043,.T.);
#16045=CARTESIAN_POINT('',(10.802825984769,14.436546597478,-18.307717339483));
#16046=VERTEX_POINT('',#16045);
#16047=CARTESIAN_POINT('',(11.708859972231,14.691546597478,-18.307717339339));
#16048=DIRECTION('',(-0.96260165127936,0.27092076508502,3.0196201034939E-14));
#16049=DIRECTION('',(2.838588410853E-14,0.,1.));
#16050=AXIS2_PLACEMENT_3D('',#16047,#16049,#16048);
#16051=CIRCLE('',#16050,0.9412346075428);
#16052=EDGE_CURVE('',#16037,#16046,#16051,.T.);
#16053=ORIENTED_EDGE('',*,*,#16052,.T.);
#16054=CARTESIAN_POINT('',(11.163946191945,14.436546597478,-18.366855345525));
#16055=VERTEX_POINT('',#16054);
#16056=CARTESIAN_POINT('',(11.708859972231,14.436546597478,-13.907254021232));
#16057=DIRECTION('',(-0.20166493068894,-6.4447148861127E-14,-0.97945457052904));
#16058=DIRECTION('',(5.6648384605411E-15,-1.,6.4629241302406E-14));
#16059=AXIS2_PLACEMENT_3D('',#16056,#16058,#16057);
#16060=CIRCLE('',#16059,4.4927691905528);
#16061=EDGE_CURVE('',#16046,#16055,#16060,.T.);
#16062=ORIENTED_EDGE('',*,*,#16061,.T.);
#16063=CARTESIAN_POINT('',(11.453859972231,14.146632817192,-18.366855345467));
#16064=VERTEX_POINT('',#16063);
#16065=CARTESIAN_POINT('',(11.163946191945,14.436546597478,-18.366855345569));
#16066=CARTESIAN_POINT('',(11.324379860109,14.436546597478,-18.386458559006));
#16067=CARTESIAN_POINT('',(11.453859972231,14.307175373389,-18.386471863915));
#16068=CARTESIAN_POINT('',(11.453859972231,14.146632817192,-18.366855345569));
#16069=B_SPLINE_CURVE_WITH_KNOTS('',3,(#16065,#16066,#16067,#16068),.UNSPECIFIED.,.F.,.U.,(4,4),(0.,1.),.UNSPECIFIED.);
#16070=EDGE_CURVE('',#16055,#16064,#16069,.T.);
#16071=ORIENTED_EDGE('',*,*,#16070,.T.);
#16072=CARTESIAN_POINT('',(11.453859972231,13.785512610016,-18.307717339483));
#16073=VERTEX_POINT('',#16072);
#16074=CARTESIAN_POINT('',(11.453859972232,14.691546597478,-13.907254021225));
#16075=DIRECTION('',(-1.1861438440056E-14,-0.12128684051659,-0.99261750050939));
#16076=DIRECTION('',(-1.,1.8804645238498E-15,1.1482864931264E-14));
#16077=AXIS2_PLACEMENT_3D('',#16074,#16076,#16075);
#16078=CIRCLE('',#16077,4.4927691907962);
#16079=EDGE_CURVE('',#16064,#16073,#16078,.T.);
#16080=ORIENTED_EDGE('',*,*,#16079,.T.);
#16081=CARTESIAN_POINT('',(11.963859972231,13.785512610016,-18.307717339483));
#16082=VERTEX_POINT('',#16081);
#16083=CARTESIAN_POINT('',(11.708859972231,14.691546597478,-18.307717339339));
#16084=DIRECTION('',(-0.27092076508503,-0.96260165127936,-4.9068826681775E-14));
#16085=DIRECTION('',(0.,-5.3617781093889E-14,1.));
#16086=AXIS2_PLACEMENT_3D('',#16083,#16085,#16084);
#16087=CIRCLE('',#16086,0.9412346075428);
#16088=EDGE_CURVE('',#16073,#16082,#16087,.T.);
#16089=ORIENTED_EDGE('',*,*,#16088,.T.);
#16090=CARTESIAN_POINT('',(11.963859972231,14.146632817192,-18.366855345525));
#16091=VERTEX_POINT('',#16090);
#16092=CARTESIAN_POINT('',(11.963859972231,14.691546597478,-13.90725402123));
#16093=DIRECTION('',(-1.6329246920019E-13,-0.20166493068881,-0.97945457052907));
#16094=DIRECTION('',(1.,-3.1267484788201E-14,-1.6089422595061E-13));
#16095=AXIS2_PLACEMENT_3D('',#16092,#16094,#16093);
#16096=CIRCLE('',#16095,4.4927691905553);
#16097=EDGE_CURVE('',#16082,#16091,#16096,.T.);
#16098=ORIENTED_EDGE('',*,*,#16097,.T.);
#16099=CARTESIAN_POINT('',(12.253773752517,14.436546597478,-18.366855345467));
#16100=VERTEX_POINT('',#16099);
#16101=CARTESIAN_POINT('',(11.963859972231,14.146632817192,-18.366855345569));
#16102=CARTESIAN_POINT('',(11.963859972231,14.307066485356,-18.386458559006));
#16103=CARTESIAN_POINT('',(12.09323119632,14.436546597478,-18.386471863915));
#16104=CARTESIAN_POINT('',(12.253773752517,14.436546597478,-18.366855345569));
#16105=B_SPLINE_CURVE_WITH_KNOTS('',3,(#16101,#16102,#16103,#16104),.UNSPECIFIED.,.F.,.U.,(4,4),(0.,1.),.UNSPECIFIED.);
#16106=EDGE_CURVE('',#16091,#16100,#16105,.T.);
#16107=ORIENTED_EDGE('',*,*,#16106,.T.);
#16108=CARTESIAN_POINT('',(12.614893959693,14.436546597478,-18.307717339483));
#16109=VERTEX_POINT('',#16108);
#16110=CARTESIAN_POINT('',(11.708859972231,14.436546597478,-13.907254021229));
#16111=DIRECTION('',(0.12128684051663,3.3212027632181E-14,-0.99261750050938));
#16112=DIRECTION('',(5.2276913763008E-15,-1.,-3.1922364508889E-14));
#16113=AXIS2_PLACEMENT_3D('',#16110,#16112,#16111);
#16114=CIRCLE('',#16113,4.4927691907928);
#16115=EDGE_CURVE('',#16100,#16109,#16114,.T.);
#16116=ORIENTED_EDGE('',*,*,#16115,.T.);
#16117=CARTESIAN_POINT('',(12.650094579529,14.691546597478,-18.307717339338));
#16118=VERTEX_POINT('',#16117);
#16119=CARTESIAN_POINT('',(11.708859972231,14.691546597478,-18.307717339339));
#16120=DIRECTION('',(0.96260165127936,-0.27092076508501,-3.3593273660104E-13));
#16121=DIRECTION('',(3.3584596156253E-13,-4.6360729798592E-14,1.));
#16122=AXIS2_PLACEMENT_3D('',#16119,#16121,#16120);
#16123=CIRCLE('',#16122,0.94123460729806);
#16124=EDGE_CURVE('',#16109,#16118,#16123,.T.);
#16125=ORIENTED_EDGE('',*,*,#16124,.T.);
#16126=CARTESIAN_POINT('',(11.708859972231,14.691546597478,-13.907254021229));
#16127=DIRECTION('',(0.20916324606623,-8.6844112148467E-15,-0.9778807373576));
#16128=DIRECTION('',(-2.7073023518814E-15,-1.,8.5972687950679E-15));
#16129=AXIS2_PLACEMENT_3D('',#16126,#16128,#16127);
#16130=CIRCLE('',#16129,4.4999999999995);
#16131=EDGE_CURVE('',#16118,#15110,#16130,.T.);
#16132=ORIENTED_EDGE('',*,*,#16131,.T.);
#16133=ORIENTED_EDGE('',*,*,#15122,.F.);
#16134=ORIENTED_EDGE('',*,*,#16131,.F.);
#16135=CARTESIAN_POINT('',(12.614893958796,14.946546598534,-18.307717339416));
#16136=VERTEX_POINT('',#16135);
#16137=CARTESIAN_POINT('',(11.708859972231,14.691546597478,-18.307717339339));
#16138=DIRECTION('',(1.,-7.5490502633655E-15,7.5490502633655E-15));
#16139=DIRECTION('',(-9.3290543994177E-15,-1.2877980441147E-15,1.));
#16140=AXIS2_PLACEMENT_3D('',#16137,#16139,#16138);
#16141=CIRCLE('',#16140,0.94123460696542);
#16142=EDGE_CURVE('',#16118,#16136,#16141,.T.);
#16143=ORIENTED_EDGE('',*,*,#16142,.T.);
#16144=CARTESIAN_POINT('',(12.253773752517,14.946546597478,-18.366855345525));
#16145=VERTEX_POINT('',#16144);
#16146=CARTESIAN_POINT('',(11.708859972231,14.946546597479,-13.90725402123));
#16147=DIRECTION('',(0.2016649305003,-2.5541630775627E-13,-0.97945457056788));
#16148=DIRECTION('',(4.1295001115008E-14,1.,-2.5216371508961E-13));
#16149=AXIS2_PLACEMENT_3D('',#16146,#16148,#16147);
#16150=CIRCLE('',#16149,4.4927691905545);
#16151=EDGE_CURVE('',#16136,#16145,#16150,.T.);
#16152=ORIENTED_EDGE('',*,*,#16151,.T.);
#16153=CARTESIAN_POINT('',(11.963859972231,15.236460377764,-18.366855345467));
#16154=VERTEX_POINT('',#16153);
#16155=CARTESIAN_POINT('',(12.253773752517,14.946546597478,-18.366855345569));
#16156=CARTESIAN_POINT('',(12.09323119632,14.946546597478,-18.386471863915));
#16157=CARTESIAN_POINT('',(11.963859972231,15.0760267096,-18.386458559006));
#16158=CARTESIAN_POINT('',(11.963859972231,15.236460377764,-18.366855345569));
#16159=B_SPLINE_CURVE_WITH_KNOTS('',3,(#16155,#16156,#16157,#16158),.UNSPECIFIED.,.F.,.U.,(4,4),(0.,1.),.UNSPECIFIED.);
#16160=EDGE_CURVE('',#16145,#16154,#16159,.T.);
#16161=ORIENTED_EDGE('',*,*,#16160,.T.);
#16162=CARTESIAN_POINT('',(11.963859973347,15.597580584005,-18.307717339421));
#16163=VERTEX_POINT('',#16162);
#16164=CARTESIAN_POINT('',(11.963859972231,14.691546597478,-13.907254021225));
#16165=DIRECTION('',(1.0200837059013E-13,0.12128684051656,-0.99261750050939));
#16166=DIRECTION('',(1.,-1.6472869301016E-14,1.0058989730152E-13));
#16167=AXIS2_PLACEMENT_3D('',#16164,#16166,#16165);
#16168=CIRCLE('',#16167,4.4927691905473);
#16169=EDGE_CURVE('',#16154,#16163,#16168,.T.);
#16170=ORIENTED_EDGE('',*,*,#16169,.T.);
#16171=CARTESIAN_POINT('',(11.708859972231,14.691546597478,-18.307717339339));
#16172=DIRECTION('',(0.27092076644274,0.96260165089723,3.7745251293673E-15));
#16173=DIRECTION('',(-4.4485794596703E-24,-6.3079742141137E-15,1.));
#16174=AXIS2_PLACEMENT_3D('',#16171,#16173,#16172);
#16175=CIRCLE('',#16174,0.94123460754282);
#16176=EDGE_CURVE('',#16163,#16017,#16175,.T.);
#16177=ORIENTED_EDGE('',*,*,#16176,.T.);
#16178=EDGE_LOOP('',(#16026,#16035,#16044,#16053,#16062,#16071,#16080,#16089,#16098,#16107,#16116,#16125,#16132,#16133,#16134,#16143,#16152,#16161,#16170,#16177));
#16179=FACE_OUTER_BOUND('',#16178,.T.);
#16180=ADVANCED_FACE('',(#16179),#16015,.T.);
#16181=CARTESIAN_POINT('',(-16.04849934065,-13.065812715403,-17.007254021229));
#16182=DIRECTION('',(1.,0.,0.));
#16183=DIRECTION('',(0.,0.,1.));
#16184=AXIS2_PLACEMENT_3D('',#16181,#16183,#16182);
#16185=PLANE('',#16184);
#16186=CARTESIAN_POINT('',(-16.04849934065,-13.065812715403,-17.007254021229));
#16187=DIRECTION('',(0.69701647669265,-0.7170551103081,3.2294154687805E-15));
#16188=DIRECTION('',(9.9340077832909E-18,1.4021019278152E-15,-1.));
#16189=AXIS2_PLACEMENT_3D('',#16186,#16188,#16187);
#16190=CIRCLE('',#16189,1.100110442012);
#16191=EDGE_CURVE('',#15258,#15184,#16190,.T.);
#16192=ORIENTED_EDGE('',*,*,#16191,.T.);
#16193=ORIENTED_EDGE('',*,*,#15189,.F.);
#16194=ORIENTED_EDGE('',*,*,#15165,.F.);
#16195=ORIENTED_EDGE('',*,*,#15270,.F.);
#16196=EDGE_LOOP('',(#16192,#16193,#16194,#16195));
#16197=FACE_OUTER_BOUND('',#16196,.T.);
#16198=ADVANCED_FACE('',(#16197),#16185,.T.);
#16199=CARTESIAN_POINT('',(-16.04849934065,-13.065812715403,-16.907254021229));
#16200=DIRECTION('',(1.,7.818623116497E-13,0.));
#16201=DIRECTION('',(-0.,0.,1.));
#16202=AXIS2_PLACEMENT_3D('',#16199,#16201,#16200);
#16203=TOROIDAL_SURFACE('',#16202,1.0999999999993,0.099999999999984);
#16204=CARTESIAN_POINT('',(-15.04849934065,-13.065812715403,-16.907254021229));
#16205=VERTEX_POINT('',#16204);
#16206=CARTESIAN_POINT('',(-16.04849934065,-13.065812715403,-16.907254021229));
#16207=DIRECTION('',(1.,1.256073966947E-15,-0.));
#16208=DIRECTION('',(0.,-0.,-1.));
#16209=AXIS2_PLACEMENT_3D('',#16206,#16208,#16207);
#16210=CIRCLE('',#16209,1.);
#16211=EDGE_CURVE('',#16205,#16205,#16210,.T.);
#16212=ORIENTED_EDGE('',*,*,#16211,.T.);
#16213=CARTESIAN_POINT('',(-14.94849934065,-13.065812715403,-17.007254021229));
#16214=VERTEX_POINT('',#16213);
#16215=CARTESIAN_POINT('',(-14.94849934065,-13.065812715403,-16.907254021229));
#16216=DIRECTION('',(-1.,0.,0.));
#16217=DIRECTION('',(-5.360630966618E-15,-1.,-5.3606309666179E-15));
#16218=AXIS2_PLACEMENT_3D('',#16215,#16217,#16216);
#16219=CIRCLE('',#16218,0.1);
#16220=EDGE_CURVE('',#16205,#16214,#16219,.T.);
#16221=ORIENTED_EDGE('',*,*,#16220,.T.);
#16222=CARTESIAN_POINT('',(-16.04849934065,-13.065812715403,-17.007254021229));
#16223=DIRECTION('',(1.,0.,0.));
#16224=DIRECTION('',(0.,0.,1.));
#16225=AXIS2_PLACEMENT_3D('',#16222,#16224,#16223);
#16226=CIRCLE('',#16225,1.1);
#16227=EDGE_CURVE('',#16214,#15192,#16226,.T.);
#16228=ORIENTED_EDGE('',*,*,#16227,.T.);
#16229=ORIENTED_EDGE('',*,*,#15198,.F.);
#16230=ORIENTED_EDGE('',*,*,#16191,.F.);
#16231=ORIENTED_EDGE('',*,*,#15264,.F.);
#16232=CARTESIAN_POINT('',(-16.04849934065,-13.065812715403,-17.007254021229));
#16233=DIRECTION('',(0.71705511030899,-0.69701647669173,3.2294154687805E-15));
#16234=DIRECTION('',(-2.546791876787E-15,1.0338374640204E-15,1.));
#16235=AXIS2_PLACEMENT_3D('',#16232,#16234,#16233);
#16236=CIRCLE('',#16235,1.100110442012);
#16237=EDGE_CURVE('',#15250,#16214,#16236,.T.);
#16238=ORIENTED_EDGE('',*,*,#16237,.T.);
#16239=ORIENTED_EDGE('',*,*,#16220,.F.);
#16240=EDGE_LOOP('',(#16212,#16221,#16228,#16229,#16230,#16231,#16238,#16239));
#16241=FACE_OUTER_BOUND('',#16240,.T.);
#16242=ADVANCED_FACE('',(#16241),#16203,.F.);
#16243=CARTESIAN_POINT('',(-16.04849934065,-13.065812715403,-17.007254021229));
#16244=DIRECTION('',(1.,0.,0.));
#16245=DIRECTION('',(0.,0.,1.));
#16246=AXIS2_PLACEMENT_3D('',#16243,#16245,#16244);
#16247=PLANE('',#16246);
#16248=ORIENTED_EDGE('',*,*,#16237,.F.);
#16249=ORIENTED_EDGE('',*,*,#15255,.F.);
#16250=ORIENTED_EDGE('',*,*,#15231,.F.);
#16251=ORIENTED_EDGE('',*,*,#15206,.F.);
#16252=ORIENTED_EDGE('',*,*,#16227,.F.);
#16253=EDGE_LOOP('',(#16248,#16249,#16250,#16251,#16252));
#16254=FACE_OUTER_BOUND('',#16253,.T.);
#16255=ADVANCED_FACE('',(#16254),#16247,.T.);
#16256=CARTESIAN_POINT('',(-16.04849934065,-13.065812715403,-13.907254021229));
#16257=DIRECTION('',(-0.033815498321295,-1.0177135768778E-13,0.99942809249755));
#16258=DIRECTION('',(-3.9474596431117E-16,-1.,-1.0184445879228E-13));
#16259=AXIS2_PLACEMENT_3D('',#16256,#16258,#16257);
#16260=SPHERICAL_SURFACE('',#16259,4.5);
#16261=CARTESIAN_POINT('',(-16.30349934065,-12.159778727941,-18.307717339483));
#16262=VERTEX_POINT('',#16261);
#16263=CARTESIAN_POINT('',(-16.30349934065,-12.520898935117,-18.366855345525));
#16264=VERTEX_POINT('',#16263);
#16265=CARTESIAN_POINT('',(-16.303499340652,-13.065812715403,-13.907254021229));
#16266=DIRECTION('',(4.2463949617669E-13,0.20166493068877,-0.97945457052908));
#16267=DIRECTION('',(-1.,6.8749782992559E-14,-4.1981354189271E-13));
#16268=AXIS2_PLACEMENT_3D('',#16265,#16267,#16266);
#16269=CIRCLE('',#16268,4.492769190556);
#16270=EDGE_CURVE('',#16262,#16264,#16269,.T.);
#16271=ORIENTED_EDGE('',*,*,#16270,.T.);
#16272=CARTESIAN_POINT('',(-16.593413120936,-12.810812715403,-18.366855345467));
#16273=VERTEX_POINT('',#16272);
#16274=CARTESIAN_POINT('',(-16.30349934065,-12.520898935117,-18.366855345569));
#16275=CARTESIAN_POINT('',(-16.30349934065,-12.681441491314,-18.386471863915));
#16276=CARTESIAN_POINT('',(-16.432979452772,-12.810812715403,-18.386458559006));
#16277=CARTESIAN_POINT('',(-16.593413120936,-12.810812715403,-18.366855345569));
#16278=B_SPLINE_CURVE_WITH_KNOTS('',3,(#16274,#16275,#16276,#16277),.UNSPECIFIED.,.F.,.U.,(4,4),(0.,1.),.UNSPECIFIED.);
#16279=EDGE_CURVE('',#16264,#16273,#16278,.T.);
#16280=ORIENTED_EDGE('',*,*,#16279,.T.);
#16281=CARTESIAN_POINT('',(-16.954533328112,-12.810812715403,-18.307717339483));
#16282=VERTEX_POINT('',#16281);
#16283=CARTESIAN_POINT('',(-16.04849934065,-12.810812715402,-13.907254021229));
#16284=DIRECTION('',(-0.12128684051667,-1.9729525938643E-13,-0.99261750050938));
#16285=DIRECTION('',(-3.1967896905439E-14,1.,-1.9520870383131E-13));
#16286=AXIS2_PLACEMENT_3D('',#16283,#16285,#16284);
#16287=CIRCLE('',#16286,4.4927691907923);
#16288=EDGE_CURVE('',#16273,#16282,#16287,.T.);
#16289=ORIENTED_EDGE('',*,*,#16288,.T.);
#16290=CARTESIAN_POINT('',(-16.954533328112,-13.320812715403,-18.307717339483));
#16291=VERTEX_POINT('',#16290);
#16292=CARTESIAN_POINT('',(-16.04849934065,-13.065812715403,-18.307717339339));
#16293=DIRECTION('',(-0.96260165127936,0.27092076508503,1.8872625646837E-14));
#16294=DIRECTION('',(1.4192942054265E-14,0.,1.));
#16295=AXIS2_PLACEMENT_3D('',#16292,#16294,#16293);
#16296=CIRCLE('',#16295,0.94123460754281);
#16297=EDGE_CURVE('',#16282,#16291,#16296,.T.);
#16298=ORIENTED_EDGE('',*,*,#16297,.T.);
#16299=CARTESIAN_POINT('',(-16.593413120936,-13.320812715403,-18.366855345525));
#16300=VERTEX_POINT('',#16299);
#16301=CARTESIAN_POINT('',(-16.04849934065,-13.320812715402,-13.90725402123));
#16302=DIRECTION('',(-0.20166493068885,-2.9060524179697E-13,-0.97945457052906));
#16303=DIRECTION('',(4.2258678094993E-14,-1.,2.8808579286781E-13));
#16304=AXIS2_PLACEMENT_3D('',#16301,#16303,#16302);
#16305=CIRCLE('',#16304,4.4927691905549);
#16306=EDGE_CURVE('',#16291,#16300,#16305,.T.);
#16307=ORIENTED_EDGE('',*,*,#16306,.T.);
#16308=CARTESIAN_POINT('',(-16.30349934065,-13.610726495689,-18.366855345467));
#16309=VERTEX_POINT('',#16308);
#16310=CARTESIAN_POINT('',(-16.593413120936,-13.320812715403,-18.366855345569));
#16311=CARTESIAN_POINT('',(-16.432979452772,-13.320812715403,-18.386458559006));
#16312=CARTESIAN_POINT('',(-16.30349934065,-13.450183939492,-18.386471863915));
#16313=CARTESIAN_POINT('',(-16.30349934065,-13.610726495689,-18.366855345569));
#16314=B_SPLINE_CURVE_WITH_KNOTS('',3,(#16310,#16311,#16312,#16313),.UNSPECIFIED.,.F.,.U.,(4,4),(0.,1.),.UNSPECIFIED.);
#16315=EDGE_CURVE('',#16300,#16309,#16314,.T.);
#16316=ORIENTED_EDGE('',*,*,#16315,.T.);
#16317=CARTESIAN_POINT('',(-16.30349934065,-13.971846702865,-18.307717339483));
#16318=VERTEX_POINT('',#16317);
#16319=CARTESIAN_POINT('',(-16.303499340651,-13.065812715403,-13.907254021226));
#16320=DIRECTION('',(3.9775356902321E-13,-0.12128684051659,-0.99261750050939));
#16321=DIRECTION('',(-1.,-7.3817756718704E-14,-3.9068564148449E-13));
#16322=AXIS2_PLACEMENT_3D('',#16319,#16321,#16320);
#16323=CIRCLE('',#16322,4.4927691907961);
#16324=EDGE_CURVE('',#16309,#16318,#16323,.T.);
#16325=ORIENTED_EDGE('',*,*,#16324,.T.);
#16326=CARTESIAN_POINT('',(-15.79349934065,-13.971846702865,-18.307717339483));
#16327=VERTEX_POINT('',#16326);
#16328=CARTESIAN_POINT('',(-16.04849934065,-13.065812715403,-18.307717339339));
#16329=DIRECTION('',(-0.27092076508502,-0.96260165127936,-7.1715977457979E-14));
#16330=DIRECTION('',(0.,-7.569569095608E-14,1.));
#16331=AXIS2_PLACEMENT_3D('',#16328,#16330,#16329);
#16332=CIRCLE('',#16331,0.94123460754281);
#16333=EDGE_CURVE('',#16318,#16327,#16332,.T.);
#16334=ORIENTED_EDGE('',*,*,#16333,.T.);
#16335=CARTESIAN_POINT('',(-15.79349934065,-13.610726495689,-18.366855345525));
#16336=VERTEX_POINT('',#16335);
#16337=CARTESIAN_POINT('',(-15.793499340649,-13.065812715403,-13.907254021231));
#16338=DIRECTION('',(-9.2914601118782E-14,-0.20166493068885,-0.97945457052906));
#16339=DIRECTION('',(1.,-1.9796651192613E-14,-9.0848749868931E-14));
#16340=AXIS2_PLACEMENT_3D('',#16337,#16339,#16338);
#16341=CIRCLE('',#16340,4.4927691905538);
#16342=EDGE_CURVE('',#16327,#16336,#16341,.T.);
#16343=ORIENTED_EDGE('',*,*,#16342,.T.);
#16344=CARTESIAN_POINT('',(-15.503585560364,-13.320812715403,-18.366855345467));
#16345=VERTEX_POINT('',#16344);
#16346=CARTESIAN_POINT('',(-15.79349934065,-13.610726495689,-18.366855345569));
#16347=CARTESIAN_POINT('',(-15.79349934065,-13.450292827525,-18.386458559006));
#16348=CARTESIAN_POINT('',(-15.664128116561,-13.320812715403,-18.386471863915));
#16349=CARTESIAN_POINT('',(-15.503585560364,-13.320812715403,-18.366855345569));
#16350=B_SPLINE_CURVE_WITH_KNOTS('',3,(#16346,#16347,#16348,#16349),.UNSPECIFIED.,.F.,.U.,(4,4),(0.,1.),.UNSPECIFIED.);
#16351=EDGE_CURVE('',#16336,#16345,#16350,.T.);
#16352=ORIENTED_EDGE('',*,*,#16351,.T.);
#16353=CARTESIAN_POINT('',(-15.142465353188,-13.320812715403,-18.307717339483));
#16354=VERTEX_POINT('',#16353);
#16355=CARTESIAN_POINT('',(-16.04849934065,-13.320812715405,-13.90725402123));
#16356=DIRECTION('',(0.12128684051662,3.4081866451127E-13,-0.99261750050938));
#16357=DIRECTION('',(5.5060001258291E-14,-1.,-3.3621828518707E-13));
#16358=AXIS2_PLACEMENT_3D('',#16355,#16357,#16356);
#16359=CIRCLE('',#16358,4.4927691907918);
#16360=EDGE_CURVE('',#16345,#16354,#16359,.T.);
#16361=ORIENTED_EDGE('',*,*,#16360,.T.);
#16362=CARTESIAN_POINT('',(-15.107264733352,-13.065812715403,-18.307717339338));
#16363=VERTEX_POINT('',#16362);
#16364=CARTESIAN_POINT('',(-16.04849934065,-13.065812715403,-18.307717339339));
#16365=DIRECTION('',(0.96260165127936,-0.27092076508503,-2.604422339941E-13));
#16366=DIRECTION('',(2.6276836807436E-13,-3.6272978407228E-14,1.));
#16367=AXIS2_PLACEMENT_3D('',#16364,#16366,#16365);
#16368=CIRCLE('',#16367,0.94123460729794);
#16369=EDGE_CURVE('',#16354,#16363,#16368,.T.);
#16370=ORIENTED_EDGE('',*,*,#16369,.T.);
#16371=CARTESIAN_POINT('',(-16.04849934065,-13.065812715403,-13.907254021229));
#16372=DIRECTION('',(0.20916324606623,-1.6579330501071E-14,-0.9778807373576));
#16373=DIRECTION('',(-4.8419061293263E-15,-1.,1.5375884575795E-14));
#16374=AXIS2_PLACEMENT_3D('',#16371,#16373,#16372);
#16375=CIRCLE('',#16374,4.4999999999995);
#16376=EDGE_CURVE('',#16363,#15284,#16375,.T.);
#16377=ORIENTED_EDGE('',*,*,#16376,.T.);
#16378=ORIENTED_EDGE('',*,*,#15296,.F.);
#16379=ORIENTED_EDGE('',*,*,#16376,.F.);
#16380=CARTESIAN_POINT('',(-15.142465354085,-12.810812714347,-18.307717339416));
#16381=VERTEX_POINT('',#16380);
#16382=CARTESIAN_POINT('',(-16.04849934065,-13.065812715403,-18.307717339339));
#16383=DIRECTION('',(1.,-3.7745251316827E-15,-1.2078480421385E-13));
#16384=DIRECTION('',(1.1972286479253E-13,1.6526741566138E-14,1.));
#16385=AXIS2_PLACEMENT_3D('',#16382,#16384,#16383);
#16386=CIRCLE('',#16385,0.94123460696543);
#16387=EDGE_CURVE('',#16363,#16381,#16386,.T.);
#16388=ORIENTED_EDGE('',*,*,#16387,.T.);
#16389=CARTESIAN_POINT('',(-15.503585560364,-12.810812715403,-18.366855345525));
#16390=VERTEX_POINT('',#16389);
#16391=CARTESIAN_POINT('',(-16.04849934065,-12.810812715402,-13.907254021231));
#16392=DIRECTION('',(0.20166493050029,6.2074861172976E-14,-0.97945457056788));
#16393=DIRECTION('',(-9.9664620177353E-15,1.,6.0859184425075E-14));
#16394=AXIS2_PLACEMENT_3D('',#16391,#16393,#16392);
#16395=CIRCLE('',#16394,4.4927691905536);
#16396=EDGE_CURVE('',#16381,#16390,#16395,.T.);
#16397=ORIENTED_EDGE('',*,*,#16396,.T.);
#16398=CARTESIAN_POINT('',(-15.79349934065,-12.520898935117,-18.366855345467));
#16399=VERTEX_POINT('',#16398);
#16400=CARTESIAN_POINT('',(-15.503585560364,-12.810812715403,-18.366855345569));
#16401=CARTESIAN_POINT('',(-15.664128116561,-12.810812715403,-18.386471863915));
#16402=CARTESIAN_POINT('',(-15.79349934065,-12.681332603281,-18.386458559006));
#16403=CARTESIAN_POINT('',(-15.79349934065,-12.520898935117,-18.366855345569));
#16404=B_SPLINE_CURVE_WITH_KNOTS('',3,(#16400,#16401,#16402,#16403),.UNSPECIFIED.,.F.,.U.,(4,4),(0.,1.),.UNSPECIFIED.);
#16405=EDGE_CURVE('',#16390,#16399,#16404,.T.);
#16406=ORIENTED_EDGE('',*,*,#16405,.T.);
#16407=CARTESIAN_POINT('',(-15.793499339534,-12.159778728876,-18.307717339421));
#16408=VERTEX_POINT('',#16407);
#16409=CARTESIAN_POINT('',(-15.79349934065,-13.065812715403,-13.907254021227));
#16410=DIRECTION('',(4.34919409493E-14,0.12128684051654,-0.99261750050939));
#16411=DIRECTION('',(1.,-7.0329373499737E-15,4.2945915057935E-14));
#16412=AXIS2_PLACEMENT_3D('',#16409,#16411,#16410);
#16413=CIRCLE('',#16412,4.4927691905452);
#16414=EDGE_CURVE('',#16399,#16408,#16413,.T.);
#16415=ORIENTED_EDGE('',*,*,#16414,.T.);
#16416=CARTESIAN_POINT('',(-16.04849934065,-13.065812715403,-18.307717339339));
#16417=DIRECTION('',(0.27092076644273,0.96260165089724,6.0392402069876E-14));
#16418=DIRECTION('',(-4.3373649731786E-23,-6.1502748587609E-14,1.));
#16419=AXIS2_PLACEMENT_3D('',#16416,#16418,#16417);
#16420=CIRCLE('',#16419,0.94123460754283);
#16421=EDGE_CURVE('',#16408,#16262,#16420,.T.);
#16422=ORIENTED_EDGE('',*,*,#16421,.T.);
#16423=EDGE_LOOP('',(#16271,#16280,#16289,#16298,#16307,#16316,#16325,#16334,#16343,#16352,#16361,#16370,#16377,#16378,#16379,#16388,#16397,#16406,#16415,#16422));
#16424=FACE_OUTER_BOUND('',#16423,.T.);
#16425=ADVANCED_FACE('',(#16424),#16260,.T.);
#16426=CARTESIAN_POINT('',(-16.04849934065,14.691546597478,-16.207254021229));
#16427=DIRECTION('',(1.,-3.5527136788005E-15,0.));
#16428=DIRECTION('',(0.,-2.5376526277146E-15,-1.));
#16429=AXIS2_PLACEMENT_3D('',#16426,#16428,#16427);
#16430=CYLINDRICAL_SURFACE('',#16429,1.);
#16431=ORIENTED_EDGE('',*,*,#15661,.F.);
#16432=CARTESIAN_POINT('',(-15.04849934065,14.691546597478,-16.207254021229));
#16433=DIRECTION('',(0.,0.,-1.));
#16434=VECTOR('',#16433,0.7);
#16435=LINE('',#16432,#16434);
#16436=EDGE_CURVE('',#15655,#15893,#16435,.T.);
#16437=ORIENTED_EDGE('',*,*,#16436,.T.);
#16438=ORIENTED_EDGE('',*,*,#15899,.F.);
#16439=ORIENTED_EDGE('',*,*,#16436,.F.);
#16440=EDGE_LOOP('',(#16431,#16437,#16438,#16439));
#16441=FACE_OUTER_BOUND('',#16440,.T.);
#16442=ADVANCED_FACE('',(#16441),#16430,.T.);
#16443=CARTESIAN_POINT('',(-16.04849934065,-13.065812715403,-16.207254021229));
#16444=DIRECTION('',(1.,-3.5527136788005E-15,0.));
#16445=DIRECTION('',(0.,-2.5376526277146E-15,-1.));
#16446=AXIS2_PLACEMENT_3D('',#16443,#16445,#16444);
#16447=CYLINDRICAL_SURFACE('',#16446,1.);
#16448=ORIENTED_EDGE('',*,*,#15686,.F.);
#16449=CARTESIAN_POINT('',(-15.04849934065,-13.065812715403,-16.207254021229));
#16450=DIRECTION('',(0.,0.,-1.));
#16451=VECTOR('',#16450,0.7);
#16452=LINE('',#16449,#16451);
#16453=EDGE_CURVE('',#15680,#16205,#16452,.T.);
#16454=ORIENTED_EDGE('',*,*,#16453,.T.);
#16455=ORIENTED_EDGE('',*,*,#16211,.F.);
#16456=ORIENTED_EDGE('',*,*,#16453,.F.);
#16457=EDGE_LOOP('',(#16448,#16454,#16455,#16456));
#16458=FACE_OUTER_BOUND('',#16457,.T.);
#16459=ADVANCED_FACE('',(#16458),#16447,.T.);
#16460=CARTESIAN_POINT('',(-16.30349934065,15.499021010699,-18.107254021229));
#16461=DIRECTION('',(0.,-1.,0.));
#16462=DIRECTION('',(1.,0.,0.));
#16463=AXIS2_PLACEMENT_3D('',#16460,#16462,#16461);
#16464=PLANE('',#16463);
#16465=CARTESIAN_POINT('',(-16.30349934065,15.236460377764,-18.127145204887));
#16466=VERTEX_POINT('',#16465);
#16467=CARTESIAN_POINT('',(-16.30349934065,15.236460377764,-18.127145204887));
#16468=DIRECTION('',(0.,0.,-1.));
#16469=VECTOR('',#16468,0.239710140638);
#16470=LINE('',#16467,#16469);
#16471=EDGE_CURVE('',#16466,#15707,#16470,.T.);
#16472=ORIENTED_EDGE('',*,*,#16471,.T.);
#16473=ORIENTED_EDGE('',*,*,#15713,.F.);
#16474=CARTESIAN_POINT('',(-16.30349934065,15.59758058524,-18.307717339619));
#16475=CARTESIAN_POINT('',(-16.30349934065,15.377276537515,-18.194960357657));
#16476=CARTESIAN_POINT('',(-16.30349934065,15.236460377764,-18.127145204887));
#16477=(BOUNDED_CURVE()B_SPLINE_CURVE(2,(#16474,#16475,#16476),.HYPERBOLIC_ARC.,.F.,.U.)B_SPLINE_CURVE_WITH_KNOTS((3,3),(0.20088627717901,1.),.UNSPECIFIED.)CURVE()GEOMETRIC_REPRESENTATION_ITEM()RATIONAL_B_SPLINE_CURVE((1.124247473504,1.3664959573101,1.569951047362))REPRESENTATION_ITEM(''));
#16478=EDGE_CURVE('',#15705,#16466,#16477,.T.);
#16479=ORIENTED_EDGE('',*,*,#16478,.T.);
#16480=EDGE_LOOP('',(#16472,#16473,#16479));
#16481=FACE_OUTER_BOUND('',#16480,.T.);
#16482=ADVANCED_FACE('',(#16481),#16464,.T.);
#16483=CARTESIAN_POINT('',(-16.593413120936,15.236460377764,-18.386780925896));
#16484=DIRECTION('',(0.9999999999975,2.2345483877503E-06,0.));
#16485=DIRECTION('',(0.,-5.1459154167235E-15,1.));
#16486=AXIS2_PLACEMENT_3D('',#16483,#16485,#16484);
#16487=CYLINDRICAL_SURFACE('',#16486,0.28991378028649);
#16488=CARTESIAN_POINT('',(-16.593413120936,14.946546597478,-18.127145204887));
#16489=VERTEX_POINT('',#16488);
#16490=CARTESIAN_POINT('',(-16.593413120936,14.946546597478,-18.127145204887));
#16491=DIRECTION('',(0.,0.,-1.));
#16492=VECTOR('',#16491,0.23971014058);
#16493=LINE('',#16490,#16492);
#16494=EDGE_CURVE('',#16489,#15716,#16493,.T.);
#16495=ORIENTED_EDGE('',*,*,#16494,.T.);
#16496=ORIENTED_EDGE('',*,*,#15722,.F.);
#16497=ORIENTED_EDGE('',*,*,#16471,.F.);
#16498=CARTESIAN_POINT('',(-16.30349934065,15.236460377764,-18.127145204887));
#16499=CARTESIAN_POINT('',(-16.30349934065,15.188676676491,-18.104133222402));
#16500=CARTESIAN_POINT('',(-16.315360463179,15.13914334665,-18.083175512693));
#16501=CARTESIAN_POINT('',(-16.395349817813,14.997838849964,-18.047452397447));
#16502=CARTESIAN_POINT('',(-16.494673978859,14.946546597478,-18.079593773175));
#16503=CARTESIAN_POINT('',(-16.593413120936,14.946546597478,-18.127145204887));
#16504=B_SPLINE_CURVE_WITH_KNOTS('',3,(#16498,#16499,#16500,#16501,#16502,#16503),.UNSPECIFIED.,.F.,.U.,(4,2,4),(0.,0.4749637293409,1.4749637293409),.UNSPECIFIED.);
#16505=EDGE_CURVE('',#16466,#16489,#16504,.T.);
#16506=ORIENTED_EDGE('',*,*,#16505,.T.);
#16507=EDGE_LOOP('',(#16495,#16496,#16497,#16506));
#16508=FACE_OUTER_BOUND('',#16507,.T.);
#16509=ADVANCED_FACE('',(#16508),#16487,.T.);
#16510=CARTESIAN_POINT('',(-16.855973753871,14.946546597478,-18.107254021229));
#16511=DIRECTION('',(-1.,0.,0.));
#16512=DIRECTION('',(-0.,-1.,-0.));
#16513=AXIS2_PLACEMENT_3D('',#16510,#16512,#16511);
#16514=PLANE('',#16513);
#16515=ORIENTED_EDGE('',*,*,#15731,.F.);
#16516=ORIENTED_EDGE('',*,*,#16494,.F.);
#16517=CARTESIAN_POINT('',(-16.593413120936,14.946546597478,-18.127145204887));
#16518=CARTESIAN_POINT('',(-16.734229280687,14.946546597478,-18.194960357657));
#16519=CARTESIAN_POINT('',(-16.954533328412,14.946546597478,-18.307717339619));
#16520=(BOUNDED_CURVE()B_SPLINE_CURVE(2,(#16517,#16518,#16519),.HYPERBOLIC_ARC.,.F.,.U.)B_SPLINE_CURVE_WITH_KNOTS((3,3),(0.,0.79911372282099),.UNSPECIFIED.)CURVE()GEOMETRIC_REPRESENTATION_ITEM()RATIONAL_B_SPLINE_CURVE((1.569951047362,1.3664959573101,1.124247473504))REPRESENTATION_ITEM(''));
#16521=EDGE_CURVE('',#16489,#15725,#16520,.T.);
#16522=ORIENTED_EDGE('',*,*,#16521,.T.);
#16523=EDGE_LOOP('',(#16515,#16516,#16522));
#16524=FACE_OUTER_BOUND('',#16523,.T.);
#16525=ADVANCED_FACE('',(#16524),#16514,.T.);
#16526=CARTESIAN_POINT('',(-16.04849934065,14.691546597478,-17.807254021229));
#16527=DIRECTION('',(1.,-3.31316969069E-16,-2.0644910068655E-31));
#16528=DIRECTION('',(-0.,6.2311659214642E-16,-1.));
#16529=AXIS2_PLACEMENT_3D('',#16526,#16528,#16527);
#16530=CONICAL_SURFACE('',#16529,0.,1.0821041362365);
#16531=CARTESIAN_POINT('',(-16.04849934065,14.691546597478,-17.807254021229));
#16532=VERTEX_POINT('',#16531);
#16533=CARTESIAN_POINT('',(-16.04849934065,14.691546597478,-17.807254021229));
#16534=DIRECTION('',(0.88294759285797,0.,-0.4694715627877));
#16535=VECTOR('',#16534,1.0660141268989);
#16536=LINE('',#16533,#16535);
#16537=EDGE_CURVE('',#16532,#15806,#16536,.T.);
#16538=ORIENTED_EDGE('',*,*,#16537,.T.);
#16539=ORIENTED_EDGE('',*,*,#15812,.F.);
#16540=CARTESIAN_POINT('',(-15.503585560364,14.436546597478,-18.127145204887));
#16541=VERTEX_POINT('',#16540);
#16542=CARTESIAN_POINT('',(-15.142465352888,14.436546597478,-18.307717339619));
#16543=CARTESIAN_POINT('',(-15.362769400613,14.436546597478,-18.194960357657));
#16544=CARTESIAN_POINT('',(-15.503585560364,14.436546597478,-18.127145204887));
#16545=(BOUNDED_CURVE()B_SPLINE_CURVE(2,(#16542,#16543,#16544),.HYPERBOLIC_ARC.,.F.,.U.)B_SPLINE_CURVE_WITH_KNOTS((3,3),(0.,0.79911372282099),.UNSPECIFIED.)CURVE()GEOMETRIC_REPRESENTATION_ITEM()RATIONAL_B_SPLINE_CURVE((1.124247473504,1.3664959573101,1.569951047362))REPRESENTATION_ITEM(''));
#16546=EDGE_CURVE('',#15797,#16541,#16545,.T.);
#16547=ORIENTED_EDGE('',*,*,#16546,.T.);
#16548=CARTESIAN_POINT('',(-15.79349934065,14.146632817192,-18.127145204887));
#16549=VERTEX_POINT('',#16548);
#16550=CARTESIAN_POINT('',(-15.503585560364,14.436546597478,-18.127145204887));
#16551=CARTESIAN_POINT('',(-15.620193070146,14.436546597478,-18.070988609621));
#16552=CARTESIAN_POINT('',(-15.7306186009,14.365536094171,-18.04362097787));
#16553=CARTESIAN_POINT('',(-15.78744121566,14.215743662607,-18.095419067673));
#16554=CARTESIAN_POINT('',(-15.79349934065,14.180822162141,-18.110680080039));
#16555=CARTESIAN_POINT('',(-15.79349934065,14.146632817192,-18.127145204887));
#16556=B_SPLINE_CURVE_WITH_KNOTS('',3,(#16550,#16551,#16552,#16553,#16554,#16555),.UNSPECIFIED.,.F.,.U.,(4,2,4),(0.,1.,1.29046257991),.UNSPECIFIED.);
#16557=EDGE_CURVE('',#16541,#16549,#16556,.T.);
#16558=ORIENTED_EDGE('',*,*,#16557,.T.);
#16559=CARTESIAN_POINT('',(-15.79349934065,14.146632817192,-18.127145204887));
#16560=CARTESIAN_POINT('',(-15.79349934065,14.005816657441,-18.194960357657));
#16561=CARTESIAN_POINT('',(-15.79349934065,13.785512609716,-18.307717339619));
#16562=(BOUNDED_CURVE()B_SPLINE_CURVE(2,(#16559,#16560,#16561),.HYPERBOLIC_ARC.,.F.,.U.)B_SPLINE_CURVE_WITH_KNOTS((3,3),(0.20088627717901,1.),.UNSPECIFIED.)CURVE()GEOMETRIC_REPRESENTATION_ITEM()RATIONAL_B_SPLINE_CURVE((1.569951047362,1.3664959573101,1.124247473504))REPRESENTATION_ITEM(''));
#16563=EDGE_CURVE('',#16549,#15770,#16562,.T.);
#16564=ORIENTED_EDGE('',*,*,#16563,.T.);
#16565=ORIENTED_EDGE('',*,*,#15776,.F.);
#16566=CARTESIAN_POINT('',(-16.30349934065,14.146632817192,-18.127145204887));
#16567=VERTEX_POINT('',#16566);
#16568=CARTESIAN_POINT('',(-16.30349934065,13.785512609716,-18.307717339619));
#16569=CARTESIAN_POINT('',(-16.30349934065,14.005816657441,-18.194960357657));
#16570=CARTESIAN_POINT('',(-16.30349934065,14.146632817192,-18.127145204887));
#16571=(BOUNDED_CURVE()B_SPLINE_CURVE(2,(#16568,#16569,#16570),.HYPERBOLIC_ARC.,.F.,.U.)B_SPLINE_CURVE_WITH_KNOTS((3,3),(0.,0.79911372282099),.UNSPECIFIED.)CURVE()GEOMETRIC_REPRESENTATION_ITEM()RATIONAL_B_SPLINE_CURVE((1.124247473504,1.3664959573101,1.569951047362))REPRESENTATION_ITEM(''));
#16572=EDGE_CURVE('',#15761,#16567,#16571,.T.);
#16573=ORIENTED_EDGE('',*,*,#16572,.T.);
#16574=CARTESIAN_POINT('',(-16.593413120936,14.436546597478,-18.127145204887));
#16575=VERTEX_POINT('',#16574);
#16576=CARTESIAN_POINT('',(-16.30349934065,14.146632817192,-18.127145204887));
#16577=CARTESIAN_POINT('',(-16.30349934065,14.263240326974,-18.070988609621));
#16578=CARTESIAN_POINT('',(-16.374509843957,14.373665857728,-18.04362097787));
#16579=CARTESIAN_POINT('',(-16.524302275521,14.430488472488,-18.095419067673));
#16580=CARTESIAN_POINT('',(-16.559223775987,14.436546597478,-18.110680080039));
#16581=CARTESIAN_POINT('',(-16.593413120936,14.436546597478,-18.127145204887));
#16582=B_SPLINE_CURVE_WITH_KNOTS('',3,(#16576,#16577,#16578,#16579,#16580,#16581),.UNSPECIFIED.,.F.,.U.,(4,2,4),(0.,1.,1.29046257991),.UNSPECIFIED.);
#16583=EDGE_CURVE('',#16567,#16575,#16582,.T.);
#16584=ORIENTED_EDGE('',*,*,#16583,.T.);
#16585=CARTESIAN_POINT('',(-16.593413120936,14.436546597478,-18.127145204887));
#16586=CARTESIAN_POINT('',(-16.734229280687,14.436546597478,-18.194960357657));
#16587=CARTESIAN_POINT('',(-16.954533328412,14.436546597478,-18.307717339619));
#16588=(BOUNDED_CURVE()B_SPLINE_CURVE(2,(#16585,#16586,#16587),.HYPERBOLIC_ARC.,.F.,.U.)B_SPLINE_CURVE_WITH_KNOTS((3,3),(0.20088627717901,1.),.UNSPECIFIED.)CURVE()GEOMETRIC_REPRESENTATION_ITEM()RATIONAL_B_SPLINE_CURVE((1.569951047362,1.3664959573101,1.124247473504))REPRESENTATION_ITEM(''));
#16589=EDGE_CURVE('',#16575,#15734,#16588,.T.);
#16590=ORIENTED_EDGE('',*,*,#16589,.T.);
#16591=ORIENTED_EDGE('',*,*,#15740,.F.);
#16592=ORIENTED_EDGE('',*,*,#16521,.F.);
#16593=ORIENTED_EDGE('',*,*,#16505,.F.);
#16594=ORIENTED_EDGE('',*,*,#16478,.F.);
#16595=ORIENTED_EDGE('',*,*,#15864,.F.);
#16596=CARTESIAN_POINT('',(-15.79349934065,15.236460377764,-18.127145204887));
#16597=VERTEX_POINT('',#16596);
#16598=CARTESIAN_POINT('',(-15.79349934065,15.597580584048,-18.307717339009));
#16599=CARTESIAN_POINT('',(-15.79349934065,15.377276537154,-18.194960357483));
#16600=CARTESIAN_POINT('',(-15.79349934065,15.236460377764,-18.127145204887));
#16601=(BOUNDED_CURVE()B_SPLINE_CURVE(2,(#16598,#16599,#16600),.HYPERBOLIC_ARC.,.F.,.U.)B_SPLINE_CURVE_WITH_KNOTS((3,3),(0.,0.85687759817199),.UNSPECIFIED.)CURVE()GEOMETRIC_REPRESENTATION_ITEM()RATIONAL_B_SPLINE_CURVE((1.0786831120819,1.3111135632429,1.5063228691822))REPRESENTATION_ITEM(''));
#16602=EDGE_CURVE('',#15851,#16597,#16601,.T.);
#16603=ORIENTED_EDGE('',*,*,#16602,.T.);
#16604=CARTESIAN_POINT('',(-15.503585560364,14.946546597478,-18.127145204887));
#16605=VERTEX_POINT('',#16604);
#16606=CARTESIAN_POINT('',(-15.79349934065,15.236460377764,-18.127145204887));
#16607=CARTESIAN_POINT('',(-15.79349934065,15.121779351105,-18.071916377766));
#16608=CARTESIAN_POINT('',(-15.724633597154,15.012050712211,-18.043709223635));
#16609=CARTESIAN_POINT('',(-15.575241378804,14.953056948769,-18.094303639479));
#16610=CARTESIAN_POINT('',(-15.539028447923,14.946546597478,-18.110076390919));
#16611=CARTESIAN_POINT('',(-15.503585560364,14.946546597478,-18.127145204887));
#16612=B_SPLINE_CURVE_WITH_KNOTS('',3,(#16606,#16607,#16608,#16609,#16610,#16611),.UNSPECIFIED.,.F.,.U.,(4,2,4),(0.,1.,1.30399247247),.UNSPECIFIED.);
#16613=EDGE_CURVE('',#16597,#16605,#16612,.T.);
#16614=ORIENTED_EDGE('',*,*,#16613,.T.);
#16615=CARTESIAN_POINT('',(-15.503585560364,14.946546597478,-18.127145204887));
#16616=CARTESIAN_POINT('',(-15.362769400963,14.946546597478,-18.194960357489));
#16617=CARTESIAN_POINT('',(-15.142465354045,14.946546597478,-18.307717339027));
#16618=(BOUNDED_CURVE()B_SPLINE_CURVE(2,(#16615,#16616,#16617),.HYPERBOLIC_ARC.,.F.,.U.)B_SPLINE_CURVE_WITH_KNOTS((3,3),(0.14312240177224,1.),.UNSPECIFIED.)CURVE()GEOMETRIC_REPRESENTATION_ITEM()RATIONAL_B_SPLINE_CURVE((1.5063228691822,1.3111135632302,1.0786831120516))REPRESENTATION_ITEM(''));
#16619=EDGE_CURVE('',#16605,#15824,#16618,.T.);
#16620=ORIENTED_EDGE('',*,*,#16619,.T.);
#16621=ORIENTED_EDGE('',*,*,#15830,.F.);
#16622=ORIENTED_EDGE('',*,*,#16537,.F.);
#16623=EDGE_LOOP('',(#16538,#16539,#16547,#16558,#16564,#16565,#16573,#16584,#16590,#16591,#16592,#16593,#16594,#16595,#16603,#16614,#16620,#16621,#16622));
#16624=FACE_OUTER_BOUND('',#16623,.T.);
#16625=ADVANCED_FACE('',(#16624),#16530,.F.);
#16626=CARTESIAN_POINT('',(-16.855973753871,14.436546597478,-18.107254021229));
#16627=DIRECTION('',(1.,-6.7655109585297E-15,0.));
#16628=DIRECTION('',(6.7655109585297E-15,1.,0.));
#16629=AXIS2_PLACEMENT_3D('',#16626,#16628,#16627);
#16630=PLANE('',#16629);
#16631=CARTESIAN_POINT('',(-16.593413120936,14.436546597478,-18.127145204887));
#16632=DIRECTION('',(0.,0.,-1.));
#16633=VECTOR('',#16632,0.239710140638);
#16634=LINE('',#16631,#16633);
#16635=EDGE_CURVE('',#16575,#15743,#16634,.T.);
#16636=ORIENTED_EDGE('',*,*,#16635,.T.);
#16637=ORIENTED_EDGE('',*,*,#15749,.F.);
#16638=ORIENTED_EDGE('',*,*,#16589,.F.);
#16639=EDGE_LOOP('',(#16636,#16637,#16638));
#16640=FACE_OUTER_BOUND('',#16639,.T.);
#16641=ADVANCED_FACE('',(#16640),#16630,.T.);
#16642=CARTESIAN_POINT('',(-16.593413120936,14.146632817192,-18.386806650067));
#16643=DIRECTION('',(-4.4593436613802E-06,0.99999999999006,-1.2254380165338E-14));
#16644=DIRECTION('',(0.,0.,1.));
#16645=AXIS2_PLACEMENT_3D('',#16642,#16644,#16643);
#16646=CYLINDRICAL_SURFACE('',#16645,0.28991378028646);
#16647=CARTESIAN_POINT('',(-16.30349934065,14.146632817192,-18.127145204887));
#16648=DIRECTION('',(0.,0.,-1.));
#16649=VECTOR('',#16648,0.23971014058);
#16650=LINE('',#16647,#16649);
#16651=EDGE_CURVE('',#16567,#15752,#16650,.T.);
#16652=ORIENTED_EDGE('',*,*,#16651,.T.);
#16653=ORIENTED_EDGE('',*,*,#15758,.F.);
#16654=ORIENTED_EDGE('',*,*,#16635,.F.);
#16655=ORIENTED_EDGE('',*,*,#16583,.F.);
#16656=EDGE_LOOP('',(#16652,#16653,#16654,#16655));
#16657=FACE_OUTER_BOUND('',#16656,.T.);
#16658=ADVANCED_FACE('',(#16657),#16646,.T.);
#16659=CARTESIAN_POINT('',(-16.30349934065,13.884072184257,-18.107254021229));
#16660=DIRECTION('',(0.,-1.,0.));
#16661=DIRECTION('',(1.,0.,0.));
#16662=AXIS2_PLACEMENT_3D('',#16659,#16661,#16660);
#16663=PLANE('',#16662);
#16664=ORIENTED_EDGE('',*,*,#15767,.F.);
#16665=ORIENTED_EDGE('',*,*,#16651,.F.);
#16666=ORIENTED_EDGE('',*,*,#16572,.F.);
#16667=EDGE_LOOP('',(#16664,#16665,#16666));
#16668=FACE_OUTER_BOUND('',#16667,.T.);
#16669=ADVANCED_FACE('',(#16668),#16663,.T.);
#16670=CARTESIAN_POINT('',(-15.79349934065,13.884072184257,-18.107254021229));
#16671=DIRECTION('',(6.7655109585298E-15,1.,0.));
#16672=DIRECTION('',(-1.,6.7655109585298E-15,0.));
#16673=AXIS2_PLACEMENT_3D('',#16670,#16672,#16671);
#16674=PLANE('',#16673);
#16675=CARTESIAN_POINT('',(-15.79349934065,14.146632817192,-18.127145204887));
#16676=DIRECTION('',(0.,0.,-1.));
#16677=VECTOR('',#16676,0.239710140638);
#16678=LINE('',#16675,#16677);
#16679=EDGE_CURVE('',#16549,#15779,#16678,.T.);
#16680=ORIENTED_EDGE('',*,*,#16679,.T.);
#16681=ORIENTED_EDGE('',*,*,#15785,.F.);
#16682=ORIENTED_EDGE('',*,*,#16563,.F.);
#16683=EDGE_LOOP('',(#16680,#16681,#16682));
#16684=FACE_OUTER_BOUND('',#16683,.T.);
#16685=ADVANCED_FACE('',(#16684),#16674,.T.);
#16686=CARTESIAN_POINT('',(-15.503585560363,14.146632817192,-18.386806650067));
#16687=DIRECTION('',(-0.99999999999006,-4.4593436123616E-06,0.));
#16688=DIRECTION('',(1.0343240403095E-14,-1.5514860604643E-14,1.));
#16689=AXIS2_PLACEMENT_3D('',#16686,#16688,#16687);
#16690=CYLINDRICAL_SURFACE('',#16689,0.28991378028653);
#16691=CARTESIAN_POINT('',(-15.503585560364,14.436546597478,-18.127145204887));
#16692=DIRECTION('',(0.,0.,-1.));
#16693=VECTOR('',#16692,0.23971014058);
#16694=LINE('',#16691,#16693);
#16695=EDGE_CURVE('',#16541,#15788,#16694,.T.);
#16696=ORIENTED_EDGE('',*,*,#16695,.T.);
#16697=ORIENTED_EDGE('',*,*,#15794,.F.);
#16698=ORIENTED_EDGE('',*,*,#16679,.F.);
#16699=ORIENTED_EDGE('',*,*,#16557,.F.);
#16700=EDGE_LOOP('',(#16696,#16697,#16698,#16699));
#16701=FACE_OUTER_BOUND('',#16700,.T.);
#16702=ADVANCED_FACE('',(#16701),#16690,.T.);
#16703=CARTESIAN_POINT('',(-15.241024927429,14.436546597478,-18.107254021229));
#16704=DIRECTION('',(1.,0.,0.));
#16705=DIRECTION('',(-0.,1.,0.));
#16706=AXIS2_PLACEMENT_3D('',#16703,#16705,#16704);
#16707=PLANE('',#16706);
#16708=ORIENTED_EDGE('',*,*,#15803,.F.);
#16709=ORIENTED_EDGE('',*,*,#16695,.F.);
#16710=ORIENTED_EDGE('',*,*,#16546,.F.);
#16711=EDGE_LOOP('',(#16708,#16709,#16710));
#16712=FACE_OUTER_BOUND('',#16711,.T.);
#16713=ADVANCED_FACE('',(#16712),#16707,.T.);
#16714=CARTESIAN_POINT('',(-15.241024927429,14.946546597478,-18.107254021229));
#16715=DIRECTION('',(-1.,0.,0.));
#16716=DIRECTION('',(-0.,-1.,-0.));
#16717=AXIS2_PLACEMENT_3D('',#16714,#16716,#16715);
#16718=PLANE('',#16717);
#16719=CARTESIAN_POINT('',(-15.503585560364,14.946546597478,-18.127145204887));
#16720=DIRECTION('',(0.,0.,-1.));
#16721=VECTOR('',#16720,0.239710140638);
#16722=LINE('',#16719,#16721);
#16723=EDGE_CURVE('',#16605,#15833,#16722,.T.);
#16724=ORIENTED_EDGE('',*,*,#16723,.T.);
#16725=ORIENTED_EDGE('',*,*,#15839,.F.);
#16726=ORIENTED_EDGE('',*,*,#16619,.F.);
#16727=EDGE_LOOP('',(#16724,#16725,#16726));
#16728=FACE_OUTER_BOUND('',#16727,.T.);
#16729=ADVANCED_FACE('',(#16728),#16718,.T.);
#16730=CARTESIAN_POINT('',(-15.503585560364,15.236460377764,-18.38680392781));
#16731=DIRECTION('',(4.3632736405524E-06,-0.99999999999048,3.676314049601E-14));
#16732=DIRECTION('',(0.,1.0337386020346E-14,1.));
#16733=AXIS2_PLACEMENT_3D('',#16730,#16732,#16731);
#16734=CYLINDRICAL_SURFACE('',#16733,0.28991378028649);
#16735=CARTESIAN_POINT('',(-15.79349934065,15.236460377764,-18.127145204887));
#16736=DIRECTION('',(0.,0.,-1.));
#16737=VECTOR('',#16736,0.23971014058);
#16738=LINE('',#16735,#16737);
#16739=EDGE_CURVE('',#16597,#15842,#16738,.T.);
#16740=ORIENTED_EDGE('',*,*,#16739,.T.);
#16741=ORIENTED_EDGE('',*,*,#15848,.F.);
#16742=ORIENTED_EDGE('',*,*,#16723,.F.);
#16743=ORIENTED_EDGE('',*,*,#16613,.F.);
#16744=EDGE_LOOP('',(#16740,#16741,#16742,#16743));
#16745=FACE_OUTER_BOUND('',#16744,.T.);
#16746=ADVANCED_FACE('',(#16745),#16734,.T.);
#16747=CARTESIAN_POINT('',(-15.79349934065,15.499021010699,-18.107254021229));
#16748=DIRECTION('',(0.,1.,0.));
#16749=DIRECTION('',(-1.,0.,0.));
#16750=AXIS2_PLACEMENT_3D('',#16747,#16749,#16748);
#16751=PLANE('',#16750);
#16752=ORIENTED_EDGE('',*,*,#15857,.F.);
#16753=ORIENTED_EDGE('',*,*,#16739,.F.);
#16754=ORIENTED_EDGE('',*,*,#16602,.F.);
#16755=EDGE_LOOP('',(#16752,#16753,#16754));
#16756=FACE_OUTER_BOUND('',#16755,.T.);
#16757=ADVANCED_FACE('',(#16756),#16751,.T.);
#16758=CARTESIAN_POINT('',(11.453859972231,15.499021010699,-18.107254021229));
#16759=DIRECTION('',(-6.7655109585298E-15,-1.,0.));
#16760=DIRECTION('',(1.,-6.7655109585298E-15,0.));
#16761=AXIS2_PLACEMENT_3D('',#16758,#16760,#16759);
#16762=PLANE('',#16761);
#16763=CARTESIAN_POINT('',(11.453859972231,15.236460377764,-18.127145204887));
#16764=VERTEX_POINT('',#16763);
#16765=CARTESIAN_POINT('',(11.453859972231,15.236460377764,-18.127145204887));
#16766=DIRECTION('',(0.,0.,-1.));
#16767=VECTOR('',#16766,0.239710140638);
#16768=LINE('',#16765,#16767);
#16769=EDGE_CURVE('',#16764,#16019,#16768,.T.);
#16770=ORIENTED_EDGE('',*,*,#16769,.T.);
#16771=ORIENTED_EDGE('',*,*,#16025,.F.);
#16772=CARTESIAN_POINT('',(11.453859972231,15.59758058524,-18.307717339619));
#16773=CARTESIAN_POINT('',(11.453859972231,15.377276537515,-18.194960357657));
#16774=CARTESIAN_POINT('',(11.453859972231,15.236460377764,-18.127145204887));
#16775=(BOUNDED_CURVE()B_SPLINE_CURVE(2,(#16772,#16773,#16774),.HYPERBOLIC_ARC.,.F.,.U.)B_SPLINE_CURVE_WITH_KNOTS((3,3),(0.20088627717901,1.),.UNSPECIFIED.)CURVE()GEOMETRIC_REPRESENTATION_ITEM()RATIONAL_B_SPLINE_CURVE((1.124247473504,1.3664959573101,1.569951047362))REPRESENTATION_ITEM(''));
#16776=EDGE_CURVE('',#16017,#16764,#16775,.T.);
#16777=ORIENTED_EDGE('',*,*,#16776,.T.);
#16778=EDGE_LOOP('',(#16770,#16771,#16777));
#16779=FACE_OUTER_BOUND('',#16778,.T.);
#16780=ADVANCED_FACE('',(#16779),#16762,.T.);
#16781=CARTESIAN_POINT('',(11.163946191945,15.236460377764,-18.386780925896));
#16782=DIRECTION('',(0.9999999999975,2.234548375496E-06,1.2254380165337E-14));
#16783=DIRECTION('',(0.,0.,1.));
#16784=AXIS2_PLACEMENT_3D('',#16781,#16783,#16782);
#16785=CYLINDRICAL_SURFACE('',#16784,0.28991378028649);
#16786=CARTESIAN_POINT('',(11.163946191945,14.946546597478,-18.127145204887));
#16787=VERTEX_POINT('',#16786);
#16788=CARTESIAN_POINT('',(11.163946191945,14.946546597478,-18.127145204887));
#16789=DIRECTION('',(0.,0.,-1.));
#16790=VECTOR('',#16789,0.23971014058);
#16791=LINE('',#16788,#16790);
#16792=EDGE_CURVE('',#16787,#16028,#16791,.T.);
#16793=ORIENTED_EDGE('',*,*,#16792,.T.);
#16794=ORIENTED_EDGE('',*,*,#16034,.F.);
#16795=ORIENTED_EDGE('',*,*,#16769,.F.);
#16796=CARTESIAN_POINT('',(11.453859972231,15.236460377764,-18.127145204887));
#16797=CARTESIAN_POINT('',(11.453859972231,15.188676676491,-18.104133222402));
#16798=CARTESIAN_POINT('',(11.441998849702,15.13914334665,-18.083175512693));
#16799=CARTESIAN_POINT('',(11.362009495068,14.997838849964,-18.047452397447));
#16800=CARTESIAN_POINT('',(11.262685334022,14.946546597478,-18.079593773175));
#16801=CARTESIAN_POINT('',(11.163946191945,14.946546597478,-18.127145204887));
#16802=B_SPLINE_CURVE_WITH_KNOTS('',3,(#16796,#16797,#16798,#16799,#16800,#16801),.UNSPECIFIED.,.F.,.U.,(4,2,4),(0.,0.4749637293409,1.4749637293409),.UNSPECIFIED.);
#16803=EDGE_CURVE('',#16764,#16787,#16802,.T.);
#16804=ORIENTED_EDGE('',*,*,#16803,.T.);
#16805=EDGE_LOOP('',(#16793,#16794,#16795,#16804));
#16806=FACE_OUTER_BOUND('',#16805,.T.);
#16807=ADVANCED_FACE('',(#16806),#16785,.T.);
#16808=CARTESIAN_POINT('',(10.90138555901,14.946546597478,-18.107254021229));
#16809=DIRECTION('',(-1.,0.,0.));
#16810=DIRECTION('',(-0.,-1.,-0.));
#16811=AXIS2_PLACEMENT_3D('',#16808,#16810,#16809);
#16812=PLANE('',#16811);
#16813=ORIENTED_EDGE('',*,*,#16043,.F.);
#16814=ORIENTED_EDGE('',*,*,#16792,.F.);
#16815=CARTESIAN_POINT('',(11.163946191945,14.946546597478,-18.127145204887));
#16816=CARTESIAN_POINT('',(11.023130032194,14.946546597478,-18.194960357657));
#16817=CARTESIAN_POINT('',(10.802825984469,14.946546597478,-18.307717339619));
#16818=(BOUNDED_CURVE()B_SPLINE_CURVE(2,(#16815,#16816,#16817),.HYPERBOLIC_ARC.,.F.,.U.)B_SPLINE_CURVE_WITH_KNOTS((3,3),(0.,0.79911372282099),.UNSPECIFIED.)CURVE()GEOMETRIC_REPRESENTATION_ITEM()RATIONAL_B_SPLINE_CURVE((1.569951047362,1.3664959573101,1.124247473504))REPRESENTATION_ITEM(''));
#16819=EDGE_CURVE('',#16787,#16037,#16818,.T.);
#16820=ORIENTED_EDGE('',*,*,#16819,.T.);
#16821=EDGE_LOOP('',(#16813,#16814,#16820));
#16822=FACE_OUTER_BOUND('',#16821,.T.);
#16823=ADVANCED_FACE('',(#16822),#16812,.T.);
#16824=CARTESIAN_POINT('',(11.708859972231,14.691546597478,-17.807254021229));
#16825=DIRECTION('',(1.,-9.9395090720699E-16,-1.2462331842928E-15));
#16826=DIRECTION('',(-1.2462331842928E-15,1.8693497764393E-15,-1.));
#16827=AXIS2_PLACEMENT_3D('',#16824,#16826,#16825);
#16828=CONICAL_SURFACE('',#16827,0.,1.0821041362365);
#16829=CARTESIAN_POINT('',(11.708859972231,14.691546597478,-17.807254021229));
#16830=VERTEX_POINT('',#16829);
#16831=CARTESIAN_POINT('',(11.708859972231,14.691546597478,-17.807254021229));
#16832=DIRECTION('',(0.88294759285797,0.,-0.4694715627877));
#16833=VECTOR('',#16832,1.0660141268989);
#16834=LINE('',#16831,#16833);
#16835=EDGE_CURVE('',#16830,#16118,#16834,.T.);
#16836=ORIENTED_EDGE('',*,*,#16835,.T.);
#16837=ORIENTED_EDGE('',*,*,#16124,.F.);
#16838=CARTESIAN_POINT('',(12.253773752517,14.436546597478,-18.127145204887));
#16839=VERTEX_POINT('',#16838);
#16840=CARTESIAN_POINT('',(12.614893959993,14.436546597478,-18.307717339619));
#16841=CARTESIAN_POINT('',(12.394589912268,14.436546597478,-18.194960357657));
#16842=CARTESIAN_POINT('',(12.253773752517,14.436546597478,-18.127145204887));
#16843=(BOUNDED_CURVE()B_SPLINE_CURVE(2,(#16840,#16841,#16842),.HYPERBOLIC_ARC.,.F.,.U.)B_SPLINE_CURVE_WITH_KNOTS((3,3),(0.,0.79911372282099),.UNSPECIFIED.)CURVE()GEOMETRIC_REPRESENTATION_ITEM()RATIONAL_B_SPLINE_CURVE((1.124247473504,1.3664959573101,1.569951047362))REPRESENTATION_ITEM(''));
#16844=EDGE_CURVE('',#16109,#16839,#16843,.T.);
#16845=ORIENTED_EDGE('',*,*,#16844,.T.);
#16846=CARTESIAN_POINT('',(11.963859972231,14.146632817192,-18.127145204887));
#16847=VERTEX_POINT('',#16846);
#16848=CARTESIAN_POINT('',(12.253773752517,14.436546597478,-18.127145204887));
#16849=CARTESIAN_POINT('',(12.137166242735,14.436546597478,-18.070988609621));
#16850=CARTESIAN_POINT('',(12.026740711981,14.365536094171,-18.04362097787));
#16851=CARTESIAN_POINT('',(11.969918097221,14.215743662607,-18.095419067673));
#16852=CARTESIAN_POINT('',(11.963859972231,14.180822162141,-18.110680080039));
#16853=CARTESIAN_POINT('',(11.963859972231,14.146632817192,-18.127145204887));
#16854=B_SPLINE_CURVE_WITH_KNOTS('',3,(#16848,#16849,#16850,#16851,#16852,#16853),.UNSPECIFIED.,.F.,.U.,(4,2,4),(0.,1.,1.29046257991),.UNSPECIFIED.);
#16855=EDGE_CURVE('',#16839,#16847,#16854,.T.);
#16856=ORIENTED_EDGE('',*,*,#16855,.T.);
#16857=CARTESIAN_POINT('',(11.963859972231,14.146632817192,-18.127145204887));
#16858=CARTESIAN_POINT('',(11.963859972231,14.005816657441,-18.194960357657));
#16859=CARTESIAN_POINT('',(11.963859972231,13.785512609716,-18.307717339619));
#16860=(BOUNDED_CURVE()B_SPLINE_CURVE(2,(#16857,#16858,#16859),.HYPERBOLIC_ARC.,.F.,.U.)B_SPLINE_CURVE_WITH_KNOTS((3,3),(0.20088627717901,1.),.UNSPECIFIED.)CURVE()GEOMETRIC_REPRESENTATION_ITEM()RATIONAL_B_SPLINE_CURVE((1.569951047362,1.3664959573101,1.124247473504))REPRESENTATION_ITEM(''));
#16861=EDGE_CURVE('',#16847,#16082,#16860,.T.);
#16862=ORIENTED_EDGE('',*,*,#16861,.T.);
#16863=ORIENTED_EDGE('',*,*,#16088,.F.);
#16864=CARTESIAN_POINT('',(11.453859972231,14.146632817192,-18.127145204887));
#16865=VERTEX_POINT('',#16864);
#16866=CARTESIAN_POINT('',(11.453859972231,13.785512609716,-18.307717339619));
#16867=CARTESIAN_POINT('',(11.453859972231,14.005816657441,-18.194960357657));
#16868=CARTESIAN_POINT('',(11.453859972231,14.146632817192,-18.127145204887));
#16869=(BOUNDED_CURVE()B_SPLINE_CURVE(2,(#16866,#16867,#16868),.HYPERBOLIC_ARC.,.F.,.U.)B_SPLINE_CURVE_WITH_KNOTS((3,3),(0.,0.79911372282099),.UNSPECIFIED.)CURVE()GEOMETRIC_REPRESENTATION_ITEM()RATIONAL_B_SPLINE_CURVE((1.124247473504,1.3664959573101,1.569951047362))REPRESENTATION_ITEM(''));
#16870=EDGE_CURVE('',#16073,#16865,#16869,.T.);
#16871=ORIENTED_EDGE('',*,*,#16870,.T.);
#16872=CARTESIAN_POINT('',(11.163946191945,14.436546597478,-18.127145204887));
#16873=VERTEX_POINT('',#16872);
#16874=CARTESIAN_POINT('',(11.453859972231,14.146632817192,-18.127145204887));
#16875=CARTESIAN_POINT('',(11.453859972231,14.263240326974,-18.070988609621));
#16876=CARTESIAN_POINT('',(11.382849468924,14.373665857728,-18.04362097787));
#16877=CARTESIAN_POINT('',(11.23305703736,14.430488472488,-18.095419067673));
#16878=CARTESIAN_POINT('',(11.198135536894,14.436546597478,-18.110680080039));
#16879=CARTESIAN_POINT('',(11.163946191945,14.436546597478,-18.127145204887));
#16880=B_SPLINE_CURVE_WITH_KNOTS('',3,(#16874,#16875,#16876,#16877,#16878,#16879),.UNSPECIFIED.,.F.,.U.,(4,2,4),(0.,1.,1.29046257991),.UNSPECIFIED.);
#16881=EDGE_CURVE('',#16865,#16873,#16880,.T.);
#16882=ORIENTED_EDGE('',*,*,#16881,.T.);
#16883=CARTESIAN_POINT('',(11.163946191945,14.436546597478,-18.127145204887));
#16884=CARTESIAN_POINT('',(11.023130032194,14.436546597478,-18.194960357657));
#16885=CARTESIAN_POINT('',(10.802825984469,14.436546597478,-18.307717339619));
#16886=(BOUNDED_CURVE()B_SPLINE_CURVE(2,(#16883,#16884,#16885),.HYPERBOLIC_ARC.,.F.,.U.)B_SPLINE_CURVE_WITH_KNOTS((3,3),(0.20088627717901,1.),.UNSPECIFIED.)CURVE()GEOMETRIC_REPRESENTATION_ITEM()RATIONAL_B_SPLINE_CURVE((1.569951047362,1.3664959573101,1.124247473504))REPRESENTATION_ITEM(''));
#16887=EDGE_CURVE('',#16873,#16046,#16886,.T.);
#16888=ORIENTED_EDGE('',*,*,#16887,.T.);
#16889=ORIENTED_EDGE('',*,*,#16052,.F.);
#16890=ORIENTED_EDGE('',*,*,#16819,.F.);
#16891=ORIENTED_EDGE('',*,*,#16803,.F.);
#16892=ORIENTED_EDGE('',*,*,#16776,.F.);
#16893=ORIENTED_EDGE('',*,*,#16176,.F.);
#16894=CARTESIAN_POINT('',(11.963859972231,15.236460377764,-18.127145204887));
#16895=VERTEX_POINT('',#16894);
#16896=CARTESIAN_POINT('',(11.963859972231,15.597580584048,-18.307717339009));
#16897=CARTESIAN_POINT('',(11.963859972231,15.377276537154,-18.194960357483));
#16898=CARTESIAN_POINT('',(11.963859972231,15.236460377764,-18.127145204887));
#16899=(BOUNDED_CURVE()B_SPLINE_CURVE(2,(#16896,#16897,#16898),.HYPERBOLIC_ARC.,.F.,.U.)B_SPLINE_CURVE_WITH_KNOTS((3,3),(0.,0.85687759817199),.UNSPECIFIED.)CURVE()GEOMETRIC_REPRESENTATION_ITEM()RATIONAL_B_SPLINE_CURVE((1.0786831120819,1.3111135632429,1.5063228691822))REPRESENTATION_ITEM(''));
#16900=EDGE_CURVE('',#16163,#16895,#16899,.T.);
#16901=ORIENTED_EDGE('',*,*,#16900,.T.);
#16902=CARTESIAN_POINT('',(12.253773752517,14.946546597478,-18.127145204887));
#16903=VERTEX_POINT('',#16902);
#16904=CARTESIAN_POINT('',(11.963859972231,15.236460377764,-18.127145204887));
#16905=CARTESIAN_POINT('',(11.963859972231,15.121779351105,-18.071916377766));
#16906=CARTESIAN_POINT('',(12.032725715727,15.012050712211,-18.043709223635));
#16907=CARTESIAN_POINT('',(12.182117934077,14.953056948769,-18.094303639479));
#16908=CARTESIAN_POINT('',(12.218330864958,14.946546597478,-18.110076390919));
#16909=CARTESIAN_POINT('',(12.253773752517,14.946546597478,-18.127145204887));
#16910=B_SPLINE_CURVE_WITH_KNOTS('',3,(#16904,#16905,#16906,#16907,#16908,#16909),.UNSPECIFIED.,.F.,.U.,(4,2,4),(0.,1.,1.30399247247),.UNSPECIFIED.);
#16911=EDGE_CURVE('',#16895,#16903,#16910,.T.);
#16912=ORIENTED_EDGE('',*,*,#16911,.T.);
#16913=CARTESIAN_POINT('',(12.253773752517,14.946546597478,-18.127145204887));
#16914=CARTESIAN_POINT('',(12.394589911918,14.946546597478,-18.194960357489));
#16915=CARTESIAN_POINT('',(12.614893958836,14.946546597478,-18.307717339027));
#16916=(BOUNDED_CURVE()B_SPLINE_CURVE(2,(#16913,#16914,#16915),.HYPERBOLIC_ARC.,.F.,.U.)B_SPLINE_CURVE_WITH_KNOTS((3,3),(0.14312240177224,1.),.UNSPECIFIED.)CURVE()GEOMETRIC_REPRESENTATION_ITEM()RATIONAL_B_SPLINE_CURVE((1.5063228691822,1.3111135632302,1.0786831120516))REPRESENTATION_ITEM(''));
#16917=EDGE_CURVE('',#16903,#16136,#16916,.T.);
#16918=ORIENTED_EDGE('',*,*,#16917,.T.);
#16919=ORIENTED_EDGE('',*,*,#16142,.F.);
#16920=ORIENTED_EDGE('',*,*,#16835,.F.);
#16921=EDGE_LOOP('',(#16836,#16837,#16845,#16856,#16862,#16863,#16871,#16882,#16888,#16889,#16890,#16891,#16892,#16893,#16901,#16912,#16918,#16919,#16920));
#16922=FACE_OUTER_BOUND('',#16921,.T.);
#16923=ADVANCED_FACE('',(#16922),#16828,.F.);
#16924=CARTESIAN_POINT('',(10.90138555901,14.436546597478,-18.107254021229));
#16925=DIRECTION('',(1.,-6.7655109585298E-15,0.));
#16926=DIRECTION('',(6.7655109585298E-15,1.,0.));
#16927=AXIS2_PLACEMENT_3D('',#16924,#16926,#16925);
#16928=PLANE('',#16927);
#16929=CARTESIAN_POINT('',(11.163946191945,14.436546597478,-18.127145204887));
#16930=DIRECTION('',(0.,0.,-1.));
#16931=VECTOR('',#16930,0.239710140638);
#16932=LINE('',#16929,#16931);
#16933=EDGE_CURVE('',#16873,#16055,#16932,.T.);
#16934=ORIENTED_EDGE('',*,*,#16933,.T.);
#16935=ORIENTED_EDGE('',*,*,#16061,.F.);
#16936=ORIENTED_EDGE('',*,*,#16887,.F.);
#16937=EDGE_LOOP('',(#16934,#16935,#16936));
#16938=FACE_OUTER_BOUND('',#16937,.T.);
#16939=ADVANCED_FACE('',(#16938),#16928,.T.);
#16940=CARTESIAN_POINT('',(11.163946191945,14.146632817192,-18.386806650067));
#16941=DIRECTION('',(-4.4593436491255E-06,0.99999999999006,0.));
#16942=DIRECTION('',(5.1716202015472E-15,0.,1.));
#16943=AXIS2_PLACEMENT_3D('',#16940,#16942,#16941);
#16944=CYLINDRICAL_SURFACE('',#16943,0.28991378028648);
#16945=CARTESIAN_POINT('',(11.453859972231,14.146632817192,-18.127145204887));
#16946=DIRECTION('',(0.,0.,-1.));
#16947=VECTOR('',#16946,0.23971014058);
#16948=LINE('',#16945,#16947);
#16949=EDGE_CURVE('',#16865,#16064,#16948,.T.);
#16950=ORIENTED_EDGE('',*,*,#16949,.T.);
#16951=ORIENTED_EDGE('',*,*,#16070,.F.);
#16952=ORIENTED_EDGE('',*,*,#16933,.F.);
#16953=ORIENTED_EDGE('',*,*,#16881,.F.);
#16954=EDGE_LOOP('',(#16950,#16951,#16952,#16953));
#16955=FACE_OUTER_BOUND('',#16954,.T.);
#16956=ADVANCED_FACE('',(#16955),#16944,.T.);
#16957=CARTESIAN_POINT('',(11.453859972231,13.884072184257,-18.107254021229));
#16958=DIRECTION('',(6.7655109585298E-15,-1.,0.));
#16959=DIRECTION('',(1.,6.7655109585298E-15,0.));
#16960=AXIS2_PLACEMENT_3D('',#16957,#16959,#16958);
#16961=PLANE('',#16960);
#16962=ORIENTED_EDGE('',*,*,#16079,.F.);
#16963=ORIENTED_EDGE('',*,*,#16949,.F.);
#16964=ORIENTED_EDGE('',*,*,#16870,.F.);
#16965=EDGE_LOOP('',(#16962,#16963,#16964));
#16966=FACE_OUTER_BOUND('',#16965,.T.);
#16967=ADVANCED_FACE('',(#16966),#16961,.T.);
#16968=CARTESIAN_POINT('',(11.963859972231,13.884072184257,-18.107254021229));
#16969=DIRECTION('',(6.7655109585298E-15,1.,0.));
#16970=DIRECTION('',(-1.,6.7655109585298E-15,0.));
#16971=AXIS2_PLACEMENT_3D('',#16968,#16970,#16969);
#16972=PLANE('',#16971);
#16973=CARTESIAN_POINT('',(11.963859972231,14.146632817192,-18.127145204887));
#16974=DIRECTION('',(0.,0.,-1.));
#16975=VECTOR('',#16974,0.239710140638);
#16976=LINE('',#16973,#16975);
#16977=EDGE_CURVE('',#16847,#16091,#16976,.T.);
#16978=ORIENTED_EDGE('',*,*,#16977,.T.);
#16979=ORIENTED_EDGE('',*,*,#16097,.F.);
#16980=ORIENTED_EDGE('',*,*,#16861,.F.);
#16981=EDGE_LOOP('',(#16978,#16979,#16980));
#16982=FACE_OUTER_BOUND('',#16981,.T.);
#16983=ADVANCED_FACE('',(#16982),#16972,.T.);
#16984=CARTESIAN_POINT('',(12.253773752517,14.146632817192,-18.386806650067));
#16985=DIRECTION('',(-0.99999999999006,-4.4593436613801E-06,2.4508760330676E-14));
#16986=DIRECTION('',(1.0343240403093E-14,0.,1.));
#16987=AXIS2_PLACEMENT_3D('',#16984,#16986,#16985);
#16988=CYLINDRICAL_SURFACE('',#16987,0.28991378028646);
#16989=CARTESIAN_POINT('',(12.253773752517,14.436546597478,-18.127145204887));
#16990=DIRECTION('',(0.,0.,-1.));
#16991=VECTOR('',#16990,0.23971014058);
#16992=LINE('',#16989,#16991);
#16993=EDGE_CURVE('',#16839,#16100,#16992,.T.);
#16994=ORIENTED_EDGE('',*,*,#16993,.T.);
#16995=ORIENTED_EDGE('',*,*,#16106,.F.);
#16996=ORIENTED_EDGE('',*,*,#16977,.F.);
#16997=ORIENTED_EDGE('',*,*,#16855,.F.);
#16998=EDGE_LOOP('',(#16994,#16995,#16996,#16997));
#16999=FACE_OUTER_BOUND('',#16998,.T.);
#17000=ADVANCED_FACE('',(#16999),#16988,.T.);
#17001=CARTESIAN_POINT('',(12.516334385452,14.436546597478,-18.107254021229));
#17002=DIRECTION('',(1.,0.,0.));
#17003=DIRECTION('',(-0.,1.,0.));
#17004=AXIS2_PLACEMENT_3D('',#17001,#17003,#17002);
#17005=PLANE('',#17004);
#17006=ORIENTED_EDGE('',*,*,#16115,.F.);
#17007=ORIENTED_EDGE('',*,*,#16993,.F.);
#17008=ORIENTED_EDGE('',*,*,#16844,.F.);
#17009=EDGE_LOOP('',(#17006,#17007,#17008));
#17010=FACE_OUTER_BOUND('',#17009,.T.);
#17011=ADVANCED_FACE('',(#17010),#17005,.T.);
#17012=CARTESIAN_POINT('',(12.516334385452,14.946546597478,-18.107254021229));
#17013=DIRECTION('',(-1.,0.,0.));
#17014=DIRECTION('',(-0.,-1.,-0.));
#17015=AXIS2_PLACEMENT_3D('',#17012,#17014,#17013);
#17016=PLANE('',#17015);
#17017=CARTESIAN_POINT('',(12.253773752517,14.946546597478,-18.127145204887));
#17018=DIRECTION('',(0.,0.,-1.));
#17019=VECTOR('',#17018,0.239710140638);
#17020=LINE('',#17017,#17019);
#17021=EDGE_CURVE('',#16903,#16145,#17020,.T.);
#17022=ORIENTED_EDGE('',*,*,#17021,.T.);
#17023=ORIENTED_EDGE('',*,*,#16151,.F.);
#17024=ORIENTED_EDGE('',*,*,#16917,.F.);
#17025=EDGE_LOOP('',(#17022,#17023,#17024));
#17026=FACE_OUTER_BOUND('',#17025,.T.);
#17027=ADVANCED_FACE('',(#17026),#17016,.T.);
#17028=CARTESIAN_POINT('',(12.253773752517,15.236460377764,-18.38680392781));
#17029=DIRECTION('',(4.3632736466809E-06,-0.99999999999048,0.));
#17030=DIRECTION('',(2.0674772040689E-14,1.0337386020345E-14,1.));
#17031=AXIS2_PLACEMENT_3D('',#17028,#17030,#17029);
#17032=CYLINDRICAL_SURFACE('',#17031,0.28991378028641);
#17033=CARTESIAN_POINT('',(11.963859972231,15.236460377764,-18.127145204887));
#17034=DIRECTION('',(0.,0.,-1.));
#17035=VECTOR('',#17034,0.23971014058);
#17036=LINE('',#17033,#17035);
#17037=EDGE_CURVE('',#16895,#16154,#17036,.T.);
#17038=ORIENTED_EDGE('',*,*,#17037,.T.);
#17039=ORIENTED_EDGE('',*,*,#16160,.F.);
#17040=ORIENTED_EDGE('',*,*,#17021,.F.);
#17041=ORIENTED_EDGE('',*,*,#16911,.F.);
#17042=EDGE_LOOP('',(#17038,#17039,#17040,#17041));
#17043=FACE_OUTER_BOUND('',#17042,.T.);
#17044=ADVANCED_FACE('',(#17043),#17032,.T.);
#17045=CARTESIAN_POINT('',(11.963859972231,15.499021010699,-18.107254021229));
#17046=DIRECTION('',(0.,1.,0.));
#17047=DIRECTION('',(-1.,0.,0.));
#17048=AXIS2_PLACEMENT_3D('',#17045,#17047,#17046);
#17049=PLANE('',#17048);
#17050=ORIENTED_EDGE('',*,*,#16169,.F.);
#17051=ORIENTED_EDGE('',*,*,#17037,.F.);
#17052=ORIENTED_EDGE('',*,*,#16900,.F.);
#17053=EDGE_LOOP('',(#17050,#17051,#17052));
#17054=FACE_OUTER_BOUND('',#17053,.T.);
#17055=ADVANCED_FACE('',(#17054),#17049,.T.);
#17056=CARTESIAN_POINT('',(-16.30349934065,-12.258338302182,-18.107254021229));
#17057=DIRECTION('',(0.,-1.,0.));
#17058=DIRECTION('',(1.,0.,0.));
#17059=AXIS2_PLACEMENT_3D('',#17056,#17058,#17057);
#17060=PLANE('',#17059);
#17061=CARTESIAN_POINT('',(-16.30349934065,-12.520898935117,-18.127145204887));
#17062=VERTEX_POINT('',#17061);
#17063=CARTESIAN_POINT('',(-16.30349934065,-12.520898935117,-18.127145204887));
#17064=DIRECTION('',(0.,0.,-1.));
#17065=VECTOR('',#17064,0.239710140638);
#17066=LINE('',#17063,#17065);
#17067=EDGE_CURVE('',#17062,#16264,#17066,.T.);
#17068=ORIENTED_EDGE('',*,*,#17067,.T.);
#17069=ORIENTED_EDGE('',*,*,#16270,.F.);
#17070=CARTESIAN_POINT('',(-16.30349934065,-12.159778727641,-18.307717339619));
#17071=CARTESIAN_POINT('',(-16.30349934065,-12.380082775366,-18.194960357657));
#17072=CARTESIAN_POINT('',(-16.30349934065,-12.520898935117,-18.127145204887));
#17073=(BOUNDED_CURVE()B_SPLINE_CURVE(2,(#17070,#17071,#17072),.HYPERBOLIC_ARC.,.F.,.U.)B_SPLINE_CURVE_WITH_KNOTS((3,3),(0.20088627717901,1.),.UNSPECIFIED.)CURVE()GEOMETRIC_REPRESENTATION_ITEM()RATIONAL_B_SPLINE_CURVE((1.124247473504,1.3664959573101,1.569951047362))REPRESENTATION_ITEM(''));
#17074=EDGE_CURVE('',#16262,#17062,#17073,.T.);
#17075=ORIENTED_EDGE('',*,*,#17074,.T.);
#17076=EDGE_LOOP('',(#17068,#17069,#17075));
#17077=FACE_OUTER_BOUND('',#17076,.T.);
#17078=ADVANCED_FACE('',(#17077),#17060,.T.);
#17079=CARTESIAN_POINT('',(-16.593413120936,-12.520898935117,-18.386780925896));
#17080=DIRECTION('',(0.9999999999975,2.2345484551498E-06,-1.2254380165338E-14));
#17081=DIRECTION('',(0.,1.5437746250173E-14,1.));
#17082=AXIS2_PLACEMENT_3D('',#17079,#17081,#17080);
#17083=CYLINDRICAL_SURFACE('',#17082,0.28991378028644);
#17084=CARTESIAN_POINT('',(-16.593413120936,-12.810812715403,-18.127145204887));
#17085=VERTEX_POINT('',#17084);
#17086=CARTESIAN_POINT('',(-16.593413120936,-12.810812715403,-18.127145204887));
#17087=DIRECTION('',(0.,0.,-1.));
#17088=VECTOR('',#17087,0.23971014058);
#17089=LINE('',#17086,#17088);
#17090=EDGE_CURVE('',#17085,#16273,#17089,.T.);
#17091=ORIENTED_EDGE('',*,*,#17090,.T.);
#17092=ORIENTED_EDGE('',*,*,#16279,.F.);
#17093=ORIENTED_EDGE('',*,*,#17067,.F.);
#17094=CARTESIAN_POINT('',(-16.30349934065,-12.520898935117,-18.127145204887));
#17095=CARTESIAN_POINT('',(-16.30349934065,-12.56868263639,-18.104133222402));
#17096=CARTESIAN_POINT('',(-16.315360463179,-12.618215966231,-18.083175512693));
#17097=CARTESIAN_POINT('',(-16.395349817813,-12.759520462917,-18.047452397447));
#17098=CARTESIAN_POINT('',(-16.494673978859,-12.810812715403,-18.079593773175));
#17099=CARTESIAN_POINT('',(-16.593413120936,-12.810812715403,-18.127145204887));
#17100=B_SPLINE_CURVE_WITH_KNOTS('',3,(#17094,#17095,#17096,#17097,#17098,#17099),.UNSPECIFIED.,.F.,.U.,(4,2,4),(0.,0.4749637293409,1.4749637293409),.UNSPECIFIED.);
#17101=EDGE_CURVE('',#17062,#17085,#17100,.T.);
#17102=ORIENTED_EDGE('',*,*,#17101,.T.);
#17103=EDGE_LOOP('',(#17091,#17092,#17093,#17102));
#17104=FACE_OUTER_BOUND('',#17103,.T.);
#17105=ADVANCED_FACE('',(#17104),#17083,.T.);
#17106=CARTESIAN_POINT('',(-16.855973753871,-12.810812715403,-18.107254021229));
#17107=DIRECTION('',(-1.,0.,0.));
#17108=DIRECTION('',(-0.,-1.,-0.));
#17109=AXIS2_PLACEMENT_3D('',#17106,#17108,#17107);
#17110=PLANE('',#17109);
#17111=ORIENTED_EDGE('',*,*,#16288,.F.);
#17112=ORIENTED_EDGE('',*,*,#17090,.F.);
#17113=CARTESIAN_POINT('',(-16.593413120936,-12.810812715403,-18.127145204887));
#17114=CARTESIAN_POINT('',(-16.734229280687,-12.810812715403,-18.194960357657));
#17115=CARTESIAN_POINT('',(-16.954533328412,-12.810812715403,-18.307717339619));
#17116=(BOUNDED_CURVE()B_SPLINE_CURVE(2,(#17113,#17114,#17115),.HYPERBOLIC_ARC.,.F.,.U.)B_SPLINE_CURVE_WITH_KNOTS((3,3),(0.,0.79911372282099),.UNSPECIFIED.)CURVE()GEOMETRIC_REPRESENTATION_ITEM()RATIONAL_B_SPLINE_CURVE((1.569951047362,1.3664959573101,1.124247473504))REPRESENTATION_ITEM(''));
#17117=EDGE_CURVE('',#17085,#16282,#17116,.T.);
#17118=ORIENTED_EDGE('',*,*,#17117,.T.);
#17119=EDGE_LOOP('',(#17111,#17112,#17118));
#17120=FACE_OUTER_BOUND('',#17119,.T.);
#17121=ADVANCED_FACE('',(#17120),#17110,.T.);
#17122=CARTESIAN_POINT('',(-16.04849934065,-13.065812715403,-17.807254021229));
#17123=DIRECTION('',(1.,-3.31316969069E-16,-2.0644910068655E-31));
#17124=DIRECTION('',(-0.,6.2311659214642E-16,-1.));
#17125=AXIS2_PLACEMENT_3D('',#17122,#17124,#17123);
#17126=CONICAL_SURFACE('',#17125,0.,1.0821041362365);
#17127=CARTESIAN_POINT('',(-16.04849934065,-13.065812715403,-17.807254021229));
#17128=VERTEX_POINT('',#17127);
#17129=CARTESIAN_POINT('',(-16.04849934065,-13.065812715403,-17.807254021229));
#17130=DIRECTION('',(0.88294759285797,0.,-0.4694715627877));
#17131=VECTOR('',#17130,1.0660141268989);
#17132=LINE('',#17129,#17131);
#17133=EDGE_CURVE('',#17128,#16363,#17132,.T.);
#17134=ORIENTED_EDGE('',*,*,#17133,.T.);
#17135=ORIENTED_EDGE('',*,*,#16369,.F.);
#17136=CARTESIAN_POINT('',(-15.503585560364,-13.320812715403,-18.127145204887));
#17137=VERTEX_POINT('',#17136);
#17138=CARTESIAN_POINT('',(-15.142465352888,-13.320812715403,-18.307717339619));
#17139=CARTESIAN_POINT('',(-15.362769400613,-13.320812715403,-18.194960357657));
#17140=CARTESIAN_POINT('',(-15.503585560364,-13.320812715403,-18.127145204887));
#17141=(BOUNDED_CURVE()B_SPLINE_CURVE(2,(#17138,#17139,#17140),.HYPERBOLIC_ARC.,.F.,.U.)B_SPLINE_CURVE_WITH_KNOTS((3,3),(0.,0.79911372282099),.UNSPECIFIED.)CURVE()GEOMETRIC_REPRESENTATION_ITEM()RATIONAL_B_SPLINE_CURVE((1.124247473504,1.3664959573101,1.569951047362))REPRESENTATION_ITEM(''));
#17142=EDGE_CURVE('',#16354,#17137,#17141,.T.);
#17143=ORIENTED_EDGE('',*,*,#17142,.T.);
#17144=CARTESIAN_POINT('',(-15.79349934065,-13.610726495689,-18.127145204887));
#17145=VERTEX_POINT('',#17144);
#17146=CARTESIAN_POINT('',(-15.503585560364,-13.320812715403,-18.127145204887));
#17147=CARTESIAN_POINT('',(-15.620193070146,-13.320812715403,-18.070988609621));
#17148=CARTESIAN_POINT('',(-15.7306186009,-13.39182321871,-18.04362097787));
#17149=CARTESIAN_POINT('',(-15.78744121566,-13.541615650274,-18.095419067673));
#17150=CARTESIAN_POINT('',(-15.79349934065,-13.57653715074,-18.110680080039));
#17151=CARTESIAN_POINT('',(-15.79349934065,-13.610726495689,-18.127145204887));
#17152=B_SPLINE_CURVE_WITH_KNOTS('',3,(#17146,#17147,#17148,#17149,#17150,#17151),.UNSPECIFIED.,.F.,.U.,(4,2,4),(0.,1.,1.29046257991),.UNSPECIFIED.);
#17153=EDGE_CURVE('',#17137,#17145,#17152,.T.);
#17154=ORIENTED_EDGE('',*,*,#17153,.T.);
#17155=CARTESIAN_POINT('',(-15.79349934065,-13.610726495689,-18.127145204887));
#17156=CARTESIAN_POINT('',(-15.79349934065,-13.75154265544,-18.194960357657));
#17157=CARTESIAN_POINT('',(-15.79349934065,-13.971846703165,-18.307717339619));
#17158=(BOUNDED_CURVE()B_SPLINE_CURVE(2,(#17155,#17156,#17157),.HYPERBOLIC_ARC.,.F.,.U.)B_SPLINE_CURVE_WITH_KNOTS((3,3),(0.20088627717901,1.),.UNSPECIFIED.)CURVE()GEOMETRIC_REPRESENTATION_ITEM()RATIONAL_B_SPLINE_CURVE((1.569951047362,1.3664959573101,1.124247473504))REPRESENTATION_ITEM(''));
#17159=EDGE_CURVE('',#17145,#16327,#17158,.T.);
#17160=ORIENTED_EDGE('',*,*,#17159,.T.);
#17161=ORIENTED_EDGE('',*,*,#16333,.F.);
#17162=CARTESIAN_POINT('',(-16.30349934065,-13.610726495689,-18.127145204887));
#17163=VERTEX_POINT('',#17162);
#17164=CARTESIAN_POINT('',(-16.30349934065,-13.971846703165,-18.307717339619));
#17165=CARTESIAN_POINT('',(-16.30349934065,-13.75154265544,-18.194960357657));
#17166=CARTESIAN_POINT('',(-16.30349934065,-13.610726495689,-18.127145204887));
#17167=(BOUNDED_CURVE()B_SPLINE_CURVE(2,(#17164,#17165,#17166),.HYPERBOLIC_ARC.,.F.,.U.)B_SPLINE_CURVE_WITH_KNOTS((3,3),(0.,0.79911372282099),.UNSPECIFIED.)CURVE()GEOMETRIC_REPRESENTATION_ITEM()RATIONAL_B_SPLINE_CURVE((1.124247473504,1.3664959573101,1.569951047362))REPRESENTATION_ITEM(''));
#17168=EDGE_CURVE('',#16318,#17163,#17167,.T.);
#17169=ORIENTED_EDGE('',*,*,#17168,.T.);
#17170=CARTESIAN_POINT('',(-16.593413120936,-13.320812715403,-18.127145204887));
#17171=VERTEX_POINT('',#17170);
#17172=CARTESIAN_POINT('',(-16.30349934065,-13.610726495689,-18.127145204887));
#17173=CARTESIAN_POINT('',(-16.30349934065,-13.494118985907,-18.070988609621));
#17174=CARTESIAN_POINT('',(-16.374509843957,-13.383693455153,-18.04362097787));
#17175=CARTESIAN_POINT('',(-16.524302275521,-13.326870840393,-18.095419067673));
#17176=CARTESIAN_POINT('',(-16.559223775987,-13.320812715403,-18.110680080039));
#17177=CARTESIAN_POINT('',(-16.593413120936,-13.320812715403,-18.127145204887));
#17178=B_SPLINE_CURVE_WITH_KNOTS('',3,(#17172,#17173,#17174,#17175,#17176,#17177),.UNSPECIFIED.,.F.,.U.,(4,2,4),(0.,1.,1.29046257991),.UNSPECIFIED.);
#17179=EDGE_CURVE('',#17163,#17171,#17178,.T.);
#17180=ORIENTED_EDGE('',*,*,#17179,.T.);
#17181=CARTESIAN_POINT('',(-16.593413120936,-13.320812715403,-18.127145204887));
#17182=CARTESIAN_POINT('',(-16.734229280687,-13.320812715403,-18.194960357657));
#17183=CARTESIAN_POINT('',(-16.954533328412,-13.320812715403,-18.307717339619));
#17184=(BOUNDED_CURVE()B_SPLINE_CURVE(2,(#17181,#17182,#17183),.HYPERBOLIC_ARC.,.F.,.U.)B_SPLINE_CURVE_WITH_KNOTS((3,3),(0.20088627717901,1.),.UNSPECIFIED.)CURVE()GEOMETRIC_REPRESENTATION_ITEM()RATIONAL_B_SPLINE_CURVE((1.569951047362,1.3664959573101,1.124247473504))REPRESENTATION_ITEM(''));
#17185=EDGE_CURVE('',#17171,#16291,#17184,.T.);
#17186=ORIENTED_EDGE('',*,*,#17185,.T.);
#17187=ORIENTED_EDGE('',*,*,#16297,.F.);
#17188=ORIENTED_EDGE('',*,*,#17117,.F.);
#17189=ORIENTED_EDGE('',*,*,#17101,.F.);
#17190=ORIENTED_EDGE('',*,*,#17074,.F.);
#17191=ORIENTED_EDGE('',*,*,#16421,.F.);
#17192=CARTESIAN_POINT('',(-15.79349934065,-12.520898935117,-18.127145204887));
#17193=VERTEX_POINT('',#17192);
#17194=CARTESIAN_POINT('',(-15.79349934065,-12.159778728833,-18.307717339009));
#17195=CARTESIAN_POINT('',(-15.79349934065,-12.380082775727,-18.194960357483));
#17196=CARTESIAN_POINT('',(-15.79349934065,-12.520898935117,-18.127145204887));
#17197=(BOUNDED_CURVE()B_SPLINE_CURVE(2,(#17194,#17195,#17196),.HYPERBOLIC_ARC.,.F.,.U.)B_SPLINE_CURVE_WITH_KNOTS((3,3),(0.,0.85687759817199),.UNSPECIFIED.)CURVE()GEOMETRIC_REPRESENTATION_ITEM()RATIONAL_B_SPLINE_CURVE((1.0786831120819,1.3111135632429,1.5063228691822))REPRESENTATION_ITEM(''));
#17198=EDGE_CURVE('',#16408,#17193,#17197,.T.);
#17199=ORIENTED_EDGE('',*,*,#17198,.T.);
#17200=CARTESIAN_POINT('',(-15.503585560364,-12.810812715403,-18.127145204887));
#17201=VERTEX_POINT('',#17200);
#17202=CARTESIAN_POINT('',(-15.79349934065,-12.520898935117,-18.127145204887));
#17203=CARTESIAN_POINT('',(-15.79349934065,-12.635579961776,-18.071916377766));
#17204=CARTESIAN_POINT('',(-15.724633597154,-12.74530860067,-18.043709223635));
#17205=CARTESIAN_POINT('',(-15.575241378804,-12.804302364112,-18.094303639479));
#17206=CARTESIAN_POINT('',(-15.539028447923,-12.810812715403,-18.110076390919));
#17207=CARTESIAN_POINT('',(-15.503585560364,-12.810812715403,-18.127145204887));
#17208=B_SPLINE_CURVE_WITH_KNOTS('',3,(#17202,#17203,#17204,#17205,#17206,#17207),.UNSPECIFIED.,.F.,.U.,(4,2,4),(0.,1.,1.30399247247),.UNSPECIFIED.);
#17209=EDGE_CURVE('',#17193,#17201,#17208,.T.);
#17210=ORIENTED_EDGE('',*,*,#17209,.T.);
#17211=CARTESIAN_POINT('',(-15.503585560364,-12.810812715403,-18.127145204887));
#17212=CARTESIAN_POINT('',(-15.362769400963,-12.810812715403,-18.194960357489));
#17213=CARTESIAN_POINT('',(-15.142465354045,-12.810812715403,-18.307717339027));
#17214=(BOUNDED_CURVE()B_SPLINE_CURVE(2,(#17211,#17212,#17213),.HYPERBOLIC_ARC.,.F.,.U.)B_SPLINE_CURVE_WITH_KNOTS((3,3),(0.14312240177224,1.),.UNSPECIFIED.)CURVE()GEOMETRIC_REPRESENTATION_ITEM()RATIONAL_B_SPLINE_CURVE((1.5063228691822,1.3111135632302,1.0786831120516))REPRESENTATION_ITEM(''));
#17215=EDGE_CURVE('',#17201,#16381,#17214,.T.);
#17216=ORIENTED_EDGE('',*,*,#17215,.T.);
#17217=ORIENTED_EDGE('',*,*,#16387,.F.);
#17218=ORIENTED_EDGE('',*,*,#17133,.F.);
#17219=EDGE_LOOP('',(#17134,#17135,#17143,#17154,#17160,#17161,#17169,#17180,#17186,#17187,#17188,#17189,#17190,#17191,#17199,#17210,#17216,#17217,#17218));
#17220=FACE_OUTER_BOUND('',#17219,.T.);
#17221=ADVANCED_FACE('',(#17220),#17126,.F.);
#17222=CARTESIAN_POINT('',(-16.855973753871,-13.320812715403,-18.107254021229));
#17223=DIRECTION('',(1.,-6.7655109585297E-15,0.));
#17224=DIRECTION('',(6.7655109585297E-15,1.,0.));
#17225=AXIS2_PLACEMENT_3D('',#17222,#17224,#17223);
#17226=PLANE('',#17225);
#17227=CARTESIAN_POINT('',(-16.593413120936,-13.320812715403,-18.127145204887));
#17228=DIRECTION('',(0.,0.,-1.));
#17229=VECTOR('',#17228,0.239710140638);
#17230=LINE('',#17227,#17229);
#17231=EDGE_CURVE('',#17171,#16300,#17230,.T.);
#17232=ORIENTED_EDGE('',*,*,#17231,.T.);
#17233=ORIENTED_EDGE('',*,*,#16306,.F.);
#17234=ORIENTED_EDGE('',*,*,#17185,.F.);
#17235=EDGE_LOOP('',(#17232,#17233,#17234));
#17236=FACE_OUTER_BOUND('',#17235,.T.);
#17237=ADVANCED_FACE('',(#17236),#17226,.T.);
#17238=CARTESIAN_POINT('',(-16.593413120936,-13.61072649569,-18.386806650067));
#17239=DIRECTION('',(-4.4593436123621E-06,0.99999999999006,1.2254380165336E-14));
#17240=DIRECTION('',(-1.0343240403096E-14,-1.5514860604644E-14,1.));
#17241=AXIS2_PLACEMENT_3D('',#17238,#17240,#17239);
#17242=CYLINDRICAL_SURFACE('',#17241,0.28991378028649);
#17243=CARTESIAN_POINT('',(-16.30349934065,-13.610726495689,-18.127145204887));
#17244=DIRECTION('',(0.,0.,-1.));
#17245=VECTOR('',#17244,0.23971014058);
#17246=LINE('',#17243,#17245);
#17247=EDGE_CURVE('',#17163,#16309,#17246,.T.);
#17248=ORIENTED_EDGE('',*,*,#17247,.T.);
#17249=ORIENTED_EDGE('',*,*,#16315,.F.);
#17250=ORIENTED_EDGE('',*,*,#17231,.F.);
#17251=ORIENTED_EDGE('',*,*,#17179,.F.);
#17252=EDGE_LOOP('',(#17248,#17249,#17250,#17251));
#17253=FACE_OUTER_BOUND('',#17252,.T.);
#17254=ADVANCED_FACE('',(#17253),#17242,.T.);
#17255=CARTESIAN_POINT('',(-16.30349934065,-13.873287128624,-18.107254021229));
#17256=DIRECTION('',(0.,-1.,0.));
#17257=DIRECTION('',(1.,0.,0.));
#17258=AXIS2_PLACEMENT_3D('',#17255,#17257,#17256);
#17259=PLANE('',#17258);
#17260=ORIENTED_EDGE('',*,*,#16324,.F.);
#17261=ORIENTED_EDGE('',*,*,#17247,.F.);
#17262=ORIENTED_EDGE('',*,*,#17168,.F.);
#17263=EDGE_LOOP('',(#17260,#17261,#17262));
#17264=FACE_OUTER_BOUND('',#17263,.T.);
#17265=ADVANCED_FACE('',(#17264),#17259,.T.);
#17266=CARTESIAN_POINT('',(-15.79349934065,-13.873287128624,-18.107254021229));
#17267=DIRECTION('',(6.7655109585298E-15,1.,0.));
#17268=DIRECTION('',(-1.,6.7655109585298E-15,0.));
#17269=AXIS2_PLACEMENT_3D('',#17266,#17268,#17267);
#17270=PLANE('',#17269);
#17271=CARTESIAN_POINT('',(-15.79349934065,-13.610726495689,-18.127145204887));
#17272=DIRECTION('',(0.,0.,-1.));
#17273=VECTOR('',#17272,0.239710140638);
#17274=LINE('',#17271,#17273);
#17275=EDGE_CURVE('',#17145,#16336,#17274,.T.);
#17276=ORIENTED_EDGE('',*,*,#17275,.T.);
#17277=ORIENTED_EDGE('',*,*,#16342,.F.);
#17278=ORIENTED_EDGE('',*,*,#17159,.F.);
#17279=EDGE_LOOP('',(#17276,#17277,#17278));
#17280=FACE_OUTER_BOUND('',#17279,.T.);
#17281=ADVANCED_FACE('',(#17280),#17270,.T.);
#17282=CARTESIAN_POINT('',(-15.503585560364,-13.610726495689,-18.386806650067));
#17283=DIRECTION('',(-0.99999999999006,-4.4593436062341E-06,2.4508760330668E-14));
#17284=DIRECTION('',(1.5514860604637E-14,-1.0343240403091E-14,1.));
#17285=AXIS2_PLACEMENT_3D('',#17282,#17284,#17283);
#17286=CYLINDRICAL_SURFACE('',#17285,0.28991378028655);
#17287=CARTESIAN_POINT('',(-15.503585560364,-13.320812715403,-18.127145204887));
#17288=DIRECTION('',(0.,0.,-1.));
#17289=VECTOR('',#17288,0.23971014058);
#17290=LINE('',#17287,#17289);
#17291=EDGE_CURVE('',#17137,#16345,#17290,.T.);
#17292=ORIENTED_EDGE('',*,*,#17291,.T.);
#17293=ORIENTED_EDGE('',*,*,#16351,.F.);
#17294=ORIENTED_EDGE('',*,*,#17275,.F.);
#17295=ORIENTED_EDGE('',*,*,#17153,.F.);
#17296=EDGE_LOOP('',(#17292,#17293,#17294,#17295));
#17297=FACE_OUTER_BOUND('',#17296,.T.);
#17298=ADVANCED_FACE('',(#17297),#17286,.T.);
#17299=CARTESIAN_POINT('',(-15.241024927429,-13.320812715403,-18.107254021229));
#17300=DIRECTION('',(1.,0.,0.));
#17301=DIRECTION('',(-0.,1.,0.));
#17302=AXIS2_PLACEMENT_3D('',#17299,#17301,#17300);
#17303=PLANE('',#17302);
#17304=ORIENTED_EDGE('',*,*,#16360,.F.);
#17305=ORIENTED_EDGE('',*,*,#17291,.F.);
#17306=ORIENTED_EDGE('',*,*,#17142,.F.);
#17307=EDGE_LOOP('',(#17304,#17305,#17306));
#17308=FACE_OUTER_BOUND('',#17307,.T.);
#17309=ADVANCED_FACE('',(#17308),#17303,.T.);
#17310=CARTESIAN_POINT('',(-15.241024927429,-12.810812715403,-18.107254021229));
#17311=DIRECTION('',(-1.,0.,0.));
#17312=DIRECTION('',(-0.,-1.,-0.));
#17313=AXIS2_PLACEMENT_3D('',#17310,#17312,#17311);
#17314=PLANE('',#17313);
#17315=CARTESIAN_POINT('',(-15.503585560364,-12.810812715403,-18.127145204887));
#17316=DIRECTION('',(0.,0.,-1.));
#17317=VECTOR('',#17316,0.239710140638);
#17318=LINE('',#17315,#17317);
#17319=EDGE_CURVE('',#17201,#16390,#17318,.T.);
#17320=ORIENTED_EDGE('',*,*,#17319,.T.);
#17321=ORIENTED_EDGE('',*,*,#16396,.F.);
#17322=ORIENTED_EDGE('',*,*,#17215,.F.);
#17323=EDGE_LOOP('',(#17320,#17321,#17322));
#17324=FACE_OUTER_BOUND('',#17323,.T.);
#17325=ADVANCED_FACE('',(#17324),#17314,.T.);
#17326=CARTESIAN_POINT('',(-15.503585560364,-12.520898935117,-18.38680392781));
#17327=DIRECTION('',(4.36327364668E-06,-0.99999999999048,3.6763140496012E-14));
#17328=DIRECTION('',(0.,1.0337386020346E-14,1.));
#17329=AXIS2_PLACEMENT_3D('',#17326,#17328,#17327);
#17330=CYLINDRICAL_SURFACE('',#17329,0.28991378028647);
#17331=CARTESIAN_POINT('',(-15.79349934065,-12.520898935117,-18.127145204887));
#17332=DIRECTION('',(0.,0.,-1.));
#17333=VECTOR('',#17332,0.23971014058);
#17334=LINE('',#17331,#17333);
#17335=EDGE_CURVE('',#17193,#16399,#17334,.T.);
#17336=ORIENTED_EDGE('',*,*,#17335,.T.);
#17337=ORIENTED_EDGE('',*,*,#16405,.F.);
#17338=ORIENTED_EDGE('',*,*,#17319,.F.);
#17339=ORIENTED_EDGE('',*,*,#17209,.F.);
#17340=EDGE_LOOP('',(#17336,#17337,#17338,#17339));
#17341=FACE_OUTER_BOUND('',#17340,.T.);
#17342=ADVANCED_FACE('',(#17341),#17330,.T.);
#17343=CARTESIAN_POINT('',(-15.79349934065,-12.258338302182,-18.107254021229));
#17344=DIRECTION('',(0.,1.,0.));
#17345=DIRECTION('',(-1.,0.,0.));
#17346=AXIS2_PLACEMENT_3D('',#17343,#17345,#17344);
#17347=PLANE('',#17346);
#17348=ORIENTED_EDGE('',*,*,#16414,.F.);
#17349=ORIENTED_EDGE('',*,*,#17335,.F.);
#17350=ORIENTED_EDGE('',*,*,#17198,.F.);
#17351=EDGE_LOOP('',(#17348,#17349,#17350));
#17352=FACE_OUTER_BOUND('',#17351,.T.);
#17353=ADVANCED_FACE('',(#17352),#17347,.T.);
#17354=CLOSED_SHELL('',(#10904,#10935,#11005,#11038,#11070,#11094,#11127,#11151,#11175,#11199,#11217,#11242,#11309,#11349,#11733,#11750,#11813,#11838,#11855,#11880,#11897,#11959,#11983,#12026,#12043,#12083,#12108,#12139,#12164,#12188,#12213,#12253,#12278,#12302,#12326,#12350,#12375,#12399,#12422,#12434,#12458,#12482,#12506,#12531,#12555,#12573,#12605,#12668,#12685,#12702,#12719,#12784,#12809,#12833,#12886,#12898,#12915,#12932,#12949,#13014,#13039,#13063,#13128,#13145,#13212,#13229,#13241,#13303,#13341,#13366,#13397,#13415,#13440,#13465,#13535,#13552,#13586,#13610,#13635,#13661,#13694,#13719,#13743,#13770,#13787,#13806,#13843,#13867,#13935,#13959,#13983,#14000,#14032,#14099,#14123,#14153,#14165,#14182,#14206,#14238,#14305,#14329,#14359,#14371,#14388,#14413,#14438,#14455,#14467,#14480,#14492,#14662,#14679,#14691,#14716,#14756,#14796,#14821,#14869,#14894,#14935,#14953,#14970,#15018,#15043,#15084,#15102,#15127,#15144,#15176,#15217,#15242,#15276,#15301,#15313,#15325,#15348,#15375,#15391,#15491,#15507,#15524,#15535,#15551,#15568,#15579,#15595,#15612,#15623,#15648,#15673,#15698,#15868,#15886,#15930,#15943,#15970,#15998,#16010,#16180,#16198,#16242,#16255,#16425,#16442,#16459,#16482,#16509,#16525,#16625,#16641,#16658,#16669,#16685,#16702,#16713,#16729,#16746,#16757,#16780,#16807,#16823,#16923,#16939,#16956,#16967,#16983,#17000,#17011,#17027,#17044,#17055,#17078,#17105,#17121,#17221,#17237,#17254,#17265,#17281,#17298,#17309,#17325,#17342,#17353));
#17355=OVER_RIDING_STYLED_ITEM('',(#10019),#10904,#17354);
#17356=OVER_RIDING_STYLED_ITEM('',(#10019),#10935,#17354);
#17357=OVER_RIDING_STYLED_ITEM('',(#10019),#11005,#17354);
#17358=OVER_RIDING_STYLED_ITEM('',(#10019),#11038,#17354);
#17359=OVER_RIDING_STYLED_ITEM('',(#10019),#11070,#17354);
#17360=OVER_RIDING_STYLED_ITEM('',(#10019),#11094,#17354);
#17361=OVER_RIDING_STYLED_ITEM('',(#10019),#11127,#17354);
#17362=OVER_RIDING_STYLED_ITEM('',(#10019),#11151,#17354);
#17363=OVER_RIDING_STYLED_ITEM('',(#10019),#11175,#17354);
#17364=OVER_RIDING_STYLED_ITEM('',(#10019),#11199,#17354);
#17365=OVER_RIDING_STYLED_ITEM('',(#10019),#11217,#17354);
#17366=COLOUR_RGB('',0.54902,0.54902,0.921569);
#17367=FILL_AREA_STYLE_COLOUR('',#17366);
#17368=FILL_AREA_STYLE('',(#17367));
#17369=SURFACE_STYLE_FILL_AREA(#17368);
#17370=SURFACE_SIDE_STYLE('',(#17369));
#17371=SURFACE_STYLE_USAGE(.BOTH.,#17370);
#17372=PRESENTATION_STYLE_ASSIGNMENT((#17371));
#17373=OVER_RIDING_STYLED_ITEM('',(#17372),#11242,#17354);
#17374=OVER_RIDING_STYLED_ITEM('',(#10019),#11309,#17354);
#17375=OVER_RIDING_STYLED_ITEM('',(#10019),#11349,#17354);
#17376=OVER_RIDING_STYLED_ITEM('',(#10019),#11733,#17354);
#17377=OVER_RIDING_STYLED_ITEM('',(#10019),#11750,#17354);
#17378=OVER_RIDING_STYLED_ITEM('',(#10019),#11813,#17354);
#17379=OVER_RIDING_STYLED_ITEM('',(#10019),#11838,#17354);
#17380=OVER_RIDING_STYLED_ITEM('',(#10019),#11855,#17354);
#17381=OVER_RIDING_STYLED_ITEM('',(#10298),#11880,#17354);
#17382=OVER_RIDING_STYLED_ITEM('',(#10019),#11897,#17354);
#17383=OVER_RIDING_STYLED_ITEM('',(#10213),#11959,#17354);
#17384=OVER_RIDING_STYLED_ITEM('',(#10213),#11983,#17354);
#17385=OVER_RIDING_STYLED_ITEM('',(#10213),#12026,#17354);
#17386=OVER_RIDING_STYLED_ITEM('',(#10019),#12043,#17354);
#17387=OVER_RIDING_STYLED_ITEM('',(#10019),#12083,#17354);
#17388=OVER_RIDING_STYLED_ITEM('',(#10019),#12108,#17354);
#17389=OVER_RIDING_STYLED_ITEM('',(#10019),#12139,#17354);
#17390=OVER_RIDING_STYLED_ITEM('',(#10019),#12164,#17354);
#17391=OVER_RIDING_STYLED_ITEM('',(#10019),#12188,#17354);
#17392=OVER_RIDING_STYLED_ITEM('',(#10019),#12213,#17354);
#17393=OVER_RIDING_STYLED_ITEM('',(#10019),#12253,#17354);
#17394=OVER_RIDING_STYLED_ITEM('',(#10019),#12278,#17354);
#17395=OVER_RIDING_STYLED_ITEM('',(#10019),#12302,#17354);
#17396=OVER_RIDING_STYLED_ITEM('',(#10019),#12326,#17354);
#17397=OVER_RIDING_STYLED_ITEM('',(#10019),#12350,#17354);
#17398=OVER_RIDING_STYLED_ITEM('',(#10019),#12375,#17354);
#17399=OVER_RIDING_STYLED_ITEM('',(#10019),#12399,#17354);
#17400=OVER_RIDING_STYLED_ITEM('',(#10019),#12422,#17354);
#17401=OVER_RIDING_STYLED_ITEM('',(#10019),#12434,#17354);
#17402=OVER_RIDING_STYLED_ITEM('',(#10019),#12458,#17354);
#17403=OVER_RIDING_STYLED_ITEM('',(#10019),#12482,#17354);
#17404=OVER_RIDING_STYLED_ITEM('',(#10019),#12506,#17354);
#17405=OVER_RIDING_STYLED_ITEM('',(#10019),#12531,#17354);
#17406=OVER_RIDING_STYLED_ITEM('',(#10019),#12555,#17354);
#17407=OVER_RIDING_STYLED_ITEM('',(#10019),#12573,#17354);
#17408=OVER_RIDING_STYLED_ITEM('',(#10019),#12605,#17354);
#17409=OVER_RIDING_STYLED_ITEM('',(#10019),#12668,#17354);
#17410=OVER_RIDING_STYLED_ITEM('',(#10019),#12685,#17354);
#17411=OVER_RIDING_STYLED_ITEM('',(#10019),#12702,#17354);
#17412=OVER_RIDING_STYLED_ITEM('',(#10019),#12719,#17354);
#17413=OVER_RIDING_STYLED_ITEM('',(#10019),#12784,#17354);
#17414=OVER_RIDING_STYLED_ITEM('',(#10019),#12809,#17354);
#17415=OVER_RIDING_STYLED_ITEM('',(#10019),#12833,#17354);
#17416=OVER_RIDING_STYLED_ITEM('',(#10019),#12886,#17354);
#17417=OVER_RIDING_STYLED_ITEM('',(#10019),#12898,#17354);
#17418=OVER_RIDING_STYLED_ITEM('',(#10019),#12915,#17354);
#17419=OVER_RIDING_STYLED_ITEM('',(#10019),#12932,#17354);
#17420=OVER_RIDING_STYLED_ITEM('',(#10019),#12949,#17354);
#17421=OVER_RIDING_STYLED_ITEM('',(#10019),#13014,#17354);
#17422=OVER_RIDING_STYLED_ITEM('',(#10019),#13039,#17354);
#17423=OVER_RIDING_STYLED_ITEM('',(#10019),#13063,#17354);
#17424=OVER_RIDING_STYLED_ITEM('',(#10019),#13128,#17354);
#17425=OVER_RIDING_STYLED_ITEM('',(#10019),#13145,#17354);
#17426=OVER_RIDING_STYLED_ITEM('',(#10019),#13212,#17354);
#17427=OVER_RIDING_STYLED_ITEM('',(#10019),#13229,#17354);
#17428=OVER_RIDING_STYLED_ITEM('',(#10213),#13241,#17354);
#17429=OVER_RIDING_STYLED_ITEM('',(#10298),#13303,#17354);
#17430=COLOUR_RGB('',1.,1.,1.000000);
#17431=FILL_AREA_STYLE_COLOUR('',#17430);
#17432=FILL_AREA_STYLE('',(#17431));
#17433=SURFACE_STYLE_FILL_AREA(#17432);
#17434=SURFACE_SIDE_STYLE('',(#17433));
#17435=SURFACE_STYLE_USAGE(.BOTH.,#17434);
#17436=PRESENTATION_STYLE_ASSIGNMENT((#17435));
#17437=OVER_RIDING_STYLED_ITEM('',(#17436),#13341,#17354);
#17438=OVER_RIDING_STYLED_ITEM('',(#17436),#13366,#17354);
#17439=OVER_RIDING_STYLED_ITEM('',(#17436),#13397,#17354);
#17440=OVER_RIDING_STYLED_ITEM('',(#17436),#13415,#17354);
#17441=OVER_RIDING_STYLED_ITEM('',(#10298),#13440,#17354);
#17442=OVER_RIDING_STYLED_ITEM('',(#10019),#13465,#17354);
#17443=OVER_RIDING_STYLED_ITEM('',(#10019),#13535,#17354);
#17444=OVER_RIDING_STYLED_ITEM('',(#10019),#13552,#17354);
#17445=OVER_RIDING_STYLED_ITEM('',(#10019),#13586,#17354);
#17446=OVER_RIDING_STYLED_ITEM('',(#10019),#13610,#17354);
#17447=OVER_RIDING_STYLED_ITEM('',(#10019),#13635,#17354);
#17448=OVER_RIDING_STYLED_ITEM('',(#10019),#13661,#17354);
#17449=OVER_RIDING_STYLED_ITEM('',(#10019),#13694,#17354);
#17450=OVER_RIDING_STYLED_ITEM('',(#10019),#13719,#17354);
#17451=OVER_RIDING_STYLED_ITEM('',(#10019),#13743,#17354);
#17452=OVER_RIDING_STYLED_ITEM('',(#10019),#13770,#17354);
#17453=OVER_RIDING_STYLED_ITEM('',(#10019),#13787,#17354);
#17454=OVER_RIDING_STYLED_ITEM('',(#10019),#13806,#17354);
#17455=OVER_RIDING_STYLED_ITEM('',(#10213),#13843,#17354);
#17456=OVER_RIDING_STYLED_ITEM('',(#10213),#13867,#17354);
#17457=OVER_RIDING_STYLED_ITEM('',(#10213),#13935,#17354);
#17458=OVER_RIDING_STYLED_ITEM('',(#10019),#13959,#17354);
#17459=OVER_RIDING_STYLED_ITEM('',(#10019),#13983,#17354);
#17460=OVER_RIDING_STYLED_ITEM('',(#10019),#14000,#17354);
#17461=OVER_RIDING_STYLED_ITEM('',(#10019),#14032,#17354);
#17462=OVER_RIDING_STYLED_ITEM('',(#10213),#14099,#17354);
#17463=OVER_RIDING_STYLED_ITEM('',(#10213),#14123,#17354);
#17464=OVER_RIDING_STYLED_ITEM('',(#10213),#14153,#17354);
#17465=OVER_RIDING_STYLED_ITEM('',(#10213),#14165,#17354);
#17466=OVER_RIDING_STYLED_ITEM('',(#10019),#14182,#17354);
#17467=OVER_RIDING_STYLED_ITEM('',(#10019),#14206,#17354);
#17468=OVER_RIDING_STYLED_ITEM('',(#10019),#14238,#17354);
#17469=OVER_RIDING_STYLED_ITEM('',(#10213),#14305,#17354);
#17470=OVER_RIDING_STYLED_ITEM('',(#10213),#14329,#17354);
#17471=OVER_RIDING_STYLED_ITEM('',(#10213),#14359,#17354);
#17472=OVER_RIDING_STYLED_ITEM('',(#10213),#14371,#17354);
#17473=OVER_RIDING_STYLED_ITEM('',(#10019),#14388,#17354);
#17474=OVER_RIDING_STYLED_ITEM('',(#10019),#14413,#17354);
#17475=OVER_RIDING_STYLED_ITEM('',(#10019),#14438,#17354);
#17476=OVER_RIDING_STYLED_ITEM('',(#10019),#14455,#17354);
#17477=OVER_RIDING_STYLED_ITEM('',(#10213),#14467,#17354);
#17478=OVER_RIDING_STYLED_ITEM('',(#10298),#14480,#17354);
#17479=OVER_RIDING_STYLED_ITEM('',(#10298),#14492,#17354);
#17480=OVER_RIDING_STYLED_ITEM('',(#10298),#14662,#17354);
#17481=OVER_RIDING_STYLED_ITEM('',(#10019),#14679,#17354);
#17482=OVER_RIDING_STYLED_ITEM('',(#10019),#14691,#17354);
#17483=OVER_RIDING_STYLED_ITEM('',(#17372),#14716,#17354);
#17484=OVER_RIDING_STYLED_ITEM('',(#10019),#14756,#17354);
#17485=OVER_RIDING_STYLED_ITEM('',(#10019),#14796,#17354);
#17486=OVER_RIDING_STYLED_ITEM('',(#10298),#14821,#17354);
#17487=OVER_RIDING_STYLED_ITEM('',(#17436),#14869,#17354);
#17488=OVER_RIDING_STYLED_ITEM('',(#17436),#14894,#17354);
#17489=OVER_RIDING_STYLED_ITEM('',(#17436),#14935,#17354);
#17490=OVER_RIDING_STYLED_ITEM('',(#17436),#14953,#17354);
#17491=OVER_RIDING_STYLED_ITEM('',(#10019),#14970,#17354);
#17492=OVER_RIDING_STYLED_ITEM('',(#17436),#15018,#17354);
#17493=OVER_RIDING_STYLED_ITEM('',(#17436),#15043,#17354);
#17494=OVER_RIDING_STYLED_ITEM('',(#17436),#15084,#17354);
#17495=OVER_RIDING_STYLED_ITEM('',(#17436),#15102,#17354);
#17496=OVER_RIDING_STYLED_ITEM('',(#10298),#15127,#17354);
#17497=OVER_RIDING_STYLED_ITEM('',(#10019),#15144,#17354);
#17498=OVER_RIDING_STYLED_ITEM('',(#17436),#15176,#17354);
#17499=OVER_RIDING_STYLED_ITEM('',(#17436),#15217,#17354);
#17500=OVER_RIDING_STYLED_ITEM('',(#17436),#15242,#17354);
#17501=OVER_RIDING_STYLED_ITEM('',(#17436),#15276,#17354);
#17502=OVER_RIDING_STYLED_ITEM('',(#10298),#15301,#17354);
#17503=OVER_RIDING_STYLED_ITEM('',(#10019),#15313,#17354);
#17504=OVER_RIDING_STYLED_ITEM('',(#10019),#15325,#17354);
#17505=OVER_RIDING_STYLED_ITEM('',(#10298),#15348,#17354);
#17506=OVER_RIDING_STYLED_ITEM('',(#10298),#15375,#17354);
#17507=OVER_RIDING_STYLED_ITEM('',(#10298),#15391,#17354);
#17508=OVER_RIDING_STYLED_ITEM('',(#10298),#15491,#17354);
#17509=OVER_RIDING_STYLED_ITEM('',(#10298),#15507,#17354);
#17510=OVER_RIDING_STYLED_ITEM('',(#10298),#15524,#17354);
#17511=OVER_RIDING_STYLED_ITEM('',(#10298),#15535,#17354);
#17512=OVER_RIDING_STYLED_ITEM('',(#10298),#15551,#17354);
#17513=OVER_RIDING_STYLED_ITEM('',(#10298),#15568,#17354);
#17514=OVER_RIDING_STYLED_ITEM('',(#10298),#15579,#17354);
#17515=OVER_RIDING_STYLED_ITEM('',(#10298),#15595,#17354);
#17516=OVER_RIDING_STYLED_ITEM('',(#10298),#15612,#17354);
#17517=OVER_RIDING_STYLED_ITEM('',(#10298),#15623,#17354);
#17518=OVER_RIDING_STYLED_ITEM('',(#10298),#15648,#17354);
#17519=OVER_RIDING_STYLED_ITEM('',(#17372),#15673,#17354);
#17520=OVER_RIDING_STYLED_ITEM('',(#17372),#15698,#17354);
#17521=OVER_RIDING_STYLED_ITEM('',(#10298),#15868,#17354);
#17522=OVER_RIDING_STYLED_ITEM('',(#10298),#15886,#17354);
#17523=OVER_RIDING_STYLED_ITEM('',(#10298),#15930,#17354);
#17524=OVER_RIDING_STYLED_ITEM('',(#10298),#15943,#17354);
#17525=OVER_RIDING_STYLED_ITEM('',(#10298),#15970,#17354);
#17526=OVER_RIDING_STYLED_ITEM('',(#10298),#15998,#17354);
#17527=OVER_RIDING_STYLED_ITEM('',(#10298),#16010,#17354);
#17528=OVER_RIDING_STYLED_ITEM('',(#10298),#16180,#17354);
#17529=OVER_RIDING_STYLED_ITEM('',(#10298),#16198,#17354);
#17530=OVER_RIDING_STYLED_ITEM('',(#10298),#16242,#17354);
#17531=OVER_RIDING_STYLED_ITEM('',(#10298),#16255,#17354);
#17532=OVER_RIDING_STYLED_ITEM('',(#10298),#16425,#17354);
#17533=OVER_RIDING_STYLED_ITEM('',(#10298),#16442,#17354);
#17534=OVER_RIDING_STYLED_ITEM('',(#10298),#16459,#17354);
#17535=OVER_RIDING_STYLED_ITEM('',(#10298),#16482,#17354);
#17536=OVER_RIDING_STYLED_ITEM('',(#10298),#16509,#17354);
#17537=OVER_RIDING_STYLED_ITEM('',(#10298),#16525,#17354);
#17538=OVER_RIDING_STYLED_ITEM('',(#10298),#16625,#17354);
#17539=OVER_RIDING_STYLED_ITEM('',(#10298),#16641,#17354);
#17540=OVER_RIDING_STYLED_ITEM('',(#10298),#16658,#17354);
#17541=OVER_RIDING_STYLED_ITEM('',(#10298),#16669,#17354);
#17542=OVER_RIDING_STYLED_ITEM('',(#10298),#16685,#17354);
#17543=OVER_RIDING_STYLED_ITEM('',(#10298),#16702,#17354);
#17544=OVER_RIDING_STYLED_ITEM('',(#10298),#16713,#17354);
#17545=OVER_RIDING_STYLED_ITEM('',(#10298),#16729,#17354);
#17546=OVER_RIDING_STYLED_ITEM('',(#10298),#16746,#17354);
#17547=OVER_RIDING_STYLED_ITEM('',(#10298),#16757,#17354);
#17548=OVER_RIDING_STYLED_ITEM('',(#10298),#16780,#17354);
#17549=OVER_RIDING_STYLED_ITEM('',(#10298),#16807,#17354);
#17550=OVER_RIDING_STYLED_ITEM('',(#10298),#16823,#17354);
#17551=OVER_RIDING_STYLED_ITEM('',(#10298),#16923,#17354);
#17552=OVER_RIDING_STYLED_ITEM('',(#10298),#16939,#17354);
#17553=OVER_RIDING_STYLED_ITEM('',(#10298),#16956,#17354);
#17554=OVER_RIDING_STYLED_ITEM('',(#10298),#16967,#17354);
#17555=OVER_RIDING_STYLED_ITEM('',(#10298),#16983,#17354);
#17556=OVER_RIDING_STYLED_ITEM('',(#10298),#17000,#17354);
#17557=OVER_RIDING_STYLED_ITEM('',(#10298),#17011,#17354);
#17558=OVER_RIDING_STYLED_ITEM('',(#10298),#17027,#17354);
#17559=OVER_RIDING_STYLED_ITEM('',(#10298),#17044,#17354);
#17560=OVER_RIDING_STYLED_ITEM('',(#10298),#17055,#17354);
#17561=OVER_RIDING_STYLED_ITEM('',(#10298),#17078,#17354);
#17562=OVER_RIDING_STYLED_ITEM('',(#10298),#17105,#17354);
#17563=OVER_RIDING_STYLED_ITEM('',(#10298),#17121,#17354);
#17564=OVER_RIDING_STYLED_ITEM('',(#10298),#17221,#17354);
#17565=OVER_RIDING_STYLED_ITEM('',(#10298),#17237,#17354);
#17566=OVER_RIDING_STYLED_ITEM('',(#10298),#17254,#17354);
#17567=OVER_RIDING_STYLED_ITEM('',(#10298),#17265,#17354);
#17568=OVER_RIDING_STYLED_ITEM('',(#10298),#17281,#17354);
#17569=OVER_RIDING_STYLED_ITEM('',(#10298),#17298,#17354);
#17570=OVER_RIDING_STYLED_ITEM('',(#10298),#17309,#17354);
#17571=OVER_RIDING_STYLED_ITEM('',(#10298),#17325,#17354);
#17572=OVER_RIDING_STYLED_ITEM('',(#10298),#17342,#17354);
#17573=OVER_RIDING_STYLED_ITEM('',(#10298),#17353,#17354);
#17574 = ORIENTED_CLOSED_SHELL('', * , #17354, .T.);#17575=CARTESIAN_POINT('',(-16.04849934065,-13.065812715404,-9.7665655260068));
#17576=DIRECTION('',(1.,4.0577481445621E-16,-2.7030032509337E-31));
#17577=DIRECTION('',(-0.,-6.7532269815413E-16,-1.));
#17578=AXIS2_PLACEMENT_3D('',#17575,#17577,#17576);
#17579=CONICAL_SURFACE('',#17578,0.,1.0297442586767);
#17580=CARTESIAN_POINT('',(-15.24849934065,-13.065812715404,-10.247254021229));
#17581=VERTEX_POINT('',#17580);
#17582=CARTESIAN_POINT('',(-16.04849934065,-13.065812715404,-9.7665655260068));
#17583=VERTEX_POINT('',#17582);
#17584=CARTESIAN_POINT('',(-15.24849934065,-13.065812715404,-10.247254021229));
#17585=DIRECTION('',(-0.85716730070204,0.,0.51503807491017));
#17586=VECTOR('',#17585,0.93330671777234);
#17587=LINE('',#17584,#17586);
#17588=EDGE_CURVE('',#17581,#17583,#17587,.T.);
#17589=ORIENTED_EDGE('',*,*,#17588,.T.);
#17590=ORIENTED_EDGE('',*,*,#17588,.F.);
#17591=CARTESIAN_POINT('',(-16.04849934065,-13.065812715404,-10.247254021229));
#17592=DIRECTION('',(1.,9.8607613152627E-30,3.1401849173676E-15));
#17593=DIRECTION('',(3.1401849173676E-15,-3.1401849173676E-15,-1.));
#17594=AXIS2_PLACEMENT_3D('',#17591,#17593,#17592);
#17595=CIRCLE('',#17594,0.8);
#17596=EDGE_CURVE('',#17581,#17581,#17595,.T.);
#17597=ORIENTED_EDGE('',*,*,#17596,.T.);
#17598=EDGE_LOOP('',(#17589,#17590,#17597));
#17599=FACE_OUTER_BOUND('',#17598,.T.);
#17600=ADVANCED_FACE('',(#17599),#17579,.F.);
#17601=CARTESIAN_POINT('',(-16.04849934065,-13.065812715404,-12.007254021229));
#17602=DIRECTION('',(1.,0.,0.));
#17603=DIRECTION('',(0.,0.,1.));
#17604=AXIS2_PLACEMENT_3D('',#17601,#17603,#17602);
#17605=CYLINDRICAL_SURFACE('',#17604,0.8);
#17606=CARTESIAN_POINT('',(-15.24849934065,-13.065812715404,-12.007254021229));
#17607=VERTEX_POINT('',#17606);
#17608=CARTESIAN_POINT('',(-15.24849934065,-13.065812715404,-10.247254021229));
#17609=DIRECTION('',(0.,0.,-1.));
#17610=VECTOR('',#17609,1.76);
#17611=LINE('',#17608,#17610);
#17612=EDGE_CURVE('',#17581,#17607,#17611,.T.);
#17613=ORIENTED_EDGE('',*,*,#17612,.T.);
#17614=CARTESIAN_POINT('',(-16.04849934065,-13.065812715404,-12.007254021229));
#17615=DIRECTION('',(1.,-4.3013836005692E-29,-7.8273526901086E-15));
#17616=DIRECTION('',(-7.8273526901086E-15,-5.4953236053932E-15,-1.));
#17617=AXIS2_PLACEMENT_3D('',#17614,#17616,#17615);
#17618=CIRCLE('',#17617,0.8);
#17619=EDGE_CURVE('',#17607,#17607,#17618,.T.);
#17620=ORIENTED_EDGE('',*,*,#17619,.T.);
#17621=ORIENTED_EDGE('',*,*,#17612,.F.);
#17622=ORIENTED_EDGE('',*,*,#17596,.F.);
#17623=EDGE_LOOP('',(#17613,#17620,#17621,#17622));
#17624=FACE_OUTER_BOUND('',#17623,.T.);
#17625=ADVANCED_FACE('',(#17624),#17605,.F.);
#17626=CARTESIAN_POINT('',(-16.04849934065,-13.065812715403,-12.007254021229));
#17627=DIRECTION('',(1.,0.,0.));
#17628=DIRECTION('',(0.,0.,1.));
#17629=AXIS2_PLACEMENT_3D('',#17626,#17628,#17627);
#17630=PLANE('',#17629);
#17631=ORIENTED_EDGE('',*,*,#17619,.F.);
#17632=EDGE_LOOP('',(#17631));
#17633=FACE_OUTER_BOUND('',#17632,.T.);
#17634=ADVANCED_FACE('',(#17633),#17630,.T.);
#17635=CLOSED_SHELL('',(#17600,#17625,#17634));
#17636=OVER_RIDING_STYLED_ITEM('',(#10019),#17600,#17635);
#17637=OVER_RIDING_STYLED_ITEM('',(#10019),#17625,#17635);
#17638=OVER_RIDING_STYLED_ITEM('',(#10298),#17634,#17635);
#17639 = ORIENTED_CLOSED_SHELL('', * , #17635, .T.);#17640=BREP_WITH_VOIDS('S1',#10012,(#10472,#10537,#10602,#10667,#10732,#10797,#10862,#17574,#17639));
#17641=ADVANCED_BREP_SHAPE_REPRESENTATION('',(#17640),#5);
#17642=SHAPE_REPRESENTATION_RELATIONSHIP('NONE', 'NONE', #28, #17641);
#17643=PRESENTATION_LAYER_ASSIGNMENT('图层000','',(#17640));
#17644=MECHANICAL_DESIGN_GEOMETRIC_PRESENTATION_REPRESENTATION('',(#10020,#10021,#10022,#10023,#10024,#10025,#10026,#10027,#10028,#10029,#10030,#10031,#10032,#10033,#10034,#10035,#10036,#10037,#10038,#10039,#10040,#10041,#10042,#10043,#10044,#10045,#10046,#10047,#10048,#10049,#10050,#10051,#10052,#10053,#10054,#10055,#10056,#10057,#10058,#10059,#10060,#10061,#10062,#10063,#10064,#10065,#10066,#10067,#10068,#10069,#10070,#10071,#10072,#10073,#10074,#10075,#10076,#10077,#10078,#10079,#10080,#10081,#10082,#10083,#10084,#10085,#10086,#10087,#10088,#10089,#10090,#10091,#10092,#10093,#10094,#10095,#10096,#10097,#10098,#10099,#10100,#10101,#10102,#10103,#10104,#10105,#10106,#10107,#10108,#10109,#10110,#10111,#10112,#10113,#10114,#10115,#10116,#10117,#10118,#10119,#10120,#10121,#10122,#10123,#10124,#10125,#10126,#10127,#10128,#10129,#10130,#10131,#10132,#10133,#10134,#10135,#10136,#10137,#10138,#10139,#10140,#10141,#10142,#10143,#10144,#10145,#10146,#10147,#10148,#10149,#10150,#10151,#10152,#10153,#10154,#10155,#10156,#10157,#10158,#10159,#10160,#10161,#10162,#10163,#10164,#10165,#10166,#10167,#10168,#10169,#10170,#10171,#10172,#10173,#10174,#10175,#10176,#10177,#10178,#10179,#10180,#10181,#10182,#10183,#10184,#10185,#10186,#10187,#10188,#10189,#10190,#10191,#10192,#10193,#10194,#10195,#10196,#10197,#10198,#10199,#10200,#10201,#10202,#10203,#10204,#10205,#10206,#10214,#10215,#10216,#10217,#10218,#10219,#10220,#10221,#10222,#10230,#10238,#10239,#10240,#10241,#10242,#10243,#10244,#10245,#10246,#10247,#10248,#10249,#10250,#10251,#10252,#10253,#10254,#10255,#10256,#10257,#10258,#10259,#10260,#10261,#10262,#10263,#10264,#10265,#10266,#10267,#10268,#10269,#10270,#10271,#10272,#10273,#10274,#10275,#10276,#10277,#10278,#10279,#10280,#10281,#10282,#10283,#10284,#10285,#10286,#10287,#10288,#10289,#10290,#10291,#10299,#10300,#10301,#10302,#10303,#10304,#10305,#10306,#10307,#10308,#10309,#10310,#10311,#10312,#10313,#10314,#10315,#10316,#10317,#10318,#10319,#10320,#10321,#10322,#10323,#10324,#10325,#10326,#10327,#10328,#10329,#10330,#10331,#10332,#10333,#10334,#10335,#10336,#10337,#10338,#10339,#10340,#10341,#10342,#10343,#10344,#10345,#10346,#10347,#10348,#10349,#10350,#10351,#10352,#10353,#10354,#10355,#10356,#10357,#10358,#10359,#10360,#10361,#10362,#10363,#10364,#10365,#10366,#10367,#10368,#10369,#10370,#10371,#10372,#10373,#10374,#10375,#10376,#10377,#10378,#10379,#10380,#10381,#10382,#10383,#10384,#10385,#10386,#10387,#10388,#10389,#10390,#10391,#10392,#10393,#10394,#10395,#10396,#10397,#10398,#10399,#10400,#10401,#10402,#10403,#10404,#10405,#10406,#10407,#10469,#10470,#10471,#10534,#10535,#10536,#10599,#10600,#10601,#10664,#10665,#10666,#10729,#10730,#10731,#10794,#10795,#10796,#10859,#10860,#10861,#17355,#17356,#17357,#17358,#17359,#17360,#17361,#17362,#17363,#17364,#17365,#17373,#17374,#17375,#17376,#17377,#17378,#17379,#17380,#17381,#17382,#17383,#17384,#17385,#17386,#17387,#17388,#17389,#17390,#17391,#17392,#17393,#17394,#17395,#17396,#17397,#17398,#17399,#17400,#17401,#17402,#17403,#17404,#17405,#17406,#17407,#17408,#17409,#17410,#17411,#17412,#17413,#17414,#17415,#17416,#17417,#17418,#17419,#17420,#17421,#17422,#17423,#17424,#17425,#17426,#17427,#17428,#17429,#17437,#17438,#17439,#17440,#17441,#17442,#17443,#17444,#17445,#17446,#17447,#17448,#17449,#17450,#17451,#17452,#17453,#17454,#17455,#17456,#17457,#17458,#17459,#17460,#17461,#17462,#17463,#17464,#17465,#17466,#17467,#17468,#17469,#17470,#17471,#17472,#17473,#17474,#17475,#17476,#17477,#17478,#17479,#17480,#17481,#17482,#17483,#17484,#17485,#17486,#17487,#17488,#17489,#17490,#17491,#17492,#17493,#17494,#17495,#17496,#17497,#17498,#17499,#17500,#17501,#17502,#17503,#17504,#17505,#17506,#17507,#17508,#17509,#17510,#17511,#17512,#17513,#17514,#17515,#17516,#17517,#17518,#17519,#17520,#17521,#17522,#17523,#17524,#17525,#17526,#17527,#17528,#17529,#17530,#17531,#17532,#17533,#17534,#17535,#17536,#17537,#17538,#17539,#17540,#17541,#17542,#17543,#17544,#17545,#17546,#17547,#17548,#17549,#17550,#17551,#17552,#17553,#17554,#17555,#17556,#17557,#17558,#17559,#17560,#17561,#17562,#17563,#17564,#17565,#17566,#17567,#17568,#17569,#17570,#17571,#17572,#17573,#17636,#17637,#17638),#5);
ENDSEC;
END-ISO-10303-21;
