ISO-10303-21;
HEADER;
FILE_DESCRIPTION(
  ('This file contains a STEP AP42 implementation'
    ,'as created by ZW3D STEP Interface translator.')
  ,'2;1'
  );
FILE_NAME(
  '相机_RGB相机自研.stp'
  ,'24 514.153736',
  (''),
  ('ZWCAD Software Co.'),
  'Version 1.0',
  'ZW3D to STEP translator',
  ''
  );
FILE_SCHEMA(('AUTOMOTIVE_DESIGN { 1 0 10303 214 1 1 1 1 }'));
ENDSEC;

DATA;

/**File Base Unit**/
#1 = (LENGTH_UNIT()NAMED_UNIT(*)SI_UNIT(.MILLI.,.METRE.));
#2 = (NAMED_UNIT(*)PLANE_ANGLE_UNIT()SI_UNIT($,.RADIAN.));
#3 = (NAMED_UNIT(*)SI_UNIT($,.STERADIAN.)SOLID_ANGLE_UNIT());
#4 = UNCERTAINTY_MEASURE_WITH_UNIT(LENGTH_MEASURE(0.01),#1,'DISTANCE_ACCURACY_VALUE','Maximum Tolerance applied to model');
#5 = (GEOMETRIC_REPRESENTATION_CONTEXT(3)GLOBAL_UNCERTAINTY_ASSIGNED_CONTEXT((#4))GLOBAL_UNIT_ASSIGNED_CONTEXT((#1,#2,#3))REPRESENTATION_CONTEXT('STEP 203','TOP_LEVEL_ASSEMBLY_PART'));

/**product_definition_shape**/
#6=APPLICATION_CONTEXT('mechanical parts and assemblies' );
#7=DESIGN_CONTEXT('NONE',#6,'design');
#8=MECHANICAL_CONTEXT('NONE',#6,'mechanical');
#9=PRODUCT('0','Part','',(#8));
#10=PRODUCT_DEFINITION_FORMATION_WITH_SPECIFIED_SOURCE('ANY','',#9,.NOT_KNOWN.);
#11=PRODUCT_DEFINITION('UNKNOWN','',#10,#7);
#12=PRODUCT_DEFINITION_SHAPE('NONE','NONE',#11);
#13=PRODUCT_RELATED_PRODUCT_CATEGORY('detail','',(#9));
/**geometry information**/
#14=CARTESIAN_POINT('',(0.,0.,0.));
#15=DIRECTION('',(0.,0.,1.));
#16=DIRECTION('',(1.,0.,0.));
#17=AXIS2_PLACEMENT_3D('',#14,#15,#16);
#18=APPLICATION_CONTEXT('part');
#19=MECHANICAL_CONTEXT('none',#18,'component');
#20=PRODUCT('相机_RGB相机自研','相机_RGB相机自研','',(#19));
#21=PRODUCT_RELATED_PRODUCT_CATEGORY('detail','',(#20));
#22=PRODUCT_DEFINITION_FORMATION_WITH_SPECIFIED_SOURCE('ANY','UNSPECIFIED',#20,.NOT_KNOWN.);
#23=APPLICATION_CONTEXT('part');
#24=APPLICATION_PROTOCOL_DEFINITION('international standard','config_control_design',1994,#23);
#25=DESIGN_CONTEXT('detailed',#23,'design');
#26=PRODUCT_DEFINITION('','UNSPECIFIED',#22,#25);
#27=PRODUCT_DEFINITION_SHAPE('NONE','NONE',#26);
#28=SHAPE_REPRESENTATION('相机_RGB相机自研',(#17),#5);
#29=SHAPE_DEFINITION_REPRESENTATION(#27,#28);
#30=CARTESIAN_POINT('',(3.5527136788005E-15,-18.5,6.75));
#31=DIRECTION('',(1.,0.,0.));
#32=DIRECTION('',(0.,-1.,0.));
#33=AXIS2_PLACEMENT_3D('',#30,#32,#31);
#34=PLANE('',#33);
#35=CARTESIAN_POINT('',(20.5,-18.5,13.5));
#36=VERTEX_POINT('',#35);
#37=CARTESIAN_POINT('',(-20.5,-18.5,13.5));
#38=VERTEX_POINT('',#37);
#39=CARTESIAN_POINT('',(20.5,-18.5,13.5));
#40=DIRECTION('',(-1.,0.,0.));
#41=VECTOR('',#40,41.);
#42=LINE('',#39,#41);
#43=EDGE_CURVE('',#36,#38,#42,.T.);
#44=ORIENTED_EDGE('',*,*,#43,.T.);
#45=CARTESIAN_POINT('',(-20.5,-18.5,1.5));
#46=VERTEX_POINT('',#45);
#47=CARTESIAN_POINT('',(-20.5,-18.5,13.5));
#48=DIRECTION('',(0.,0.,-1.));
#49=VECTOR('',#48,12.);
#50=LINE('',#47,#49);
#51=EDGE_CURVE('',#38,#46,#50,.T.);
#52=ORIENTED_EDGE('',*,*,#51,.T.);
#53=CARTESIAN_POINT('',(20.5,-18.5,1.5));
#54=VERTEX_POINT('',#53);
#55=CARTESIAN_POINT('',(-20.5,-18.5,1.5));
#56=DIRECTION('',(1.,0.,0.));
#57=VECTOR('',#56,41.);
#58=LINE('',#55,#57);
#59=EDGE_CURVE('',#46,#54,#58,.T.);
#60=ORIENTED_EDGE('',*,*,#59,.T.);
#61=CARTESIAN_POINT('',(20.5,-18.5,1.5));
#62=DIRECTION('',(0.,0.,1.));
#63=VECTOR('',#62,12.);
#64=LINE('',#61,#63);
#65=EDGE_CURVE('',#54,#36,#64,.T.);
#66=ORIENTED_EDGE('',*,*,#65,.T.);
#67=EDGE_LOOP('',(#44,#52,#60,#66));
#68=FACE_OUTER_BOUND('',#67,.T.);
#69=ADVANCED_FACE('',(#68),#34,.T.);
#70=CARTESIAN_POINT('',(22.5,0.,6.75));
#71=DIRECTION('',(-2.1531598053336E-16,1.,0.));
#72=DIRECTION('',(1.,2.1531598053336E-16,-0.));
#73=AXIS2_PLACEMENT_3D('',#70,#72,#71);
#74=PLANE('',#73);
#75=CARTESIAN_POINT('',(22.5,16.5,13.5));
#76=VERTEX_POINT('',#75);
#77=CARTESIAN_POINT('',(22.5,-16.5,13.5));
#78=VERTEX_POINT('',#77);
#79=CARTESIAN_POINT('',(22.5,16.5,13.5));
#80=DIRECTION('',(0.,-1.,0.));
#81=VECTOR('',#80,33.);
#82=LINE('',#79,#81);
#83=EDGE_CURVE('',#76,#78,#82,.T.);
#84=ORIENTED_EDGE('',*,*,#83,.T.);
#85=CARTESIAN_POINT('',(22.5,-16.5,1.5));
#86=VERTEX_POINT('',#85);
#87=CARTESIAN_POINT('',(22.5,-16.5,13.5));
#88=DIRECTION('',(0.,0.,-1.));
#89=VECTOR('',#88,12.);
#90=LINE('',#87,#89);
#91=EDGE_CURVE('',#78,#86,#90,.T.);
#92=ORIENTED_EDGE('',*,*,#91,.T.);
#93=CARTESIAN_POINT('',(22.5,16.5,1.5));
#94=VERTEX_POINT('',#93);
#95=CARTESIAN_POINT('',(22.5,-16.5,1.5));
#96=DIRECTION('',(0.,1.,0.));
#97=VECTOR('',#96,33.);
#98=LINE('',#95,#97);
#99=EDGE_CURVE('',#86,#94,#98,.T.);
#100=ORIENTED_EDGE('',*,*,#99,.T.);
#101=CARTESIAN_POINT('',(22.5,16.5,1.5));
#102=DIRECTION('',(0.,0.,1.));
#103=VECTOR('',#102,12.);
#104=LINE('',#101,#103);
#105=EDGE_CURVE('',#94,#76,#104,.T.);
#106=ORIENTED_EDGE('',*,*,#105,.T.);
#107=EDGE_LOOP('',(#84,#92,#100,#106));
#108=FACE_OUTER_BOUND('',#107,.T.);
#109=ADVANCED_FACE('',(#108),#74,.T.);
#110=CARTESIAN_POINT('',(0.,18.5,6.75));
#111=DIRECTION('',(-1.,-1.7330310628295E-16,0.));
#112=DIRECTION('',(-1.7330310628295E-16,1.,0.));
#113=AXIS2_PLACEMENT_3D('',#110,#112,#111);
#114=PLANE('',#113);
#115=CARTESIAN_POINT('',(-20.5,18.5,13.5));
#116=VERTEX_POINT('',#115);
#117=CARTESIAN_POINT('',(20.5,18.5,13.5));
#118=VERTEX_POINT('',#117);
#119=CARTESIAN_POINT('',(-20.5,18.5,13.5));
#120=DIRECTION('',(1.,0.,0.));
#121=VECTOR('',#120,41.);
#122=LINE('',#119,#121);
#123=EDGE_CURVE('',#116,#118,#122,.T.);
#124=ORIENTED_EDGE('',*,*,#123,.T.);
#125=CARTESIAN_POINT('',(20.5,18.5,1.5));
#126=VERTEX_POINT('',#125);
#127=CARTESIAN_POINT('',(20.5,18.5,13.5));
#128=DIRECTION('',(0.,0.,-1.));
#129=VECTOR('',#128,12.);
#130=LINE('',#127,#129);
#131=EDGE_CURVE('',#118,#126,#130,.T.);
#132=ORIENTED_EDGE('',*,*,#131,.T.);
#133=CARTESIAN_POINT('',(-20.5,18.5,1.5));
#134=VERTEX_POINT('',#133);
#135=CARTESIAN_POINT('',(20.5,18.5,1.5));
#136=DIRECTION('',(-1.,0.,0.));
#137=VECTOR('',#136,41.);
#138=LINE('',#135,#137);
#139=EDGE_CURVE('',#126,#134,#138,.T.);
#140=ORIENTED_EDGE('',*,*,#139,.T.);
#141=CARTESIAN_POINT('',(-20.5,18.5,1.5));
#142=DIRECTION('',(0.,0.,1.));
#143=VECTOR('',#142,12.);
#144=LINE('',#141,#143);
#145=EDGE_CURVE('',#134,#116,#144,.T.);
#146=ORIENTED_EDGE('',*,*,#145,.T.);
#147=EDGE_LOOP('',(#124,#132,#140,#146));
#148=FACE_OUTER_BOUND('',#147,.T.);
#149=CARTESIAN_POINT('',(-13.25,18.5,6.5));
#150=VERTEX_POINT('',#149);
#151=CARTESIAN_POINT('',(-12.,18.5,6.5));
#152=DIRECTION('',(-1.,-0.,-0.));
#153=DIRECTION('',(0.,-1.,0.));
#154=AXIS2_PLACEMENT_3D('',#151,#153,#152);
#155=CIRCLE('',#154,1.25);
#156=EDGE_CURVE('',#150,#150,#155,.T.);
#157=ORIENTED_EDGE('',*,*,#156,.T.);
#158=EDGE_LOOP('',(#157));
#159=FACE_BOUND('',#158,.T.);
#160=CARTESIAN_POINT('',(8.,18.5,5.));
#161=VERTEX_POINT('',#160);
#162=CARTESIAN_POINT('',(8.,18.5,10.));
#163=VERTEX_POINT('',#162);
#164=CARTESIAN_POINT('',(8.,18.5,5.));
#165=DIRECTION('',(0.,0.,1.));
#166=VECTOR('',#165,5.);
#167=LINE('',#164,#166);
#168=EDGE_CURVE('',#161,#163,#167,.T.);
#169=ORIENTED_EDGE('',*,*,#168,.T.);
#170=CARTESIAN_POINT('',(6.,18.5,10.));
#171=VERTEX_POINT('',#170);
#172=CARTESIAN_POINT('',(7.,18.5,10.));
#173=DIRECTION('',(1.,0.,0.));
#174=DIRECTION('',(-0.,-1.,0.));
#175=AXIS2_PLACEMENT_3D('',#172,#174,#173);
#176=CIRCLE('',#175,1.);
#177=EDGE_CURVE('',#163,#171,#176,.T.);
#178=ORIENTED_EDGE('',*,*,#177,.T.);
#179=CARTESIAN_POINT('',(6.,18.5,5.));
#180=VERTEX_POINT('',#179);
#181=CARTESIAN_POINT('',(6.,18.5,10.));
#182=DIRECTION('',(0.,0.,-1.));
#183=VECTOR('',#182,5.);
#184=LINE('',#181,#183);
#185=EDGE_CURVE('',#171,#180,#184,.T.);
#186=ORIENTED_EDGE('',*,*,#185,.T.);
#187=CARTESIAN_POINT('',(7.,18.5,5.));
#188=DIRECTION('',(-1.,3.5527136788005E-15,1.7763568394003E-15));
#189=DIRECTION('',(-3.5527136788005E-15,-1.,3.5527136788005E-15));
#190=AXIS2_PLACEMENT_3D('',#187,#189,#188);
#191=CIRCLE('',#190,1.);
#192=EDGE_CURVE('',#180,#161,#191,.T.);
#193=ORIENTED_EDGE('',*,*,#192,.T.);
#194=EDGE_LOOP('',(#169,#178,#186,#193));
#195=FACE_BOUND('',#194,.T.);
#196=CARTESIAN_POINT('',(-3.,18.5,6.3));
#197=VERTEX_POINT('',#196);
#198=CARTESIAN_POINT('',(-3.9968028886506E-15,18.5,6.3));
#199=DIRECTION('',(-1.,-0.,5.2336415289459E-17));
#200=DIRECTION('',(0.,-1.,-0.));
#201=AXIS2_PLACEMENT_3D('',#198,#200,#199);
#202=CIRCLE('',#201,3.);
#203=EDGE_CURVE('',#197,#197,#202,.T.);
#204=ORIENTED_EDGE('',*,*,#203,.T.);
#205=EDGE_LOOP('',(#204));
#206=FACE_BOUND('',#205,.T.);
#207=CARTESIAN_POINT('',(-8.,18.5,10.));
#208=VERTEX_POINT('',#207);
#209=CARTESIAN_POINT('',(-8.,18.5,5.));
#210=VERTEX_POINT('',#209);
#211=CARTESIAN_POINT('',(-8.,18.5,10.));
#212=DIRECTION('',(0.,0.,-1.));
#213=VECTOR('',#212,5.);
#214=LINE('',#211,#213);
#215=EDGE_CURVE('',#208,#210,#214,.T.);
#216=ORIENTED_EDGE('',*,*,#215,.T.);
#217=CARTESIAN_POINT('',(-6.,18.5,5.));
#218=VERTEX_POINT('',#217);
#219=CARTESIAN_POINT('',(-7.,18.5,5.));
#220=DIRECTION('',(-1.,-3.5527136788005E-15,8.8817841970013E-16));
#221=DIRECTION('',(2.1442523866471E-15,-1.,2.1442523866471E-15));
#222=AXIS2_PLACEMENT_3D('',#219,#221,#220);
#223=CIRCLE('',#222,1.);
#224=EDGE_CURVE('',#210,#218,#223,.T.);
#225=ORIENTED_EDGE('',*,*,#224,.T.);
#226=CARTESIAN_POINT('',(-6.,18.5,10.));
#227=VERTEX_POINT('',#226);
#228=CARTESIAN_POINT('',(-6.,18.5,5.));
#229=DIRECTION('',(0.,0.,1.));
#230=VECTOR('',#229,5.);
#231=LINE('',#228,#230);
#232=EDGE_CURVE('',#218,#227,#231,.T.);
#233=ORIENTED_EDGE('',*,*,#232,.T.);
#234=CARTESIAN_POINT('',(-7.,18.5,10.));
#235=DIRECTION('',(1.,0.,-1.7763568394003E-15));
#236=DIRECTION('',(-0.,-1.,0.));
#237=AXIS2_PLACEMENT_3D('',#234,#236,#235);
#238=CIRCLE('',#237,1.);
#239=EDGE_CURVE('',#227,#208,#238,.T.);
#240=ORIENTED_EDGE('',*,*,#239,.T.);
#241=EDGE_LOOP('',(#216,#225,#233,#240));
#242=FACE_BOUND('',#241,.T.);
#243=CARTESIAN_POINT('',(13.25,18.5,6.5));
#244=VERTEX_POINT('',#243);
#245=CARTESIAN_POINT('',(12.,18.5,6.5));
#246=DIRECTION('',(1.,-0.,-0.));
#247=DIRECTION('',(0.,-1.,0.));
#248=AXIS2_PLACEMENT_3D('',#245,#247,#246);
#249=CIRCLE('',#248,1.25);
#250=EDGE_CURVE('',#244,#244,#249,.T.);
#251=ORIENTED_EDGE('',*,*,#250,.T.);
#252=EDGE_LOOP('',(#251));
#253=FACE_BOUND('',#252,.T.);
#254=ADVANCED_FACE('',(#148,#159,#195,#206,#242,#253),#114,.T.);
#255=CARTESIAN_POINT('',(-22.5,-7.105427357601E-15,6.75));
#256=DIRECTION('',(0.,-1.,0.));
#257=DIRECTION('',(-1.,0.,0.));
#258=AXIS2_PLACEMENT_3D('',#255,#257,#256);
#259=PLANE('',#258);
#260=CARTESIAN_POINT('',(-22.5,-16.5,13.5));
#261=VERTEX_POINT('',#260);
#262=CARTESIAN_POINT('',(-22.5,16.5,13.5));
#263=VERTEX_POINT('',#262);
#264=CARTESIAN_POINT('',(-22.5,-16.5,13.5));
#265=DIRECTION('',(0.,1.,0.));
#266=VECTOR('',#265,33.);
#267=LINE('',#264,#266);
#268=EDGE_CURVE('',#261,#263,#267,.T.);
#269=ORIENTED_EDGE('',*,*,#268,.T.);
#270=CARTESIAN_POINT('',(-22.5,16.5,1.5));
#271=VERTEX_POINT('',#270);
#272=CARTESIAN_POINT('',(-22.5,16.5,13.5));
#273=DIRECTION('',(0.,0.,-1.));
#274=VECTOR('',#273,12.);
#275=LINE('',#272,#274);
#276=EDGE_CURVE('',#263,#271,#275,.T.);
#277=ORIENTED_EDGE('',*,*,#276,.T.);
#278=CARTESIAN_POINT('',(-22.5,-16.5,1.5));
#279=VERTEX_POINT('',#278);
#280=CARTESIAN_POINT('',(-22.5,16.5,1.5));
#281=DIRECTION('',(0.,-1.,0.));
#282=VECTOR('',#281,33.);
#283=LINE('',#280,#282);
#284=EDGE_CURVE('',#271,#279,#283,.T.);
#285=ORIENTED_EDGE('',*,*,#284,.T.);
#286=CARTESIAN_POINT('',(-22.5,-16.5,1.5));
#287=DIRECTION('',(0.,0.,1.));
#288=VECTOR('',#287,12.);
#289=LINE('',#286,#288);
#290=EDGE_CURVE('',#279,#261,#289,.T.);
#291=ORIENTED_EDGE('',*,*,#290,.T.);
#292=EDGE_LOOP('',(#269,#277,#285,#291));
#293=FACE_OUTER_BOUND('',#292,.T.);
#294=ADVANCED_FACE('',(#293),#259,.T.);
#295=CARTESIAN_POINT('',(0.081549644470215,-4.0409498214722,13.5));
#296=DIRECTION('',(1.,0.,0.));
#297=DIRECTION('',(0.,0.,1.));
#298=AXIS2_PLACEMENT_3D('',#295,#297,#296);
#299=PLANE('',#298);
#300=ORIENTED_EDGE('',*,*,#43,.F.);
#301=CARTESIAN_POINT('',(20.5,-16.5,13.5));
#302=DIRECTION('',(0.,-1.,0.));
#303=DIRECTION('',(0.,-0.,1.));
#304=AXIS2_PLACEMENT_3D('',#301,#303,#302);
#305=CIRCLE('',#304,2.);
#306=EDGE_CURVE('',#36,#78,#305,.T.);
#307=ORIENTED_EDGE('',*,*,#306,.T.);
#308=ORIENTED_EDGE('',*,*,#83,.F.);
#309=CARTESIAN_POINT('',(20.5,16.5,13.5));
#310=DIRECTION('',(1.,0.,-2.6645352591004E-15));
#311=DIRECTION('',(2.1363622745429E-15,-5.2817298455751E-16,1.));
#312=AXIS2_PLACEMENT_3D('',#309,#311,#310);
#313=CIRCLE('',#312,2.);
#314=EDGE_CURVE('',#76,#118,#313,.T.);
#315=ORIENTED_EDGE('',*,*,#314,.T.);
#316=ORIENTED_EDGE('',*,*,#123,.F.);
#317=CARTESIAN_POINT('',(-20.5,16.5,13.5));
#318=DIRECTION('',(0.,1.,0.));
#319=DIRECTION('',(0.,0.,1.));
#320=AXIS2_PLACEMENT_3D('',#317,#319,#318);
#321=CIRCLE('',#320,2.);
#322=EDGE_CURVE('',#116,#263,#321,.T.);
#323=ORIENTED_EDGE('',*,*,#322,.T.);
#324=ORIENTED_EDGE('',*,*,#268,.F.);
#325=CARTESIAN_POINT('',(-20.5,-16.5,13.5));
#326=DIRECTION('',(-1.,0.,0.));
#327=DIRECTION('',(-0.,0.,1.));
#328=AXIS2_PLACEMENT_3D('',#325,#327,#326);
#329=CIRCLE('',#328,2.);
#330=EDGE_CURVE('',#261,#38,#329,.T.);
#331=ORIENTED_EDGE('',*,*,#330,.T.);
#332=EDGE_LOOP('',(#300,#307,#308,#315,#316,#323,#324,#331));
#333=FACE_OUTER_BOUND('',#332,.T.);
#334=ADVANCED_FACE('',(#333),#299,.T.);
#335=CARTESIAN_POINT('',(-3.5527136788005E-15,0.,0.));
#336=DIRECTION('',(1.,0.,0.));
#337=DIRECTION('',(0.,0.,-1.));
#338=AXIS2_PLACEMENT_3D('',#335,#337,#336);
#339=PLANE('',#338);
#340=CARTESIAN_POINT('',(-20.5,-17.,0.));
#341=VERTEX_POINT('',#340);
#342=CARTESIAN_POINT('',(-21.,-16.5,0.));
#343=VERTEX_POINT('',#342);
#344=CARTESIAN_POINT('',(-20.5,-17.,0.));
#345=CARTESIAN_POINT('',(-20.534943575966,-16.999995320911,0.));
#346=CARTESIAN_POINT('',(-20.601594867488,-16.990642126947,0.));
#347=CARTESIAN_POINT('',(-20.666516567304,-16.972740440808,0.));
#348=CARTESIAN_POINT('',(-20.728453036105,-16.945956370055,0.));
#349=CARTESIAN_POINT('',(-20.783404609534,-16.913108629583,0.));
#350=CARTESIAN_POINT('',(-20.831111628292,-16.875798125729,0.));
#351=CARTESIAN_POINT('',(-20.871872315305,-16.835403762297,0.));
#352=CARTESIAN_POINT('',(-20.905898949031,-16.793146117468,0.));
#353=CARTESIAN_POINT('',(-20.939292290297,-16.741392780885,0.));
#354=CARTESIAN_POINT('',(-20.968272292847,-16.678504862407,0.));
#355=CARTESIAN_POINT('',(-20.987432664717,-16.615830650009,0.));
#356=CARTESIAN_POINT('',(-20.999995678113,-16.542561125911,0.));
#357=CARTESIAN_POINT('',(-21.,-16.5,0.));
#358=B_SPLINE_CURVE_WITH_KNOTS('',2,(#344,#345,#346,#347,#348,#349,#350,#351,#352,#353,#354,#355,#356,#357),.UNSPECIFIED.,.F.,.U.,(3,1,1,1,1,1,1,1,1,1,1,1,3),(0.,0.08881243301943,0.17129610976551,0.25983657035678,0.3429843419749,0.42252185195688,0.49712488487845,0.56842712695633,0.63524003321086,0.72509534829407,0.8111131900482,0.89186352979769,1.),.UNSPECIFIED.);
#359=EDGE_CURVE('',#341,#343,#358,.T.);
#360=ORIENTED_EDGE('',*,*,#359,.T.);
#361=CARTESIAN_POINT('',(-21.,16.5,0.));
#362=VERTEX_POINT('',#361);
#363=CARTESIAN_POINT('',(-21.,-16.5,0.));
#364=DIRECTION('',(0.,1.,0.));
#365=VECTOR('',#364,33.);
#366=LINE('',#363,#365);
#367=EDGE_CURVE('',#343,#362,#366,.T.);
#368=ORIENTED_EDGE('',*,*,#367,.T.);
#369=CARTESIAN_POINT('',(-20.5,17.,0.));
#370=VERTEX_POINT('',#369);
#371=CARTESIAN_POINT('',(-21.,16.5,0.));
#372=CARTESIAN_POINT('',(-20.999995320911,16.534943575966,0.));
#373=CARTESIAN_POINT('',(-20.990642126947,16.601594867488,0.));
#374=CARTESIAN_POINT('',(-20.972740440808,16.666516567304,0.));
#375=CARTESIAN_POINT('',(-20.945956370055,16.728453036105,0.));
#376=CARTESIAN_POINT('',(-20.913108629583,16.783404609534,0.));
#377=CARTESIAN_POINT('',(-20.875798125729,16.831111628292,0.));
#378=CARTESIAN_POINT('',(-20.835403762297,16.871872315305,0.));
#379=CARTESIAN_POINT('',(-20.793146117468,16.905898949031,0.));
#380=CARTESIAN_POINT('',(-20.741392780885,16.939292290297,0.));
#381=CARTESIAN_POINT('',(-20.678504862407,16.968272292847,0.));
#382=CARTESIAN_POINT('',(-20.615830650009,16.987432664717,0.));
#383=CARTESIAN_POINT('',(-20.542561125911,16.999995678113,0.));
#384=CARTESIAN_POINT('',(-20.5,17.,0.));
#385=B_SPLINE_CURVE_WITH_KNOTS('',2,(#371,#372,#373,#374,#375,#376,#377,#378,#379,#380,#381,#382,#383,#384),.UNSPECIFIED.,.F.,.U.,(3,1,1,1,1,1,1,1,1,1,1,1,3),(0.,0.08881243301939,0.17129610976546,0.25983657035673,0.34298434197485,0.42252185195684,0.49712488487842,0.5684271269563,0.63524003321083,0.72509534829404,0.81111319004818,0.89186352979768,1.),.UNSPECIFIED.);
#386=EDGE_CURVE('',#362,#370,#385,.T.);
#387=ORIENTED_EDGE('',*,*,#386,.T.);
#388=CARTESIAN_POINT('',(20.5,17.,0.));
#389=VERTEX_POINT('',#388);
#390=CARTESIAN_POINT('',(-20.5,17.,0.));
#391=DIRECTION('',(1.,0.,0.));
#392=VECTOR('',#391,41.);
#393=LINE('',#390,#392);
#394=EDGE_CURVE('',#370,#389,#393,.T.);
#395=ORIENTED_EDGE('',*,*,#394,.T.);
#396=CARTESIAN_POINT('',(21.,16.5,0.));
#397=VERTEX_POINT('',#396);
#398=CARTESIAN_POINT('',(20.5,17.,0.));
#399=CARTESIAN_POINT('',(20.534943575966,16.999995320911,0.));
#400=CARTESIAN_POINT('',(20.601594867488,16.990642126947,0.));
#401=CARTESIAN_POINT('',(20.666516567304,16.972740440808,0.));
#402=CARTESIAN_POINT('',(20.728453036105,16.945956370054,0.));
#403=CARTESIAN_POINT('',(20.783404609534,16.913108629583,0.));
#404=CARTESIAN_POINT('',(20.831111628292,16.875798125729,0.));
#405=CARTESIAN_POINT('',(20.871872315305,16.835403762297,0.));
#406=CARTESIAN_POINT('',(20.905898949031,16.793146117468,0.));
#407=CARTESIAN_POINT('',(20.939292290297,16.741392780885,0.));
#408=CARTESIAN_POINT('',(20.968272292847,16.678504862407,0.));
#409=CARTESIAN_POINT('',(20.987432664717,16.615830650009,0.));
#410=CARTESIAN_POINT('',(20.999995678113,16.542561125911,0.));
#411=CARTESIAN_POINT('',(21.,16.5,0.));
#412=B_SPLINE_CURVE_WITH_KNOTS('',2,(#398,#399,#400,#401,#402,#403,#404,#405,#406,#407,#408,#409,#410,#411),.UNSPECIFIED.,.F.,.U.,(3,1,1,1,1,1,1,1,1,1,1,1,3),(0.,0.08881243301943,0.1712961097655,0.25983657035676,0.34298434197489,0.42252185195688,0.49712488487846,0.56842712695634,0.63524003321088,0.72509534829408,0.81111319004821,0.8918635297977,1.),.UNSPECIFIED.);
#413=EDGE_CURVE('',#389,#397,#412,.T.);
#414=ORIENTED_EDGE('',*,*,#413,.T.);
#415=CARTESIAN_POINT('',(21.,-16.5,0.));
#416=VERTEX_POINT('',#415);
#417=CARTESIAN_POINT('',(21.,16.5,0.));
#418=DIRECTION('',(0.,-1.,0.));
#419=VECTOR('',#418,33.);
#420=LINE('',#417,#419);
#421=EDGE_CURVE('',#397,#416,#420,.T.);
#422=ORIENTED_EDGE('',*,*,#421,.T.);
#423=CARTESIAN_POINT('',(20.5,-17.,0.));
#424=VERTEX_POINT('',#423);
#425=CARTESIAN_POINT('',(21.,-16.5,0.));
#426=CARTESIAN_POINT('',(20.999995320911,-16.534943575966,0.));
#427=CARTESIAN_POINT('',(20.990642126947,-16.601594867488,0.));
#428=CARTESIAN_POINT('',(20.972740440808,-16.666516567304,0.));
#429=CARTESIAN_POINT('',(20.945956370054,-16.728453036105,0.));
#430=CARTESIAN_POINT('',(20.913108629583,-16.783404609534,0.));
#431=CARTESIAN_POINT('',(20.875798125729,-16.831111628292,0.));
#432=CARTESIAN_POINT('',(20.835403762297,-16.871872315305,0.));
#433=CARTESIAN_POINT('',(20.793146117468,-16.905898949031,0.));
#434=CARTESIAN_POINT('',(20.741392780885,-16.939292290297,0.));
#435=CARTESIAN_POINT('',(20.678504862407,-16.968272292847,0.));
#436=CARTESIAN_POINT('',(20.615830650009,-16.987432664717,0.));
#437=CARTESIAN_POINT('',(20.542561125911,-16.999995678113,0.));
#438=CARTESIAN_POINT('',(20.5,-17.,0.));
#439=B_SPLINE_CURVE_WITH_KNOTS('',2,(#425,#426,#427,#428,#429,#430,#431,#432,#433,#434,#435,#436,#437,#438),.UNSPECIFIED.,.F.,.U.,(3,1,1,1,1,1,1,1,1,1,1,1,3),(0.,0.08881243301945,0.17129610976553,0.25983657035679,0.34298434197491,0.42252185195689,0.49712488487846,0.56842712695633,0.63524003321087,0.72509534829407,0.81111319004819,0.89186352979767,1.),.UNSPECIFIED.);
#440=EDGE_CURVE('',#416,#424,#439,.T.);
#441=ORIENTED_EDGE('',*,*,#440,.T.);
#442=CARTESIAN_POINT('',(20.5,-17.,0.));
#443=DIRECTION('',(-1.,0.,0.));
#444=VECTOR('',#443,41.);
#445=LINE('',#442,#444);
#446=EDGE_CURVE('',#424,#341,#445,.T.);
#447=ORIENTED_EDGE('',*,*,#446,.T.);
#448=EDGE_LOOP('',(#360,#368,#387,#395,#414,#422,#441,#447));
#449=FACE_OUTER_BOUND('',#448,.T.);
#450=CARTESIAN_POINT('',(20.65,15.15,0.));
#451=VERTEX_POINT('',#450);
#452=CARTESIAN_POINT('',(19.15,16.65,0.));
#453=VERTEX_POINT('',#452);
#454=CARTESIAN_POINT('',(19.15,15.15,0.));
#455=DIRECTION('',(1.,0.,0.));
#456=DIRECTION('',(0.,0.,1.));
#457=AXIS2_PLACEMENT_3D('',#454,#456,#455);
#458=CIRCLE('',#457,1.5);
#459=EDGE_CURVE('',#451,#453,#458,.T.);
#460=ORIENTED_EDGE('',*,*,#459,.T.);
#461=CARTESIAN_POINT('',(-19.15,16.65,0.));
#462=VERTEX_POINT('',#461);
#463=CARTESIAN_POINT('',(19.15,16.65,0.));
#464=DIRECTION('',(-1.,0.,0.));
#465=VECTOR('',#464,38.3);
#466=LINE('',#463,#465);
#467=EDGE_CURVE('',#453,#462,#466,.T.);
#468=ORIENTED_EDGE('',*,*,#467,.T.);
#469=CARTESIAN_POINT('',(-20.65,15.15,0.));
#470=VERTEX_POINT('',#469);
#471=CARTESIAN_POINT('',(-19.15,15.15,0.));
#472=DIRECTION('',(-2.368475785867E-15,1.,0.));
#473=DIRECTION('',(0.,0.,1.));
#474=AXIS2_PLACEMENT_3D('',#471,#473,#472);
#475=CIRCLE('',#474,1.5);
#476=EDGE_CURVE('',#462,#470,#475,.T.);
#477=ORIENTED_EDGE('',*,*,#476,.T.);
#478=CARTESIAN_POINT('',(-20.65,-15.15,0.));
#479=VERTEX_POINT('',#478);
#480=CARTESIAN_POINT('',(-20.65,15.15,0.));
#481=DIRECTION('',(0.,-1.,0.));
#482=VECTOR('',#481,30.3);
#483=LINE('',#480,#482);
#484=EDGE_CURVE('',#470,#479,#483,.T.);
#485=ORIENTED_EDGE('',*,*,#484,.T.);
#486=CARTESIAN_POINT('',(-19.15,-16.65,0.));
#487=VERTEX_POINT('',#486);
#488=CARTESIAN_POINT('',(-19.15,-15.15,0.));
#489=DIRECTION('',(-1.,0.,0.));
#490=DIRECTION('',(-0.,0.,1.));
#491=AXIS2_PLACEMENT_3D('',#488,#490,#489);
#492=CIRCLE('',#491,1.5);
#493=EDGE_CURVE('',#479,#487,#492,.T.);
#494=ORIENTED_EDGE('',*,*,#493,.T.);
#495=CARTESIAN_POINT('',(19.15,-16.65,0.));
#496=VERTEX_POINT('',#495);
#497=CARTESIAN_POINT('',(-19.15,-16.65,0.));
#498=DIRECTION('',(1.,0.,0.));
#499=VECTOR('',#498,38.3);
#500=LINE('',#497,#499);
#501=EDGE_CURVE('',#487,#496,#500,.T.);
#502=ORIENTED_EDGE('',*,*,#501,.T.);
#503=CARTESIAN_POINT('',(20.65,-15.15,0.));
#504=VERTEX_POINT('',#503);
#505=CARTESIAN_POINT('',(19.15,-15.15,0.));
#506=DIRECTION('',(2.368475785867E-15,-1.,0.));
#507=DIRECTION('',(0.,-0.,1.));
#508=AXIS2_PLACEMENT_3D('',#505,#507,#506);
#509=CIRCLE('',#508,1.5);
#510=EDGE_CURVE('',#496,#504,#509,.T.);
#511=ORIENTED_EDGE('',*,*,#510,.T.);
#512=CARTESIAN_POINT('',(20.65,-15.15,0.));
#513=DIRECTION('',(0.,1.,0.));
#514=VECTOR('',#513,30.3);
#515=LINE('',#512,#514);
#516=EDGE_CURVE('',#504,#451,#515,.T.);
#517=ORIENTED_EDGE('',*,*,#516,.T.);
#518=EDGE_LOOP('',(#460,#468,#477,#485,#494,#502,#511,#517));
#519=FACE_BOUND('',#518,.T.);
#520=ADVANCED_FACE('',(#449,#519),#339,.T.);
#521=CARTESIAN_POINT('',(20.65,1.7763568394003E-15,0.5));
#522=DIRECTION('',(-4.6900510611228E-16,-1.,0.));
#523=DIRECTION('',(-1.,4.6900510611228E-16,0.));
#524=AXIS2_PLACEMENT_3D('',#521,#523,#522);
#525=PLANE('',#524);
#526=ORIENTED_EDGE('',*,*,#516,.F.);
#527=CARTESIAN_POINT('',(20.65,-15.15,1.));
#528=VERTEX_POINT('',#527);
#529=CARTESIAN_POINT('',(20.65,-15.15,0.));
#530=DIRECTION('',(0.,0.,1.));
#531=VECTOR('',#530,1.);
#532=LINE('',#529,#531);
#533=EDGE_CURVE('',#504,#528,#532,.T.);
#534=ORIENTED_EDGE('',*,*,#533,.T.);
#535=CARTESIAN_POINT('',(20.65,15.15,1.));
#536=VERTEX_POINT('',#535);
#537=CARTESIAN_POINT('',(20.65,-15.15,1.));
#538=DIRECTION('',(0.,1.,0.));
#539=VECTOR('',#538,30.3);
#540=LINE('',#537,#539);
#541=EDGE_CURVE('',#528,#536,#540,.T.);
#542=ORIENTED_EDGE('',*,*,#541,.T.);
#543=CARTESIAN_POINT('',(20.65,15.15,1.));
#544=DIRECTION('',(0.,0.,-1.));
#545=VECTOR('',#544,1.);
#546=LINE('',#543,#545);
#547=EDGE_CURVE('',#536,#451,#546,.T.);
#548=ORIENTED_EDGE('',*,*,#547,.T.);
#549=EDGE_LOOP('',(#526,#534,#542,#548));
#550=FACE_OUTER_BOUND('',#549,.T.);
#551=ADVANCED_FACE('',(#550),#525,.T.);
#552=CARTESIAN_POINT('',(-3.5527136788005E-15,-16.65,0.5));
#553=DIRECTION('',(-1.,3.7104059308621E-16,0.));
#554=DIRECTION('',(3.7104059308621E-16,1.,-0.));
#555=AXIS2_PLACEMENT_3D('',#552,#554,#553);
#556=PLANE('',#555);
#557=ORIENTED_EDGE('',*,*,#501,.F.);
#558=CARTESIAN_POINT('',(-19.15,-16.65,1.));
#559=VERTEX_POINT('',#558);
#560=CARTESIAN_POINT('',(-19.15,-16.65,0.));
#561=DIRECTION('',(0.,0.,1.));
#562=VECTOR('',#561,1.);
#563=LINE('',#560,#562);
#564=EDGE_CURVE('',#487,#559,#563,.T.);
#565=ORIENTED_EDGE('',*,*,#564,.T.);
#566=CARTESIAN_POINT('',(19.15,-16.65,1.));
#567=VERTEX_POINT('',#566);
#568=CARTESIAN_POINT('',(-19.15,-16.65,1.));
#569=DIRECTION('',(1.,0.,0.));
#570=VECTOR('',#569,38.3);
#571=LINE('',#568,#570);
#572=EDGE_CURVE('',#559,#567,#571,.T.);
#573=ORIENTED_EDGE('',*,*,#572,.T.);
#574=CARTESIAN_POINT('',(19.15,-16.65,1.));
#575=DIRECTION('',(0.,0.,-1.));
#576=VECTOR('',#575,1.);
#577=LINE('',#574,#576);
#578=EDGE_CURVE('',#567,#496,#577,.T.);
#579=ORIENTED_EDGE('',*,*,#578,.T.);
#580=EDGE_LOOP('',(#557,#565,#573,#579));
#581=FACE_OUTER_BOUND('',#580,.T.);
#582=ADVANCED_FACE('',(#581),#556,.T.);
#583=CARTESIAN_POINT('',(-20.65,1.0658141036402E-14,0.5));
#584=DIRECTION('',(2.3450255305614E-16,1.,0.));
#585=DIRECTION('',(1.,-2.3450255305614E-16,0.));
#586=AXIS2_PLACEMENT_3D('',#583,#585,#584);
#587=PLANE('',#586);
#588=ORIENTED_EDGE('',*,*,#484,.F.);
#589=CARTESIAN_POINT('',(-20.65,15.15,1.));
#590=VERTEX_POINT('',#589);
#591=CARTESIAN_POINT('',(-20.65,15.15,0.));
#592=DIRECTION('',(0.,0.,1.));
#593=VECTOR('',#592,1.);
#594=LINE('',#591,#593);
#595=EDGE_CURVE('',#470,#590,#594,.T.);
#596=ORIENTED_EDGE('',*,*,#595,.T.);
#597=CARTESIAN_POINT('',(-20.65,-15.15,1.));
#598=VERTEX_POINT('',#597);
#599=CARTESIAN_POINT('',(-20.65,15.15,1.));
#600=DIRECTION('',(0.,-1.,0.));
#601=VECTOR('',#600,30.3);
#602=LINE('',#599,#601);
#603=EDGE_CURVE('',#590,#598,#602,.T.);
#604=ORIENTED_EDGE('',*,*,#603,.T.);
#605=CARTESIAN_POINT('',(-20.65,-15.15,1.));
#606=DIRECTION('',(0.,0.,-1.));
#607=VECTOR('',#606,1.);
#608=LINE('',#605,#607);
#609=EDGE_CURVE('',#598,#479,#608,.T.);
#610=ORIENTED_EDGE('',*,*,#609,.T.);
#611=EDGE_LOOP('',(#588,#596,#604,#610));
#612=FACE_OUTER_BOUND('',#611,.T.);
#613=ADVANCED_FACE('',(#612),#587,.T.);
#614=CARTESIAN_POINT('',(1.0658141036402E-14,16.65,0.5));
#615=DIRECTION('',(1.,-1.8552029654311E-16,0.));
#616=DIRECTION('',(-1.8552029654311E-16,-1.,0.));
#617=AXIS2_PLACEMENT_3D('',#614,#616,#615);
#618=PLANE('',#617);
#619=ORIENTED_EDGE('',*,*,#467,.F.);
#620=CARTESIAN_POINT('',(19.15,16.65,1.));
#621=VERTEX_POINT('',#620);
#622=CARTESIAN_POINT('',(19.15,16.65,0.));
#623=DIRECTION('',(0.,0.,1.));
#624=VECTOR('',#623,1.);
#625=LINE('',#622,#624);
#626=EDGE_CURVE('',#453,#621,#625,.T.);
#627=ORIENTED_EDGE('',*,*,#626,.T.);
#628=CARTESIAN_POINT('',(-19.15,16.65,1.));
#629=VERTEX_POINT('',#628);
#630=CARTESIAN_POINT('',(19.15,16.65,1.));
#631=DIRECTION('',(-1.,0.,0.));
#632=VECTOR('',#631,38.3);
#633=LINE('',#630,#632);
#634=EDGE_CURVE('',#621,#629,#633,.T.);
#635=ORIENTED_EDGE('',*,*,#634,.T.);
#636=CARTESIAN_POINT('',(-19.15,16.65,1.));
#637=DIRECTION('',(0.,0.,-1.));
#638=VECTOR('',#637,1.);
#639=LINE('',#636,#638);
#640=EDGE_CURVE('',#629,#462,#639,.T.);
#641=ORIENTED_EDGE('',*,*,#640,.T.);
#642=EDGE_LOOP('',(#619,#627,#635,#641));
#643=FACE_OUTER_BOUND('',#642,.T.);
#644=ADVANCED_FACE('',(#643),#618,.T.);
#645=CARTESIAN_POINT('',(20.5,-16.5,1.5));
#646=DIRECTION('',(1.,-5.3290705182007E-15,1.7763568394002E-15));
#647=DIRECTION('',(-1.7763568394002E-15,1.4802973661669E-15,1.));
#648=AXIS2_PLACEMENT_3D('',#645,#647,#646);
#649=CYLINDRICAL_SURFACE('',#648,2.);
#650=ORIENTED_EDGE('',*,*,#306,.F.);
#651=ORIENTED_EDGE('',*,*,#65,.F.);
#652=CARTESIAN_POINT('',(20.5,-16.5,1.5));
#653=DIRECTION('',(0.,-1.,0.));
#654=DIRECTION('',(-1.0051183062408E-16,1.0051183062408E-16,1.));
#655=AXIS2_PLACEMENT_3D('',#652,#654,#653);
#656=CIRCLE('',#655,2.);
#657=EDGE_CURVE('',#54,#86,#656,.T.);
#658=ORIENTED_EDGE('',*,*,#657,.T.);
#659=ORIENTED_EDGE('',*,*,#91,.F.);
#660=EDGE_LOOP('',(#650,#651,#658,#659));
#661=FACE_OUTER_BOUND('',#660,.T.);
#662=ADVANCED_FACE('',(#661),#649,.T.);
#663=CARTESIAN_POINT('',(20.5,16.5,1.5));
#664=DIRECTION('',(1.5987211554602E-14,1.,2.8865798640254E-15));
#665=DIRECTION('',(-2.6645352591004E-15,-2.9605947323337E-15,1.));
#666=AXIS2_PLACEMENT_3D('',#663,#665,#664);
#667=CYLINDRICAL_SURFACE('',#666,2.);
#668=ORIENTED_EDGE('',*,*,#314,.F.);
#669=ORIENTED_EDGE('',*,*,#105,.F.);
#670=CARTESIAN_POINT('',(20.5,16.5,1.5));
#671=DIRECTION('',(1.,0.,-4.4408920985006E-16));
#672=DIRECTION('',(3.5704664310351E-16,2.46024340641E-16,1.));
#673=AXIS2_PLACEMENT_3D('',#670,#672,#671);
#674=CIRCLE('',#673,2.);
#675=EDGE_CURVE('',#94,#126,#674,.T.);
#676=ORIENTED_EDGE('',*,*,#675,.T.);
#677=ORIENTED_EDGE('',*,*,#131,.F.);
#678=EDGE_LOOP('',(#668,#669,#676,#677));
#679=FACE_OUTER_BOUND('',#678,.T.);
#680=ADVANCED_FACE('',(#679),#667,.T.);
#681=CARTESIAN_POINT('',(-20.5,16.5,1.5));
#682=DIRECTION('',(-1.,3.5527136788005E-15,1.8873791418628E-15));
#683=DIRECTION('',(1.4802973661669E-15,-1.4802973661669E-15,1.));
#684=AXIS2_PLACEMENT_3D('',#681,#683,#682);
#685=CYLINDRICAL_SURFACE('',#684,2.);
#686=ORIENTED_EDGE('',*,*,#322,.F.);
#687=ORIENTED_EDGE('',*,*,#145,.F.);
#688=CARTESIAN_POINT('',(-20.5,16.5,1.5));
#689=DIRECTION('',(0.,1.,0.));
#690=DIRECTION('',(1.0051183062408E-16,-1.0051183062408E-16,1.));
#691=AXIS2_PLACEMENT_3D('',#688,#690,#689);
#692=CIRCLE('',#691,2.);
#693=EDGE_CURVE('',#134,#271,#692,.T.);
#694=ORIENTED_EDGE('',*,*,#693,.T.);
#695=ORIENTED_EDGE('',*,*,#276,.F.);
#696=EDGE_LOOP('',(#686,#687,#694,#695));
#697=FACE_OUTER_BOUND('',#696,.T.);
#698=ADVANCED_FACE('',(#697),#685,.T.);
#699=CARTESIAN_POINT('',(-20.5,-16.5,1.5));
#700=DIRECTION('',(3.5527136788005E-15,-1.,1.9984014443253E-15));
#701=DIRECTION('',(1.4802973661669E-15,1.7763568394002E-15,1.));
#702=AXIS2_PLACEMENT_3D('',#699,#701,#700);
#703=CYLINDRICAL_SURFACE('',#702,2.);
#704=ORIENTED_EDGE('',*,*,#330,.F.);
#705=ORIENTED_EDGE('',*,*,#290,.F.);
#706=CARTESIAN_POINT('',(-20.5,-16.5,1.5));
#707=DIRECTION('',(-1.,0.,0.));
#708=DIRECTION('',(1.0051183062408E-16,1.0051183062408E-16,1.));
#709=AXIS2_PLACEMENT_3D('',#706,#708,#707);
#710=CIRCLE('',#709,2.);
#711=EDGE_CURVE('',#279,#46,#710,.T.);
#712=ORIENTED_EDGE('',*,*,#711,.T.);
#713=ORIENTED_EDGE('',*,*,#51,.F.);
#714=EDGE_LOOP('',(#704,#705,#712,#713));
#715=FACE_OUTER_BOUND('',#714,.T.);
#716=ADVANCED_FACE('',(#715),#703,.T.);
#717=CARTESIAN_POINT('',(4.25,0.,-3.));
#718=DIRECTION('',(0.,1.,0.));
#719=DIRECTION('',(-1.,0.,0.));
#720=AXIS2_PLACEMENT_3D('',#717,#719,#718);
#721=PLANE('',#720);
#722=CARTESIAN_POINT('',(4.25,1.6263236783802,1.));
#723=VERTEX_POINT('',#722);
#724=CARTESIAN_POINT('',(4.25,-1.6263236783802,1.));
#725=VERTEX_POINT('',#724);
#726=CARTESIAN_POINT('',(4.25,1.6263236783802,1.));
#727=DIRECTION('',(0.,-1.,0.));
#728=VECTOR('',#727,3.2526473567604);
#729=LINE('',#726,#728);
#730=EDGE_CURVE('',#723,#725,#729,.T.);
#731=ORIENTED_EDGE('',*,*,#730,.T.);
#732=CARTESIAN_POINT('',(4.25,-1.6263236783802,2.));
#733=VERTEX_POINT('',#732);
#734=CARTESIAN_POINT('',(4.25,-1.6263236783802,1.));
#735=DIRECTION('',(0.,0.,1.));
#736=VECTOR('',#735,1.);
#737=LINE('',#734,#736);
#738=EDGE_CURVE('',#725,#733,#737,.T.);
#739=ORIENTED_EDGE('',*,*,#738,.T.);
#740=CARTESIAN_POINT('',(4.25,1.6263236783802,2.));
#741=VERTEX_POINT('',#740);
#742=CARTESIAN_POINT('',(4.25,-1.6263236783802,2.));
#743=DIRECTION('',(0.,1.,0.));
#744=VECTOR('',#743,3.2526473567604);
#745=LINE('',#742,#744);
#746=EDGE_CURVE('',#733,#741,#745,.T.);
#747=ORIENTED_EDGE('',*,*,#746,.T.);
#748=CARTESIAN_POINT('',(4.25,1.6263236783802,2.));
#749=DIRECTION('',(0.,0.,-1.));
#750=VECTOR('',#749,1.);
#751=LINE('',#748,#750);
#752=EDGE_CURVE('',#741,#723,#751,.T.);
#753=ORIENTED_EDGE('',*,*,#752,.T.);
#754=EDGE_LOOP('',(#731,#739,#747,#753));
#755=FACE_OUTER_BOUND('',#754,.T.);
#756=ADVANCED_FACE('',(#755),#721,.T.);
#757=CARTESIAN_POINT('',(0.,-4.25,-3.));
#758=DIRECTION('',(1.,0.,0.));
#759=DIRECTION('',(-0.,1.,0.));
#760=AXIS2_PLACEMENT_3D('',#757,#759,#758);
#761=PLANE('',#760);
#762=CARTESIAN_POINT('',(1.6263236783802,-4.25,1.));
#763=VERTEX_POINT('',#762);
#764=CARTESIAN_POINT('',(-1.6263236783802,-4.25,1.));
#765=VERTEX_POINT('',#764);
#766=CARTESIAN_POINT('',(1.6263236783802,-4.25,1.));
#767=DIRECTION('',(-1.,0.,0.));
#768=VECTOR('',#767,3.2526473567604);
#769=LINE('',#766,#768);
#770=EDGE_CURVE('',#763,#765,#769,.T.);
#771=ORIENTED_EDGE('',*,*,#770,.T.);
#772=CARTESIAN_POINT('',(-1.6263236783802,-4.25,2.));
#773=VERTEX_POINT('',#772);
#774=CARTESIAN_POINT('',(-1.6263236783802,-4.25,1.));
#775=DIRECTION('',(0.,0.,1.));
#776=VECTOR('',#775,1.);
#777=LINE('',#774,#776);
#778=EDGE_CURVE('',#765,#773,#777,.T.);
#779=ORIENTED_EDGE('',*,*,#778,.T.);
#780=CARTESIAN_POINT('',(1.6263236783802,-4.25,2.));
#781=VERTEX_POINT('',#780);
#782=CARTESIAN_POINT('',(-1.6263236783802,-4.25,2.));
#783=DIRECTION('',(1.,0.,0.));
#784=VECTOR('',#783,3.2526473567604);
#785=LINE('',#782,#784);
#786=EDGE_CURVE('',#773,#781,#785,.T.);
#787=ORIENTED_EDGE('',*,*,#786,.T.);
#788=CARTESIAN_POINT('',(1.6263236783802,-4.25,2.));
#789=DIRECTION('',(0.,0.,-1.));
#790=VECTOR('',#789,1.);
#791=LINE('',#788,#790);
#792=EDGE_CURVE('',#781,#763,#791,.T.);
#793=ORIENTED_EDGE('',*,*,#792,.T.);
#794=EDGE_LOOP('',(#771,#779,#787,#793));
#795=FACE_OUTER_BOUND('',#794,.T.);
#796=ADVANCED_FACE('',(#795),#761,.T.);
#797=CARTESIAN_POINT('',(-4.25,0.,-3.));
#798=DIRECTION('',(0.,-1.,0.));
#799=DIRECTION('',(1.,0.,0.));
#800=AXIS2_PLACEMENT_3D('',#797,#799,#798);
#801=PLANE('',#800);
#802=CARTESIAN_POINT('',(-4.25,1.6263236783802,2.));
#803=VERTEX_POINT('',#802);
#804=CARTESIAN_POINT('',(-4.25,-1.6263236783802,2.));
#805=VERTEX_POINT('',#804);
#806=CARTESIAN_POINT('',(-4.25,1.6263236783802,2.));
#807=DIRECTION('',(0.,-1.,0.));
#808=VECTOR('',#807,3.2526473567604);
#809=LINE('',#806,#808);
#810=EDGE_CURVE('',#803,#805,#809,.T.);
#811=ORIENTED_EDGE('',*,*,#810,.T.);
#812=CARTESIAN_POINT('',(-4.25,-1.6263236783802,1.));
#813=VERTEX_POINT('',#812);
#814=CARTESIAN_POINT('',(-4.25,-1.6263236783802,2.));
#815=DIRECTION('',(0.,0.,-1.));
#816=VECTOR('',#815,1.);
#817=LINE('',#814,#816);
#818=EDGE_CURVE('',#805,#813,#817,.T.);
#819=ORIENTED_EDGE('',*,*,#818,.T.);
#820=CARTESIAN_POINT('',(-4.25,1.6263236783802,1.));
#821=VERTEX_POINT('',#820);
#822=CARTESIAN_POINT('',(-4.25,-1.6263236783802,1.));
#823=DIRECTION('',(0.,1.,0.));
#824=VECTOR('',#823,3.2526473567604);
#825=LINE('',#822,#824);
#826=EDGE_CURVE('',#813,#821,#825,.T.);
#827=ORIENTED_EDGE('',*,*,#826,.T.);
#828=CARTESIAN_POINT('',(-4.25,1.6263236783802,1.));
#829=DIRECTION('',(0.,0.,1.));
#830=VECTOR('',#829,1.);
#831=LINE('',#828,#830);
#832=EDGE_CURVE('',#821,#803,#831,.T.);
#833=ORIENTED_EDGE('',*,*,#832,.T.);
#834=EDGE_LOOP('',(#811,#819,#827,#833));
#835=FACE_OUTER_BOUND('',#834,.T.);
#836=ADVANCED_FACE('',(#835),#801,.T.);
#837=CARTESIAN_POINT('',(0.,4.25,-3.));
#838=DIRECTION('',(-1.,0.,0.));
#839=DIRECTION('',(-0.,-1.,-0.));
#840=AXIS2_PLACEMENT_3D('',#837,#839,#838);
#841=PLANE('',#840);
#842=CARTESIAN_POINT('',(1.6263236783802,4.25,2.));
#843=VERTEX_POINT('',#842);
#844=CARTESIAN_POINT('',(-1.6263236783802,4.25,2.));
#845=VERTEX_POINT('',#844);
#846=CARTESIAN_POINT('',(1.6263236783802,4.25,2.));
#847=DIRECTION('',(-1.,0.,0.));
#848=VECTOR('',#847,3.2526473567604);
#849=LINE('',#846,#848);
#850=EDGE_CURVE('',#843,#845,#849,.T.);
#851=ORIENTED_EDGE('',*,*,#850,.T.);
#852=CARTESIAN_POINT('',(-1.6263236783802,4.25,1.));
#853=VERTEX_POINT('',#852);
#854=CARTESIAN_POINT('',(-1.6263236783802,4.25,2.));
#855=DIRECTION('',(0.,0.,-1.));
#856=VECTOR('',#855,1.);
#857=LINE('',#854,#856);
#858=EDGE_CURVE('',#845,#853,#857,.T.);
#859=ORIENTED_EDGE('',*,*,#858,.T.);
#860=CARTESIAN_POINT('',(1.6263236783802,4.25,1.));
#861=VERTEX_POINT('',#860);
#862=CARTESIAN_POINT('',(-1.6263236783802,4.25,1.));
#863=DIRECTION('',(1.,0.,0.));
#864=VECTOR('',#863,3.2526473567604);
#865=LINE('',#862,#864);
#866=EDGE_CURVE('',#853,#861,#865,.T.);
#867=ORIENTED_EDGE('',*,*,#866,.T.);
#868=CARTESIAN_POINT('',(1.6263236783802,4.25,1.));
#869=DIRECTION('',(0.,0.,1.));
#870=VECTOR('',#869,1.);
#871=LINE('',#868,#870);
#872=EDGE_CURVE('',#861,#843,#871,.T.);
#873=ORIENTED_EDGE('',*,*,#872,.T.);
#874=EDGE_LOOP('',(#851,#859,#867,#873));
#875=FACE_OUTER_BOUND('',#874,.T.);
#876=ADVANCED_FACE('',(#875),#841,.T.);
#877=CARTESIAN_POINT('',(3.5527136788005E-15,-4.,1.));
#878=DIRECTION('',(1.,-1.7204424594676E-16,0.));
#879=DIRECTION('',(0.,-0.,-1.));
#880=AXIS2_PLACEMENT_3D('',#877,#879,#878);
#881=PLANE('',#880);
#882=ORIENTED_EDGE('',*,*,#634,.F.);
#883=CARTESIAN_POINT('',(19.15,15.15,1.));
#884=DIRECTION('',(2.368475785867E-15,1.,0.));
#885=DIRECTION('',(0.,-0.,-1.));
#886=AXIS2_PLACEMENT_3D('',#883,#885,#884);
#887=CIRCLE('',#886,1.5);
#888=EDGE_CURVE('',#621,#536,#887,.T.);
#889=ORIENTED_EDGE('',*,*,#888,.T.);
#890=ORIENTED_EDGE('',*,*,#541,.F.);
#891=CARTESIAN_POINT('',(19.15,-15.15,1.));
#892=DIRECTION('',(1.,0.,0.));
#893=DIRECTION('',(-0.,0.,-1.));
#894=AXIS2_PLACEMENT_3D('',#891,#893,#892);
#895=CIRCLE('',#894,1.5);
#896=EDGE_CURVE('',#528,#567,#895,.T.);
#897=ORIENTED_EDGE('',*,*,#896,.T.);
#898=ORIENTED_EDGE('',*,*,#572,.F.);
#899=CARTESIAN_POINT('',(-19.15,-15.15,1.));
#900=DIRECTION('',(-2.368475785867E-15,-1.,0.));
#901=DIRECTION('',(0.,0.,-1.));
#902=AXIS2_PLACEMENT_3D('',#899,#901,#900);
#903=CIRCLE('',#902,1.5);
#904=EDGE_CURVE('',#559,#598,#903,.T.);
#905=ORIENTED_EDGE('',*,*,#904,.T.);
#906=ORIENTED_EDGE('',*,*,#603,.F.);
#907=CARTESIAN_POINT('',(-19.15,15.15,1.));
#908=DIRECTION('',(-1.,0.,0.));
#909=DIRECTION('',(0.,0.,-1.));
#910=AXIS2_PLACEMENT_3D('',#907,#909,#908);
#911=CIRCLE('',#910,1.5);
#912=EDGE_CURVE('',#590,#629,#911,.T.);
#913=ORIENTED_EDGE('',*,*,#912,.T.);
#914=EDGE_LOOP('',(#882,#889,#890,#897,#898,#905,#906,#913));
#915=FACE_OUTER_BOUND('',#914,.T.);
#916=CARTESIAN_POINT('',(-4.4696699141101,-2.4078317533002,1.));
#917=VERTEX_POINT('',#916);
#918=CARTESIAN_POINT('',(-4.6893398282202,-3.1893398282202,1.));
#919=VERTEX_POINT('',#918);
#920=CARTESIAN_POINT('',(-3.1893398282202,-3.1893398282202,1.));
#921=DIRECTION('',(-0.85355339059327,0.52100538328,0.));
#922=DIRECTION('',(0.,0.,1.));
#923=AXIS2_PLACEMENT_3D('',#920,#922,#921);
#924=CIRCLE('',#923,1.5);
#925=EDGE_CURVE('',#917,#919,#924,.T.);
#926=ORIENTED_EDGE('',*,*,#925,.T.);
#927=CARTESIAN_POINT('',(-2.4078317533002,-4.4696699141101,1.));
#928=VERTEX_POINT('',#927);
#929=CARTESIAN_POINT('',(-3.1893398282202,-3.1893398282202,1.));
#930=DIRECTION('',(-1.,-8.8817841970012E-16,0.));
#931=DIRECTION('',(-7.4014868308344E-17,1.2640826148846E-16,1.));
#932=AXIS2_PLACEMENT_3D('',#929,#931,#930);
#933=CIRCLE('',#932,1.5);
#934=EDGE_CURVE('',#919,#928,#933,.T.);
#935=ORIENTED_EDGE('',*,*,#934,.T.);
#936=CARTESIAN_POINT('',(-1.6263236783802,-5.75,1.));
#937=DIRECTION('',(-0.52100538328,0.85355339059327,0.));
#938=DIRECTION('',(0.,0.,-1.));
#939=AXIS2_PLACEMENT_3D('',#936,#938,#937);
#940=CIRCLE('',#939,1.5);
#941=EDGE_CURVE('',#928,#765,#940,.T.);
#942=ORIENTED_EDGE('',*,*,#941,.T.);
#943=ORIENTED_EDGE('',*,*,#770,.F.);
#944=CARTESIAN_POINT('',(2.4078317533003,-4.4696699141101,1.));
#945=VERTEX_POINT('',#944);
#946=CARTESIAN_POINT('',(1.6263236783802,-5.75,1.));
#947=DIRECTION('',(-7.4014868308344E-16,1.,-1.4802973661669E-16));
#948=DIRECTION('',(2.2976616553754E-16,-1.9338329231887E-16,-1.));
#949=AXIS2_PLACEMENT_3D('',#946,#948,#947);
#950=CIRCLE('',#949,1.5);
#951=EDGE_CURVE('',#763,#945,#950,.T.);
#952=ORIENTED_EDGE('',*,*,#951,.T.);
#953=CARTESIAN_POINT('',(4.4696699141101,-2.4078317533002,1.));
#954=VERTEX_POINT('',#953);
#955=CARTESIAN_POINT('',(3.1893398282202,-3.1893398282202,1.));
#956=DIRECTION('',(-0.52100538327995,-0.8535533905933,0.));
#957=DIRECTION('',(5.1156795023041E-18,-4.2900468995094E-17,1.));
#958=AXIS2_PLACEMENT_3D('',#955,#957,#956);
#959=CIRCLE('',#958,1.4999999999999);
#960=EDGE_CURVE('',#945,#954,#959,.T.);
#961=ORIENTED_EDGE('',*,*,#960,.T.);
#962=CARTESIAN_POINT('',(5.75,-1.6263236783802,1.));
#963=DIRECTION('',(-0.85355339059327,-0.52100538328,0.));
#964=DIRECTION('',(0.,0.,-1.));
#965=AXIS2_PLACEMENT_3D('',#962,#964,#963);
#966=CIRCLE('',#965,1.5);
#967=EDGE_CURVE('',#954,#725,#966,.T.);
#968=ORIENTED_EDGE('',*,*,#967,.T.);
#969=ORIENTED_EDGE('',*,*,#730,.F.);
#970=CARTESIAN_POINT('',(4.4696699141101,2.4078317533003,1.));
#971=VERTEX_POINT('',#970);
#972=CARTESIAN_POINT('',(5.75,1.6263236783802,1.));
#973=DIRECTION('',(-1.,2.9605947323337E-16,-8.8817841970012E-16));
#974=DIRECTION('',(8.5825574592478E-16,-3.8330412450951E-16,-1.));
#975=AXIS2_PLACEMENT_3D('',#972,#974,#973);
#976=CIRCLE('',#975,1.5);
#977=EDGE_CURVE('',#723,#971,#976,.T.);
#978=ORIENTED_EDGE('',*,*,#977,.T.);
#979=CARTESIAN_POINT('',(2.4078317533002,4.4696699141101,1.));
#980=VERTEX_POINT('',#979);
#981=CARTESIAN_POINT('',(3.1893398282202,3.1893398282202,1.));
#982=DIRECTION('',(0.8535533905933,-0.52100538327995,0.));
#983=DIRECTION('',(4.2900468995094E-17,5.1156795023041E-18,1.));
#984=AXIS2_PLACEMENT_3D('',#981,#983,#982);
#985=CIRCLE('',#984,1.4999999999999);
#986=EDGE_CURVE('',#971,#980,#985,.T.);
#987=ORIENTED_EDGE('',*,*,#986,.T.);
#988=CARTESIAN_POINT('',(1.6263236783802,5.75,1.));
#989=DIRECTION('',(0.52100538328,-0.85355339059327,-9.6219328800847E-16));
#990=DIRECTION('',(-8.5961277069347E-16,5.3117337329246E-16,-1.));
#991=AXIS2_PLACEMENT_3D('',#988,#990,#989);
#992=CIRCLE('',#991,1.5);
#993=EDGE_CURVE('',#980,#861,#992,.T.);
#994=ORIENTED_EDGE('',*,*,#993,.T.);
#995=ORIENTED_EDGE('',*,*,#866,.F.);
#996=CARTESIAN_POINT('',(-2.4078317533002,4.4696699141101,1.));
#997=VERTEX_POINT('',#996);
#998=CARTESIAN_POINT('',(-1.6263236783802,5.75,1.));
#999=DIRECTION('',(0.,-1.,-5.1810407815841E-16));
#1000=DIRECTION('',(3.9752931662554E-16,4.0345882773387E-16,-1.));
#1001=AXIS2_PLACEMENT_3D('',#998,#1000,#999);
#1002=CIRCLE('',#1001,1.5);
#1003=EDGE_CURVE('',#853,#997,#1002,.T.);
#1004=ORIENTED_EDGE('',*,*,#1003,.T.);
#1005=CARTESIAN_POINT('',(-4.6893398282202,3.1893398282202,1.));
#1006=VERTEX_POINT('',#1005);
#1007=CARTESIAN_POINT('',(-3.1893398282202,3.1893398282202,1.));
#1008=DIRECTION('',(0.52100538328,0.85355339059327,0.));
#1009=DIRECTION('',(-1.2368626512069E-18,-6.7498587532738E-17,1.));
#1010=AXIS2_PLACEMENT_3D('',#1007,#1009,#1008);
#1011=CIRCLE('',#1010,1.5);
#1012=EDGE_CURVE('',#997,#1006,#1011,.T.);
#1013=ORIENTED_EDGE('',*,*,#1012,.T.);
#1014=CARTESIAN_POINT('',(-4.4696699141101,2.4078317533002,1.));
#1015=VERTEX_POINT('',#1014);
#1016=CARTESIAN_POINT('',(-3.1893398282202,3.1893398282202,1.));
#1017=DIRECTION('',(-1.,-1.4802973661669E-15,0.));
#1018=DIRECTION('',(-0.,0.,1.));
#1019=AXIS2_PLACEMENT_3D('',#1016,#1018,#1017);
#1020=CIRCLE('',#1019,1.5);
#1021=EDGE_CURVE('',#1006,#1015,#1020,.T.);
#1022=ORIENTED_EDGE('',*,*,#1021,.T.);
#1023=CARTESIAN_POINT('',(-5.75,1.6263236783802,1.));
#1024=DIRECTION('',(0.85355339059327,0.52100538328,-5.1810407815841E-16));
#1025=DIRECTION('',(-3.6645139357969E-16,-5.2918871450312E-16,-1.));
#1026=AXIS2_PLACEMENT_3D('',#1023,#1025,#1024);
#1027=CIRCLE('',#1026,1.5);
#1028=EDGE_CURVE('',#1015,#821,#1027,.T.);
#1029=ORIENTED_EDGE('',*,*,#1028,.T.);
#1030=ORIENTED_EDGE('',*,*,#826,.F.);
#1031=CARTESIAN_POINT('',(-5.75,-1.6263236783802,1.));
#1032=DIRECTION('',(1.,-1.1842378929335E-15,2.9605947323337E-16));
#1033=DIRECTION('',(2.9842106002638E-16,-8.3881575543991E-17,-1.));
#1034=AXIS2_PLACEMENT_3D('',#1031,#1033,#1032);
#1035=CIRCLE('',#1034,1.5);
#1036=EDGE_CURVE('',#813,#917,#1035,.T.);
#1037=ORIENTED_EDGE('',*,*,#1036,.T.);
#1038=EDGE_LOOP('',(#926,#935,#942,#943,#952,#961,#968,#969,#978,#987,#994,#995,#1004,#1013,#1022,#1029,#1030,#1037));
#1039=FACE_BOUND('',#1038,.T.);
#1040=ADVANCED_FACE('',(#915,#1039),#881,.T.);
#1041=CARTESIAN_POINT('',(-3.1893398282202,3.1893398282202,2.));
#1042=DIRECTION('',(-0.99999999999997,2.2554090683968E-07,-2.9605947323337E-16));
#1043=DIRECTION('',(0.,0.,-1.));
#1044=AXIS2_PLACEMENT_3D('',#1041,#1043,#1042);
#1045=CYLINDRICAL_SURFACE('',#1044,1.5);
#1046=ORIENTED_EDGE('',*,*,#1012,.F.);
#1047=CARTESIAN_POINT('',(-2.40783194975,4.4696700340222,2.));
#1048=VERTEX_POINT('',#1047);
#1049=CARTESIAN_POINT('',(-2.4078317533002,4.4696699141101,1.));
#1050=DIRECTION('',(-1.964497999829E-07,1.1991209980522E-07,0.99999999999997));
#1051=VECTOR('',#1050,1.);
#1052=LINE('',#1049,#1051);
#1053=EDGE_CURVE('',#997,#1048,#1052,.T.);
#1054=ORIENTED_EDGE('',*,*,#1053,.T.);
#1055=CARTESIAN_POINT('',(-4.6893398282202,3.1893398282202,2.));
#1056=VERTEX_POINT('',#1055);
#1057=CARTESIAN_POINT('',(-3.1893398282202,3.1893398282202,2.));
#1058=DIRECTION('',(0.52100525231347,0.85355347053467,2.9605947323338E-16));
#1059=DIRECTION('',(-1.4893206504473E-16,-1.3231346819334E-16,1.));
#1060=AXIS2_PLACEMENT_3D('',#1057,#1059,#1058);
#1061=CIRCLE('',#1060,1.5);
#1062=EDGE_CURVE('',#1048,#1056,#1061,.T.);
#1063=ORIENTED_EDGE('',*,*,#1062,.T.);
#1064=CARTESIAN_POINT('',(-4.6893398282202,3.1893398282202,2.));
#1065=DIRECTION('',(0.,0.,-1.));
#1066=VECTOR('',#1065,1.);
#1067=LINE('',#1064,#1066);
#1068=EDGE_CURVE('',#1056,#1006,#1067,.T.);
#1069=ORIENTED_EDGE('',*,*,#1068,.T.);
#1070=EDGE_LOOP('',(#1046,#1054,#1063,#1069));
#1071=FACE_OUTER_BOUND('',#1070,.T.);
#1072=ADVANCED_FACE('',(#1071),#1045,.F.);
#1073=CARTESIAN_POINT('',(-3.1893398282202,3.1893398282202,2.));
#1074=DIRECTION('',(-0.85355337867813,-0.52100540280034,-2.0724163126336E-15));
#1075=DIRECTION('',(8.8817841970013E-16,0.,-1.));
#1076=AXIS2_PLACEMENT_3D('',#1073,#1075,#1074);
#1077=CYLINDRICAL_SURFACE('',#1076,1.5);
#1078=CARTESIAN_POINT('',(-4.4696699141101,2.4078317533002,2.));
#1079=VERTEX_POINT('',#1078);
#1080=CARTESIAN_POINT('',(-3.1893398282202,3.1893398282202,2.));
#1081=DIRECTION('',(-1.,2.0724163126336E-15,0.));
#1082=DIRECTION('',(-0.,0.,1.));
#1083=AXIS2_PLACEMENT_3D('',#1080,#1082,#1081);
#1084=CIRCLE('',#1083,1.5);
#1085=EDGE_CURVE('',#1056,#1079,#1084,.T.);
#1086=ORIENTED_EDGE('',*,*,#1085,.T.);
#1087=CARTESIAN_POINT('',(-4.4696699141101,2.4078317533002,2.));
#1088=DIRECTION('',(0.,0.,-1.));
#1089=VECTOR('',#1088,1.);
#1090=LINE('',#1087,#1089);
#1091=EDGE_CURVE('',#1079,#1015,#1090,.T.);
#1092=ORIENTED_EDGE('',*,*,#1091,.T.);
#1093=ORIENTED_EDGE('',*,*,#1021,.F.);
#1094=ORIENTED_EDGE('',*,*,#1068,.F.);
#1095=EDGE_LOOP('',(#1086,#1092,#1093,#1094));
#1096=FACE_OUTER_BOUND('',#1095,.T.);
#1097=ADVANCED_FACE('',(#1096),#1077,.F.);
#1098=CARTESIAN_POINT('',(-3.1893398282201,-3.1893398282202,2.));
#1099=DIRECTION('',(-1.,-2.2869499775404E-08,-5.921189464667E-16));
#1100=DIRECTION('',(8.8817841970013E-16,0.,-1.));
#1101=AXIS2_PLACEMENT_3D('',#1098,#1100,#1099);
#1102=CYLINDRICAL_SURFACE('',#1101,1.5000000000001);
#1103=CARTESIAN_POINT('',(-4.6893398282202,-3.1893398282202,2.));
#1104=VERTEX_POINT('',#1103);
#1105=CARTESIAN_POINT('',(-4.6893398282202,-3.1893398282202,2.));
#1106=DIRECTION('',(0.,0.,-1.));
#1107=VECTOR('',#1106,1.);
#1108=LINE('',#1105,#1107);
#1109=EDGE_CURVE('',#1104,#919,#1108,.T.);
#1110=ORIENTED_EDGE('',*,*,#1109,.T.);
#1111=ORIENTED_EDGE('',*,*,#925,.F.);
#1112=CARTESIAN_POINT('',(-4.4696699141101,-2.4078317533002,2.));
#1113=VERTEX_POINT('',#1112);
#1114=CARTESIAN_POINT('',(-4.4696699141101,-2.4078317533002,1.));
#1115=DIRECTION('',(0.,0.,1.));
#1116=VECTOR('',#1115,1.);
#1117=LINE('',#1114,#1116);
#1118=EDGE_CURVE('',#917,#1113,#1117,.T.);
#1119=ORIENTED_EDGE('',*,*,#1118,.T.);
#1120=CARTESIAN_POINT('',(-3.1893398282202,-3.1893398282202,2.));
#1121=DIRECTION('',(-0.85355339059327,0.52100538328,0.));
#1122=DIRECTION('',(0.,0.,1.));
#1123=AXIS2_PLACEMENT_3D('',#1120,#1122,#1121);
#1124=CIRCLE('',#1123,1.5);
#1125=EDGE_CURVE('',#1113,#1104,#1124,.T.);
#1126=ORIENTED_EDGE('',*,*,#1125,.T.);
#1127=EDGE_LOOP('',(#1110,#1111,#1119,#1126));
#1128=FACE_OUTER_BOUND('',#1127,.T.);
#1129=ADVANCED_FACE('',(#1128),#1102,.F.);
#1130=CARTESIAN_POINT('',(-3.1893398282202,-3.1893398282202,2.));
#1131=DIRECTION('',(0.52100538328006,-0.85355339059323,2.9605947323338E-16));
#1132=DIRECTION('',(4.4408920985006E-16,8.8817841970012E-16,-1.));
#1133=AXIS2_PLACEMENT_3D('',#1130,#1132,#1131);
#1134=CYLINDRICAL_SURFACE('',#1133,1.5);
#1135=CARTESIAN_POINT('',(-2.4078317532978,-4.4696699141086,2.));
#1136=VERTEX_POINT('',#1135);
#1137=CARTESIAN_POINT('',(-3.1893398282202,-3.1893398282202,2.));
#1138=DIRECTION('',(-1.,0.,0.));
#1139=DIRECTION('',(-0.,0.,1.));
#1140=AXIS2_PLACEMENT_3D('',#1137,#1139,#1138);
#1141=CIRCLE('',#1140,1.5);
#1142=EDGE_CURVE('',#1104,#1136,#1141,.T.);
#1143=ORIENTED_EDGE('',*,*,#1142,.T.);
#1144=CARTESIAN_POINT('',(-2.4078317532978,-4.4696699141086,2.));
#1145=DIRECTION('',(-2.3998580900297E-12,-1.5001333508735E-12,-1.));
#1146=VECTOR('',#1145,1.);
#1147=LINE('',#1144,#1146);
#1148=EDGE_CURVE('',#1136,#928,#1147,.T.);
#1149=ORIENTED_EDGE('',*,*,#1148,.T.);
#1150=ORIENTED_EDGE('',*,*,#934,.F.);
#1151=ORIENTED_EDGE('',*,*,#1109,.F.);
#1152=EDGE_LOOP('',(#1143,#1149,#1150,#1151));
#1153=FACE_OUTER_BOUND('',#1152,.T.);
#1154=ADVANCED_FACE('',(#1153),#1134,.F.);
#1155=CARTESIAN_POINT('',(3.1893398282202,-3.1893398282202,2.));
#1156=DIRECTION('',(0.85355340125568,0.52100536581197,-1.7763568394002E-15));
#1157=DIRECTION('',(-8.8817841970012E-16,0.,-1.));
#1158=AXIS2_PLACEMENT_3D('',#1155,#1157,#1156);
#1159=CYLINDRICAL_SURFACE('',#1158,1.5);
#1160=CARTESIAN_POINT('',(4.4696699141101,-2.4078317533002,2.));
#1161=VERTEX_POINT('',#1160);
#1162=CARTESIAN_POINT('',(4.4696699141101,-2.4078317533002,2.));
#1163=DIRECTION('',(0.,0.,-1.));
#1164=VECTOR('',#1163,1.);
#1165=LINE('',#1162,#1164);
#1166=EDGE_CURVE('',#1161,#954,#1165,.T.);
#1167=ORIENTED_EDGE('',*,*,#1166,.T.);
#1168=ORIENTED_EDGE('',*,*,#960,.F.);
#1169=CARTESIAN_POINT('',(2.4078317533002,-4.4696699141101,2.));
#1170=VERTEX_POINT('',#1169);
#1171=CARTESIAN_POINT('',(2.4078317533003,-4.4696699141101,1.));
#1172=DIRECTION('',(-1.0036416142611E-13,0.,1.));
#1173=VECTOR('',#1172,1.);
#1174=LINE('',#1171,#1173);
#1175=EDGE_CURVE('',#945,#1170,#1174,.T.);
#1176=ORIENTED_EDGE('',*,*,#1175,.T.);
#1177=CARTESIAN_POINT('',(3.1893398282202,-3.1893398282202,2.));
#1178=DIRECTION('',(-0.52100538328,-0.85355339059327,0.));
#1179=DIRECTION('',(0.,-0.,1.));
#1180=AXIS2_PLACEMENT_3D('',#1177,#1179,#1178);
#1181=CIRCLE('',#1180,1.5);
#1182=EDGE_CURVE('',#1170,#1161,#1181,.T.);
#1183=ORIENTED_EDGE('',*,*,#1182,.T.);
#1184=EDGE_LOOP('',(#1167,#1168,#1176,#1183));
#1185=FACE_OUTER_BOUND('',#1184,.T.);
#1186=ADVANCED_FACE('',(#1185),#1159,.F.);
#1187=CARTESIAN_POINT('',(3.1893398282202,3.1893398282202,2.));
#1188=DIRECTION('',(-0.5210053081546,0.85355343644949,-2.9605947323338E-16));
#1189=DIRECTION('',(-8.8817841970013E-16,-1.7763568394003E-15,-1.));
#1190=AXIS2_PLACEMENT_3D('',#1187,#1189,#1188);
#1191=CYLINDRICAL_SURFACE('',#1190,1.5);
#1192=CARTESIAN_POINT('',(4.4696699141101,2.4078317533002,2.));
#1193=VERTEX_POINT('',#1192);
#1194=CARTESIAN_POINT('',(4.4696699141101,2.4078317533003,1.));
#1195=DIRECTION('',(0.,-1.0036416142611E-13,1.));
#1196=VECTOR('',#1195,1.);
#1197=LINE('',#1194,#1196);
#1198=EDGE_CURVE('',#971,#1193,#1197,.T.);
#1199=ORIENTED_EDGE('',*,*,#1198,.T.);
#1200=CARTESIAN_POINT('',(2.4078317533002,4.4696699141101,2.));
#1201=VERTEX_POINT('',#1200);
#1202=CARTESIAN_POINT('',(3.1893398282202,3.1893398282202,2.));
#1203=DIRECTION('',(0.85355339059327,-0.52100538328,0.));
#1204=DIRECTION('',(0.,0.,1.));
#1205=AXIS2_PLACEMENT_3D('',#1202,#1204,#1203);
#1206=CIRCLE('',#1205,1.5);
#1207=EDGE_CURVE('',#1193,#1201,#1206,.T.);
#1208=ORIENTED_EDGE('',*,*,#1207,.T.);
#1209=CARTESIAN_POINT('',(2.4078317533002,4.4696699141101,2.));
#1210=DIRECTION('',(0.,0.,-1.));
#1211=VECTOR('',#1210,1.);
#1212=LINE('',#1209,#1211);
#1213=EDGE_CURVE('',#1201,#980,#1212,.T.);
#1214=ORIENTED_EDGE('',*,*,#1213,.T.);
#1215=ORIENTED_EDGE('',*,*,#986,.F.);
#1216=EDGE_LOOP('',(#1199,#1208,#1214,#1215));
#1217=FACE_OUTER_BOUND('',#1216,.T.);
#1218=ADVANCED_FACE('',(#1217),#1191,.F.);
#1219=CARTESIAN_POINT('',(5.7500000000001,1.6263236783802,1.));
#1220=DIRECTION('',(-1.,-2.286950243994E-08,7.4014868308341E-17));
#1221=DIRECTION('',(0.,0.,1.));
#1222=AXIS2_PLACEMENT_3D('',#1219,#1221,#1220);
#1223=CYLINDRICAL_SURFACE('',#1222,1.5);
#1224=ORIENTED_EDGE('',*,*,#752,.F.);
#1225=CARTESIAN_POINT('',(5.75,1.6263236783802,2.));
#1226=DIRECTION('',(-1.,-2.368475785867E-15,-2.368475785867E-15));
#1227=DIRECTION('',(2.2680000562005E-15,-6.3749997413432E-16,-1.));
#1228=AXIS2_PLACEMENT_3D('',#1225,#1227,#1226);
#1229=CIRCLE('',#1228,1.5);
#1230=EDGE_CURVE('',#741,#1193,#1229,.T.);
#1231=ORIENTED_EDGE('',*,*,#1230,.T.);
#1232=ORIENTED_EDGE('',*,*,#1198,.F.);
#1233=ORIENTED_EDGE('',*,*,#977,.F.);
#1234=EDGE_LOOP('',(#1224,#1231,#1232,#1233));
#1235=FACE_OUTER_BOUND('',#1234,.T.);
#1236=ADVANCED_FACE('',(#1235),#1223,.T.);
#1237=CARTESIAN_POINT('',(1.6263236783802,5.7500000000001,2.));
#1238=DIRECTION('',(-2.2869498295107E-08,-1.,0.));
#1239=DIRECTION('',(0.,0.,-1.));
#1240=AXIS2_PLACEMENT_3D('',#1237,#1239,#1238);
#1241=CYLINDRICAL_SURFACE('',#1240,1.5000000000001);
#1242=ORIENTED_EDGE('',*,*,#872,.F.);
#1243=ORIENTED_EDGE('',*,*,#993,.F.);
#1244=ORIENTED_EDGE('',*,*,#1213,.F.);
#1245=CARTESIAN_POINT('',(1.6263236783802,5.75,2.));
#1246=DIRECTION('',(0.52100538328,-0.85355339059327,-1.0362081563168E-15));
#1247=DIRECTION('',(-1.0583774290062E-15,7.3290278715939E-16,-1.));
#1248=AXIS2_PLACEMENT_3D('',#1245,#1247,#1246);
#1249=CIRCLE('',#1248,1.5);
#1250=EDGE_CURVE('',#1201,#843,#1249,.T.);
#1251=ORIENTED_EDGE('',*,*,#1250,.T.);
#1252=EDGE_LOOP('',(#1242,#1243,#1244,#1251));
#1253=FACE_OUTER_BOUND('',#1252,.T.);
#1254=ADVANCED_FACE('',(#1253),#1241,.T.);
#1255=CARTESIAN_POINT('',(-1.6263236783802,5.75,1.));
#1256=DIRECTION('',(2.28695316018E-08,-1.,6.6613381477512E-16));
#1257=DIRECTION('',(0.,0.,1.));
#1258=AXIS2_PLACEMENT_3D('',#1255,#1257,#1256);
#1259=CYLINDRICAL_SURFACE('',#1258,1.5);
#1260=ORIENTED_EDGE('',*,*,#858,.F.);
#1261=CARTESIAN_POINT('',(-1.6263236783802,5.75,2.));
#1262=DIRECTION('',(2.0724163126336E-15,-1.,3.1086244689504E-15));
#1263=DIRECTION('',(-9.0592075903359E-16,-3.2229455853713E-15,-1.));
#1264=AXIS2_PLACEMENT_3D('',#1261,#1263,#1262);
#1265=CIRCLE('',#1264,1.5);
#1266=EDGE_CURVE('',#845,#1048,#1265,.T.);
#1267=ORIENTED_EDGE('',*,*,#1266,.T.);
#1268=ORIENTED_EDGE('',*,*,#1053,.F.);
#1269=ORIENTED_EDGE('',*,*,#1003,.F.);
#1270=EDGE_LOOP('',(#1260,#1267,#1268,#1269));
#1271=FACE_OUTER_BOUND('',#1270,.T.);
#1272=ADVANCED_FACE('',(#1271),#1259,.T.);
#1273=CARTESIAN_POINT('',(-5.75,1.6263236783802,2.));
#1274=DIRECTION('',(1.,-2.2869499775405E-08,-2.9605947323337E-16));
#1275=DIRECTION('',(0.,0.,-1.));
#1276=AXIS2_PLACEMENT_3D('',#1273,#1275,#1274);
#1277=CYLINDRICAL_SURFACE('',#1276,1.5);
#1278=ORIENTED_EDGE('',*,*,#832,.F.);
#1279=ORIENTED_EDGE('',*,*,#1028,.F.);
#1280=ORIENTED_EDGE('',*,*,#1091,.F.);
#1281=CARTESIAN_POINT('',(-5.75,1.6263236783802,2.));
#1282=DIRECTION('',(0.85355339059327,0.52100538328,-1.9243865760169E-15));
#1283=DIRECTION('',(-1.4777746438288E-15,-6.9950298858391E-16,-1.));
#1284=AXIS2_PLACEMENT_3D('',#1281,#1283,#1282);
#1285=CIRCLE('',#1284,1.5);
#1286=EDGE_CURVE('',#1079,#803,#1285,.T.);
#1287=ORIENTED_EDGE('',*,*,#1286,.T.);
#1288=EDGE_LOOP('',(#1278,#1279,#1280,#1287));
#1289=FACE_OUTER_BOUND('',#1288,.T.);
#1290=ADVANCED_FACE('',(#1289),#1277,.T.);
#1291=CARTESIAN_POINT('',(5.7500000000002,-1.6263236783802,2.));
#1292=DIRECTION('',(-1.,2.2869502439938E-08,0.));
#1293=DIRECTION('',(0.,0.,-1.));
#1294=AXIS2_PLACEMENT_3D('',#1291,#1293,#1292);
#1295=CYLINDRICAL_SURFACE('',#1294,1.5000000000002);
#1296=ORIENTED_EDGE('',*,*,#738,.F.);
#1297=ORIENTED_EDGE('',*,*,#967,.F.);
#1298=ORIENTED_EDGE('',*,*,#1166,.F.);
#1299=CARTESIAN_POINT('',(5.75,-1.6263236783802,2.));
#1300=DIRECTION('',(-0.85355339059327,-0.52100538328,0.));
#1301=DIRECTION('',(0.,0.,-1.));
#1302=AXIS2_PLACEMENT_3D('',#1299,#1301,#1300);
#1303=CIRCLE('',#1302,1.5);
#1304=EDGE_CURVE('',#1161,#733,#1303,.T.);
#1305=ORIENTED_EDGE('',*,*,#1304,.T.);
#1306=EDGE_LOOP('',(#1296,#1297,#1298,#1305));
#1307=FACE_OUTER_BOUND('',#1306,.T.);
#1308=ADVANCED_FACE('',(#1307),#1295,.T.);
#1309=CARTESIAN_POINT('',(1.6263236783802,-5.7500000000001,1.));
#1310=DIRECTION('',(-2.2869497999048E-08,1.,0.));
#1311=DIRECTION('',(0.,0.,1.));
#1312=AXIS2_PLACEMENT_3D('',#1309,#1311,#1310);
#1313=CYLINDRICAL_SURFACE('',#1312,1.5000000000001);
#1314=ORIENTED_EDGE('',*,*,#792,.F.);
#1315=CARTESIAN_POINT('',(1.6263236783802,-5.75,2.));
#1316=DIRECTION('',(-2.368475785867E-15,1.,1.1842378929335E-15));
#1317=DIRECTION('',(4.3618419282875E-16,1.5517895121372E-15,-1.));
#1318=AXIS2_PLACEMENT_3D('',#1315,#1317,#1316);
#1319=CIRCLE('',#1318,1.5);
#1320=EDGE_CURVE('',#781,#1170,#1319,.T.);
#1321=ORIENTED_EDGE('',*,*,#1320,.T.);
#1322=ORIENTED_EDGE('',*,*,#1175,.F.);
#1323=ORIENTED_EDGE('',*,*,#951,.F.);
#1324=EDGE_LOOP('',(#1314,#1321,#1322,#1323));
#1325=FACE_OUTER_BOUND('',#1324,.T.);
#1326=ADVANCED_FACE('',(#1325),#1313,.T.);
#1327=CARTESIAN_POINT('',(-1.6263236783802,-5.7500000000002,2.));
#1328=DIRECTION('',(2.286949622269E-08,1.,0.));
#1329=DIRECTION('',(0.,0.,-1.));
#1330=AXIS2_PLACEMENT_3D('',#1327,#1329,#1328);
#1331=CYLINDRICAL_SURFACE('',#1330,1.5000000000002);
#1332=ORIENTED_EDGE('',*,*,#778,.F.);
#1333=ORIENTED_EDGE('',*,*,#941,.F.);
#1334=ORIENTED_EDGE('',*,*,#1148,.F.);
#1335=CARTESIAN_POINT('',(-1.6263236783802,-5.75,2.));
#1336=DIRECTION('',(-0.52100538327839,0.85355339059425,0.));
#1337=DIRECTION('',(0.,0.,-1.));
#1338=AXIS2_PLACEMENT_3D('',#1335,#1337,#1336);
#1339=CIRCLE('',#1338,1.5);
#1340=EDGE_CURVE('',#1136,#773,#1339,.T.);
#1341=ORIENTED_EDGE('',*,*,#1340,.T.);
#1342=EDGE_LOOP('',(#1332,#1333,#1334,#1341));
#1343=FACE_OUTER_BOUND('',#1342,.T.);
#1344=ADVANCED_FACE('',(#1343),#1331,.T.);
#1345=CARTESIAN_POINT('',(-5.75,-1.6263236783802,1.));
#1346=DIRECTION('',(1.,1.2129891165576E-09,0.));
#1347=DIRECTION('',(0.,0.,1.));
#1348=AXIS2_PLACEMENT_3D('',#1345,#1347,#1346);
#1349=CYLINDRICAL_SURFACE('',#1348,1.5);
#1350=ORIENTED_EDGE('',*,*,#1118,.F.);
#1351=ORIENTED_EDGE('',*,*,#1036,.F.);
#1352=ORIENTED_EDGE('',*,*,#818,.F.);
#1353=CARTESIAN_POINT('',(-5.75,-1.6263236783802,2.));
#1354=DIRECTION('',(1.,2.368475785867E-15,0.));
#1355=DIRECTION('',(-0.,0.,-1.));
#1356=AXIS2_PLACEMENT_3D('',#1353,#1355,#1354);
#1357=CIRCLE('',#1356,1.5);
#1358=EDGE_CURVE('',#805,#1113,#1357,.T.);
#1359=ORIENTED_EDGE('',*,*,#1358,.T.);
#1360=EDGE_LOOP('',(#1350,#1351,#1352,#1359));
#1361=FACE_OUTER_BOUND('',#1360,.T.);
#1362=ADVANCED_FACE('',(#1361),#1349,.T.);
#1363=CARTESIAN_POINT('',(19.15,15.15,-5.2916902036694E-16));
#1364=DIRECTION('',(1.,-3.5527136788004E-15,-3.7432807428627E-17));
#1365=DIRECTION('',(0.,0.,1.));
#1366=AXIS2_PLACEMENT_3D('',#1363,#1365,#1364);
#1367=CYLINDRICAL_SURFACE('',#1366,1.5);
#1368=ORIENTED_EDGE('',*,*,#888,.F.);
#1369=ORIENTED_EDGE('',*,*,#626,.F.);
#1370=ORIENTED_EDGE('',*,*,#459,.F.);
#1371=ORIENTED_EDGE('',*,*,#547,.F.);
#1372=EDGE_LOOP('',(#1368,#1369,#1370,#1371));
#1373=FACE_OUTER_BOUND('',#1372,.T.);
#1374=ADVANCED_FACE('',(#1373),#1367,.F.);
#1375=CARTESIAN_POINT('',(19.15,-15.15,-5.2916902036694E-16));
#1376=DIRECTION('',(0.,-1.,-3.7432807428628E-17));
#1377=DIRECTION('',(0.,0.,1.));
#1378=AXIS2_PLACEMENT_3D('',#1375,#1377,#1376);
#1379=CYLINDRICAL_SURFACE('',#1378,1.5);
#1380=ORIENTED_EDGE('',*,*,#896,.F.);
#1381=ORIENTED_EDGE('',*,*,#533,.F.);
#1382=ORIENTED_EDGE('',*,*,#510,.F.);
#1383=ORIENTED_EDGE('',*,*,#578,.F.);
#1384=EDGE_LOOP('',(#1380,#1381,#1382,#1383));
#1385=FACE_OUTER_BOUND('',#1384,.T.);
#1386=ADVANCED_FACE('',(#1385),#1379,.F.);
#1387=CARTESIAN_POINT('',(-19.15,-15.15,-5.2916902036694E-16));
#1388=DIRECTION('',(-1.,3.5527136788004E-15,-3.7432807428627E-17));
#1389=DIRECTION('',(0.,0.,1.));
#1390=AXIS2_PLACEMENT_3D('',#1387,#1389,#1388);
#1391=CYLINDRICAL_SURFACE('',#1390,1.5);
#1392=ORIENTED_EDGE('',*,*,#904,.F.);
#1393=ORIENTED_EDGE('',*,*,#564,.F.);
#1394=ORIENTED_EDGE('',*,*,#493,.F.);
#1395=ORIENTED_EDGE('',*,*,#609,.F.);
#1396=EDGE_LOOP('',(#1392,#1393,#1394,#1395));
#1397=FACE_OUTER_BOUND('',#1396,.T.);
#1398=ADVANCED_FACE('',(#1397),#1391,.F.);
#1399=CARTESIAN_POINT('',(-19.15,15.15,-5.2916902036694E-16));
#1400=DIRECTION('',(0.,1.,-3.7432807428628E-17));
#1401=DIRECTION('',(0.,0.,1.));
#1402=AXIS2_PLACEMENT_3D('',#1399,#1401,#1400);
#1403=CYLINDRICAL_SURFACE('',#1402,1.5);
#1404=ORIENTED_EDGE('',*,*,#912,.F.);
#1405=ORIENTED_EDGE('',*,*,#595,.F.);
#1406=ORIENTED_EDGE('',*,*,#476,.F.);
#1407=ORIENTED_EDGE('',*,*,#640,.F.);
#1408=EDGE_LOOP('',(#1404,#1405,#1406,#1407));
#1409=FACE_OUTER_BOUND('',#1408,.T.);
#1410=ADVANCED_FACE('',(#1409),#1403,.F.);
#1411=CARTESIAN_POINT('',(-6.5503158452884E-15,18.5,6.3));
#1412=DIRECTION('',(-1.,-1.1842378929335E-15,2.9605947323338E-16));
#1413=DIRECTION('',(3.1958057868389E-16,-1.,8.5221487649036E-16));
#1414=AXIS2_PLACEMENT_3D('',#1411,#1413,#1412);
#1415=CYLINDRICAL_SURFACE('',#1414,3.);
#1416=ORIENTED_EDGE('',*,*,#203,.F.);
#1417=CARTESIAN_POINT('',(-3.,17.457799911499,6.3));
#1418=VERTEX_POINT('',#1417);
#1419=CARTESIAN_POINT('',(-3.,18.5,6.3));
#1420=DIRECTION('',(0.,-1.,0.));
#1421=VECTOR('',#1420,1.042200088501);
#1422=LINE('',#1419,#1421);
#1423=EDGE_CURVE('',#197,#1418,#1422,.T.);
#1424=ORIENTED_EDGE('',*,*,#1423,.T.);
#1425=CARTESIAN_POINT('',(-4.8849813083507E-15,17.457799911499,6.3));
#1426=DIRECTION('',(-1.,-0.,5.2336415289459E-17));
#1427=DIRECTION('',(0.,-1.,-0.));
#1428=AXIS2_PLACEMENT_3D('',#1425,#1427,#1426);
#1429=CIRCLE('',#1428,3.);
#1430=EDGE_CURVE('',#1418,#1418,#1429,.T.);
#1431=ORIENTED_EDGE('',*,*,#1430,.T.);
#1432=ORIENTED_EDGE('',*,*,#1423,.F.);
#1433=EDGE_LOOP('',(#1416,#1424,#1431,#1432));
#1434=FACE_OUTER_BOUND('',#1433,.T.);
#1435=ADVANCED_FACE('',(#1434),#1415,.F.);
#1436=CARTESIAN_POINT('',(-8.,17.75,7.5));
#1437=DIRECTION('',(0.,0.,-1.));
#1438=DIRECTION('',(1.,-0.,0.));
#1439=AXIS2_PLACEMENT_3D('',#1436,#1438,#1437);
#1440=PLANE('',#1439);
#1441=ORIENTED_EDGE('',*,*,#215,.F.);
#1442=CARTESIAN_POINT('',(-8.,17.457799911499,10.000000011221));
#1443=VERTEX_POINT('',#1442);
#1444=CARTESIAN_POINT('',(-8.,18.5,10.));
#1445=DIRECTION('',(0.,-1.,1.0766645833844E-08));
#1446=VECTOR('',#1445,1.042200088501);
#1447=LINE('',#1444,#1446);
#1448=EDGE_CURVE('',#208,#1443,#1447,.T.);
#1449=ORIENTED_EDGE('',*,*,#1448,.T.);
#1450=CARTESIAN_POINT('',(-8.,17.457799911499,5.));
#1451=VERTEX_POINT('',#1450);
#1452=CARTESIAN_POINT('',(-8.,17.457799911499,10.000000011221));
#1453=DIRECTION('',(0.,0.,-1.));
#1454=VECTOR('',#1453,5.000000011221);
#1455=LINE('',#1452,#1454);
#1456=EDGE_CURVE('',#1443,#1451,#1455,.T.);
#1457=ORIENTED_EDGE('',*,*,#1456,.T.);
#1458=CARTESIAN_POINT('',(-8.,17.457799911499,5.));
#1459=DIRECTION('',(0.,1.,0.));
#1460=VECTOR('',#1459,1.042200088501);
#1461=LINE('',#1458,#1460);
#1462=EDGE_CURVE('',#1451,#210,#1461,.T.);
#1463=ORIENTED_EDGE('',*,*,#1462,.T.);
#1464=EDGE_LOOP('',(#1441,#1449,#1457,#1463));
#1465=FACE_OUTER_BOUND('',#1464,.T.);
#1466=ADVANCED_FACE('',(#1465),#1440,.T.);
#1467=CARTESIAN_POINT('',(-7.,17.457799911499,5.));
#1468=DIRECTION('',(1.,0.,-5.610536923939E-09));
#1469=DIRECTION('',(-8.5221487649036E-16,1.,0.));
#1470=AXIS2_PLACEMENT_3D('',#1467,#1469,#1468);
#1471=CYLINDRICAL_SURFACE('',#1470,1.);
#1472=ORIENTED_EDGE('',*,*,#224,.F.);
#1473=ORIENTED_EDGE('',*,*,#1462,.F.);
#1474=CARTESIAN_POINT('',(-6.,17.457799911499,4.9999999887789));
#1475=VERTEX_POINT('',#1474);
#1476=CARTESIAN_POINT('',(-7.,17.457799911499,5.));
#1477=DIRECTION('',(-1.,-3.5527136788005E-15,1.1221099605052E-08));
#1478=DIRECTION('',(3.216378616062E-15,-1.,3.2163785438794E-15));
#1479=AXIS2_PLACEMENT_3D('',#1476,#1478,#1477);
#1480=CIRCLE('',#1479,1.);
#1481=EDGE_CURVE('',#1451,#1475,#1480,.T.);
#1482=ORIENTED_EDGE('',*,*,#1481,.T.);
#1483=CARTESIAN_POINT('',(-6.,17.457799911499,4.9999999887789));
#1484=DIRECTION('',(0.,1.,1.0766742134125E-08));
#1485=VECTOR('',#1484,1.042200088501);
#1486=LINE('',#1483,#1485);
#1487=EDGE_CURVE('',#1475,#218,#1486,.T.);
#1488=ORIENTED_EDGE('',*,*,#1487,.T.);
#1489=EDGE_LOOP('',(#1472,#1473,#1482,#1488));
#1490=FACE_OUTER_BOUND('',#1489,.T.);
#1491=ADVANCED_FACE('',(#1490),#1471,.F.);
#1492=CARTESIAN_POINT('',(-6.,17.75,7.5));
#1493=DIRECTION('',(0.,0.,1.));
#1494=DIRECTION('',(-1.,0.,0.));
#1495=AXIS2_PLACEMENT_3D('',#1492,#1494,#1493);
#1496=PLANE('',#1495);
#1497=ORIENTED_EDGE('',*,*,#232,.F.);
#1498=ORIENTED_EDGE('',*,*,#1487,.F.);
#1499=CARTESIAN_POINT('',(-6.,17.457799911499,10.));
#1500=VERTEX_POINT('',#1499);
#1501=CARTESIAN_POINT('',(-6.,17.457799911499,4.9999999887789));
#1502=DIRECTION('',(0.,0.,1.));
#1503=VECTOR('',#1502,5.0000000112211);
#1504=LINE('',#1501,#1503);
#1505=EDGE_CURVE('',#1475,#1500,#1504,.T.);
#1506=ORIENTED_EDGE('',*,*,#1505,.T.);
#1507=CARTESIAN_POINT('',(-6.,17.457799911499,10.));
#1508=DIRECTION('',(0.,1.,0.));
#1509=VECTOR('',#1508,1.042200088501);
#1510=LINE('',#1507,#1509);
#1511=EDGE_CURVE('',#1500,#227,#1510,.T.);
#1512=ORIENTED_EDGE('',*,*,#1511,.T.);
#1513=EDGE_LOOP('',(#1497,#1498,#1506,#1512));
#1514=FACE_OUTER_BOUND('',#1513,.T.);
#1515=ADVANCED_FACE('',(#1514),#1496,.T.);
#1516=CARTESIAN_POINT('',(-7.,17.457799911499,10.));
#1517=DIRECTION('',(-1.,0.,5.6105040613374E-09));
#1518=DIRECTION('',(0.,1.,0.));
#1519=AXIS2_PLACEMENT_3D('',#1516,#1518,#1517);
#1520=CYLINDRICAL_SURFACE('',#1519,1.);
#1521=ORIENTED_EDGE('',*,*,#239,.F.);
#1522=ORIENTED_EDGE('',*,*,#1511,.F.);
#1523=CARTESIAN_POINT('',(-7.,17.457799911499,10.));
#1524=DIRECTION('',(1.,-3.5527136788005E-15,-1.1220999240891E-08));
#1525=DIRECTION('',(-3.2163786160617E-15,-1.,-3.2163785438797E-15));
#1526=AXIS2_PLACEMENT_3D('',#1523,#1525,#1524);
#1527=CIRCLE('',#1526,1.);
#1528=EDGE_CURVE('',#1500,#1443,#1527,.T.);
#1529=ORIENTED_EDGE('',*,*,#1528,.T.);
#1530=ORIENTED_EDGE('',*,*,#1448,.F.);
#1531=EDGE_LOOP('',(#1521,#1522,#1529,#1530));
#1532=FACE_OUTER_BOUND('',#1531,.T.);
#1533=ADVANCED_FACE('',(#1532),#1520,.F.);
#1534=CARTESIAN_POINT('',(8.,17.75,7.5));
#1535=DIRECTION('',(0.,0.,-1.));
#1536=DIRECTION('',(-1.,-0.,-0.));
#1537=AXIS2_PLACEMENT_3D('',#1534,#1536,#1535);
#1538=PLANE('',#1537);
#1539=ORIENTED_EDGE('',*,*,#168,.F.);
#1540=CARTESIAN_POINT('',(8.,17.457799911499,4.9999999002967));
#1541=VERTEX_POINT('',#1540);
#1542=CARTESIAN_POINT('',(8.,18.5,5.));
#1543=DIRECTION('',(0.,-1.,-9.566617863355E-08));
#1544=VECTOR('',#1543,1.042200088501);
#1545=LINE('',#1542,#1544);
#1546=EDGE_CURVE('',#161,#1541,#1545,.T.);
#1547=ORIENTED_EDGE('',*,*,#1546,.T.);
#1548=CARTESIAN_POINT('',(7.9999999999999,17.457799911499,10.000000320291));
#1549=VERTEX_POINT('',#1548);
#1550=CARTESIAN_POINT('',(8.,17.457799911499,4.9999999002967));
#1551=DIRECTION('',(-2.0072830599128E-14,0.,1.));
#1552=VECTOR('',#1551,5.0000004199943);
#1553=LINE('',#1550,#1552);
#1554=EDGE_CURVE('',#1541,#1549,#1553,.T.);
#1555=ORIENTED_EDGE('',*,*,#1554,.T.);
#1556=CARTESIAN_POINT('',(7.9999999999999,17.457799911499,10.000000320291));
#1557=DIRECTION('',(9.6300281043406E-14,0.99999999999995,-3.073219858322E-07));
#1558=VECTOR('',#1557,1.0422000885011);
#1559=LINE('',#1556,#1558);
#1560=EDGE_CURVE('',#1549,#163,#1559,.T.);
#1561=ORIENTED_EDGE('',*,*,#1560,.T.);
#1562=EDGE_LOOP('',(#1539,#1547,#1555,#1561));
#1563=FACE_OUTER_BOUND('',#1562,.T.);
#1564=ADVANCED_FACE('',(#1563),#1538,.T.);
#1565=CARTESIAN_POINT('',(7.,17.457799911499,10.));
#1566=DIRECTION('',(-1.,0.,4.9851482941676E-08));
#1567=DIRECTION('',(0.,1.,0.));
#1568=AXIS2_PLACEMENT_3D('',#1565,#1567,#1566);
#1569=CYLINDRICAL_SURFACE('',#1568,1.);
#1570=ORIENTED_EDGE('',*,*,#177,.F.);
#1571=ORIENTED_EDGE('',*,*,#1560,.F.);
#1572=CARTESIAN_POINT('',(6.,17.457799911499,10.000000099703));
#1573=VERTEX_POINT('',#1572);
#1574=CARTESIAN_POINT('',(7.,17.457799911499,10.));
#1575=DIRECTION('',(1.,7.105427357601E-15,-9.9702999634132E-08));
#1576=DIRECTION('',(9.9539096116784E-15,-1.,-7.8096589961123E-15));
#1577=AXIS2_PLACEMENT_3D('',#1574,#1576,#1575);
#1578=CIRCLE('',#1577,1.);
#1579=EDGE_CURVE('',#1549,#1573,#1578,.T.);
#1580=ORIENTED_EDGE('',*,*,#1579,.T.);
#1581=CARTESIAN_POINT('',(6.,17.457799911499,10.000000099703));
#1582=DIRECTION('',(0.,1.,-9.5665890584921E-08));
#1583=VECTOR('',#1582,1.042200088501);
#1584=LINE('',#1581,#1583);
#1585=EDGE_CURVE('',#1573,#171,#1584,.T.);
#1586=ORIENTED_EDGE('',*,*,#1585,.T.);
#1587=EDGE_LOOP('',(#1570,#1571,#1580,#1586));
#1588=FACE_OUTER_BOUND('',#1587,.T.);
#1589=ADVANCED_FACE('',(#1588),#1569,.F.);
#1590=CARTESIAN_POINT('',(6.,17.75,7.5));
#1591=DIRECTION('',(0.,0.,1.));
#1592=DIRECTION('',(1.,0.,-0.));
#1593=AXIS2_PLACEMENT_3D('',#1590,#1592,#1591);
#1594=PLANE('',#1593);
#1595=ORIENTED_EDGE('',*,*,#185,.F.);
#1596=ORIENTED_EDGE('',*,*,#1585,.F.);
#1597=CARTESIAN_POINT('',(6.0000000000001,17.457799911499,4.9999996797094));
#1598=VERTEX_POINT('',#1597);
#1599=CARTESIAN_POINT('',(6.,17.457799911499,10.000000099703));
#1600=DIRECTION('',(2.0072830599131E-14,0.,-1.));
#1601=VECTOR('',#1600,5.0000004199936);
#1602=LINE('',#1599,#1601);
#1603=EDGE_CURVE('',#1573,#1598,#1602,.T.);
#1604=ORIENTED_EDGE('',*,*,#1603,.T.);
#1605=CARTESIAN_POINT('',(6.0000000000001,17.457799911499,4.9999996797094));
#1606=DIRECTION('',(-9.6300281043406E-14,0.99999999999995,3.0732160148329E-07));
#1607=VECTOR('',#1606,1.0422000885011);
#1608=LINE('',#1605,#1607);
#1609=EDGE_CURVE('',#1598,#180,#1608,.T.);
#1610=ORIENTED_EDGE('',*,*,#1609,.T.);
#1611=EDGE_LOOP('',(#1595,#1596,#1604,#1610));
#1612=FACE_OUTER_BOUND('',#1611,.T.);
#1613=ADVANCED_FACE('',(#1612),#1594,.T.);
#1614=CARTESIAN_POINT('',(7.,17.457799911499,5.));
#1615=DIRECTION('',(1.,0.,-4.985164370197E-08));
#1616=DIRECTION('',(-8.5221487649036E-16,1.,-3.4088595059614E-15));
#1617=AXIS2_PLACEMENT_3D('',#1614,#1616,#1615);
#1618=CYLINDRICAL_SURFACE('',#1617,1.);
#1619=ORIENTED_EDGE('',*,*,#192,.F.);
#1620=ORIENTED_EDGE('',*,*,#1609,.F.);
#1621=CARTESIAN_POINT('',(7.,17.457799911499,5.));
#1622=DIRECTION('',(-1.,7.105427357601E-15,9.9703301614795E-08));
#1623=DIRECTION('',(-6.7690922252374E-15,-1.,3.3633577373062E-16));
#1624=AXIS2_PLACEMENT_3D('',#1621,#1623,#1622);
#1625=CIRCLE('',#1624,1.);
#1626=EDGE_CURVE('',#1598,#1541,#1625,.T.);
#1627=ORIENTED_EDGE('',*,*,#1626,.T.);
#1628=ORIENTED_EDGE('',*,*,#1546,.F.);
#1629=EDGE_LOOP('',(#1619,#1620,#1627,#1628));
#1630=FACE_OUTER_BOUND('',#1629,.T.);
#1631=ADVANCED_FACE('',(#1630),#1618,.F.);
#1632=CARTESIAN_POINT('',(12.,27.5,6.5));
#1633=DIRECTION('',(1.,0.,-2.1316282072803E-15));
#1634=DIRECTION('',(0.,-1.,0.));
#1635=AXIS2_PLACEMENT_3D('',#1632,#1634,#1633);
#1636=CYLINDRICAL_SURFACE('',#1635,1.25);
#1637=CARTESIAN_POINT('',(13.25,14.457799911499,6.5));
#1638=VERTEX_POINT('',#1637);
#1639=CARTESIAN_POINT('',(13.25,18.5,6.5));
#1640=DIRECTION('',(-4.3945297128005E-16,-1.,-2.1972648564003E-16));
#1641=VECTOR('',#1640,4.042200088501);
#1642=LINE('',#1639,#1641);
#1643=EDGE_CURVE('',#244,#1638,#1642,.T.);
#1644=ORIENTED_EDGE('',*,*,#1643,.T.);
#1645=CARTESIAN_POINT('',(12.,14.457799911499,6.5));
#1646=DIRECTION('',(1.,-0.,-3.5170071074516E-15));
#1647=DIRECTION('',(0.,-1.,0.));
#1648=AXIS2_PLACEMENT_3D('',#1645,#1647,#1646);
#1649=CIRCLE('',#1648,1.25);
#1650=EDGE_CURVE('',#1638,#1638,#1649,.T.);
#1651=ORIENTED_EDGE('',*,*,#1650,.T.);
#1652=ORIENTED_EDGE('',*,*,#1643,.F.);
#1653=ORIENTED_EDGE('',*,*,#250,.F.);
#1654=EDGE_LOOP('',(#1644,#1651,#1652,#1653));
#1655=FACE_OUTER_BOUND('',#1654,.T.);
#1656=ADVANCED_FACE('',(#1655),#1636,.F.);
#1657=CARTESIAN_POINT('',(-12.,27.5,6.5));
#1658=DIRECTION('',(-1.,0.,2.1316282072803E-15));
#1659=DIRECTION('',(0.,-1.,0.));
#1660=AXIS2_PLACEMENT_3D('',#1657,#1659,#1658);
#1661=CYLINDRICAL_SURFACE('',#1660,1.25);
#1662=ORIENTED_EDGE('',*,*,#156,.F.);
#1663=CARTESIAN_POINT('',(-13.25,14.457799911499,6.5));
#1664=VERTEX_POINT('',#1663);
#1665=CARTESIAN_POINT('',(-13.25,18.5,6.5));
#1666=DIRECTION('',(0.,-1.,0.));
#1667=VECTOR('',#1666,4.042200088501);
#1668=LINE('',#1665,#1667);
#1669=EDGE_CURVE('',#150,#1664,#1668,.T.);
#1670=ORIENTED_EDGE('',*,*,#1669,.T.);
#1671=CARTESIAN_POINT('',(-12.,14.457799911499,6.5));
#1672=DIRECTION('',(-1.,2.0097183471152E-15,2.0097183471152E-15));
#1673=DIRECTION('',(-2.0097183471152E-15,-1.,-2.0097183471152E-15));
#1674=AXIS2_PLACEMENT_3D('',#1671,#1673,#1672);
#1675=CIRCLE('',#1674,1.25);
#1676=EDGE_CURVE('',#1664,#1664,#1675,.T.);
#1677=ORIENTED_EDGE('',*,*,#1676,.T.);
#1678=ORIENTED_EDGE('',*,*,#1669,.F.);
#1679=EDGE_LOOP('',(#1662,#1670,#1677,#1678));
#1680=FACE_OUTER_BOUND('',#1679,.T.);
#1681=ADVANCED_FACE('',(#1680),#1661,.F.);
#1682=CARTESIAN_POINT('',(-20.5,-17.,1.5));
#1683=DIRECTION('',(4.736951571734E-15,3.6550099717184E-07,-0.99999999999993));
#1684=DIRECTION('',(1.,0.,0.));
#1685=AXIS2_PLACEMENT_3D('',#1682,#1684,#1683);
#1686=CYLINDRICAL_SURFACE('',#1685,1.5);
#1687=CARTESIAN_POINT('',(-20.5,-17.,1.5));
#1688=DIRECTION('',(0.,-1.,1.4802973661669E-16));
#1689=DIRECTION('',(1.,-2.1442523866471E-15,-2.1442523866471E-15));
#1690=AXIS2_PLACEMENT_3D('',#1687,#1689,#1688);
#1691=CIRCLE('',#1690,1.5);
#1692=EDGE_CURVE('',#46,#341,#1691,.T.);
#1693=ORIENTED_EDGE('',*,*,#1692,.T.);
#1694=ORIENTED_EDGE('',*,*,#446,.F.);
#1695=CARTESIAN_POINT('',(20.5,-17.,1.5));
#1696=DIRECTION('',(0.,0.,-1.));
#1697=DIRECTION('',(-1.,2.6137394840316E-15,2.452636981646E-16));
#1698=AXIS2_PLACEMENT_3D('',#1695,#1697,#1696);
#1699=CIRCLE('',#1698,1.5);
#1700=EDGE_CURVE('',#424,#54,#1699,.T.);
#1701=ORIENTED_EDGE('',*,*,#1700,.T.);
#1702=ORIENTED_EDGE('',*,*,#59,.F.);
#1703=EDGE_LOOP('',(#1693,#1694,#1701,#1702));
#1704=FACE_OUTER_BOUND('',#1703,.T.);
#1705=ADVANCED_FACE('',(#1704),#1686,.T.);
#1706=CARTESIAN_POINT('',(-21.,16.5,1.5));
#1707=DIRECTION('',(3.6550099717184E-07,0.,-0.99999999999993));
#1708=DIRECTION('',(0.,-1.,0.));
#1709=AXIS2_PLACEMENT_3D('',#1706,#1708,#1707);
#1710=CYLINDRICAL_SURFACE('',#1709,1.5);
#1711=CARTESIAN_POINT('',(-21.,16.5,1.5));
#1712=DIRECTION('',(-1.,2.368475785867E-15,1.4802973661669E-16));
#1713=DIRECTION('',(-1.653724990318E-15,-1.,3.083226581416E-15));
#1714=AXIS2_PLACEMENT_3D('',#1711,#1713,#1712);
#1715=CIRCLE('',#1714,1.5);
#1716=EDGE_CURVE('',#271,#362,#1715,.T.);
#1717=ORIENTED_EDGE('',*,*,#1716,.T.);
#1718=ORIENTED_EDGE('',*,*,#367,.F.);
#1719=CARTESIAN_POINT('',(-21.,-16.5,1.5));
#1720=DIRECTION('',(0.,2.368475785867E-15,-1.));
#1721=DIRECTION('',(5.2274789680632E-15,1.,4.9052739632919E-16));
#1722=AXIS2_PLACEMENT_3D('',#1719,#1721,#1720);
#1723=CIRCLE('',#1722,1.5);
#1724=EDGE_CURVE('',#343,#279,#1723,.T.);
#1725=ORIENTED_EDGE('',*,*,#1724,.T.);
#1726=ORIENTED_EDGE('',*,*,#284,.F.);
#1727=EDGE_LOOP('',(#1717,#1718,#1725,#1726));
#1728=FACE_OUTER_BOUND('',#1727,.T.);
#1729=ADVANCED_FACE('',(#1728),#1710,.T.);
#1730=CARTESIAN_POINT('',(-22.5,-16.5,1.5));
#1731=CARTESIAN_POINT('',(-22.5,-18.5,1.5));
#1732=CARTESIAN_POINT('',(-20.5,-18.5,1.5));
#1733=CARTESIAN_POINT('',(-22.5,-16.5,3.5527136788005E-15));
#1734=CARTESIAN_POINT('',(-22.5,-18.5,3.5527136788005E-15));
#1735=CARTESIAN_POINT('',(-20.5,-18.5,3.5527136788005E-15));
#1736=CARTESIAN_POINT('',(-21.,-16.5,0.));
#1737=CARTESIAN_POINT('',(-21.,-17.,0.));
#1738=CARTESIAN_POINT('',(-20.5,-17.,0.));
#1739=(BOUNDED_SURFACE()B_SPLINE_SURFACE(2,2,((#1730,#1731,#1732),(#1733,#1734,#1735),(#1736,#1737,#1738)),.UNSPECIFIED.,.F.,.F.,.U.)B_SPLINE_SURFACE_WITH_KNOTS((3,3),(3,3),(0.,1.),(0.,1.),.UNSPECIFIED.)GEOMETRIC_REPRESENTATION_ITEM()RATIONAL_B_SPLINE_SURFACE(((1.,0.70710678118655,1.),(0.70710678118655,0.5,0.70710678118655),(1.,0.70710678118655,1.)))REPRESENTATION_ITEM('')SURFACE());
#1740=ORIENTED_EDGE('',*,*,#711,.F.);
#1741=ORIENTED_EDGE('',*,*,#1724,.F.);
#1742=ORIENTED_EDGE('',*,*,#359,.F.);
#1743=ORIENTED_EDGE('',*,*,#1692,.F.);
#1744=EDGE_LOOP('',(#1740,#1741,#1742,#1743));
#1745=FACE_OUTER_BOUND('',#1744,.T.);
#1746=ADVANCED_FACE('',(#1745),#1739,.T.);
#1747=CARTESIAN_POINT('',(20.5,-18.5,1.5));
#1748=CARTESIAN_POINT('',(21.328427124746,-18.5,1.5));
#1749=CARTESIAN_POINT('',(21.914213562373,-17.914213562373,1.5));
#1750=CARTESIAN_POINT('',(22.5,-17.328427124746,1.5));
#1751=CARTESIAN_POINT('',(22.5,-16.5,1.5));
#1752=CARTESIAN_POINT('',(20.5,-18.5,3.663735981263E-15));
#1753=CARTESIAN_POINT('',(21.328427124746,-18.5,3.663735981263E-15));
#1754=CARTESIAN_POINT('',(21.914213562373,-17.914213562373,3.663735981263E-15));
#1755=CARTESIAN_POINT('',(22.5,-17.328427124746,3.663735981263E-15));
#1756=CARTESIAN_POINT('',(22.5,-16.5,3.663735981263E-15));
#1757=CARTESIAN_POINT('',(20.5,-17.,0.));
#1758=CARTESIAN_POINT('',(20.707106781187,-17.,0.));
#1759=CARTESIAN_POINT('',(20.853553390593,-16.853553390593,0.));
#1760=CARTESIAN_POINT('',(21.,-16.707106781187,0.));
#1761=CARTESIAN_POINT('',(21.,-16.5,0.));
#1762=(BOUNDED_SURFACE()B_SPLINE_SURFACE(2,2,((#1747,#1748,#1749,#1750,#1751),(#1752,#1753,#1754,#1755,#1756),(#1757,#1758,#1759,#1760,#1761)),.UNSPECIFIED.,.F.,.F.,.U.)B_SPLINE_SURFACE_WITH_KNOTS((3,3),(3,2,3),(0.,1.),(0.,0.5,1.),.UNSPECIFIED.)GEOMETRIC_REPRESENTATION_ITEM()RATIONAL_B_SPLINE_SURFACE(((1.,0.92387953251129,1.,0.92387953251129,1.),(0.70710678118655,0.65328148243819,0.70710678118655,0.65328148243819,0.70710678118655),(1.,0.92387953251129,1.,0.92387953251129,1.)))REPRESENTATION_ITEM('')SURFACE());
#1763=ORIENTED_EDGE('',*,*,#657,.F.);
#1764=ORIENTED_EDGE('',*,*,#1700,.F.);
#1765=ORIENTED_EDGE('',*,*,#440,.F.);
#1766=CARTESIAN_POINT('',(21.,-16.5,1.5));
#1767=DIRECTION('',(0.,2.368475785867E-15,-1.));
#1768=DIRECTION('',(2.1442523866471E-15,-1.,-2.1442523866471E-15));
#1769=AXIS2_PLACEMENT_3D('',#1766,#1768,#1767);
#1770=CIRCLE('',#1769,1.5);
#1771=EDGE_CURVE('',#416,#86,#1770,.T.);
#1772=ORIENTED_EDGE('',*,*,#1771,.T.);
#1773=EDGE_LOOP('',(#1763,#1764,#1765,#1772));
#1774=FACE_OUTER_BOUND('',#1773,.T.);
#1775=ADVANCED_FACE('',(#1774),#1762,.T.);
#1776=CARTESIAN_POINT('',(21.,-16.5,1.5));
#1777=DIRECTION('',(-3.6550099006642E-07,2.368475785867E-15,-0.99999999999993));
#1778=DIRECTION('',(-1.0765799026668E-16,1.,-6.7286243916676E-18));
#1779=AXIS2_PLACEMENT_3D('',#1776,#1778,#1777);
#1780=CYLINDRICAL_SURFACE('',#1779,1.5);
#1781=ORIENTED_EDGE('',*,*,#1771,.F.);
#1782=ORIENTED_EDGE('',*,*,#421,.F.);
#1783=CARTESIAN_POINT('',(21.,16.5,1.5));
#1784=DIRECTION('',(0.,-4.736951571734E-15,-1.));
#1785=DIRECTION('',(-2.8590031821962E-15,-1.,2.8590031821962E-15));
#1786=AXIS2_PLACEMENT_3D('',#1783,#1785,#1784);
#1787=CIRCLE('',#1786,1.5);
#1788=EDGE_CURVE('',#397,#94,#1787,.T.);
#1789=ORIENTED_EDGE('',*,*,#1788,.T.);
#1790=ORIENTED_EDGE('',*,*,#99,.F.);
#1791=EDGE_LOOP('',(#1781,#1782,#1789,#1790));
#1792=FACE_OUTER_BOUND('',#1791,.T.);
#1793=ADVANCED_FACE('',(#1792),#1780,.T.);
#1794=CARTESIAN_POINT('',(22.5,16.5,1.5));
#1795=CARTESIAN_POINT('',(22.5,18.5,1.5));
#1796=CARTESIAN_POINT('',(20.5,18.5,1.5));
#1797=CARTESIAN_POINT('',(22.5,16.5,1.0769163338864E-14));
#1798=CARTESIAN_POINT('',(22.5,18.5,1.0769163338864E-14));
#1799=CARTESIAN_POINT('',(20.5,18.5,1.0769163338864E-14));
#1800=CARTESIAN_POINT('',(21.,16.5,0.));
#1801=CARTESIAN_POINT('',(21.,17.,0.));
#1802=CARTESIAN_POINT('',(20.5,17.,0.));
#1803=(BOUNDED_SURFACE()B_SPLINE_SURFACE(2,2,((#1794,#1795,#1796),(#1797,#1798,#1799),(#1800,#1801,#1802)),.UNSPECIFIED.,.F.,.F.,.U.)B_SPLINE_SURFACE_WITH_KNOTS((3,3),(3,3),(0.,1.),(0.,1.),.UNSPECIFIED.)GEOMETRIC_REPRESENTATION_ITEM()RATIONAL_B_SPLINE_SURFACE(((1.,0.70710678118655,1.),(0.70710678118655,0.5,0.70710678118655),(1.,0.70710678118655,1.)))REPRESENTATION_ITEM('')SURFACE());
#1804=ORIENTED_EDGE('',*,*,#675,.F.);
#1805=ORIENTED_EDGE('',*,*,#1788,.F.);
#1806=ORIENTED_EDGE('',*,*,#413,.F.);
#1807=CARTESIAN_POINT('',(20.5,17.,1.5));
#1808=DIRECTION('',(0.,0.,-1.));
#1809=DIRECTION('',(1.,-4.0432410751297E-15,1.6747652892627E-15));
#1810=AXIS2_PLACEMENT_3D('',#1807,#1809,#1808);
#1811=CIRCLE('',#1810,1.5);
#1812=EDGE_CURVE('',#389,#126,#1811,.T.);
#1813=ORIENTED_EDGE('',*,*,#1812,.T.);
#1814=EDGE_LOOP('',(#1804,#1805,#1806,#1813));
#1815=FACE_OUTER_BOUND('',#1814,.T.);
#1816=ADVANCED_FACE('',(#1815),#1803,.T.);
#1817=CARTESIAN_POINT('',(20.5,17.,1.5000000000005));
#1818=DIRECTION('',(-7.105427357601E-15,-3.6550067505914E-07,-0.99999999999993));
#1819=DIRECTION('',(-1.,-8.751806867289E-15,8.6651553141476E-15));
#1820=AXIS2_PLACEMENT_3D('',#1817,#1819,#1818);
#1821=CYLINDRICAL_SURFACE('',#1820,1.5);
#1822=ORIENTED_EDGE('',*,*,#1812,.F.);
#1823=ORIENTED_EDGE('',*,*,#394,.F.);
#1824=CARTESIAN_POINT('',(-20.5,17.,1.5));
#1825=DIRECTION('',(2.368475785867E-15,0.,-1.));
#1826=DIRECTION('',(1.,-4.7579918706787E-15,2.3895160848117E-15));
#1827=AXIS2_PLACEMENT_3D('',#1824,#1826,#1825);
#1828=CIRCLE('',#1827,1.5);
#1829=EDGE_CURVE('',#370,#134,#1828,.T.);
#1830=ORIENTED_EDGE('',*,*,#1829,.T.);
#1831=ORIENTED_EDGE('',*,*,#139,.F.);
#1832=EDGE_LOOP('',(#1822,#1823,#1830,#1831));
#1833=FACE_OUTER_BOUND('',#1832,.T.);
#1834=ADVANCED_FACE('',(#1833),#1821,.T.);
#1835=CARTESIAN_POINT('',(-20.5,18.5,1.5));
#1836=CARTESIAN_POINT('',(-21.328427124746,18.5,1.5));
#1837=CARTESIAN_POINT('',(-21.914213562373,17.914213562373,1.5));
#1838=CARTESIAN_POINT('',(-22.5,17.328427124746,1.5));
#1839=CARTESIAN_POINT('',(-22.5,16.5,1.5));
#1840=CARTESIAN_POINT('',(-20.5,18.5,7.105427357601E-15));
#1841=CARTESIAN_POINT('',(-21.328427124746,18.5,7.105427357601E-15));
#1842=CARTESIAN_POINT('',(-21.914213562373,17.914213562373,7.105427357601E-15));
#1843=CARTESIAN_POINT('',(-22.5,17.328427124746,7.105427357601E-15));
#1844=CARTESIAN_POINT('',(-22.5,16.5,7.105427357601E-15));
#1845=CARTESIAN_POINT('',(-20.5,17.,0.));
#1846=CARTESIAN_POINT('',(-20.707106781187,17.,0.));
#1847=CARTESIAN_POINT('',(-20.853553390593,16.853553390593,0.));
#1848=CARTESIAN_POINT('',(-21.,16.707106781187,0.));
#1849=CARTESIAN_POINT('',(-21.,16.5,0.));
#1850=(BOUNDED_SURFACE()B_SPLINE_SURFACE(2,2,((#1835,#1836,#1837,#1838,#1839),(#1840,#1841,#1842,#1843,#1844),(#1845,#1846,#1847,#1848,#1849)),.UNSPECIFIED.,.F.,.F.,.U.)B_SPLINE_SURFACE_WITH_KNOTS((3,3),(3,2,3),(0.,1.),(0.,0.5,1.),.UNSPECIFIED.)GEOMETRIC_REPRESENTATION_ITEM()RATIONAL_B_SPLINE_SURFACE(((1.,0.92387953251129,1.,0.92387953251129,1.),(0.70710678118655,0.65328148243819,0.70710678118655,0.65328148243819,0.70710678118655),(1.,0.92387953251129,1.,0.92387953251129,1.)))REPRESENTATION_ITEM('')SURFACE());
#1851=ORIENTED_EDGE('',*,*,#693,.F.);
#1852=ORIENTED_EDGE('',*,*,#1829,.F.);
#1853=ORIENTED_EDGE('',*,*,#386,.F.);
#1854=ORIENTED_EDGE('',*,*,#1716,.F.);
#1855=EDGE_LOOP('',(#1851,#1852,#1853,#1854));
#1856=FACE_OUTER_BOUND('',#1855,.T.);
#1857=ADVANCED_FACE('',(#1856),#1850,.T.);
#1858=CARTESIAN_POINT('',(2.25,14.457799911499,7.15));
#1859=DIRECTION('',(-1.,-2.865091676452E-16,0.));
#1860=DIRECTION('',(-2.865091676452E-16,1.,0.));
#1861=AXIS2_PLACEMENT_3D('',#1858,#1860,#1859);
#1862=PLANE('',#1861);
#1863=ORIENTED_EDGE('',*,*,#1650,.F.);
#1864=EDGE_LOOP('',(#1863));
#1865=FACE_OUTER_BOUND('',#1864,.T.);
#1866=ADVANCED_FACE('',(#1865),#1862,.T.);
#1867=CARTESIAN_POINT('',(1.7763568394003E-15,17.457799911499,7.15));
#1868=DIRECTION('',(-1.,-4.4408920922717E-16,0.));
#1869=DIRECTION('',(-4.4408920922717E-16,1.,0.));
#1870=AXIS2_PLACEMENT_3D('',#1867,#1869,#1868);
#1871=PLANE('',#1870);
#1872=ORIENTED_EDGE('',*,*,#1456,.F.);
#1873=ORIENTED_EDGE('',*,*,#1528,.F.);
#1874=ORIENTED_EDGE('',*,*,#1505,.F.);
#1875=ORIENTED_EDGE('',*,*,#1481,.F.);
#1876=EDGE_LOOP('',(#1872,#1873,#1874,#1875));
#1877=FACE_OUTER_BOUND('',#1876,.T.);
#1878=ADVANCED_FACE('',(#1877),#1871,.T.);
#1879=CARTESIAN_POINT('',(1.7763568394003E-15,17.457799911499,7.15));
#1880=DIRECTION('',(-1.,0.,0.));
#1881=DIRECTION('',(0.,1.,-0.));
#1882=AXIS2_PLACEMENT_3D('',#1879,#1881,#1880);
#1883=PLANE('',#1882);
#1884=ORIENTED_EDGE('',*,*,#1430,.F.);
#1885=EDGE_LOOP('',(#1884));
#1886=FACE_OUTER_BOUND('',#1885,.T.);
#1887=ADVANCED_FACE('',(#1886),#1883,.T.);
#1888=CARTESIAN_POINT('',(1.7763568394003E-15,17.457799911499,7.15));
#1889=DIRECTION('',(-1.,-4.4408920431543E-16,0.));
#1890=DIRECTION('',(-4.4408920431543E-16,1.,0.));
#1891=AXIS2_PLACEMENT_3D('',#1888,#1890,#1889);
#1892=PLANE('',#1891);
#1893=ORIENTED_EDGE('',*,*,#1603,.F.);
#1894=ORIENTED_EDGE('',*,*,#1579,.F.);
#1895=ORIENTED_EDGE('',*,*,#1554,.F.);
#1896=ORIENTED_EDGE('',*,*,#1626,.F.);
#1897=EDGE_LOOP('',(#1893,#1894,#1895,#1896));
#1898=FACE_OUTER_BOUND('',#1897,.T.);
#1899=ADVANCED_FACE('',(#1898),#1892,.T.);
#1900=CARTESIAN_POINT('',(-2.25,14.457799911499,7.15));
#1901=DIRECTION('',(-1.,-2.865091676452E-16,0.));
#1902=DIRECTION('',(-2.865091676452E-16,1.,0.));
#1903=AXIS2_PLACEMENT_3D('',#1900,#1902,#1901);
#1904=PLANE('',#1903);
#1905=ORIENTED_EDGE('',*,*,#1676,.F.);
#1906=EDGE_LOOP('',(#1905));
#1907=FACE_OUTER_BOUND('',#1906,.T.);
#1908=ADVANCED_FACE('',(#1907),#1904,.T.);
#1909=CARTESIAN_POINT('',(0.081549644470215,-4.0409498214722,2.));
#1910=DIRECTION('',(-1.,0.,0.));
#1911=DIRECTION('',(0.,0.,-1.));
#1912=AXIS2_PLACEMENT_3D('',#1909,#1911,#1910);
#1913=PLANE('',#1912);
#1914=ORIENTED_EDGE('',*,*,#786,.F.);
#1915=ORIENTED_EDGE('',*,*,#1340,.F.);
#1916=ORIENTED_EDGE('',*,*,#1142,.F.);
#1917=ORIENTED_EDGE('',*,*,#1125,.F.);
#1918=ORIENTED_EDGE('',*,*,#1358,.F.);
#1919=ORIENTED_EDGE('',*,*,#810,.F.);
#1920=ORIENTED_EDGE('',*,*,#1286,.F.);
#1921=ORIENTED_EDGE('',*,*,#1085,.F.);
#1922=ORIENTED_EDGE('',*,*,#1062,.F.);
#1923=ORIENTED_EDGE('',*,*,#1266,.F.);
#1924=ORIENTED_EDGE('',*,*,#850,.F.);
#1925=ORIENTED_EDGE('',*,*,#1250,.F.);
#1926=ORIENTED_EDGE('',*,*,#1207,.F.);
#1927=ORIENTED_EDGE('',*,*,#1230,.F.);
#1928=ORIENTED_EDGE('',*,*,#746,.F.);
#1929=ORIENTED_EDGE('',*,*,#1304,.F.);
#1930=ORIENTED_EDGE('',*,*,#1182,.F.);
#1931=ORIENTED_EDGE('',*,*,#1320,.F.);
#1932=EDGE_LOOP('',(#1914,#1915,#1916,#1917,#1918,#1919,#1920,#1921,#1922,#1923,#1924,#1925,#1926,#1927,#1928,#1929,#1930,#1931));
#1933=FACE_OUTER_BOUND('',#1932,.T.);
#1934=ADVANCED_FACE('',(#1933),#1913,.T.);
#1935=CLOSED_SHELL('',(#69,#109,#254,#294,#334,#520,#551,#582,#613,#644,#662,#680,#698,#716,#756,#796,#836,#876,#1040,#1072,#1097,#1129,#1154,#1186,#1218,#1236,#1254,#1272,#1290,#1308,#1326,#1344,#1362,#1374,#1386,#1398,#1410,#1435,#1466,#1491,#1515,#1533,#1564,#1589,#1613,#1631,#1656,#1681,#1705,#1729,#1746,#1775,#1793,#1816,#1834,#1857,#1866,#1878,#1887,#1899,#1908,#1934));
#1936=COLOUR_RGB('',0.745098,0.901961,0.960784);
#1937=FILL_AREA_STYLE_COLOUR('',#1936);
#1938=FILL_AREA_STYLE('',(#1937));
#1939=SURFACE_STYLE_FILL_AREA(#1938);
#1940=SURFACE_SIDE_STYLE('',(#1939));
#1941=SURFACE_STYLE_USAGE(.BOTH.,#1940);
#1942=PRESENTATION_STYLE_ASSIGNMENT((#1941));
#1943=OVER_RIDING_STYLED_ITEM('',(#1942),#69,#1935);
#1944=OVER_RIDING_STYLED_ITEM('',(#1942),#109,#1935);
#1945=OVER_RIDING_STYLED_ITEM('',(#1942),#254,#1935);
#1946=OVER_RIDING_STYLED_ITEM('',(#1942),#294,#1935);
#1947=OVER_RIDING_STYLED_ITEM('',(#1942),#334,#1935);
#1948=OVER_RIDING_STYLED_ITEM('',(#1942),#520,#1935);
#1949=OVER_RIDING_STYLED_ITEM('',(#1942),#551,#1935);
#1950=OVER_RIDING_STYLED_ITEM('',(#1942),#582,#1935);
#1951=OVER_RIDING_STYLED_ITEM('',(#1942),#613,#1935);
#1952=OVER_RIDING_STYLED_ITEM('',(#1942),#644,#1935);
#1953=OVER_RIDING_STYLED_ITEM('',(#1942),#662,#1935);
#1954=OVER_RIDING_STYLED_ITEM('',(#1942),#680,#1935);
#1955=OVER_RIDING_STYLED_ITEM('',(#1942),#698,#1935);
#1956=OVER_RIDING_STYLED_ITEM('',(#1942),#716,#1935);
#1957=OVER_RIDING_STYLED_ITEM('',(#1942),#756,#1935);
#1958=OVER_RIDING_STYLED_ITEM('',(#1942),#796,#1935);
#1959=OVER_RIDING_STYLED_ITEM('',(#1942),#836,#1935);
#1960=OVER_RIDING_STYLED_ITEM('',(#1942),#876,#1935);
#1961=OVER_RIDING_STYLED_ITEM('',(#1942),#1040,#1935);
#1962=OVER_RIDING_STYLED_ITEM('',(#1942),#1072,#1935);
#1963=OVER_RIDING_STYLED_ITEM('',(#1942),#1097,#1935);
#1964=OVER_RIDING_STYLED_ITEM('',(#1942),#1129,#1935);
#1965=OVER_RIDING_STYLED_ITEM('',(#1942),#1154,#1935);
#1966=OVER_RIDING_STYLED_ITEM('',(#1942),#1186,#1935);
#1967=OVER_RIDING_STYLED_ITEM('',(#1942),#1218,#1935);
#1968=OVER_RIDING_STYLED_ITEM('',(#1942),#1236,#1935);
#1969=OVER_RIDING_STYLED_ITEM('',(#1942),#1254,#1935);
#1970=OVER_RIDING_STYLED_ITEM('',(#1942),#1272,#1935);
#1971=OVER_RIDING_STYLED_ITEM('',(#1942),#1290,#1935);
#1972=OVER_RIDING_STYLED_ITEM('',(#1942),#1308,#1935);
#1973=OVER_RIDING_STYLED_ITEM('',(#1942),#1326,#1935);
#1974=OVER_RIDING_STYLED_ITEM('',(#1942),#1344,#1935);
#1975=OVER_RIDING_STYLED_ITEM('',(#1942),#1362,#1935);
#1976=OVER_RIDING_STYLED_ITEM('',(#1942),#1374,#1935);
#1977=OVER_RIDING_STYLED_ITEM('',(#1942),#1386,#1935);
#1978=OVER_RIDING_STYLED_ITEM('',(#1942),#1398,#1935);
#1979=OVER_RIDING_STYLED_ITEM('',(#1942),#1410,#1935);
#1980=OVER_RIDING_STYLED_ITEM('',(#1942),#1435,#1935);
#1981=OVER_RIDING_STYLED_ITEM('',(#1942),#1466,#1935);
#1982=OVER_RIDING_STYLED_ITEM('',(#1942),#1491,#1935);
#1983=OVER_RIDING_STYLED_ITEM('',(#1942),#1515,#1935);
#1984=OVER_RIDING_STYLED_ITEM('',(#1942),#1533,#1935);
#1985=OVER_RIDING_STYLED_ITEM('',(#1942),#1564,#1935);
#1986=OVER_RIDING_STYLED_ITEM('',(#1942),#1589,#1935);
#1987=OVER_RIDING_STYLED_ITEM('',(#1942),#1613,#1935);
#1988=OVER_RIDING_STYLED_ITEM('',(#1942),#1631,#1935);
#1989=COLOUR_RGB('',0.54902,0.54902,0.921569);
#1990=FILL_AREA_STYLE_COLOUR('',#1989);
#1991=FILL_AREA_STYLE('',(#1990));
#1992=SURFACE_STYLE_FILL_AREA(#1991);
#1993=SURFACE_SIDE_STYLE('',(#1992));
#1994=SURFACE_STYLE_USAGE(.BOTH.,#1993);
#1995=PRESENTATION_STYLE_ASSIGNMENT((#1994));
#1996=OVER_RIDING_STYLED_ITEM('',(#1995),#1656,#1935);
#1997=OVER_RIDING_STYLED_ITEM('',(#1995),#1681,#1935);
#1998=OVER_RIDING_STYLED_ITEM('',(#1942),#1705,#1935);
#1999=OVER_RIDING_STYLED_ITEM('',(#1942),#1729,#1935);
#2000=OVER_RIDING_STYLED_ITEM('',(#1942),#1746,#1935);
#2001=OVER_RIDING_STYLED_ITEM('',(#1942),#1775,#1935);
#2002=OVER_RIDING_STYLED_ITEM('',(#1942),#1793,#1935);
#2003=OVER_RIDING_STYLED_ITEM('',(#1942),#1816,#1935);
#2004=OVER_RIDING_STYLED_ITEM('',(#1942),#1834,#1935);
#2005=OVER_RIDING_STYLED_ITEM('',(#1942),#1857,#1935);
#2006=OVER_RIDING_STYLED_ITEM('',(#1942),#1866,#1935);
#2007=OVER_RIDING_STYLED_ITEM('',(#1942),#1878,#1935);
#2008=OVER_RIDING_STYLED_ITEM('',(#1942),#1887,#1935);
#2009=OVER_RIDING_STYLED_ITEM('',(#1942),#1899,#1935);
#2010=OVER_RIDING_STYLED_ITEM('',(#1942),#1908,#1935);
#2011=OVER_RIDING_STYLED_ITEM('',(#1942),#1934,#1935);
#2012=MANIFOLD_SOLID_BREP('S1',#1935);
#2013=CARTESIAN_POINT('',(0.,-4.,10.5));
#2014=DIRECTION('',(-1.,0.,0.));
#2015=DIRECTION('',(-0.,-8.458842092382E-17,-1.));
#2016=AXIS2_PLACEMENT_3D('',#2013,#2015,#2014);
#2017=PLANE('',#2016);
#2018=CARTESIAN_POINT('',(21.,-11.549140340936,10.5));
#2019=VERTEX_POINT('',#2018);
#2020=CARTESIAN_POINT('',(20.56066017178,-12.609800512716,10.5));
#2021=VERTEX_POINT('',#2020);
#2022=CARTESIAN_POINT('',(19.5,-11.549140340936,10.5));
#2023=DIRECTION('',(1.,-2.368475785867E-15,-1.1842378929335E-15));
#2024=DIRECTION('',(-1.7966474507461E-15,7.4419574090207E-16,-1.));
#2025=AXIS2_PLACEMENT_3D('',#2022,#2024,#2023);
#2026=CIRCLE('',#2025,1.5);
#2027=EDGE_CURVE('',#2019,#2021,#2026,.T.);
#2028=ORIENTED_EDGE('',*,*,#2027,.T.);
#2029=CARTESIAN_POINT('',(16.609800512716,-16.56066017178,10.5));
#2030=VERTEX_POINT('',#2029);
#2031=CARTESIAN_POINT('',(20.56066017178,-12.609800512716,10.5));
#2032=DIRECTION('',(-0.70710678118655,-0.70710678118655,0.));
#2033=VECTOR('',#2032,5.5873593128811);
#2034=LINE('',#2031,#2033);
#2035=EDGE_CURVE('',#2021,#2030,#2034,.T.);
#2036=ORIENTED_EDGE('',*,*,#2035,.T.);
#2037=CARTESIAN_POINT('',(15.549140340936,-17.,10.5));
#2038=VERTEX_POINT('',#2037);
#2039=CARTESIAN_POINT('',(15.549140340936,-15.5,10.5));
#2040=DIRECTION('',(0.70710678118655,-0.70710678118655,0.));
#2041=DIRECTION('',(-1.8604893522548E-16,4.4916186268644E-16,-1.));
#2042=AXIS2_PLACEMENT_3D('',#2039,#2041,#2040);
#2043=CIRCLE('',#2042,1.5000000000002);
#2044=EDGE_CURVE('',#2030,#2038,#2043,.T.);
#2045=ORIENTED_EDGE('',*,*,#2044,.T.);
#2046=CARTESIAN_POINT('',(-15.549140340936,-17.,10.5));
#2047=VERTEX_POINT('',#2046);
#2048=CARTESIAN_POINT('',(15.549140340936,-17.,10.5));
#2049=DIRECTION('',(-1.,0.,0.));
#2050=VECTOR('',#2049,31.098280681872);
#2051=LINE('',#2048,#2050);
#2052=EDGE_CURVE('',#2038,#2047,#2051,.T.);
#2053=ORIENTED_EDGE('',*,*,#2052,.T.);
#2054=CARTESIAN_POINT('',(-16.609800512716,-16.56066017178,10.5));
#2055=VERTEX_POINT('',#2054);
#2056=CARTESIAN_POINT('',(-15.549140340936,-15.5,10.5));
#2057=DIRECTION('',(1.1842378929335E-15,-1.,-1.1842378929335E-15));
#2058=DIRECTION('',(7.4419574090206E-16,1.7966474507461E-15,-1.));
#2059=AXIS2_PLACEMENT_3D('',#2056,#2058,#2057);
#2060=CIRCLE('',#2059,1.5);
#2061=EDGE_CURVE('',#2047,#2055,#2060,.T.);
#2062=ORIENTED_EDGE('',*,*,#2061,.T.);
#2063=CARTESIAN_POINT('',(-20.56066017178,-12.609800512716,10.5));
#2064=VERTEX_POINT('',#2063);
#2065=CARTESIAN_POINT('',(-16.609800512716,-16.56066017178,10.5));
#2066=DIRECTION('',(-0.70710678118655,0.70710678118655,0.));
#2067=VECTOR('',#2066,5.5873593128811);
#2068=LINE('',#2065,#2067);
#2069=EDGE_CURVE('',#2055,#2064,#2068,.T.);
#2070=ORIENTED_EDGE('',*,*,#2069,.T.);
#2071=CARTESIAN_POINT('',(-21.,-11.549140340936,10.5));
#2072=VERTEX_POINT('',#2071);
#2073=CARTESIAN_POINT('',(-19.5,-11.549140340936,10.5));
#2074=DIRECTION('',(-0.70710678118655,-0.70710678118655,-1.1842378929333E-15));
#2075=DIRECTION('',(8.9832372537287E-16,3.7209787045097E-16,-1.));
#2076=AXIS2_PLACEMENT_3D('',#2073,#2075,#2074);
#2077=CIRCLE('',#2076,1.5000000000002);
#2078=EDGE_CURVE('',#2064,#2072,#2077,.T.);
#2079=ORIENTED_EDGE('',*,*,#2078,.T.);
#2080=CARTESIAN_POINT('',(-21.,11.549140340936,10.5));
#2081=VERTEX_POINT('',#2080);
#2082=CARTESIAN_POINT('',(-21.,-11.549140340936,10.5));
#2083=DIRECTION('',(0.,1.,0.));
#2084=VECTOR('',#2083,23.098280681872);
#2085=LINE('',#2082,#2084);
#2086=EDGE_CURVE('',#2072,#2081,#2085,.T.);
#2087=ORIENTED_EDGE('',*,*,#2086,.T.);
#2088=CARTESIAN_POINT('',(-20.56066017178,12.609800512716,10.5));
#2089=VERTEX_POINT('',#2088);
#2090=CARTESIAN_POINT('',(-19.5,11.549140340936,10.5));
#2091=DIRECTION('',(-1.,2.368475785867E-15,-2.368475785867E-15));
#2092=DIRECTION('',(1.7966474507461E-15,-7.4419574090207E-16,-1.));
#2093=AXIS2_PLACEMENT_3D('',#2090,#2092,#2091);
#2094=CIRCLE('',#2093,1.5);
#2095=EDGE_CURVE('',#2081,#2089,#2094,.T.);
#2096=ORIENTED_EDGE('',*,*,#2095,.T.);
#2097=CARTESIAN_POINT('',(-16.609800512716,16.56066017178,10.5));
#2098=VERTEX_POINT('',#2097);
#2099=CARTESIAN_POINT('',(-20.56066017178,12.609800512716,10.5));
#2100=DIRECTION('',(0.70710678118655,0.70710678118655,0.));
#2101=VECTOR('',#2100,5.5873593128811);
#2102=LINE('',#2099,#2101);
#2103=EDGE_CURVE('',#2089,#2098,#2102,.T.);
#2104=ORIENTED_EDGE('',*,*,#2103,.T.);
#2105=CARTESIAN_POINT('',(-15.549140340936,17.,10.5));
#2106=VERTEX_POINT('',#2105);
#2107=CARTESIAN_POINT('',(-15.549140340936,15.5,10.5));
#2108=DIRECTION('',(-0.70710678118655,0.70710678118655,0.));
#2109=DIRECTION('',(1.8604893522548E-16,-4.4916186268644E-16,-1.));
#2110=AXIS2_PLACEMENT_3D('',#2107,#2109,#2108);
#2111=CIRCLE('',#2110,1.5000000000002);
#2112=EDGE_CURVE('',#2098,#2106,#2111,.T.);
#2113=ORIENTED_EDGE('',*,*,#2112,.T.);
#2114=CARTESIAN_POINT('',(15.549140340936,17.,10.5));
#2115=VERTEX_POINT('',#2114);
#2116=CARTESIAN_POINT('',(-15.549140340936,17.,10.5));
#2117=DIRECTION('',(1.,0.,0.));
#2118=VECTOR('',#2117,31.098280681872);
#2119=LINE('',#2116,#2118);
#2120=EDGE_CURVE('',#2106,#2115,#2119,.T.);
#2121=ORIENTED_EDGE('',*,*,#2120,.T.);
#2122=CARTESIAN_POINT('',(16.609800512716,16.56066017178,10.5));
#2123=VERTEX_POINT('',#2122);
#2124=CARTESIAN_POINT('',(15.549140340936,15.5,10.5));
#2125=DIRECTION('',(-1.1842378929335E-15,1.,-2.368475785867E-15));
#2126=DIRECTION('',(-7.4419574090206E-16,-1.7966474507461E-15,-1.));
#2127=AXIS2_PLACEMENT_3D('',#2124,#2126,#2125);
#2128=CIRCLE('',#2127,1.5);
#2129=EDGE_CURVE('',#2115,#2123,#2128,.T.);
#2130=ORIENTED_EDGE('',*,*,#2129,.T.);
#2131=CARTESIAN_POINT('',(20.56066017178,12.609800512716,10.5));
#2132=VERTEX_POINT('',#2131);
#2133=CARTESIAN_POINT('',(16.609800512716,16.56066017178,10.5));
#2134=DIRECTION('',(0.70710678118655,-0.70710678118655,0.));
#2135=VECTOR('',#2134,5.5873593128811);
#2136=LINE('',#2133,#2135);
#2137=EDGE_CURVE('',#2123,#2132,#2136,.T.);
#2138=ORIENTED_EDGE('',*,*,#2137,.T.);
#2139=CARTESIAN_POINT('',(21.,11.549140340936,10.5));
#2140=VERTEX_POINT('',#2139);
#2141=CARTESIAN_POINT('',(19.5,11.549140340936,10.5));
#2142=DIRECTION('',(0.70710678118655,0.70710678118655,-2.3684757858666E-15));
#2143=DIRECTION('',(-2.6949711761186E-15,-1.1162936113529E-15,-1.));
#2144=AXIS2_PLACEMENT_3D('',#2141,#2143,#2142);
#2145=CIRCLE('',#2144,1.5000000000002);
#2146=EDGE_CURVE('',#2132,#2140,#2145,.T.);
#2147=ORIENTED_EDGE('',*,*,#2146,.T.);
#2148=CARTESIAN_POINT('',(21.,11.549140340936,10.5));
#2149=DIRECTION('',(0.,-1.,0.));
#2150=VECTOR('',#2149,23.098280681872);
#2151=LINE('',#2148,#2150);
#2152=EDGE_CURVE('',#2140,#2019,#2151,.T.);
#2153=ORIENTED_EDGE('',*,*,#2152,.T.);
#2154=EDGE_LOOP('',(#2028,#2036,#2045,#2053,#2062,#2070,#2079,#2087,#2096,#2104,#2113,#2121,#2130,#2138,#2147,#2153));
#2155=FACE_OUTER_BOUND('',#2154,.T.);
#2156=CARTESIAN_POINT('',(16.15,-1.1540748630372E-15,10.5));
#2157=VERTEX_POINT('',#2156);
#2158=CARTESIAN_POINT('',(17.7,-4.9222967638783E-15,10.5));
#2159=DIRECTION('',(-1.,2.4311109037684E-15,-0.));
#2160=DIRECTION('',(0.,0.,1.));
#2161=AXIS2_PLACEMENT_3D('',#2158,#2160,#2159);
#2162=CIRCLE('',#2161,1.55);
#2163=EDGE_CURVE('',#2157,#2157,#2162,.T.);
#2164=ORIENTED_EDGE('',*,*,#2163,.T.);
#2165=EDGE_LOOP('',(#2164));
#2166=FACE_BOUND('',#2165,.T.);
#2167=CARTESIAN_POINT('',(-19.25,3.1811748059444E-15,10.5));
#2168=VERTEX_POINT('',#2167);
#2169=CARTESIAN_POINT('',(-17.7,1.9251008389974E-15,10.5));
#2170=DIRECTION('',(-1.,8.1037030125614E-16,-0.));
#2171=DIRECTION('',(0.,0.,1.));
#2172=AXIS2_PLACEMENT_3D('',#2169,#2171,#2170);
#2173=CIRCLE('',#2172,1.55);
#2174=EDGE_CURVE('',#2168,#2168,#2173,.T.);
#2175=ORIENTED_EDGE('',*,*,#2174,.T.);
#2176=EDGE_LOOP('',(#2175));
#2177=FACE_BOUND('',#2176,.T.);
#2178=ADVANCED_FACE('',(#2155,#2166,#2177),#2017,.T.);
#2179=CARTESIAN_POINT('',(0.,-4.,13.5));
#2180=DIRECTION('',(-1.,0.,0.));
#2181=DIRECTION('',(0.,8.458842092382E-17,1.));
#2182=AXIS2_PLACEMENT_3D('',#2179,#2181,#2180);
#2183=PLANE('',#2182);
#2184=CARTESIAN_POINT('',(21.,-11.549140340936,13.5));
#2185=VERTEX_POINT('',#2184);
#2186=CARTESIAN_POINT('',(21.,11.549140340936,13.5));
#2187=VERTEX_POINT('',#2186);
#2188=CARTESIAN_POINT('',(21.,-11.549140340936,13.5));
#2189=DIRECTION('',(0.,1.,0.));
#2190=VECTOR('',#2189,23.098280681872);
#2191=LINE('',#2188,#2190);
#2192=EDGE_CURVE('',#2185,#2187,#2191,.T.);
#2193=ORIENTED_EDGE('',*,*,#2192,.T.);
#2194=CARTESIAN_POINT('',(20.56066017178,12.609800512716,13.5));
#2195=VERTEX_POINT('',#2194);
#2196=CARTESIAN_POINT('',(19.5,11.549140340936,13.5));
#2197=DIRECTION('',(1.,5.9211894646674E-15,0.));
#2198=DIRECTION('',(0.,0.,1.));
#2199=AXIS2_PLACEMENT_3D('',#2196,#2198,#2197);
#2200=CIRCLE('',#2199,1.5);
#2201=EDGE_CURVE('',#2187,#2195,#2200,.T.);
#2202=ORIENTED_EDGE('',*,*,#2201,.T.);
#2203=CARTESIAN_POINT('',(16.609800512716,16.56066017178,13.5));
#2204=VERTEX_POINT('',#2203);
#2205=CARTESIAN_POINT('',(20.56066017178,12.609800512716,13.5));
#2206=DIRECTION('',(-0.70710678118655,0.70710678118655,0.));
#2207=VECTOR('',#2206,5.5873593128811);
#2208=LINE('',#2205,#2207);
#2209=EDGE_CURVE('',#2195,#2204,#2208,.T.);
#2210=ORIENTED_EDGE('',*,*,#2209,.T.);
#2211=CARTESIAN_POINT('',(15.549140340936,17.,13.5));
#2212=VERTEX_POINT('',#2211);
#2213=CARTESIAN_POINT('',(15.549140340936,15.5,13.5));
#2214=DIRECTION('',(0.70710678118655,0.70710678118655,2.3684757858666E-15));
#2215=DIRECTION('',(-1.1162936113529E-15,-2.6949711761186E-15,1.));
#2216=AXIS2_PLACEMENT_3D('',#2213,#2215,#2214);
#2217=CIRCLE('',#2216,1.5000000000002);
#2218=EDGE_CURVE('',#2204,#2212,#2217,.T.);
#2219=ORIENTED_EDGE('',*,*,#2218,.T.);
#2220=CARTESIAN_POINT('',(-15.549140340936,17.,13.5));
#2221=VERTEX_POINT('',#2220);
#2222=CARTESIAN_POINT('',(15.549140340936,17.,13.5));
#2223=DIRECTION('',(-1.,0.,0.));
#2224=VECTOR('',#2223,31.098280681872);
#2225=LINE('',#2222,#2224);
#2226=EDGE_CURVE('',#2212,#2221,#2225,.T.);
#2227=ORIENTED_EDGE('',*,*,#2226,.T.);
#2228=CARTESIAN_POINT('',(-16.609800512716,16.56066017178,13.5));
#2229=VERTEX_POINT('',#2228);
#2230=CARTESIAN_POINT('',(-15.549140340936,15.5,13.5));
#2231=DIRECTION('',(-1.1842378929335E-15,1.,-1.1842378929335E-15));
#2232=DIRECTION('',(-1.1162936113531E-15,2.6949711761191E-15,1.));
#2233=AXIS2_PLACEMENT_3D('',#2230,#2232,#2231);
#2234=CIRCLE('',#2233,1.5);
#2235=EDGE_CURVE('',#2221,#2229,#2234,.T.);
#2236=ORIENTED_EDGE('',*,*,#2235,.T.);
#2237=CARTESIAN_POINT('',(-20.56066017178,12.609800512716,13.5));
#2238=VERTEX_POINT('',#2237);
#2239=CARTESIAN_POINT('',(-16.609800512716,16.56066017178,13.5));
#2240=DIRECTION('',(-0.70710678118655,-0.70710678118655,0.));
#2241=VECTOR('',#2240,5.5873593128811);
#2242=LINE('',#2239,#2241);
#2243=EDGE_CURVE('',#2229,#2238,#2242,.T.);
#2244=ORIENTED_EDGE('',*,*,#2243,.T.);
#2245=CARTESIAN_POINT('',(-21.,11.549140340936,13.5));
#2246=VERTEX_POINT('',#2245);
#2247=CARTESIAN_POINT('',(-19.5,11.549140340936,13.5));
#2248=DIRECTION('',(-0.70710678118655,0.70710678118655,-1.1842378929333E-15));
#2249=DIRECTION('',(0.,0.,1.));
#2250=AXIS2_PLACEMENT_3D('',#2247,#2249,#2248);
#2251=CIRCLE('',#2250,1.5000000000002);
#2252=EDGE_CURVE('',#2238,#2246,#2251,.T.);
#2253=ORIENTED_EDGE('',*,*,#2252,.T.);
#2254=CARTESIAN_POINT('',(-21.,-11.549140340936,13.5));
#2255=VERTEX_POINT('',#2254);
#2256=CARTESIAN_POINT('',(-21.,11.549140340936,13.5));
#2257=DIRECTION('',(0.,-1.,0.));
#2258=VECTOR('',#2257,23.098280681872);
#2259=LINE('',#2256,#2258);
#2260=EDGE_CURVE('',#2246,#2255,#2259,.T.);
#2261=ORIENTED_EDGE('',*,*,#2260,.T.);
#2262=CARTESIAN_POINT('',(-20.56066017178,-12.609800512716,13.5));
#2263=VERTEX_POINT('',#2262);
#2264=CARTESIAN_POINT('',(-19.5,-11.549140340936,13.5));
#2265=DIRECTION('',(-1.,-5.9211894646674E-15,4.7369515717339E-15));
#2266=DIRECTION('',(4.4916186268652E-15,1.8604893522552E-15,1.));
#2267=AXIS2_PLACEMENT_3D('',#2264,#2266,#2265);
#2268=CIRCLE('',#2267,1.5);
#2269=EDGE_CURVE('',#2255,#2263,#2268,.T.);
#2270=ORIENTED_EDGE('',*,*,#2269,.T.);
#2271=CARTESIAN_POINT('',(-16.609800512716,-16.56066017178,13.5));
#2272=VERTEX_POINT('',#2271);
#2273=CARTESIAN_POINT('',(-20.56066017178,-12.609800512716,13.5));
#2274=DIRECTION('',(0.70710678118655,-0.70710678118655,0.));
#2275=VECTOR('',#2274,5.5873593128811);
#2276=LINE('',#2273,#2275);
#2277=EDGE_CURVE('',#2263,#2272,#2276,.T.);
#2278=ORIENTED_EDGE('',*,*,#2277,.T.);
#2279=CARTESIAN_POINT('',(-15.549140340936,-17.,13.5));
#2280=VERTEX_POINT('',#2279);
#2281=CARTESIAN_POINT('',(-15.549140340936,-15.5,13.5));
#2282=DIRECTION('',(-0.70710678118655,-0.70710678118655,2.3684757858666E-15));
#2283=DIRECTION('',(1.1162936113529E-15,2.6949711761186E-15,1.));
#2284=AXIS2_PLACEMENT_3D('',#2281,#2283,#2282);
#2285=CIRCLE('',#2284,1.5000000000002);
#2286=EDGE_CURVE('',#2272,#2280,#2285,.T.);
#2287=ORIENTED_EDGE('',*,*,#2286,.T.);
#2288=CARTESIAN_POINT('',(15.549140340936,-17.,13.5));
#2289=VERTEX_POINT('',#2288);
#2290=CARTESIAN_POINT('',(-15.549140340936,-17.,13.5));
#2291=DIRECTION('',(1.,0.,0.));
#2292=VECTOR('',#2291,31.098280681872);
#2293=LINE('',#2290,#2292);
#2294=EDGE_CURVE('',#2280,#2289,#2293,.T.);
#2295=ORIENTED_EDGE('',*,*,#2294,.T.);
#2296=CARTESIAN_POINT('',(16.609800512716,-16.56066017178,13.5));
#2297=VERTEX_POINT('',#2296);
#2298=CARTESIAN_POINT('',(15.549140340936,-15.5,13.5));
#2299=DIRECTION('',(1.1842378929335E-15,-1.,-1.1842378929335E-15));
#2300=DIRECTION('',(7.4419574090206E-16,-1.7966474507461E-15,1.));
#2301=AXIS2_PLACEMENT_3D('',#2298,#2300,#2299);
#2302=CIRCLE('',#2301,1.5);
#2303=EDGE_CURVE('',#2289,#2297,#2302,.T.);
#2304=ORIENTED_EDGE('',*,*,#2303,.T.);
#2305=CARTESIAN_POINT('',(20.56066017178,-12.609800512716,13.5));
#2306=VERTEX_POINT('',#2305);
#2307=CARTESIAN_POINT('',(16.609800512716,-16.56066017178,13.5));
#2308=DIRECTION('',(0.70710678118655,0.70710678118655,0.));
#2309=VECTOR('',#2308,5.5873593128811);
#2310=LINE('',#2307,#2309);
#2311=EDGE_CURVE('',#2297,#2306,#2310,.T.);
#2312=ORIENTED_EDGE('',*,*,#2311,.T.);
#2313=CARTESIAN_POINT('',(19.5,-11.549140340936,13.5));
#2314=DIRECTION('',(0.70710678118655,-0.70710678118655,2.3684757858666E-15));
#2315=DIRECTION('',(-3.5932949014915E-15,1.4883914818039E-15,1.));
#2316=AXIS2_PLACEMENT_3D('',#2313,#2315,#2314);
#2317=CIRCLE('',#2316,1.5000000000002);
#2318=EDGE_CURVE('',#2306,#2185,#2317,.T.);
#2319=ORIENTED_EDGE('',*,*,#2318,.T.);
#2320=EDGE_LOOP('',(#2193,#2202,#2210,#2219,#2227,#2236,#2244,#2253,#2261,#2270,#2278,#2287,#2295,#2304,#2312,#2319));
#2321=FACE_OUTER_BOUND('',#2320,.T.);
#2322=CARTESIAN_POINT('',(16.15,-8.0195406679237E-16,13.5));
#2323=VERTEX_POINT('',#2322);
#2324=CARTESIAN_POINT('',(17.7,-2.0580280337394E-15,13.5));
#2325=DIRECTION('',(-1.,8.1037030125614E-16,-0.));
#2326=DIRECTION('',(0.,0.,-1.));
#2327=AXIS2_PLACEMENT_3D('',#2324,#2326,#2325);
#2328=CIRCLE('',#2327,1.55);
#2329=EDGE_CURVE('',#2323,#2323,#2328,.T.);
#2330=ORIENTED_EDGE('',*,*,#2329,.T.);
#2331=EDGE_LOOP('',(#2330));
#2332=FACE_BOUND('',#2331,.T.);
#2333=CARTESIAN_POINT('',(-19.25,3.5332956021893E-15,13.5));
#2334=VERTEX_POINT('',#2333);
#2335=CARTESIAN_POINT('',(-17.7,2.2772216352423E-15,13.5));
#2336=DIRECTION('',(-1.,8.1037030125614E-16,-0.));
#2337=DIRECTION('',(0.,0.,-1.));
#2338=AXIS2_PLACEMENT_3D('',#2335,#2337,#2336);
#2339=CIRCLE('',#2338,1.55);
#2340=EDGE_CURVE('',#2334,#2334,#2339,.T.);
#2341=ORIENTED_EDGE('',*,*,#2340,.T.);
#2342=EDGE_LOOP('',(#2341));
#2343=FACE_BOUND('',#2342,.T.);
#2344=ADVANCED_FACE('',(#2321,#2332,#2343),#2183,.T.);
#2345=CARTESIAN_POINT('',(21.,-1.5456439741616E-15,12.));
#2346=DIRECTION('',(0.,1.,-1.5380857682575E-16));
#2347=DIRECTION('',(1.,-0.,0.));
#2348=AXIS2_PLACEMENT_3D('',#2345,#2347,#2346);
#2349=PLANE('',#2348);
#2350=ORIENTED_EDGE('',*,*,#2152,.F.);
#2351=CARTESIAN_POINT('',(21.,11.549140340936,10.5));
#2352=DIRECTION('',(0.,0.,1.));
#2353=VECTOR('',#2352,3.);
#2354=LINE('',#2351,#2353);
#2355=EDGE_CURVE('',#2140,#2187,#2354,.T.);
#2356=ORIENTED_EDGE('',*,*,#2355,.T.);
#2357=ORIENTED_EDGE('',*,*,#2192,.F.);
#2358=CARTESIAN_POINT('',(21.,-11.549140340936,13.5));
#2359=DIRECTION('',(0.,0.,-1.));
#2360=VECTOR('',#2359,3.);
#2361=LINE('',#2358,#2360);
#2362=EDGE_CURVE('',#2185,#2019,#2361,.T.);
#2363=ORIENTED_EDGE('',*,*,#2362,.T.);
#2364=EDGE_LOOP('',(#2350,#2356,#2357,#2363));
#2365=FACE_OUTER_BOUND('',#2364,.T.);
#2366=ADVANCED_FACE('',(#2365),#2349,.T.);
#2367=CARTESIAN_POINT('',(18.585230342248,14.585230342248,12.));
#2368=DIRECTION('',(-0.70710678118655,0.70710678118655,0.));
#2369=DIRECTION('',(0.70710678118655,0.70710678118655,-0.));
#2370=AXIS2_PLACEMENT_3D('',#2367,#2369,#2368);
#2371=PLANE('',#2370);
#2372=ORIENTED_EDGE('',*,*,#2137,.F.);
#2373=CARTESIAN_POINT('',(16.609800512716,16.56066017178,10.5));
#2374=DIRECTION('',(0.,0.,1.));
#2375=VECTOR('',#2374,3.);
#2376=LINE('',#2373,#2375);
#2377=EDGE_CURVE('',#2123,#2204,#2376,.T.);
#2378=ORIENTED_EDGE('',*,*,#2377,.T.);
#2379=ORIENTED_EDGE('',*,*,#2209,.F.);
#2380=CARTESIAN_POINT('',(20.56066017178,12.609800512716,13.5));
#2381=DIRECTION('',(0.,0.,-1.));
#2382=VECTOR('',#2381,3.);
#2383=LINE('',#2380,#2382);
#2384=EDGE_CURVE('',#2195,#2132,#2383,.T.);
#2385=ORIENTED_EDGE('',*,*,#2384,.T.);
#2386=EDGE_LOOP('',(#2372,#2378,#2379,#2385));
#2387=FACE_OUTER_BOUND('',#2386,.T.);
#2388=ADVANCED_FACE('',(#2387),#2371,.T.);
#2389=CARTESIAN_POINT('',(1.7763568394003E-15,17.,12.));
#2390=DIRECTION('',(-1.,0.,0.));
#2391=DIRECTION('',(0.,1.,-0.));
#2392=AXIS2_PLACEMENT_3D('',#2389,#2391,#2390);
#2393=PLANE('',#2392);
#2394=ORIENTED_EDGE('',*,*,#2120,.F.);
#2395=CARTESIAN_POINT('',(-15.549140340936,17.,10.5));
#2396=DIRECTION('',(0.,0.,1.));
#2397=VECTOR('',#2396,3.);
#2398=LINE('',#2395,#2397);
#2399=EDGE_CURVE('',#2106,#2221,#2398,.T.);
#2400=ORIENTED_EDGE('',*,*,#2399,.T.);
#2401=ORIENTED_EDGE('',*,*,#2226,.F.);
#2402=CARTESIAN_POINT('',(15.549140340936,17.,13.5));
#2403=DIRECTION('',(0.,0.,-1.));
#2404=VECTOR('',#2403,3.);
#2405=LINE('',#2402,#2404);
#2406=EDGE_CURVE('',#2212,#2115,#2405,.T.);
#2407=ORIENTED_EDGE('',*,*,#2406,.T.);
#2408=EDGE_LOOP('',(#2394,#2400,#2401,#2407));
#2409=FACE_OUTER_BOUND('',#2408,.T.);
#2410=ADVANCED_FACE('',(#2409),#2393,.T.);
#2411=CARTESIAN_POINT('',(-18.585230342248,14.585230342248,12.));
#2412=DIRECTION('',(-0.70710678118655,-0.70710678118655,0.));
#2413=DIRECTION('',(-0.70710678118655,0.70710678118655,0.));
#2414=AXIS2_PLACEMENT_3D('',#2411,#2413,#2412);
#2415=PLANE('',#2414);
#2416=ORIENTED_EDGE('',*,*,#2103,.F.);
#2417=CARTESIAN_POINT('',(-20.56066017178,12.609800512716,10.5));
#2418=DIRECTION('',(0.,0.,1.));
#2419=VECTOR('',#2418,3.);
#2420=LINE('',#2417,#2419);
#2421=EDGE_CURVE('',#2089,#2238,#2420,.T.);
#2422=ORIENTED_EDGE('',*,*,#2421,.T.);
#2423=ORIENTED_EDGE('',*,*,#2243,.F.);
#2424=CARTESIAN_POINT('',(-16.609800512716,16.56066017178,13.5));
#2425=DIRECTION('',(0.,0.,-1.));
#2426=VECTOR('',#2425,3.);
#2427=LINE('',#2424,#2426);
#2428=EDGE_CURVE('',#2229,#2098,#2427,.T.);
#2429=ORIENTED_EDGE('',*,*,#2428,.T.);
#2430=EDGE_LOOP('',(#2416,#2422,#2423,#2429));
#2431=FACE_OUTER_BOUND('',#2430,.T.);
#2432=ADVANCED_FACE('',(#2431),#2415,.T.);
#2433=CARTESIAN_POINT('',(-21.,5.5597833834394E-15,12.));
#2434=DIRECTION('',(0.,-1.,1.5380857682575E-16));
#2435=DIRECTION('',(-1.,0.,0.));
#2436=AXIS2_PLACEMENT_3D('',#2433,#2435,#2434);
#2437=PLANE('',#2436);
#2438=ORIENTED_EDGE('',*,*,#2086,.F.);
#2439=CARTESIAN_POINT('',(-21.,-11.549140340936,10.5));
#2440=DIRECTION('',(0.,0.,1.));
#2441=VECTOR('',#2440,3.);
#2442=LINE('',#2439,#2441);
#2443=EDGE_CURVE('',#2072,#2255,#2442,.T.);
#2444=ORIENTED_EDGE('',*,*,#2443,.T.);
#2445=ORIENTED_EDGE('',*,*,#2260,.F.);
#2446=CARTESIAN_POINT('',(-21.,11.549140340936,13.5));
#2447=DIRECTION('',(0.,0.,-1.));
#2448=VECTOR('',#2447,3.);
#2449=LINE('',#2446,#2448);
#2450=EDGE_CURVE('',#2246,#2081,#2449,.T.);
#2451=ORIENTED_EDGE('',*,*,#2450,.T.);
#2452=EDGE_LOOP('',(#2438,#2444,#2445,#2451));
#2453=FACE_OUTER_BOUND('',#2452,.T.);
#2454=ADVANCED_FACE('',(#2453),#2437,.T.);
#2455=CARTESIAN_POINT('',(-18.585230342248,-14.585230342248,12.));
#2456=DIRECTION('',(0.70710678118655,-0.70710678118655,0.));
#2457=DIRECTION('',(-0.70710678118655,-0.70710678118655,0.));
#2458=AXIS2_PLACEMENT_3D('',#2455,#2457,#2456);
#2459=PLANE('',#2458);
#2460=ORIENTED_EDGE('',*,*,#2069,.F.);
#2461=CARTESIAN_POINT('',(-16.609800512716,-16.56066017178,10.5));
#2462=DIRECTION('',(0.,0.,1.));
#2463=VECTOR('',#2462,3.);
#2464=LINE('',#2461,#2463);
#2465=EDGE_CURVE('',#2055,#2272,#2464,.T.);
#2466=ORIENTED_EDGE('',*,*,#2465,.T.);
#2467=ORIENTED_EDGE('',*,*,#2277,.F.);
#2468=CARTESIAN_POINT('',(-20.56066017178,-12.609800512716,13.5));
#2469=DIRECTION('',(0.,0.,-1.));
#2470=VECTOR('',#2469,3.);
#2471=LINE('',#2468,#2470);
#2472=EDGE_CURVE('',#2263,#2064,#2471,.T.);
#2473=ORIENTED_EDGE('',*,*,#2472,.T.);
#2474=EDGE_LOOP('',(#2460,#2466,#2467,#2473));
#2475=FACE_OUTER_BOUND('',#2474,.T.);
#2476=ADVANCED_FACE('',(#2475),#2459,.T.);
#2477=CARTESIAN_POINT('',(-5.3290705182008E-15,-17.,12.));
#2478=DIRECTION('',(1.,0.,0.));
#2479=DIRECTION('',(0.,-1.,0.));
#2480=AXIS2_PLACEMENT_3D('',#2477,#2479,#2478);
#2481=PLANE('',#2480);
#2482=ORIENTED_EDGE('',*,*,#2052,.F.);
#2483=CARTESIAN_POINT('',(15.549140340936,-17.,10.5));
#2484=DIRECTION('',(0.,0.,1.));
#2485=VECTOR('',#2484,3.);
#2486=LINE('',#2483,#2485);
#2487=EDGE_CURVE('',#2038,#2289,#2486,.T.);
#2488=ORIENTED_EDGE('',*,*,#2487,.T.);
#2489=ORIENTED_EDGE('',*,*,#2294,.F.);
#2490=CARTESIAN_POINT('',(-15.549140340936,-17.,13.5));
#2491=DIRECTION('',(0.,0.,-1.));
#2492=VECTOR('',#2491,3.);
#2493=LINE('',#2490,#2492);
#2494=EDGE_CURVE('',#2280,#2047,#2493,.T.);
#2495=ORIENTED_EDGE('',*,*,#2494,.T.);
#2496=EDGE_LOOP('',(#2482,#2488,#2489,#2495));
#2497=FACE_OUTER_BOUND('',#2496,.T.);
#2498=ADVANCED_FACE('',(#2497),#2481,.T.);
#2499=CARTESIAN_POINT('',(18.585230342248,-14.585230342248,12.));
#2500=DIRECTION('',(0.70710678118655,0.70710678118655,0.));
#2501=DIRECTION('',(0.70710678118655,-0.70710678118655,0.));
#2502=AXIS2_PLACEMENT_3D('',#2499,#2501,#2500);
#2503=PLANE('',#2502);
#2504=ORIENTED_EDGE('',*,*,#2035,.F.);
#2505=CARTESIAN_POINT('',(20.56066017178,-12.609800512716,10.5));
#2506=DIRECTION('',(0.,0.,1.));
#2507=VECTOR('',#2506,3.);
#2508=LINE('',#2505,#2507);
#2509=EDGE_CURVE('',#2021,#2306,#2508,.T.);
#2510=ORIENTED_EDGE('',*,*,#2509,.T.);
#2511=ORIENTED_EDGE('',*,*,#2311,.F.);
#2512=CARTESIAN_POINT('',(16.609800512716,-16.56066017178,13.5));
#2513=DIRECTION('',(0.,0.,-1.));
#2514=VECTOR('',#2513,3.);
#2515=LINE('',#2512,#2514);
#2516=EDGE_CURVE('',#2297,#2030,#2515,.T.);
#2517=ORIENTED_EDGE('',*,*,#2516,.T.);
#2518=EDGE_LOOP('',(#2504,#2510,#2511,#2517));
#2519=FACE_OUTER_BOUND('',#2518,.T.);
#2520=ADVANCED_FACE('',(#2519),#2503,.T.);
#2521=CARTESIAN_POINT('',(-17.7,1.7763568394003E-15,10.5));
#2522=DIRECTION('',(-1.,9.0633417196398E-16,0.));
#2523=DIRECTION('',(0.,1.1737359874829E-16,1.));
#2524=AXIS2_PLACEMENT_3D('',#2521,#2523,#2522);
#2525=CYLINDRICAL_SURFACE('',#2524,1.55);
#2526=ORIENTED_EDGE('',*,*,#2174,.F.);
#2527=CARTESIAN_POINT('',(-19.25,3.1811748059444E-15,10.5));
#2528=DIRECTION('',(0.,1.173735987483E-16,1.));
#2529=VECTOR('',#2528,3.);
#2530=LINE('',#2527,#2529);
#2531=EDGE_CURVE('',#2168,#2334,#2530,.T.);
#2532=ORIENTED_EDGE('',*,*,#2531,.T.);
#2533=ORIENTED_EDGE('',*,*,#2340,.F.);
#2534=ORIENTED_EDGE('',*,*,#2531,.F.);
#2535=EDGE_LOOP('',(#2526,#2532,#2533,#2534));
#2536=FACE_OUTER_BOUND('',#2535,.T.);
#2537=ADVANCED_FACE('',(#2536),#2525,.F.);
#2538=CARTESIAN_POINT('',(17.7,-5.1070259132757E-15,10.5));
#2539=DIRECTION('',(-1.,2.5502910001539E-15,0.));
#2540=DIRECTION('',(0.,1.1737359874829E-16,1.));
#2541=AXIS2_PLACEMENT_3D('',#2538,#2540,#2539);
#2542=CYLINDRICAL_SURFACE('',#2541,1.55);
#2543=ORIENTED_EDGE('',*,*,#2163,.F.);
#2544=CARTESIAN_POINT('',(16.15,-1.1540748630372E-15,10.5));
#2545=DIRECTION('',(0.,1.1737359874828E-16,1.));
#2546=VECTOR('',#2545,3.);
#2547=LINE('',#2544,#2546);
#2548=EDGE_CURVE('',#2157,#2323,#2547,.T.);
#2549=ORIENTED_EDGE('',*,*,#2548,.T.);
#2550=ORIENTED_EDGE('',*,*,#2329,.F.);
#2551=ORIENTED_EDGE('',*,*,#2548,.F.);
#2552=EDGE_LOOP('',(#2543,#2549,#2550,#2551));
#2553=FACE_OUTER_BOUND('',#2552,.T.);
#2554=ADVANCED_FACE('',(#2553),#2542,.F.);
#2555=CARTESIAN_POINT('',(19.5,11.549140340936,10.5));
#2556=DIRECTION('',(0.70710667688707,0.70710688548601,0.));
#2557=DIRECTION('',(0.,0.,1.));
#2558=AXIS2_PLACEMENT_3D('',#2555,#2557,#2556);
#2559=CYLINDRICAL_SURFACE('',#2558,1.5000000000002);
#2560=ORIENTED_EDGE('',*,*,#2146,.F.);
#2561=ORIENTED_EDGE('',*,*,#2384,.F.);
#2562=ORIENTED_EDGE('',*,*,#2201,.F.);
#2563=ORIENTED_EDGE('',*,*,#2355,.F.);
#2564=EDGE_LOOP('',(#2560,#2561,#2562,#2563));
#2565=FACE_OUTER_BOUND('',#2564,.T.);
#2566=ADVANCED_FACE('',(#2565),#2559,.T.);
#2567=CARTESIAN_POINT('',(15.549140340936,15.5,10.5));
#2568=DIRECTION('',(-1.4750173349399E-07,0.99999999999999,0.));
#2569=DIRECTION('',(0.,1.1842378929335E-15,1.));
#2570=AXIS2_PLACEMENT_3D('',#2567,#2569,#2568);
#2571=CYLINDRICAL_SURFACE('',#2570,1.4999999999999);
#2572=ORIENTED_EDGE('',*,*,#2129,.F.);
#2573=ORIENTED_EDGE('',*,*,#2406,.F.);
#2574=ORIENTED_EDGE('',*,*,#2218,.F.);
#2575=ORIENTED_EDGE('',*,*,#2377,.F.);
#2576=EDGE_LOOP('',(#2572,#2573,#2574,#2575));
#2577=FACE_OUTER_BOUND('',#2576,.T.);
#2578=ADVANCED_FACE('',(#2577),#2571,.T.);
#2579=CARTESIAN_POINT('',(-15.549140340936,15.5,10.5));
#2580=DIRECTION('',(-0.70710688548601,0.70710667688707,0.));
#2581=DIRECTION('',(0.,0.,1.));
#2582=AXIS2_PLACEMENT_3D('',#2579,#2581,#2580);
#2583=CYLINDRICAL_SURFACE('',#2582,1.4999999999999);
#2584=ORIENTED_EDGE('',*,*,#2112,.F.);
#2585=ORIENTED_EDGE('',*,*,#2428,.F.);
#2586=ORIENTED_EDGE('',*,*,#2235,.F.);
#2587=ORIENTED_EDGE('',*,*,#2399,.F.);
#2588=EDGE_LOOP('',(#2584,#2585,#2586,#2587));
#2589=FACE_OUTER_BOUND('',#2588,.T.);
#2590=ADVANCED_FACE('',(#2589),#2583,.T.);
#2591=CARTESIAN_POINT('',(-19.5,11.549140340936,10.5));
#2592=DIRECTION('',(-0.99999999999999,-1.4750172283584E-07,0.));
#2593=DIRECTION('',(0.,0.,1.));
#2594=AXIS2_PLACEMENT_3D('',#2591,#2593,#2592);
#2595=CYLINDRICAL_SURFACE('',#2594,1.5);
#2596=ORIENTED_EDGE('',*,*,#2095,.F.);
#2597=ORIENTED_EDGE('',*,*,#2450,.F.);
#2598=ORIENTED_EDGE('',*,*,#2252,.F.);
#2599=ORIENTED_EDGE('',*,*,#2421,.F.);
#2600=EDGE_LOOP('',(#2596,#2597,#2598,#2599));
#2601=FACE_OUTER_BOUND('',#2600,.T.);
#2602=ADVANCED_FACE('',(#2601),#2595,.T.);
#2603=CARTESIAN_POINT('',(-19.5,-11.549140340936,10.5));
#2604=DIRECTION('',(-0.70710667688706,-0.70710688548602,0.));
#2605=DIRECTION('',(0.,0.,1.));
#2606=AXIS2_PLACEMENT_3D('',#2603,#2605,#2604);
#2607=CYLINDRICAL_SURFACE('',#2606,1.4999999999999);
#2608=ORIENTED_EDGE('',*,*,#2078,.F.);
#2609=ORIENTED_EDGE('',*,*,#2472,.F.);
#2610=ORIENTED_EDGE('',*,*,#2269,.F.);
#2611=ORIENTED_EDGE('',*,*,#2443,.F.);
#2612=EDGE_LOOP('',(#2608,#2609,#2610,#2611));
#2613=FACE_OUTER_BOUND('',#2612,.T.);
#2614=ADVANCED_FACE('',(#2613),#2607,.T.);
#2615=CARTESIAN_POINT('',(-15.549140340936,-15.5,10.5));
#2616=DIRECTION('',(1.4750172046736E-07,-0.99999999999999,-2.3684757858669E-15));
#2617=DIRECTION('',(-1.7763568394002E-15,0.,1.));
#2618=AXIS2_PLACEMENT_3D('',#2615,#2617,#2616);
#2619=CYLINDRICAL_SURFACE('',#2618,1.5000000000001);
#2620=ORIENTED_EDGE('',*,*,#2061,.F.);
#2621=ORIENTED_EDGE('',*,*,#2494,.F.);
#2622=ORIENTED_EDGE('',*,*,#2286,.F.);
#2623=ORIENTED_EDGE('',*,*,#2465,.F.);
#2624=EDGE_LOOP('',(#2620,#2621,#2622,#2623));
#2625=FACE_OUTER_BOUND('',#2624,.T.);
#2626=ADVANCED_FACE('',(#2625),#2619,.T.);
#2627=CARTESIAN_POINT('',(15.549140340936,-15.5,10.5));
#2628=DIRECTION('',(0.70710688548601,-0.70710667688707,0.));
#2629=DIRECTION('',(0.,0.,1.));
#2630=AXIS2_PLACEMENT_3D('',#2627,#2629,#2628);
#2631=CYLINDRICAL_SURFACE('',#2630,1.4999999999999);
#2632=ORIENTED_EDGE('',*,*,#2044,.F.);
#2633=ORIENTED_EDGE('',*,*,#2516,.F.);
#2634=ORIENTED_EDGE('',*,*,#2303,.F.);
#2635=ORIENTED_EDGE('',*,*,#2487,.F.);
#2636=EDGE_LOOP('',(#2632,#2633,#2634,#2635));
#2637=FACE_OUTER_BOUND('',#2636,.T.);
#2638=ADVANCED_FACE('',(#2637),#2631,.T.);
#2639=CARTESIAN_POINT('',(19.5,-11.549140340936,10.5));
#2640=DIRECTION('',(0.99999999999999,1.4750172638855E-07,1.1842378929335E-15));
#2641=DIRECTION('',(0.,0.,1.));
#2642=AXIS2_PLACEMENT_3D('',#2639,#2641,#2640);
#2643=CYLINDRICAL_SURFACE('',#2642,1.5000000000001);
#2644=ORIENTED_EDGE('',*,*,#2027,.F.);
#2645=ORIENTED_EDGE('',*,*,#2362,.F.);
#2646=ORIENTED_EDGE('',*,*,#2318,.F.);
#2647=ORIENTED_EDGE('',*,*,#2509,.F.);
#2648=EDGE_LOOP('',(#2644,#2645,#2646,#2647));
#2649=FACE_OUTER_BOUND('',#2648,.T.);
#2650=ADVANCED_FACE('',(#2649),#2643,.T.);
#2651=CLOSED_SHELL('',(#2178,#2344,#2366,#2388,#2410,#2432,#2454,#2476,#2498,#2520,#2537,#2554,#2566,#2578,#2590,#2602,#2614,#2626,#2638,#2650));
#2652=OVER_RIDING_STYLED_ITEM('',(#1942),#2178,#2651);
#2653=OVER_RIDING_STYLED_ITEM('',(#1942),#2344,#2651);
#2654=OVER_RIDING_STYLED_ITEM('',(#1942),#2366,#2651);
#2655=OVER_RIDING_STYLED_ITEM('',(#1942),#2388,#2651);
#2656=OVER_RIDING_STYLED_ITEM('',(#1942),#2410,#2651);
#2657=OVER_RIDING_STYLED_ITEM('',(#1942),#2432,#2651);
#2658=OVER_RIDING_STYLED_ITEM('',(#1942),#2454,#2651);
#2659=OVER_RIDING_STYLED_ITEM('',(#1942),#2476,#2651);
#2660=OVER_RIDING_STYLED_ITEM('',(#1942),#2498,#2651);
#2661=OVER_RIDING_STYLED_ITEM('',(#1942),#2520,#2651);
#2662=OVER_RIDING_STYLED_ITEM('',(#1942),#2537,#2651);
#2663=OVER_RIDING_STYLED_ITEM('',(#1942),#2554,#2651);
#2664=OVER_RIDING_STYLED_ITEM('',(#1942),#2566,#2651);
#2665=OVER_RIDING_STYLED_ITEM('',(#1942),#2578,#2651);
#2666=OVER_RIDING_STYLED_ITEM('',(#1942),#2590,#2651);
#2667=OVER_RIDING_STYLED_ITEM('',(#1942),#2602,#2651);
#2668=OVER_RIDING_STYLED_ITEM('',(#1942),#2614,#2651);
#2669=OVER_RIDING_STYLED_ITEM('',(#1942),#2626,#2651);
#2670=OVER_RIDING_STYLED_ITEM('',(#1942),#2638,#2651);
#2671=OVER_RIDING_STYLED_ITEM('',(#1942),#2650,#2651);
#2672=MANIFOLD_SOLID_BREP('S1',#2651);
#2673=CARTESIAN_POINT('',(0.,-4.,0.8));
#2674=DIRECTION('',(1.,-3.4408849189351E-16,0.));
#2675=DIRECTION('',(4.0698931024658E-32,1.1828041908839E-16,1.));
#2676=AXIS2_PLACEMENT_3D('',#2673,#2675,#2674);
#2677=PLANE('',#2676);
#2678=CARTESIAN_POINT('',(-19.147053859357,-16.65,0.8));
#2679=VERTEX_POINT('',#2678);
#2680=CARTESIAN_POINT('',(19.147053859357,-16.65,0.8));
#2681=VERTEX_POINT('',#2680);
#2682=CARTESIAN_POINT('',(-19.147053859357,-16.65,0.8));
#2683=DIRECTION('',(1.,0.,0.));
#2684=VECTOR('',#2683,38.294107718714);
#2685=LINE('',#2682,#2684);
#2686=EDGE_CURVE('',#2679,#2681,#2685,.T.);
#2687=ORIENTED_EDGE('',*,*,#2686,.T.);
#2688=CARTESIAN_POINT('',(20.65,-15.147053859357,0.8));
#2689=VERTEX_POINT('',#2688);
#2690=CARTESIAN_POINT('',(19.147053859357,-15.147053859357,0.8));
#2691=DIRECTION('',(0.,-1.,2.9547912452809E-16));
#2692=DIRECTION('',(-2.0827907218937E-16,2.8214885332139E-16,1.));
#2693=AXIS2_PLACEMENT_3D('',#2690,#2692,#2691);
#2694=CIRCLE('',#2693,1.502946140643);
#2695=EDGE_CURVE('',#2681,#2689,#2694,.T.);
#2696=ORIENTED_EDGE('',*,*,#2695,.T.);
#2697=CARTESIAN_POINT('',(20.65,15.147053859357,0.8));
#2698=VERTEX_POINT('',#2697);
#2699=CARTESIAN_POINT('',(20.65,-15.147053859357,0.8));
#2700=DIRECTION('',(0.,1.,0.));
#2701=VECTOR('',#2700,30.294107718714);
#2702=LINE('',#2699,#2701);
#2703=EDGE_CURVE('',#2689,#2698,#2702,.T.);
#2704=ORIENTED_EDGE('',*,*,#2703,.T.);
#2705=CARTESIAN_POINT('',(19.147053859357,16.65,0.8));
#2706=VERTEX_POINT('',#2705);
#2707=CARTESIAN_POINT('',(19.147053859357,15.147053859357,0.8));
#2708=DIRECTION('',(1.,-1.1819164981124E-15,0.));
#2709=DIRECTION('',(-1.4642712133703E-17,5.9227068998319E-17,1.));
#2710=AXIS2_PLACEMENT_3D('',#2707,#2709,#2708);
#2711=CIRCLE('',#2710,1.502946140643);
#2712=EDGE_CURVE('',#2698,#2706,#2711,.T.);
#2713=ORIENTED_EDGE('',*,*,#2712,.T.);
#2714=CARTESIAN_POINT('',(-19.147053859357,16.65,0.8));
#2715=VERTEX_POINT('',#2714);
#2716=CARTESIAN_POINT('',(19.147053859357,16.65,0.8));
#2717=DIRECTION('',(-1.,0.,0.));
#2718=VECTOR('',#2717,38.294107718714);
#2719=LINE('',#2716,#2718);
#2720=EDGE_CURVE('',#2706,#2715,#2719,.T.);
#2721=ORIENTED_EDGE('',*,*,#2720,.T.);
#2722=CARTESIAN_POINT('',(-20.65,15.147053859357,0.8));
#2723=VERTEX_POINT('',#2722);
#2724=CARTESIAN_POINT('',(-19.147053859357,15.147053859357,0.8));
#2725=DIRECTION('',(0.,1.,-7.3869781132022E-17));
#2726=DIRECTION('',(1.4642712133704E-17,5.9227068998319E-17,1.));
#2727=AXIS2_PLACEMENT_3D('',#2724,#2726,#2725);
#2728=CIRCLE('',#2727,1.502946140643);
#2729=EDGE_CURVE('',#2715,#2723,#2728,.T.);
#2730=ORIENTED_EDGE('',*,*,#2729,.T.);
#2731=CARTESIAN_POINT('',(-20.65,-15.147053859357,0.8));
#2732=VERTEX_POINT('',#2731);
#2733=CARTESIAN_POINT('',(-20.65,15.147053859357,0.8));
#2734=DIRECTION('',(0.,-1.,0.));
#2735=VECTOR('',#2734,30.294107718714);
#2736=LINE('',#2733,#2735);
#2737=EDGE_CURVE('',#2723,#2732,#2736,.T.);
#2738=ORIENTED_EDGE('',*,*,#2737,.T.);
#2739=CARTESIAN_POINT('',(-19.147053859357,-15.147053859357,0.8));
#2740=DIRECTION('',(-1.,0.,2.2160934339607E-16));
#2741=DIRECTION('',(1.6369471532476E-16,2.3756449645678E-16,1.));
#2742=AXIS2_PLACEMENT_3D('',#2739,#2741,#2740);
#2743=CIRCLE('',#2742,1.502946140643);
#2744=EDGE_CURVE('',#2732,#2679,#2743,.T.);
#2745=ORIENTED_EDGE('',*,*,#2744,.T.);
#2746=EDGE_LOOP('',(#2687,#2696,#2704,#2713,#2721,#2730,#2738,#2745));
#2747=FACE_OUTER_BOUND('',#2746,.T.);
#2748=CARTESIAN_POINT('',(2.5,-1.4138336203672E-15,0.8));
#2749=VERTEX_POINT('',#2748);
#2750=CARTESIAN_POINT('',(3.1086244689504E-15,-2.6699075873142E-15,0.8));
#2751=DIRECTION('',(1.,5.0242958677881E-16,8.081558326521E-18));
#2752=DIRECTION('',(8.0815583265211E-18,-1.4130832128154E-16,-1.));
#2753=AXIS2_PLACEMENT_3D('',#2750,#2752,#2751);
#2754=CIRCLE('',#2753,2.5);
#2755=EDGE_CURVE('',#2749,#2749,#2754,.T.);
#2756=ORIENTED_EDGE('',*,*,#2755,.T.);
#2757=EDGE_LOOP('',(#2756));
#2758=FACE_BOUND('',#2757,.T.);
#2759=ADVANCED_FACE('',(#2747,#2758),#2677,.T.);
#2760=CARTESIAN_POINT('',(-3.5527136788005E-15,-4.,4.9960036108132E-16));
#2761=DIRECTION('',(1.,-3.4408849189351E-16,0.));
#2762=DIRECTION('',(-4.1623906729763E-32,-1.2096861043131E-16,-1.));
#2763=AXIS2_PLACEMENT_3D('',#2760,#2762,#2761);
#2764=PLANE('',#2763);
#2765=CARTESIAN_POINT('',(-19.147053859357,-16.65,1.9984014443253E-15));
#2766=VERTEX_POINT('',#2765);
#2767=CARTESIAN_POINT('',(-20.65,-15.147053859357,1.8873791418628E-15));
#2768=VERTEX_POINT('',#2767);
#2769=CARTESIAN_POINT('',(-19.147053859357,-15.147053859357,1.8446603898991E-15));
#2770=DIRECTION('',(0.,-1.,1.0229312299932E-16));
#2771=DIRECTION('',(-2.8423341867294E-17,-1.0229312299932E-16,-1.));
#2772=AXIS2_PLACEMENT_3D('',#2769,#2771,#2770);
#2773=CIRCLE('',#2772,1.502946140643);
#2774=EDGE_CURVE('',#2766,#2768,#2773,.T.);
#2775=ORIENTED_EDGE('',*,*,#2774,.T.);
#2776=CARTESIAN_POINT('',(-20.65,15.147053859357,-1.8873791418628E-15));
#2777=VERTEX_POINT('',#2776);
#2778=CARTESIAN_POINT('',(-20.65,-15.147053859357,1.8873791418628E-15));
#2779=DIRECTION('',(0.,1.,-1.2460371233822E-16));
#2780=VECTOR('',#2779,30.294107718714);
#2781=LINE('',#2778,#2780);
#2782=EDGE_CURVE('',#2768,#2777,#2781,.T.);
#2783=ORIENTED_EDGE('',*,*,#2782,.T.);
#2784=CARTESIAN_POINT('',(-19.147053859357,16.65,-1.9984014443253E-15));
#2785=VERTEX_POINT('',#2784);
#2786=CARTESIAN_POINT('',(-19.147053859357,15.147053859357,-1.8446603898991E-15));
#2787=DIRECTION('',(-1.,0.,-2.8423341867295E-17));
#2788=DIRECTION('',(2.8423341867294E-17,-1.0229312299932E-16,-1.));
#2789=AXIS2_PLACEMENT_3D('',#2786,#2788,#2787);
#2790=CIRCLE('',#2789,1.502946140643);
#2791=EDGE_CURVE('',#2777,#2785,#2790,.T.);
#2792=ORIENTED_EDGE('',*,*,#2791,.T.);
#2793=CARTESIAN_POINT('',(19.147053859357,16.65,-1.9984014443253E-15));
#2794=VERTEX_POINT('',#2793);
#2795=CARTESIAN_POINT('',(-19.147053859357,16.65,-1.9984014443253E-15));
#2796=DIRECTION('',(1.,0.,0.));
#2797=VECTOR('',#2796,38.294107718714);
#2798=LINE('',#2795,#2797);
#2799=EDGE_CURVE('',#2785,#2794,#2798,.T.);
#2800=ORIENTED_EDGE('',*,*,#2799,.T.);
#2801=CARTESIAN_POINT('',(20.65,15.147053859357,-1.8873791418628E-15));
#2802=VERTEX_POINT('',#2801);
#2803=CARTESIAN_POINT('',(19.147053859357,15.147053859357,-1.7796250308425E-15));
#2804=DIRECTION('',(0.,1.,-7.16952578049E-17));
#2805=DIRECTION('',(2.1745233271218E-18,-7.16952578049E-17,-1.));
#2806=AXIS2_PLACEMENT_3D('',#2803,#2805,#2804);
#2807=CIRCLE('',#2806,1.502946140643);
#2808=EDGE_CURVE('',#2794,#2802,#2807,.T.);
#2809=ORIENTED_EDGE('',*,*,#2808,.T.);
#2810=CARTESIAN_POINT('',(20.65,-15.147053859357,1.8873791418628E-15));
#2811=VERTEX_POINT('',#2810);
#2812=CARTESIAN_POINT('',(20.65,15.147053859357,-1.8873791418628E-15));
#2813=DIRECTION('',(0.,-1.,1.2460371233822E-16));
#2814=VECTOR('',#2813,30.294107718714);
#2815=LINE('',#2812,#2814);
#2816=EDGE_CURVE('',#2802,#2811,#2815,.T.);
#2817=ORIENTED_EDGE('',*,*,#2816,.T.);
#2818=CARTESIAN_POINT('',(19.147053859357,-16.65,1.9984014443253E-15));
#2819=VERTEX_POINT('',#2818);
#2820=CARTESIAN_POINT('',(19.147053859357,-15.147053859357,1.9096957489558E-15));
#2821=DIRECTION('',(1.,1.1819164981124E-15,5.9021207061709E-17));
#2822=DIRECTION('',(5.9021207061709E-17,-1.3289098819373E-16,-1.));
#2823=AXIS2_PLACEMENT_3D('',#2820,#2822,#2821);
#2824=CIRCLE('',#2823,1.502946140643);
#2825=EDGE_CURVE('',#2811,#2819,#2824,.T.);
#2826=ORIENTED_EDGE('',*,*,#2825,.T.);
#2827=CARTESIAN_POINT('',(19.147053859357,-16.65,1.9984014443253E-15));
#2828=DIRECTION('',(-1.,0.,0.));
#2829=VECTOR('',#2828,38.294107718714);
#2830=LINE('',#2827,#2829);
#2831=EDGE_CURVE('',#2819,#2766,#2830,.T.);
#2832=ORIENTED_EDGE('',*,*,#2831,.T.);
#2833=EDGE_LOOP('',(#2775,#2783,#2792,#2800,#2809,#2817,#2826,#2832));
#2834=FACE_OUTER_BOUND('',#2833,.T.);
#2835=CARTESIAN_POINT('',(2.5,-1.511805364299E-15,0.));
#2836=VERTEX_POINT('',#2835);
#2837=CARTESIAN_POINT('',(2.6645352591004E-15,-3.0818978229828E-15,-1.9048415650792E-17));
#2838=DIRECTION('',(1.,6.2803698347351E-16,7.6193662603167E-18));
#2839=DIRECTION('',(-7.6193662603168E-18,1.256073966947E-16,1.));
#2840=AXIS2_PLACEMENT_3D('',#2837,#2839,#2838);
#2841=CIRCLE('',#2840,2.5);
#2842=EDGE_CURVE('',#2836,#2836,#2841,.T.);
#2843=ORIENTED_EDGE('',*,*,#2842,.T.);
#2844=EDGE_LOOP('',(#2843));
#2845=FACE_BOUND('',#2844,.T.);
#2846=ADVANCED_FACE('',(#2834,#2845),#2764,.T.);
#2847=CARTESIAN_POINT('',(-19.147053859357,-15.147053859357,0.8));
#2848=DIRECTION('',(-0.99999999999993,3.6550099212143E-07,0.));
#2849=DIRECTION('',(0.,0.,-1.));
#2850=AXIS2_PLACEMENT_3D('',#2847,#2849,#2848);
#2851=CYLINDRICAL_SURFACE('',#2850,1.5029461406434);
#2852=ORIENTED_EDGE('',*,*,#2744,.F.);
#2853=CARTESIAN_POINT('',(-20.65,-15.147053859357,0.8));
#2854=DIRECTION('',(0.,0.,-1.));
#2855=VECTOR('',#2854,0.8);
#2856=LINE('',#2853,#2855);
#2857=EDGE_CURVE('',#2732,#2768,#2856,.T.);
#2858=ORIENTED_EDGE('',*,*,#2857,.T.);
#2859=ORIENTED_EDGE('',*,*,#2774,.F.);
#2860=CARTESIAN_POINT('',(-19.147053859357,-16.65,1.9984014443253E-15));
#2861=DIRECTION('',(0.,0.,1.));
#2862=VECTOR('',#2861,0.8);
#2863=LINE('',#2860,#2862);
#2864=EDGE_CURVE('',#2766,#2679,#2863,.T.);
#2865=ORIENTED_EDGE('',*,*,#2864,.T.);
#2866=EDGE_LOOP('',(#2852,#2858,#2859,#2865));
#2867=FACE_OUTER_BOUND('',#2866,.T.);
#2868=ADVANCED_FACE('',(#2867),#2851,.T.);
#2869=CARTESIAN_POINT('',(-20.65,1.726515354465E-15,0.4));
#2870=DIRECTION('',(2.3454816440135E-16,1.,-1.2460371233821E-16));
#2871=DIRECTION('',(-1.,2.3454816440135E-16,0.));
#2872=AXIS2_PLACEMENT_3D('',#2869,#2871,#2870);
#2873=PLANE('',#2872);
#2874=ORIENTED_EDGE('',*,*,#2737,.F.);
#2875=CARTESIAN_POINT('',(-20.65,15.147053859357,0.8));
#2876=DIRECTION('',(0.,0.,-1.));
#2877=VECTOR('',#2876,0.8);
#2878=LINE('',#2875,#2877);
#2879=EDGE_CURVE('',#2723,#2777,#2878,.T.);
#2880=ORIENTED_EDGE('',*,*,#2879,.T.);
#2881=ORIENTED_EDGE('',*,*,#2782,.F.);
#2882=ORIENTED_EDGE('',*,*,#2857,.F.);
#2883=EDGE_LOOP('',(#2874,#2880,#2881,#2882));
#2884=FACE_OUTER_BOUND('',#2883,.T.);
#2885=ADVANCED_FACE('',(#2884),#2873,.T.);
#2886=CARTESIAN_POINT('',(-19.147053859357,15.147053859357,0.8));
#2887=DIRECTION('',(3.6550099212144E-07,0.99999999999993,0.));
#2888=DIRECTION('',(0.,0.,-1.));
#2889=AXIS2_PLACEMENT_3D('',#2886,#2888,#2887);
#2890=CYLINDRICAL_SURFACE('',#2889,1.5029461406434);
#2891=ORIENTED_EDGE('',*,*,#2729,.F.);
#2892=CARTESIAN_POINT('',(-19.147053859357,16.65,0.8));
#2893=DIRECTION('',(0.,0.,-1.));
#2894=VECTOR('',#2893,0.8);
#2895=LINE('',#2892,#2894);
#2896=EDGE_CURVE('',#2715,#2785,#2895,.T.);
#2897=ORIENTED_EDGE('',*,*,#2896,.T.);
#2898=ORIENTED_EDGE('',*,*,#2791,.F.);
#2899=ORIENTED_EDGE('',*,*,#2879,.F.);
#2900=EDGE_LOOP('',(#2891,#2897,#2898,#2899));
#2901=FACE_OUTER_BOUND('',#2900,.T.);
#2902=ADVANCED_FACE('',(#2901),#2890,.T.);
#2903=CARTESIAN_POINT('',(7.105427357601E-15,16.65,0.4));
#2904=DIRECTION('',(1.,-3.7109768478186E-16,0.));
#2905=DIRECTION('',(3.7109768478186E-16,1.,0.));
#2906=AXIS2_PLACEMENT_3D('',#2903,#2905,#2904);
#2907=PLANE('',#2906);
#2908=ORIENTED_EDGE('',*,*,#2720,.F.);
#2909=CARTESIAN_POINT('',(19.147053859357,16.65,0.8));
#2910=DIRECTION('',(0.,0.,-1.));
#2911=VECTOR('',#2910,0.8);
#2912=LINE('',#2909,#2911);
#2913=EDGE_CURVE('',#2706,#2794,#2912,.T.);
#2914=ORIENTED_EDGE('',*,*,#2913,.T.);
#2915=ORIENTED_EDGE('',*,*,#2799,.F.);
#2916=ORIENTED_EDGE('',*,*,#2896,.F.);
#2917=EDGE_LOOP('',(#2908,#2914,#2915,#2916));
#2918=FACE_OUTER_BOUND('',#2917,.T.);
#2919=ADVANCED_FACE('',(#2918),#2907,.T.);
#2920=CARTESIAN_POINT('',(19.147053859357,15.147053859357,0.8));
#2921=DIRECTION('',(0.99999999999993,-3.6550099803102E-07,-7.3869781132003E-17));
#2922=DIRECTION('',(0.,0.,-1.));
#2923=AXIS2_PLACEMENT_3D('',#2920,#2922,#2921);
#2924=CYLINDRICAL_SURFACE('',#2923,1.5029461406434);
#2925=ORIENTED_EDGE('',*,*,#2712,.F.);
#2926=CARTESIAN_POINT('',(20.65,15.147053859357,0.8));
#2927=DIRECTION('',(0.,0.,-1.));
#2928=VECTOR('',#2927,0.8);
#2929=LINE('',#2926,#2928);
#2930=EDGE_CURVE('',#2698,#2802,#2929,.T.);
#2931=ORIENTED_EDGE('',*,*,#2930,.T.);
#2932=ORIENTED_EDGE('',*,*,#2808,.F.);
#2933=ORIENTED_EDGE('',*,*,#2913,.F.);
#2934=EDGE_LOOP('',(#2925,#2931,#2932,#2933));
#2935=FACE_OUTER_BOUND('',#2934,.T.);
#2936=ADVANCED_FACE('',(#2935),#2924,.T.);
#2937=CARTESIAN_POINT('',(20.65,-5.378912003136E-15,0.4));
#2938=DIRECTION('',(-2.3454816440135E-16,-1.,1.2460371233821E-16));
#2939=DIRECTION('',(1.,-2.3454816440135E-16,0.));
#2940=AXIS2_PLACEMENT_3D('',#2937,#2939,#2938);
#2941=PLANE('',#2940);
#2942=ORIENTED_EDGE('',*,*,#2703,.F.);
#2943=CARTESIAN_POINT('',(20.65,-15.147053859357,0.8));
#2944=DIRECTION('',(0.,0.,-1.));
#2945=VECTOR('',#2944,0.8);
#2946=LINE('',#2943,#2945);
#2947=EDGE_CURVE('',#2689,#2811,#2946,.T.);
#2948=ORIENTED_EDGE('',*,*,#2947,.T.);
#2949=ORIENTED_EDGE('',*,*,#2816,.F.);
#2950=ORIENTED_EDGE('',*,*,#2930,.F.);
#2951=EDGE_LOOP('',(#2942,#2948,#2949,#2950));
#2952=FACE_OUTER_BOUND('',#2951,.T.);
#2953=ADVANCED_FACE('',(#2952),#2941,.T.);
#2954=CARTESIAN_POINT('',(19.147053859357,-15.147053859357,0.8));
#2955=DIRECTION('',(-3.6550099212143E-07,-0.99999999999993,3.250270369808E-15));
#2956=DIRECTION('',(0.,0.,-1.));
#2957=AXIS2_PLACEMENT_3D('',#2954,#2956,#2955);
#2958=CYLINDRICAL_SURFACE('',#2957,1.5029461406434);
#2959=ORIENTED_EDGE('',*,*,#2695,.F.);
#2960=CARTESIAN_POINT('',(19.147053859357,-16.65,0.8));
#2961=DIRECTION('',(0.,0.,-1.));
#2962=VECTOR('',#2961,0.8);
#2963=LINE('',#2960,#2962);
#2964=EDGE_CURVE('',#2681,#2819,#2963,.T.);
#2965=ORIENTED_EDGE('',*,*,#2964,.T.);
#2966=ORIENTED_EDGE('',*,*,#2825,.F.);
#2967=ORIENTED_EDGE('',*,*,#2947,.F.);
#2968=EDGE_LOOP('',(#2959,#2965,#2966,#2967));
#2969=FACE_OUTER_BOUND('',#2968,.T.);
#2970=ADVANCED_FACE('',(#2969),#2958,.T.);
#2971=CARTESIAN_POINT('',(0.,-16.65,0.4));
#2972=DIRECTION('',(-1.,1.8554884239093E-16,0.));
#2973=DIRECTION('',(-1.8554884239093E-16,-1.,-0.));
#2974=AXIS2_PLACEMENT_3D('',#2971,#2973,#2972);
#2975=PLANE('',#2974);
#2976=ORIENTED_EDGE('',*,*,#2686,.F.);
#2977=ORIENTED_EDGE('',*,*,#2864,.F.);
#2978=ORIENTED_EDGE('',*,*,#2831,.F.);
#2979=ORIENTED_EDGE('',*,*,#2964,.F.);
#2980=EDGE_LOOP('',(#2976,#2977,#2978,#2979));
#2981=FACE_OUTER_BOUND('',#2980,.T.);
#2982=ADVANCED_FACE('',(#2981),#2975,.T.);
#2983=CARTESIAN_POINT('',(2.8865798640254E-15,-2.2204460492503E-15,0.8));
#2984=DIRECTION('',(1.,3.226449715532E-16,-8.8817841970013E-17));
#2985=DIRECTION('',(2.7755575615629E-16,-1.2246467991474E-16,-1.));
#2986=AXIS2_PLACEMENT_3D('',#2983,#2985,#2984);
#2987=CYLINDRICAL_SURFACE('',#2986,2.5);
#2988=ORIENTED_EDGE('',*,*,#2755,.F.);
#2989=CARTESIAN_POINT('',(2.5,-1.4138336203672E-15,0.8));
#2990=DIRECTION('',(0.,-1.2246467991475E-16,-1.));
#2991=VECTOR('',#2990,0.8);
#2992=LINE('',#2989,#2991);
#2993=EDGE_CURVE('',#2749,#2836,#2992,.T.);
#2994=ORIENTED_EDGE('',*,*,#2993,.T.);
#2995=ORIENTED_EDGE('',*,*,#2842,.F.);
#2996=ORIENTED_EDGE('',*,*,#2993,.F.);
#2997=EDGE_LOOP('',(#2988,#2994,#2995,#2996));
#2998=FACE_OUTER_BOUND('',#2997,.T.);
#2999=ADVANCED_FACE('',(#2998),#2987,.F.);
#3000=CLOSED_SHELL('',(#2759,#2846,#2868,#2885,#2902,#2919,#2936,#2953,#2970,#2982,#2999));
#3001=COLOUR_RGB('',0.,0.,0.000000);
#3002=FILL_AREA_STYLE_COLOUR('',#3001);
#3003=FILL_AREA_STYLE('',(#3002));
#3004=SURFACE_STYLE_FILL_AREA(#3003);
#3005=SURFACE_SIDE_STYLE('',(#3004));
#3006=SURFACE_STYLE_USAGE(.BOTH.,#3005);
#3007=PRESENTATION_STYLE_ASSIGNMENT((#3006));
#3008=OVER_RIDING_STYLED_ITEM('',(#3007),#2759,#3000);
#3009=OVER_RIDING_STYLED_ITEM('',(#3007),#2846,#3000);
#3010=OVER_RIDING_STYLED_ITEM('',(#3007),#2868,#3000);
#3011=OVER_RIDING_STYLED_ITEM('',(#3007),#2885,#3000);
#3012=OVER_RIDING_STYLED_ITEM('',(#3007),#2902,#3000);
#3013=OVER_RIDING_STYLED_ITEM('',(#3007),#2919,#3000);
#3014=OVER_RIDING_STYLED_ITEM('',(#3007),#2936,#3000);
#3015=OVER_RIDING_STYLED_ITEM('',(#3007),#2953,#3000);
#3016=OVER_RIDING_STYLED_ITEM('',(#3007),#2970,#3000);
#3017=OVER_RIDING_STYLED_ITEM('',(#3007),#2982,#3000);
#3018=OVER_RIDING_STYLED_ITEM('',(#3007),#2999,#3000);
#3019=MANIFOLD_SOLID_BREP('S1',#3000);
#3020=CARTESIAN_POINT('',(-2.6090241078691E-15,20.2,6.3));
#3021=DIRECTION('',(1.,-2.368475785867E-15,-5.9211894646675E-16));
#3022=DIRECTION('',(-1.1328806373726E-17,-1.,0.));
#3023=AXIS2_PLACEMENT_3D('',#3020,#3022,#3021);
#3024=CYLINDRICAL_SURFACE('',#3023,1.5);
#3025=CARTESIAN_POINT('',(1.5,20.2,6.3));
#3026=VERTEX_POINT('',#3025);
#3027=CARTESIAN_POINT('',(-5.7731597280508E-15,20.2,6.3));
#3028=DIRECTION('',(1.,-1.6747652892627E-15,5.2336415289462E-17));
#3029=DIRECTION('',(1.6747652892627E-15,1.,-1.6747652892627E-15));
#3030=AXIS2_PLACEMENT_3D('',#3027,#3029,#3028);
#3031=CIRCLE('',#3030,1.5);
#3032=EDGE_CURVE('',#3026,#3026,#3031,.T.);
#3033=ORIENTED_EDGE('',*,*,#3032,.T.);
#3034=CARTESIAN_POINT('',(1.5,15.3,6.3));
#3035=VERTEX_POINT('',#3034);
#3036=CARTESIAN_POINT('',(1.5,20.2,6.3));
#3037=DIRECTION('',(0.,-1.,0.));
#3038=VECTOR('',#3037,4.9);
#3039=LINE('',#3036,#3038);
#3040=EDGE_CURVE('',#3026,#3035,#3039,.T.);
#3041=ORIENTED_EDGE('',*,*,#3040,.T.);
#3042=CARTESIAN_POINT('',(-7.5495165674511E-15,15.3,6.3));
#3043=DIRECTION('',(1.,8.3738264463134E-16,-7.0120969352978E-31));
#3044=DIRECTION('',(8.3738264463134E-16,-1.,8.3738264463134E-16));
#3045=AXIS2_PLACEMENT_3D('',#3042,#3044,#3043);
#3046=CIRCLE('',#3045,1.5);
#3047=EDGE_CURVE('',#3035,#3035,#3046,.T.);
#3048=ORIENTED_EDGE('',*,*,#3047,.T.);
#3049=ORIENTED_EDGE('',*,*,#3040,.F.);
#3050=EDGE_LOOP('',(#3033,#3041,#3048,#3049));
#3051=FACE_OUTER_BOUND('',#3050,.T.);
#3052=ADVANCED_FACE('',(#3051),#3024,.F.);
#3053=CARTESIAN_POINT('',(-5.7731597280508E-15,15.3,6.3));
#3054=DIRECTION('',(1.,0.,0.));
#3055=DIRECTION('',(0.,-1.,0.));
#3056=AXIS2_PLACEMENT_3D('',#3053,#3055,#3054);
#3057=PLANE('',#3056);
#3058=CARTESIAN_POINT('',(3.,15.3,6.3));
#3059=VERTEX_POINT('',#3058);
#3060=CARTESIAN_POINT('',(-6.2172489379009E-15,15.3,6.3));
#3061=DIRECTION('',(1.,4.1869132231567E-16,5.2336415289459E-17));
#3062=DIRECTION('',(4.1869132231567E-16,-1.,4.1869132231567E-16));
#3063=AXIS2_PLACEMENT_3D('',#3060,#3062,#3061);
#3064=CIRCLE('',#3063,3.);
#3065=EDGE_CURVE('',#3059,#3059,#3064,.T.);
#3066=ORIENTED_EDGE('',*,*,#3065,.T.);
#3067=EDGE_LOOP('',(#3066));
#3068=FACE_OUTER_BOUND('',#3067,.T.);
#3069=ORIENTED_EDGE('',*,*,#3047,.F.);
#3070=EDGE_LOOP('',(#3069));
#3071=FACE_BOUND('',#3070,.T.);
#3072=ADVANCED_FACE('',(#3068,#3071),#3057,.T.);
#3073=CARTESIAN_POINT('',(-5.2265448199783E-15,10.663636363636,6.3));
#3074=DIRECTION('',(1.,4.4140108394285E-16,1.3302274582665E-15));
#3075=DIRECTION('',(-4.4140108394285E-16,1.,-7.3777321214778E-16));
#3076=AXIS2_PLACEMENT_3D('',#3073,#3075,#3074);
#3077=CONICAL_SURFACE('',#3076,0.,0.5743048301747);
#3078=ORIENTED_EDGE('',*,*,#3065,.F.);
#3079=CARTESIAN_POINT('',(4.1,17.,6.3));
#3080=VERTEX_POINT('',#3079);
#3081=CARTESIAN_POINT('',(3.,15.3,6.3));
#3082=DIRECTION('',(0.54325127815727,0.83957015715215,0.));
#3083=VECTOR('',#3082,2.0248456731317);
#3084=LINE('',#3081,#3083);
#3085=EDGE_CURVE('',#3059,#3080,#3084,.T.);
#3086=ORIENTED_EDGE('',*,*,#3085,.T.);
#3087=CARTESIAN_POINT('',(-7.9936057773011E-15,17.,6.3));
#3088=DIRECTION('',(1.,-0.,-0.));
#3089=DIRECTION('',(0.,-1.,0.));
#3090=AXIS2_PLACEMENT_3D('',#3087,#3089,#3088);
#3091=CIRCLE('',#3090,4.1);
#3092=EDGE_CURVE('',#3080,#3080,#3091,.T.);
#3093=ORIENTED_EDGE('',*,*,#3092,.T.);
#3094=ORIENTED_EDGE('',*,*,#3085,.F.);
#3095=EDGE_LOOP('',(#3078,#3086,#3093,#3094));
#3096=FACE_OUTER_BOUND('',#3095,.T.);
#3097=ADVANCED_FACE('',(#3096),#3077,.T.);
#3098=CARTESIAN_POINT('',(-6.2172489379009E-15,17.,6.3));
#3099=DIRECTION('',(1.,0.,0.));
#3100=DIRECTION('',(-0.,1.,0.));
#3101=AXIS2_PLACEMENT_3D('',#3098,#3100,#3099);
#3102=PLANE('',#3101);
#3103=ORIENTED_EDGE('',*,*,#3092,.F.);
#3104=EDGE_LOOP('',(#3103));
#3105=FACE_OUTER_BOUND('',#3104,.T.);
#3106=CARTESIAN_POINT('',(2.5,17.,6.3));
#3107=VERTEX_POINT('',#3106);
#3108=CARTESIAN_POINT('',(-7.9936057773011E-15,17.,6.3));
#3109=DIRECTION('',(1.,-0.,-0.));
#3110=DIRECTION('',(0.,-1.,0.));
#3111=AXIS2_PLACEMENT_3D('',#3108,#3110,#3109);
#3112=CIRCLE('',#3111,2.5);
#3113=EDGE_CURVE('',#3107,#3107,#3112,.T.);
#3114=ORIENTED_EDGE('',*,*,#3113,.T.);
#3115=EDGE_LOOP('',(#3114));
#3116=FACE_BOUND('',#3115,.T.);
#3117=ADVANCED_FACE('',(#3105,#3116),#3102,.T.);
#3118=CARTESIAN_POINT('',(-6.6613381477509E-15,17.,6.3));
#3119=DIRECTION('',(1.,2.8421709430404E-15,0.));
#3120=DIRECTION('',(-2.9605947323337E-16,1.,0.));
#3121=AXIS2_PLACEMENT_3D('',#3118,#3120,#3119);
#3122=CYLINDRICAL_SURFACE('',#3121,2.5);
#3123=ORIENTED_EDGE('',*,*,#3113,.F.);
#3124=CARTESIAN_POINT('',(2.5,18.5,6.3));
#3125=VERTEX_POINT('',#3124);
#3126=CARTESIAN_POINT('',(2.5,17.,6.3));
#3127=DIRECTION('',(0.,1.,0.));
#3128=VECTOR('',#3127,1.5);
#3129=LINE('',#3126,#3128);
#3130=EDGE_CURVE('',#3107,#3125,#3129,.T.);
#3131=ORIENTED_EDGE('',*,*,#3130,.T.);
#3132=CARTESIAN_POINT('',(-7.9936057773011E-15,18.5,6.3));
#3133=DIRECTION('',(1.,5.0242958677881E-16,-2.5243548967072E-31));
#3134=DIRECTION('',(5.0242958677881E-16,-1.,5.0242958677881E-16));
#3135=AXIS2_PLACEMENT_3D('',#3132,#3134,#3133);
#3136=CIRCLE('',#3135,2.5);
#3137=EDGE_CURVE('',#3125,#3125,#3136,.T.);
#3138=ORIENTED_EDGE('',*,*,#3137,.T.);
#3139=ORIENTED_EDGE('',*,*,#3130,.F.);
#3140=EDGE_LOOP('',(#3123,#3131,#3138,#3139));
#3141=FACE_OUTER_BOUND('',#3140,.T.);
#3142=ADVANCED_FACE('',(#3141),#3122,.T.);
#3143=CARTESIAN_POINT('',(-6.2172489379009E-15,18.5,6.3));
#3144=DIRECTION('',(1.,0.,0.));
#3145=DIRECTION('',(0.,-1.,0.));
#3146=AXIS2_PLACEMENT_3D('',#3143,#3145,#3144);
#3147=PLANE('',#3146);
#3148=CARTESIAN_POINT('',(4.1,18.5,6.3));
#3149=VERTEX_POINT('',#3148);
#3150=CARTESIAN_POINT('',(-7.9936057773011E-15,18.5,6.3));
#3151=DIRECTION('',(1.,3.0635950413342E-16,-9.3856145772874E-32));
#3152=DIRECTION('',(3.0635950413342E-16,-1.,3.0635950413342E-16));
#3153=AXIS2_PLACEMENT_3D('',#3150,#3152,#3151);
#3154=CIRCLE('',#3153,4.1);
#3155=EDGE_CURVE('',#3149,#3149,#3154,.T.);
#3156=ORIENTED_EDGE('',*,*,#3155,.T.);
#3157=EDGE_LOOP('',(#3156));
#3158=FACE_OUTER_BOUND('',#3157,.T.);
#3159=ORIENTED_EDGE('',*,*,#3137,.F.);
#3160=EDGE_LOOP('',(#3159));
#3161=FACE_BOUND('',#3160,.T.);
#3162=ADVANCED_FACE('',(#3158,#3161),#3147,.T.);
#3163=CARTESIAN_POINT('',(-6.0242836486127E-15,24.836363636364,6.3));
#3164=DIRECTION('',(1.,1.0294245447281E-16,-3.8006498807613E-16));
#3165=DIRECTION('',(1.0294245447281E-16,-1.,-6.1481101012315E-17));
#3166=AXIS2_PLACEMENT_3D('',#3163,#3165,#3164);
#3167=CONICAL_SURFACE('',#3166,0.,0.5743048301747);
#3168=ORIENTED_EDGE('',*,*,#3155,.F.);
#3169=CARTESIAN_POINT('',(3.,20.2,6.3));
#3170=VERTEX_POINT('',#3169);
#3171=CARTESIAN_POINT('',(4.1,18.5,6.3));
#3172=DIRECTION('',(-0.54325127815727,0.83957015715215,0.));
#3173=VECTOR('',#3172,2.0248456731317);
#3174=LINE('',#3171,#3173);
#3175=EDGE_CURVE('',#3149,#3170,#3174,.T.);
#3176=ORIENTED_EDGE('',*,*,#3175,.T.);
#3177=CARTESIAN_POINT('',(-6.2172489379009E-15,20.2,6.3));
#3178=DIRECTION('',(1.,-8.3738264463135E-16,5.2336415289458E-17));
#3179=DIRECTION('',(-8.3738264463135E-16,-1.,-8.3738264463135E-16));
#3180=AXIS2_PLACEMENT_3D('',#3177,#3179,#3178);
#3181=CIRCLE('',#3180,3.);
#3182=EDGE_CURVE('',#3170,#3170,#3181,.T.);
#3183=ORIENTED_EDGE('',*,*,#3182,.T.);
#3184=ORIENTED_EDGE('',*,*,#3175,.F.);
#3185=EDGE_LOOP('',(#3168,#3176,#3183,#3184));
#3186=FACE_OUTER_BOUND('',#3185,.T.);
#3187=ADVANCED_FACE('',(#3186),#3167,.T.);
#3188=CARTESIAN_POINT('',(-5.7731597280508E-15,20.2,6.3));
#3189=DIRECTION('',(1.,0.,0.));
#3190=DIRECTION('',(-0.,1.,0.));
#3191=AXIS2_PLACEMENT_3D('',#3188,#3190,#3189);
#3192=PLANE('',#3191);
#3193=ORIENTED_EDGE('',*,*,#3182,.F.);
#3194=EDGE_LOOP('',(#3193));
#3195=FACE_OUTER_BOUND('',#3194,.T.);
#3196=ORIENTED_EDGE('',*,*,#3032,.F.);
#3197=EDGE_LOOP('',(#3196));
#3198=FACE_BOUND('',#3197,.T.);
#3199=ADVANCED_FACE('',(#3195,#3198),#3192,.T.);
#3200=CLOSED_SHELL('',(#3052,#3072,#3097,#3117,#3142,#3162,#3187,#3199));
#3201=OVER_RIDING_STYLED_ITEM('',(#1942),#3052,#3200);
#3202=OVER_RIDING_STYLED_ITEM('',(#1942),#3072,#3200);
#3203=OVER_RIDING_STYLED_ITEM('',(#1942),#3097,#3200);
#3204=OVER_RIDING_STYLED_ITEM('',(#1942),#3117,#3200);
#3205=OVER_RIDING_STYLED_ITEM('',(#1942),#3142,#3200);
#3206=OVER_RIDING_STYLED_ITEM('',(#1942),#3162,#3200);
#3207=OVER_RIDING_STYLED_ITEM('',(#1942),#3187,#3200);
#3208=OVER_RIDING_STYLED_ITEM('',(#1942),#3199,#3200);
#3209=MANIFOLD_SOLID_BREP('S1',#3200);
#3210=ADVANCED_BREP_SHAPE_REPRESENTATION('',(#2012,#2672,#3019,#3209),#5);
#3211=SHAPE_REPRESENTATION_RELATIONSHIP('NONE', 'NONE', #28, #3210);
#3212=PRESENTATION_LAYER_ASSIGNMENT('图层000','',(#2012,#2672,#3019,#3209));
#3213=MECHANICAL_DESIGN_GEOMETRIC_PRESENTATION_REPRESENTATION('',(#1943,#1944,#1945,#1946,#1947,#1948,#1949,#1950,#1951,#1952,#1953,#1954,#1955,#1956,#1957,#1958,#1959,#1960,#1961,#1962,#1963,#1964,#1965,#1966,#1967,#1968,#1969,#1970,#1971,#1972,#1973,#1974,#1975,#1976,#1977,#1978,#1979,#1980,#1981,#1982,#1983,#1984,#1985,#1986,#1987,#1988,#1996,#1997,#1998,#1999,#2000,#2001,#2002,#2003,#2004,#2005,#2006,#2007,#2008,#2009,#2010,#2011,#2652,#2653,#2654,#2655,#2656,#2657,#2658,#2659,#2660,#2661,#2662,#2663,#2664,#2665,#2666,#2667,#2668,#2669,#2670,#2671,#3008,#3009,#3010,#3011,#3012,#3013,#3014,#3015,#3016,#3017,#3018,#3201,#3202,#3203,#3204,#3205,#3206,#3207,#3208),#5);
ENDSEC;
END-ISO-10303-21;
